{
    "garbage_collector": "G1",
    "jdk": "HotSpot_21.0.4",
    "benchmark_group": "DaCapo",
    "benchmark_name": "fop",
    "heap_size": "1024",
    "error": null,
    "avg_cpu_usage": 44.2,
    "avg_cpu_time": 0.1,
    "avg_io_time": 44.7,
    "p90_io": 0.0,
    "number_of_pauses": 46,
    "total_pause_time": 75723106,
    "avg_pause_time": 1646154.48,
    "pauses_per_category": {
        "ICBufferFull": 32,
        "G1CollectForAllocation": 8,
        "CollectForMetadataAllocation": 1,
        "G1PauseRemark": 2,
        "G1PauseCleanup": 2,
        "G1TryInitiateConcMark": 1
    },
    "total_pause_time_per_category": {
        "ICBufferFull": 3769359,
        "G1CollectForAllocation": 55046938,
        "CollectForMetadataAllocation": 6899665,
        "G1PauseRemark": 6094315,
        "G1PauseCleanup": 498907,
        "G1TryInitiateConcMark": 3413922
    },
    "avg_pause_time_per_category": {
        "ICBufferFull": 117792.47,
        "G1CollectForAllocation": 6880867.25,
        "CollectForMetadataAllocation": 6899665.0,
        "G1PauseRemark": 3047157.5,
        "G1PauseCleanup": 249453.5,
        "G1TryInitiateConcMark": 3413922.0
    },
    "p90_pause_time": 6236202.0,
    "throughput": 9754355642
}