{
    "garbage_collector": "Parallel",
    "jdk": "HotSpot_21.0.4",
    "benchmark_group": "DaCapo",
    "benchmark_name": "zxing",
    "heap_size": "256",
    "error": null,
    "avg_cpu_usage": 91.7,
    "avg_cpu_time": 0.0,
    "avg_io_time": 91.7,
    "p90_io": 0.0,
    "number_of_pauses": 579,
    "total_pause_time": 1045953094,
    "avg_pause_time": 1806482.03,
    "pauses_per_category": {
        "ParallelGCFailedAllocation": 431,
        "ICBufferFull": 1,
        "ParallelGCSystemGC": 147
    },
    "total_pause_time_per_category": {
        "ParallelGCFailedAllocation": 661611738,
        "ICBufferFull": 655926,
        "ParallelGCSystemGC": 383685430
    },
    "avg_pause_time_per_category": {
        "ParallelGCFailedAllocation": 1535062.04,
        "ICBufferFull": 655926.0,
        "ParallelGCSystemGC": 2610104.97
    },
    "p90_pause_time": 4349745.8,
    "throughput": 37309520026
}