{
    "garbage_collector": "Parallel",
    "jdk": "HotSpot_21.0.4",
    "benchmark_group": "DaCapo",
    "benchmark_name": "pmd",
    "heap_size": "8192",
    "error": null,
    "avg_cpu_usage": 75.3,
    "avg_cpu_time": 0.0,
    "avg_io_time": 76.5,
    "p90_io": 0.0,
    "number_of_pauses": 265,
    "total_pause_time": 28965906650,
    "avg_pause_time": 109305308.11,
    "pauses_per_category": {
        "ICBufferFull": 40,
        "ParallelGCFailedAllocation": 201,
        "Cleanup": 24
    },
    "total_pause_time_per_category": {
        "ICBufferFull": 5220015,
        "ParallelGCFailedAllocation": 28958521569,
        "Cleanup": 2165066
    },
    "avg_pause_time_per_category": {
        "ICBufferFull": 130500.38,
        "ParallelGCFailedAllocation": 144072246.61,
        "Cleanup": 90211.08
    },
    "p90_pause_time": 154804245.6,
    "throughput": 192611918405
}