{
    "garbage_collector": "G1",
    "jdk": "HotSpot_21.0.4",
    "benchmark_group": "DaCapo",
    "benchmark_name": "sunflow",
    "heap_size": "512",
    "error": "Return code -9: Process was killed due to timeout\n===== DaCapo 23.11-chopin sunflow starting warmup 1 =====\n===== DaCapo 23.11-chopin sunflow completed warmup 1 in 103408 msec =====\n===== DaCapo 23.11-chopin sunflow starting warmup 2 =====\n===== DaCapo 23.11-chopin sunflow completed warmup 2 in 98900 msec =====\n===== DaCapo 23.11-chopin sunflow starting warmup 3 =====\n===== DaCapo 23.11-chopin sunflow completed warmup 3 in 107593 msec =====\n===== DaCapo 23.11-chopin sunflow starting warmup 4 =====\n===== DaCapo 23.11-chopin sunflow completed warmup 4 in 100527 msec =====\n===== DaCapo 23.11-chopin sunflow starting warmup 5 =====\n===== DaCapo 23.11-chopin sunflow completed warmup 5 in 106592 msec =====\n===== DaCapo 23.11-chopin sunflow starting warmup 6 =====\n",
    "avg_cpu_usage": 95.8,
    "avg_cpu_time": 95.8,
    "avg_io_time": 0.0,
    "p90_io": 0.0,
    "number_of_pauses": 0,
    "total_pause_time": 0,
    "avg_pause_time": 0,
    "pauses_per_category": {},
    "total_pause_time_per_category": {},
    "avg_pause_time_per_category": {},
    "p90_pause_time": 0,
    "throughput": 0
}