{
    "garbage_collector": "G1",
    "jdk": "HotSpot_21.0.4",
    "benchmark_group": "DaCapo",
    "benchmark_name": "kafka",
    "heap_size": "256",
    "error": "Return code -9: Process was killed due to timeout\n===== DaCapo 23.11-chopin kafka starting warmup 1 =====\nStarting 10000000 requests...\n\nException: java.lang.OutOfMemoryError thrown from the UncaughtExceptionHandler in thread \"kafka-producer-network-thread | producer-1\"\n\nException: java.lang.OutOfMemoryError thrown from the UncaughtExceptionHandler in thread \"ConnnectionExpirer\"\n\nException: java.lang.OutOfMemoryError thrown from the UncaughtExceptionHandler in thread \"data-plane-kafka-network-thread-0-ListenerName(PLAINTEXT)-PLAINTEXT-0\"\n\nException: java.lang.OutOfMemoryError thrown from the UncaughtExceptionHandler in thread \"data-plane-kafka-socket-acceptor-ListenerName(PLAINTEXT)-PLAINTEXT-9092\"\n\nException: java.lang.OutOfMemoryError thrown from the UncaughtExceptionHandler in thread \"kafka-log-cleaner-thread-0\"\n\nException: java.lang.OutOfMemoryError thrown from the UncaughtExceptionHandler in thread \"Thread-1-SendThread(localhost:2181)\"\n[2024-09-15 14:56:39,806] ERROR Uncaught exception in thread 'data-plane-kafka-request-handler-6': (org.apache.kafka.common.utils.KafkaThread)\njava.lang.OutOfMemoryError: Java heap space\n[2024-09-15 14:56:39,807] ERROR Severe unrecoverable error, from thread : SessionTracker (org.apache.zookeeper.server.ZooKeeperCriticalThread)\njava.lang.OutOfMemoryError: Java heap space\n[2024-09-15 14:56:39,807] ERROR Uncaught exception in scheduled task 'kafka-log-retention' (kafka.utils.KafkaScheduler)\njava.lang.OutOfMemoryError: Java heap space\n[2024-09-15 14:56:39,807] ERROR Uncaught exception in scheduled task 'highwatermark-checkpoint' (kafka.utils.KafkaScheduler)\njava.lang.OutOfMemoryError: Java heap space\n[2024-09-15 14:56:39,829] ERROR Uncaught exception in thread 'data-plane-kafka-network-thread-0-ListenerName(PLAINTEXT)-PLAINTEXT-1': (org.apache.kafka.common.utils.KafkaThread)\njava.lang.OutOfMemoryError: Java heap space\n[2024-09-15 14:56:39,830] ERROR Uncaught exception in thread 'data-plane-kafka-network-thread-0-ListenerName(PLAINTEXT)-PLAINTEXT-2': (org.apache.kafka.common.utils.KafkaThread)\njava.lang.OutOfMemoryError: Java heap space\n[2024-09-15 14:56:39,853] ERROR Exiting JVM with code 0 (org.apache.zookeeper.util.ServiceUtils)\nCompleted requests\n",
    "avg_cpu_usage": 13.4,
    "avg_cpu_time": 13.4,
    "avg_io_time": 0.0,
    "p90_io": 0.0,
    "number_of_pauses": 0,
    "total_pause_time": 0,
    "avg_pause_time": 0,
    "pauses_per_category": {},
    "total_pause_time_per_category": {},
    "avg_pause_time_per_category": {},
    "p90_pause_time": 0,
    "throughput": 0
}