{
    "garbage_collector": "G1",
    "jdk": "HotSpot_21.0.4",
    "benchmark_group": "DaCapo",
    "benchmark_name": "avrora",
    "heap_size": "2048",
    "error": "Return code -9: Process was killed due to timeout\n===== DaCapo 23.11-chopin avrora starting warmup 1 =====\n===== DaCapo 23.11-chopin avrora completed warmup 1 in 66166 msec =====\n===== DaCapo 23.11-chopin avrora starting warmup 2 =====\n===== DaCapo 23.11-chopin avrora completed warmup 2 in 66569 msec =====\n===== DaCapo 23.11-chopin avrora starting warmup 3 =====\n===== DaCapo 23.11-chopin avrora completed warmup 3 in 65733 msec =====\n===== DaCapo 23.11-chopin avrora starting warmup 4 =====\n===== DaCapo 23.11-chopin avrora completed warmup 4 in 65744 msec =====\n===== DaCapo 23.11-chopin avrora starting warmup 5 =====\n===== DaCapo 23.11-chopin avrora completed warmup 5 in 65422 msec =====\n===== DaCapo 23.11-chopin avrora starting warmup 6 =====\n===== DaCapo 23.11-chopin avrora completed warmup 6 in 65639 msec =====\n===== DaCapo 23.11-chopin avrora starting warmup 7 =====\n===== DaCapo 23.11-chopin avrora completed warmup 7 in 65787 msec =====\n===== DaCapo 23.11-chopin avrora starting warmup 8 =====\n===== DaCapo 23.11-chopin avrora completed warmup 8 in 66359 msec =====\n===== DaCapo 23.11-chopin avrora starting warmup 9 =====\n===== DaCapo 23.11-chopin avrora completed warmup 9 in 65893 msec =====\n===== DaCapo 23.11-chopin avrora starting =====\n",
    "avg_cpu_usage": 17.0,
    "avg_cpu_time": 17.0,
    "avg_io_time": 0.0,
    "p90_io": 0.0,
    "number_of_pauses": 0,
    "total_pause_time": 0,
    "avg_pause_time": 0,
    "pauses_per_category": {},
    "total_pause_time_per_category": {},
    "avg_pause_time_per_category": {},
    "p90_pause_time": 0,
    "throughput": 0
}