{
    "garbage_collector": "Parallel",
    "jdk": "HotSpot_21.0.4",
    "benchmark_group": "DaCapo",
    "benchmark_name": "eclipse",
    "heap_size": "4096",
    "error": null,
    "avg_cpu_usage": 18.6,
    "avg_cpu_time": 0.3,
    "avg_io_time": 17.8,
    "p90_io": 0.0,
    "number_of_pauses": 370,
    "total_pause_time": 1562161410,
    "avg_pause_time": 4222057.86,
    "pauses_per_category": {
        "ICBufferFull": 96,
        "CollectForMetadataAllocation": 1,
        "Cleanup": 139,
        "ParallelGCFailedAllocation": 129,
        "ParallelGCSystemGC": 5
    },
    "total_pause_time_per_category": {
        "ICBufferFull": 14880412,
        "CollectForMetadataAllocation": 29203971,
        "Cleanup": 11679599,
        "ParallelGCFailedAllocation": 1105565076,
        "ParallelGCSystemGC": 400832352
    },
    "avg_pause_time_per_category": {
        "ICBufferFull": 155004.29,
        "CollectForMetadataAllocation": 29203971.0,
        "Cleanup": 84025.89,
        "ParallelGCFailedAllocation": 8570271.91,
        "ParallelGCSystemGC": 80166470.4
    },
    "p90_pause_time": 10447390.8,
    "throughput": 298591381854
}