{
    "garbage_collector": "Parallel",
    "jdk": "HotSpot_21.0.4",
    "benchmark_group": "DaCapo",
    "benchmark_name": "fop",
    "heap_size": "4096",
    "error": null,
    "avg_cpu_usage": 42.0,
    "avg_cpu_time": 0.1,
    "avg_io_time": 42.6,
    "p90_io": 0.0,
    "number_of_pauses": 39,
    "total_pause_time": 74827916,
    "avg_pause_time": 1918664.51,
    "pauses_per_category": {
        "ICBufferFull": 35,
        "CollectForMetadataAllocation": 1,
        "ParallelGCFailedAllocation": 3
    },
    "total_pause_time_per_category": {
        "ICBufferFull": 3902826,
        "CollectForMetadataAllocation": 30033523,
        "ParallelGCFailedAllocation": 40891567
    },
    "avg_pause_time_per_category": {
        "ICBufferFull": 111509.31,
        "CollectForMetadataAllocation": 30033523.0,
        "ParallelGCFailedAllocation": 13630522.33
    },
    "p90_pause_time": 2042193.6,
    "throughput": 8844870256
}