{
    "garbage_collector": "Parallel",
    "jdk": "HotSpot_21.0.4",
    "benchmark_group": "DaCapo",
    "benchmark_name": "fop",
    "heap_size": "1024",
    "error": null,
    "avg_cpu_usage": 40.6,
    "avg_cpu_time": 0.0,
    "avg_io_time": 40.9,
    "p90_io": 0.0,
    "number_of_pauses": 46,
    "total_pause_time": 84560182,
    "avg_pause_time": 1838264.83,
    "pauses_per_category": {
        "ICBufferFull": 34,
        "CollectForMetadataAllocation": 1,
        "ParallelGCFailedAllocation": 11
    },
    "total_pause_time_per_category": {
        "ICBufferFull": 3993812,
        "CollectForMetadataAllocation": 28501352,
        "ParallelGCFailedAllocation": 52065018
    },
    "avg_pause_time_per_category": {
        "ICBufferFull": 117465.06,
        "CollectForMetadataAllocation": 28501352.0,
        "ParallelGCFailedAllocation": 4733183.45
    },
    "p90_pause_time": 4949451.5,
    "throughput": 9148097135
}