{
    "garbage_collector": "G1",
    "jdk": "HotSpot_21.0.4",
    "benchmark_group": "DaCapo",
    "benchmark_name": "spring",
    "heap_size": "4096",
    "error": null,
    "avg_cpu_usage": 68.5,
    "avg_cpu_time": 0.0,
    "avg_io_time": 67.1,
    "p90_io": 0.0,
    "number_of_pauses": 1055,
    "total_pause_time": 2002165001,
    "avg_pause_time": 1897786.73,
    "pauses_per_category": {
        "ICBufferFull": 55,
        "G1CollectForAllocation": 975,
        "CollectForMetadataAllocation": 8,
        "G1PauseRemark": 5,
        "G1PauseCleanup": 5,
        "G1TryInitiateConcMark": 2,
        "Cleanup": 5
    },
    "total_pause_time_per_category": {
        "ICBufferFull": 11834271,
        "G1CollectForAllocation": 1896301624,
        "CollectForMetadataAllocation": 44602694,
        "G1PauseRemark": 26617233,
        "G1PauseCleanup": 1810927,
        "G1TryInitiateConcMark": 19366941,
        "Cleanup": 1631311
    },
    "avg_pause_time_per_category": {
        "ICBufferFull": 215168.56,
        "G1CollectForAllocation": 1944924.74,
        "CollectForMetadataAllocation": 5575336.75,
        "G1PauseRemark": 5323446.6,
        "G1PauseCleanup": 362185.4,
        "G1TryInitiateConcMark": 9683470.5,
        "Cleanup": 326262.2
    },
    "p90_pause_time": 2228098.6,
    "throughput": 570864938880
}