{
    "garbage_collector": "Parallel",
    "jdk": "HotSpot_21.0.4",
    "benchmark_group": "DaCapo",
    "benchmark_name": "fop",
    "heap_size": "2048",
    "error": null,
    "avg_cpu_usage": 39.9,
    "avg_cpu_time": 0.0,
    "avg_io_time": 42.7,
    "p90_io": 0.0,
    "number_of_pauses": 41,
    "total_pause_time": 88241908,
    "avg_pause_time": 2152241.66,
    "pauses_per_category": {
        "ICBufferFull": 34,
        "CollectForMetadataAllocation": 1,
        "ParallelGCFailedAllocation": 6
    },
    "total_pause_time_per_category": {
        "ICBufferFull": 3797329,
        "CollectForMetadataAllocation": 30097592,
        "ParallelGCFailedAllocation": 54346987
    },
    "avg_pause_time_per_category": {
        "ICBufferFull": 111686.15,
        "CollectForMetadataAllocation": 30097592.0,
        "ParallelGCFailedAllocation": 9057831.17
    },
    "p90_pause_time": 6911756.0,
    "throughput": 8838732940
}