{
    "garbage_collector": "Parallel",
    "jdk": "HotSpot_21.0.4",
    "benchmark_group": "DaCapo",
    "benchmark_name": "pmd",
    "heap_size": "1024",
    "error": "Error code not found: 255\n===== DaCapo 23.11-chopin pmd starting warmup 1 =====\njava.lang.reflect.InvocationTargetException\njava.lang.reflect.InvocationTargetException\n\tat java.base/jdk.internal.reflect.DirectMethodHandleAccessor.invoke(DirectMethodHandleAccessor.java:118)\n\tat java.base/java.lang.reflect.Method.invoke(Method.java:580)\n\tat org.dacapo.harness.Pmd.iterate(Pmd.java:99)\n\tat org.dacapo.harness.Benchmark.run(Benchmark.java:253)\n\tat org.dacapo.harness.TestHarness.runBenchmark(TestHarness.java:225)\n\tat org.dacapo.harness.TestHarness.main(TestHarness.java:170)\n\tat java.base/jdk.internal.reflect.DirectMethodHandleAccessor.invoke(DirectMethodHandleAccessor.java:103)\n\tat java.base/java.lang.reflect.Method.invoke(Method.java:580)\n\tat Harness.main(Unknown Source)\nCaused by: java.lang.OutOfMemoryError: Java heap space\n\tat net.sourceforge.pmd.lang.ast.xpath.AttributeAxisIterator.getNextAttribute(AttributeAxisIterator.java:140)\n\tat net.sourceforge.pmd.lang.ast.xpath.AttributeAxisIterator.<init>(AttributeAxisIterator.java:72)\n\tat net.sourceforge.pmd.lang.ast.AbstractNode.getXPathAttributesIterator(AbstractNode.java:694)\n\tat net.sourceforge.pmd.lang.ast.xpath.saxon.ElementNode.getAttributes(ElementNode.java:99)\n\tat net.sourceforge.pmd.lang.ast.xpath.saxon.ElementNode.iterateAxis(ElementNode.java:214)\n\tat net.sf.saxon.expr.AxisExpression.iterate(AxisExpression.java:596)\n\tat net.sf.saxon.expr.Atomizer.iterate(Atomizer.java:163)\n\tat net.sf.saxon.expr.UntypedAtomicConverter.iterate(UntypedAtomicConverter.java:148)\n\tat net.sf.saxon.expr.ItemChecker.iterate(ItemChecker.java:132)\n\tat net.sf.saxon.expr.CardinalityChecker.evaluateItem(CardinalityChecker.java:259)\n\tat net.sf.saxon.functions.Contains.evaluateItem(Contains.java:37)\n\tat net.sf.saxon.expr.Expression.iterate(Expression.java:370)\n\tat net.sf.saxon.expr.Expression.effectiveBooleanValue(Expression.java:421)\n\tat net.sf.saxon.expr.FilterIterator$NonNumeric.matches(FilterIterator.java:182)\n\tat net.sf.saxon.expr.FilterIterator.getNextMatchingItem(FilterIterator.java:65)\n\tat net.sf.saxon.expr.FilterIterator.next(FilterIterator.java:44)\n\tat net.sf.saxon.expr.ExpressionTool.effectiveBooleanValue(ExpressionTool.java:549)\n\tat net.sf.saxon.expr.Expression.effectiveBooleanValue(Expression.java:421)\n\tat net.sf.saxon.expr.FilterIterator$NonNumeric.matches(FilterIterator.java:182)\n\tat net.sf.saxon.expr.FilterIterator.getNextMatchingItem(FilterIterator.java:65)\n\tat net.sf.saxon.expr.FilterIterator.next(FilterIterator.java:44)\n\tat net.sf.saxon.expr.FilterIterator.getNextMatchingItem(FilterIterator.java:61)\n\tat net.sf.saxon.expr.FilterIterator.next(FilterIterator.java:44)\n\tat net.sf.saxon.expr.FilterIterator.getNextMatchingItem(FilterIterator.java:61)\n\tat net.sf.saxon.expr.FilterIterator.next(FilterIterator.java:44)\n\tat net.sourceforge.pmd.lang.rule.xpath.SaxonXPathRuleQuery.evaluate(SaxonXPathRuleQuery.java:128)\n\tat net.sourceforge.pmd.lang.rule.XPathRule.evaluate(XPathRule.java:176)\n\tat net.sourceforge.pmd.lang.rule.XPathRule.apply(XPathRule.java:158)\n\tat net.sourceforge.pmd.lang.internal.DefaultRulechainVisitor.visit(DefaultRulechainVisitor.java:26)\n\tat net.sourceforge.pmd.lang.rule.AbstractRuleChainVisitor.visitAll(AbstractRuleChainVisitor.java:101)\n\tat net.sourceforge.pmd.RuleChain.apply(RuleChain.java:72)\n\tat net.sourceforge.pmd.RuleSets.apply(RuleSets.java:160)\n",
    "avg_cpu_usage": 92.3,
    "avg_cpu_time": 92.3,
    "avg_io_time": 0.0,
    "p90_io": 0.0,
    "number_of_pauses": 0,
    "total_pause_time": 0,
    "avg_pause_time": 0,
    "pauses_per_category": {},
    "total_pause_time_per_category": {},
    "avg_pause_time_per_category": {},
    "p90_pause_time": 0,
    "throughput": 0
}