{
    "garbage_collector": "Parallel",
    "jdk": "HotSpot_21.0.4",
    "benchmark_group": "DaCapo",
    "benchmark_name": "spring",
    "heap_size": "256",
    "error": null,
    "avg_cpu_usage": 67.8,
    "avg_cpu_time": 0.0,
    "avg_io_time": 65.9,
    "p90_io": 0.0,
    "number_of_pauses": 29188,
    "total_pause_time": 21525936520,
    "avg_pause_time": 737492.69,
    "pauses_per_category": {
        "ICBufferFull": 7,
        "ParallelGCFailedAllocation": 25120,
        "ParallelGCSystemGC": 4057,
        "CollectForMetadataAllocation": 4
    },
    "total_pause_time_per_category": {
        "ICBufferFull": 775947,
        "ParallelGCFailedAllocation": 17826661484,
        "ParallelGCSystemGC": 3568191676,
        "CollectForMetadataAllocation": 130307413
    },
    "avg_pause_time_per_category": {
        "ICBufferFull": 110849.57,
        "ParallelGCFailedAllocation": 709660.09,
        "ParallelGCSystemGC": 879514.83,
        "CollectForMetadataAllocation": 32576853.25
    },
    "p90_pause_time": 1023908.6,
    "throughput": 572492704088
}