{
    "garbage_collector": "G1",
    "jdk": "HotSpot_21.0.4",
    "benchmark_group": "DaCapo",
    "benchmark_name": "spring",
    "heap_size": "2048",
    "error": null,
    "avg_cpu_usage": 68.4,
    "avg_cpu_time": 0.0,
    "avg_io_time": 66.8,
    "p90_io": 0.0,
    "number_of_pauses": 2022,
    "total_pause_time": 3704332453,
    "avg_pause_time": 1832014.07,
    "pauses_per_category": {
        "ICBufferFull": 57,
        "G1CollectForAllocation": 1943,
        "CollectForMetadataAllocation": 10,
        "G1PauseRemark": 5,
        "G1PauseCleanup": 5,
        "G1TryInitiateConcMark": 2
    },
    "total_pause_time_per_category": {
        "ICBufferFull": 11151884,
        "G1CollectForAllocation": 3576438321,
        "CollectForMetadataAllocation": 66506219,
        "G1PauseRemark": 30592787,
        "G1PauseCleanup": 2451253,
        "G1TryInitiateConcMark": 17191989
    },
    "avg_pause_time_per_category": {
        "ICBufferFull": 195647.09,
        "G1CollectForAllocation": 1840678.5,
        "CollectForMetadataAllocation": 6650621.9,
        "G1PauseRemark": 6118557.4,
        "G1PauseCleanup": 490250.6,
        "G1TryInitiateConcMark": 8595994.5
    },
    "p90_pause_time": 2262562.3,
    "throughput": 569618024794
}