{
    "garbage_collector": "G1",
    "jdk": "HotSpot_21.0.4",
    "benchmark_group": "DaCapo",
    "benchmark_name": "kafka",
    "heap_size": "1024",
    "error": "Return code -9: Process was killed due to timeout\n===== DaCapo 23.11-chopin kafka starting warmup 1 =====\nStarting 10000000 requests...\nCompleted requests\nFinished\n===== DaCapo 23.11-chopin kafka completed warmup 1 in 59860 msec =====\n===== DaCapo 23.11-chopin kafka starting warmup 2 =====\nStarting 10000000 requests...\nCompleted requests\nFinished\n===== DaCapo 23.11-chopin kafka completed warmup 2 in 63936 msec =====\n===== DaCapo 23.11-chopin kafka starting warmup 3 =====\nStarting 10000000 requests...\nCompleted requests\nFinished\n===== DaCapo 23.11-chopin kafka completed warmup 3 in 63569 msec =====\n===== DaCapo 23.11-chopin kafka starting warmup 4 =====\nStarting 10000000 requests...\nCompleted requests\nFinished\n===== DaCapo 23.11-chopin kafka completed warmup 4 in 62562 msec =====\n===== DaCapo 23.11-chopin kafka starting warmup 5 =====\nStarting 10000000 requests...\nCompleted requests\nFinished\n===== DaCapo 23.11-chopin kafka completed warmup 5 in 64968 msec =====\n===== DaCapo 23.11-chopin kafka starting warmup 6 =====\nStarting 10000000 requests...\nCompleted requests\nFinished\n===== DaCapo 23.11-chopin kafka completed warmup 6 in 65370 msec =====\n===== DaCapo 23.11-chopin kafka starting warmup 7 =====\nStarting 10000000 requests...\nCompleted requests\nFinished\n===== DaCapo 23.11-chopin kafka completed warmup 7 in 65001 msec =====\n===== DaCapo 23.11-chopin kafka starting warmup 8 =====\nStarting 10000000 requests...\nCompleted requests\nFinished\n===== DaCapo 23.11-chopin kafka completed warmup 8 in 62723 msec =====\n===== DaCapo 23.11-chopin kafka starting warmup 9 =====\nStarting 10000000 requests...\nCompleted requests\nFinished\n===== DaCapo 23.11-chopin kafka completed warmup 9 in 64043 msec =====\n===== DaCapo 23.11-chopin kafka starting =====\nStarting 10000000 requests...\n",
    "avg_cpu_usage": 18.3,
    "avg_cpu_time": 18.3,
    "avg_io_time": 1.6,
    "p90_io": 6.7,
    "number_of_pauses": 0,
    "total_pause_time": 0,
    "avg_pause_time": 0,
    "pauses_per_category": {},
    "total_pause_time_per_category": {},
    "avg_pause_time_per_category": {},
    "p90_pause_time": 0,
    "throughput": 0
}