{
    "garbage_collector": "G1",
    "jdk": "HotSpot_21.0.4",
    "benchmark_group": "DaCapo",
    "benchmark_name": "xalan",
    "heap_size": "256",
    "error": null,
    "avg_cpu_usage": 94.6,
    "avg_cpu_time": 0.1,
    "avg_io_time": 59.4,
    "p90_io": 0.0,
    "number_of_pauses": 4991,
    "total_pause_time": 4513130407,
    "avg_pause_time": 904253.74,
    "pauses_per_category": {
        "ICBufferFull": 1,
        "G1CollectForAllocation": 4990
    },
    "total_pause_time_per_category": {
        "ICBufferFull": 74325,
        "G1CollectForAllocation": 4513056082
    },
    "avg_pause_time_per_category": {
        "ICBufferFull": 74325.0,
        "G1CollectForAllocation": 904420.06
    },
    "p90_pause_time": 1050019.0,
    "throughput": 360374948969
}