{
    "garbage_collector": "G1",
    "jdk": "HotSpot_21.0.4",
    "benchmark_group": "DaCapo",
    "benchmark_name": "h2o",
    "heap_size": "256",
    "error": "Error code not found: 3\nWARNING: the Java version string provided by this JVM is '21.0.4'. H2O h2o 3.42.0.2 is only supported for Java versions <= 17.\nH2O allows you to override its checks by adding '-Dsys.ai.h2o.debug.allowJavaVersions=<MV>' to your command line, where <MV> is the major version you wish to use.\nOnly Java versions 8-17 are supported, system version is 21.0.4\n",
    "avg_cpu_usage": 12.1,
    "avg_cpu_time": 12.1,
    "avg_io_time": 2.7,
    "p90_io": 5.55,
    "number_of_pauses": 0,
    "total_pause_time": 0,
    "avg_pause_time": 0,
    "pauses_per_category": {},
    "total_pause_time_per_category": {},
    "avg_pause_time_per_category": {},
    "p90_pause_time": 0,
    "throughput": 0
}