{
    "garbage_collector": "Parallel",
    "jdk": "HotSpot_21.0.4",
    "benchmark_group": "DaCapo",
    "benchmark_name": "fop",
    "heap_size": "256",
    "error": null,
    "avg_cpu_usage": 38.8,
    "avg_cpu_time": 0.5,
    "avg_io_time": 40.6,
    "p90_io": 0.0,
    "number_of_pauses": 73,
    "total_pause_time": 112653022,
    "avg_pause_time": 1543192.08,
    "pauses_per_category": {
        "ICBufferFull": 20,
        "ParallelGCFailedAllocation": 52,
        "CollectForMetadataAllocation": 1
    },
    "total_pause_time_per_category": {
        "ICBufferFull": 2075755,
        "ParallelGCFailedAllocation": 85031521,
        "CollectForMetadataAllocation": 25545746
    },
    "avg_pause_time_per_category": {
        "ICBufferFull": 103787.75,
        "ParallelGCFailedAllocation": 1635221.56,
        "CollectForMetadataAllocation": 25545746.0
    },
    "p90_pause_time": 2126308.8,
    "throughput": 9455838214
}