{
    "garbage_collector": "Parallel",
    "jdk": "HotSpot_21.0.4",
    "benchmark_group": "DaCapo",
    "benchmark_name": "h2",
    "heap_size": "8192",
    "error": "Return code -9: Process was killed due to timeout\n===== DaCapo 23.11-chopin h2 starting warmup 1 =====\nStarting 2500000 requests...\n",
    "avg_cpu_usage": 86.6,
    "avg_cpu_time": 86.6,
    "avg_io_time": 0.0,
    "p90_io": 0.0,
    "number_of_pauses": 0,
    "total_pause_time": 0,
    "avg_pause_time": 0,
    "pauses_per_category": {},
    "total_pause_time_per_category": {},
    "avg_pause_time_per_category": {},
    "p90_pause_time": 0,
    "throughput": 0
}