{
    "garbage_collector": "Parallel",
    "jdk": "HotSpot_21.0.4",
    "benchmark_group": "DaCapo",
    "benchmark_name": "tradesoap",
    "heap_size": "4096",
    "error": "Return code -9: Process was killed due to timeout\nNOTE: Starting watchdog timer with timeout of 9000 seconds. Adjust timeout with the -f command line option.\n===== DaCapo 23.11-chopin tradesoap starting warmup 1 =====\nStarting 73720 requests...\nCompleted requests\n===== DaCapo 23.11-chopin tradesoap completed warmup 1 in 70747 msec =====\n===== DaCapo 23.11-chopin tradesoap starting warmup 2 =====\nStarting 73720 requests...\nCompleted requests\n===== DaCapo 23.11-chopin tradesoap completed warmup 2 in 68449 msec =====\n===== DaCapo 23.11-chopin tradesoap starting warmup 3 =====\nStarting 73720 requests...\nCompleted requests\n===== DaCapo 23.11-chopin tradesoap completed warmup 3 in 68776 msec =====\n===== DaCapo 23.11-chopin tradesoap starting warmup 4 =====\nStarting 73720 requests...\nCompleted requests\n===== DaCapo 23.11-chopin tradesoap completed warmup 4 in 68175 msec =====\n===== DaCapo 23.11-chopin tradesoap starting warmup 5 =====\nStarting 73720 requests...\nCompleted requests\n===== DaCapo 23.11-chopin tradesoap completed warmup 5 in 68262 msec =====\n===== DaCapo 23.11-chopin tradesoap starting warmup 6 =====\nStarting 73720 requests...\nCompleted requests\n===== DaCapo 23.11-chopin tradesoap completed warmup 6 in 68886 msec =====\n===== DaCapo 23.11-chopin tradesoap starting warmup 7 =====\nStarting 73720 requests...\nCompleted requests\n===== DaCapo 23.11-chopin tradesoap completed warmup 7 in 68909 msec =====\n===== DaCapo 23.11-chopin tradesoap starting warmup 8 =====\nStarting 73720 requests...\nCompleted requests\n===== DaCapo 23.11-chopin tradesoap completed warmup 8 in 68998 msec =====\n===== DaCapo 23.11-chopin tradesoap starting warmup 9 =====\n",
    "avg_cpu_usage": 37.0,
    "avg_cpu_time": 37.0,
    "avg_io_time": 0.0,
    "p90_io": 0.0,
    "number_of_pauses": 0,
    "total_pause_time": 0,
    "avg_pause_time": 0,
    "pauses_per_category": {},
    "total_pause_time_per_category": {},
    "avg_pause_time_per_category": {},
    "p90_pause_time": 0,
    "throughput": 0
}