{
    "garbage_collector": "Serial",
    "jdk": "HotSpot_21.0.4",
    "benchmark_group": "DaCapo",
    "benchmark_name": "eclipse",
    "heap_size": "256",
    "error": null,
    "avg_cpu_usage": 17.8,
    "avg_cpu_time": 0.3,
    "avg_io_time": 17.3,
    "p90_io": 1.2,
    "number_of_pauses": 2099,
    "total_pause_time": 44089134084,
    "avg_pause_time": 21004828.05,
    "pauses_per_category": {
        "ICBufferFull": 50,
        "GenCollectForAllocation": 2046,
        "CollectForMetadataAllocation": 1,
        "Cleanup": 1,
        "GenCollectFull": 1
    },
    "total_pause_time_per_category": {
        "ICBufferFull": 6860293,
        "GenCollectForAllocation": 44038706953,
        "CollectForMetadataAllocation": 22562377,
        "Cleanup": 20430,
        "GenCollectFull": 20984031
    },
    "avg_pause_time_per_category": {
        "ICBufferFull": 137205.86,
        "GenCollectForAllocation": 21524294.7,
        "CollectForMetadataAllocation": 22562377.0,
        "Cleanup": 20430.0,
        "GenCollectFull": 20984031.0
    },
    "p90_pause_time": 45033493.0,
    "throughput": 341145947647
}