{
    "garbage_collector": "G1",
    "jdk": "HotSpot_21.0.4",
    "benchmark_group": "DaCapo",
    "benchmark_name": "pmd",
    "heap_size": "4096",
    "error": null,
    "avg_cpu_usage": 77.2,
    "avg_cpu_time": 0.0,
    "avg_io_time": 79.4,
    "p90_io": 0.0,
    "number_of_pauses": 507,
    "total_pause_time": 24444430105,
    "avg_pause_time": 48213866.08,
    "pauses_per_category": {
        "ICBufferFull": 20,
        "G1CollectForAllocation": 372,
        "Cleanup": 18,
        "G1PauseRemark": 41,
        "G1PauseCleanup": 41,
        "G1TryInitiateConcMark": 15
    },
    "total_pause_time_per_category": {
        "ICBufferFull": 7110876,
        "G1CollectForAllocation": 23142828046,
        "Cleanup": 9449297,
        "G1PauseRemark": 257377004,
        "G1PauseCleanup": 32281120,
        "G1TryInitiateConcMark": 995383762
    },
    "avg_pause_time_per_category": {
        "ICBufferFull": 355543.8,
        "G1CollectForAllocation": 62211903.35,
        "Cleanup": 524960.94,
        "G1PauseRemark": 6277487.9,
        "G1PauseCleanup": 787344.39,
        "G1TryInitiateConcMark": 66358917.47
    },
    "p90_pause_time": 98835689.6,
    "throughput": 225534272499
}