{
    "garbage_collector": "Parallel",
    "jdk": "HotSpot_21.0.4",
    "benchmark_group": "DaCapo",
    "benchmark_name": "jme",
    "heap_size": "8192",
    "error": "Return code -9: Process was killed due to timeout\n===== DaCapo 23.11-chopin jme starting warmup 1 =====\nStarting 8000 requests...\nCompleted requests\n===== DaCapo 23.11-chopin jme completed warmup 1 in 135943 msec =====\n===== DaCapo 23.11-chopin jme starting warmup 2 =====\nStarting 8000 requests...\nCompleted requests\n===== DaCapo 23.11-chopin jme completed warmup 2 in 135343 msec =====\n===== DaCapo 23.11-chopin jme starting warmup 3 =====\nStarting 8000 requests...\nCompleted requests\n===== DaCapo 23.11-chopin jme completed warmup 3 in 135053 msec =====\n===== DaCapo 23.11-chopin jme starting warmup 4 =====\nStarting 8000 requests...\nCompleted requests\n===== DaCapo 23.11-chopin jme completed warmup 4 in 135279 msec =====\n===== DaCapo 23.11-chopin jme starting warmup 5 =====\nStarting 8000 requests...\n",
    "avg_cpu_usage": 0.5,
    "avg_cpu_time": 0.5,
    "avg_io_time": 0.0,
    "p90_io": 0.0,
    "number_of_pauses": 0,
    "total_pause_time": 0,
    "avg_pause_time": 0,
    "pauses_per_category": {},
    "total_pause_time_per_category": {},
    "avg_pause_time_per_category": {},
    "p90_pause_time": 0,
    "throughput": 0
}