{
    "garbage_collector": "G1",
    "jdk": "HotSpot_21.0.4",
    "benchmark_group": "DaCapo",
    "benchmark_name": "pmd",
    "heap_size": "1024",
    "error": "Error code not found: 255\n===== DaCapo 23.11-chopin pmd starting warmup 1 =====\njava.lang.reflect.InvocationTargetException\njava.lang.reflect.InvocationTargetException\n\tat java.base/jdk.internal.reflect.DirectMethodHandleAccessor.invoke(DirectMethodHandleAccessor.java:118)\n\tat java.base/java.lang.reflect.Method.invoke(Method.java:580)\n\tat org.dacapo.harness.Pmd.iterate(Pmd.java:99)\n\tat org.dacapo.harness.Benchmark.run(Benchmark.java:253)\n\tat org.dacapo.harness.TestHarness.runBenchmark(TestHarness.java:225)\n\tat org.dacapo.harness.TestHarness.main(TestHarness.java:170)\n\tat java.base/jdk.internal.reflect.DirectMethodHandleAccessor.invoke(DirectMethodHandleAccessor.java:103)\n\tat java.base/java.lang.reflect.Method.invoke(Method.java:580)\n\tat Harness.main(Unknown Source)\nCaused by: java.lang.OutOfMemoryError: Java heap space\n\tat net.sourceforge.pmd.lang.ast.AbstractNode.childrenIterator(AbstractNode.java:609)\n\tat net.sourceforge.pmd.lang.ast.AbstractNode.access$000(AbstractNode.java:46)\n\tat net.sourceforge.pmd.lang.ast.AbstractNode$1.iterator(AbstractNode.java:595)\n\tat net.sourceforge.pmd.lang.ast.AbstractNode.findDescendantsOfType(AbstractNode.java:390)\n\tat net.sourceforge.pmd.lang.ast.AbstractNode.findDescendantsOfType(AbstractNode.java:396)\n\tat net.sourceforge.pmd.lang.ast.AbstractNode.findDescendantsOfType(AbstractNode.java:396)\n\tat net.sourceforge.pmd.lang.ast.AbstractNode.findDescendantsOfType(AbstractNode.java:396)\n\tat net.sourceforge.pmd.lang.ast.AbstractNode.findDescendantsOfType(AbstractNode.java:396)\n\tat net.sourceforge.pmd.lang.ast.AbstractNode.findDescendantsOfType(AbstractNode.java:396)\n\tat net.sourceforge.pmd.lang.ast.AbstractNode.findDescendantsOfType(AbstractNode.java:365)\n\tat net.sourceforge.pmd.lang.java.dfa.VariableAccessVisitor.addVariableAccess(VariableAccessVisitor.java:169)\n\tat net.sourceforge.pmd.lang.java.dfa.VariableAccessVisitor.addAccess(VariableAccessVisitor.java:142)\n\tat net.sourceforge.pmd.lang.java.dfa.VariableAccessVisitor.markUsages(VariableAccessVisitor.java:117)\n\tat net.sourceforge.pmd.lang.java.dfa.VariableAccessVisitor.computeNow(VariableAccessVisitor.java:59)\n\tat net.sourceforge.pmd.lang.java.dfa.VariableAccessVisitor.compute(VariableAccessVisitor.java:46)\n\tat net.sourceforge.pmd.lang.java.dfa.DataFlowFacade.visit(DataFlowFacade.java:37)\n\tat net.sourceforge.pmd.lang.java.ast.ASTMethodDeclaration.jjtAccept(ASTMethodDeclaration.java:37)\n\tat net.sourceforge.pmd.lang.java.ast.AbstractJavaNode.childrenAccept(AbstractJavaNode.java:62)\n\tat net.sourceforge.pmd.lang.java.ast.JavaParserVisitorAdapter.visit(JavaParserVisitorAdapter.java:13)\n\tat net.sourceforge.pmd.lang.java.ast.JavaParserVisitorAdapter.visit(JavaParserVisitorAdapter.java:58)\n\tat net.sourceforge.pmd.lang.java.ast.ASTClassOrInterfaceBodyDeclaration.jjtAccept(ASTClassOrInterfaceBodyDeclaration.java:44)\n\tat net.sourceforge.pmd.lang.java.ast.AbstractJavaNode.childrenAccept(AbstractJavaNode.java:62)\n\tat net.sourceforge.pmd.lang.java.ast.JavaParserVisitorAdapter.visit(JavaParserVisitorAdapter.java:13)\n\tat net.sourceforge.pmd.lang.java.ast.JavaParserVisitorAdapter.visit(JavaParserVisitorAdapter.java:53)\n\tat net.sourceforge.pmd.lang.java.ast.ASTClassOrInterfaceBody.jjtAccept(ASTClassOrInterfaceBody.java:35)\n\tat net.sourceforge.pmd.lang.java.ast.AbstractJavaNode.childrenAccept(AbstractJavaNode.java:62)\n\tat net.sourceforge.pmd.lang.java.ast.JavaParserVisitorAdapter.visit(JavaParserVisitorAdapter.java:13)\n\tat net.sourceforge.pmd.lang.java.ast.JavaParserVisitorAdapter.visit(JavaParserVisitorAdapter.java:23)\n\tat net.sourceforge.pmd.lang.java.ast.ASTClassOrInterfaceDeclaration.jjtAccept(ASTClassOrInterfaceDeclaration.java:55)\n\tat net.sourceforge.pmd.lang.java.ast.AbstractJavaNode.childrenAccept(AbstractJavaNode.java:62)\n\tat net.sourceforge.pmd.lang.java.ast.JavaParserVisitorAdapter.visit(JavaParserVisitorAdapter.java:13)\n\tat net.sourceforge.pmd.lang.java.ast.JavaParserVisitorAdapter.visit(JavaParserVisitorAdapter.java:208)\n",
    "avg_cpu_usage": 90.4,
    "avg_cpu_time": 90.4,
    "avg_io_time": 0.1,
    "p90_io": 0.0,
    "number_of_pauses": 0,
    "total_pause_time": 0,
    "avg_pause_time": 0,
    "pauses_per_category": {},
    "total_pause_time_per_category": {},
    "avg_pause_time_per_category": {},
    "p90_pause_time": 0,
    "throughput": 0
}