{
    "garbage_collector": "Parallel",
    "jdk": "HotSpot_21.0.4",
    "benchmark_group": "DaCapo",
    "benchmark_name": "fop",
    "heap_size": "8192",
    "error": null,
    "avg_cpu_usage": 41.0,
    "avg_cpu_time": 0.5,
    "avg_io_time": 42.7,
    "p90_io": 0.0,
    "number_of_pauses": 36,
    "total_pause_time": 66400038,
    "avg_pause_time": 1844445.5,
    "pauses_per_category": {
        "ICBufferFull": 34,
        "CollectForMetadataAllocation": 1,
        "ParallelGCFailedAllocation": 1
    },
    "total_pause_time_per_category": {
        "ICBufferFull": 3795623,
        "CollectForMetadataAllocation": 28858807,
        "ParallelGCFailedAllocation": 33745608
    },
    "avg_pause_time_per_category": {
        "ICBufferFull": 111635.97,
        "CollectForMetadataAllocation": 28858807.0,
        "ParallelGCFailedAllocation": 33745608.0
    },
    "p90_pause_time": 167498.5,
    "throughput": 9758470943
}