{
    "garbage_collector": "G1",
    "jdk": "HotSpot_21.0.4",
    "benchmark_group": "DaCapo",
    "benchmark_name": "zxing",
    "heap_size": "1024",
    "error": null,
    "avg_cpu_usage": 93.8,
    "avg_cpu_time": 0.0,
    "avg_io_time": 92.4,
    "p90_io": 0.0,
    "number_of_pauses": 58,
    "total_pause_time": 70096165,
    "avg_pause_time": 1208554.57,
    "pauses_per_category": {
        "G1CollectForAllocation": 35,
        "ICBufferFull": 6,
        "Cleanup": 17
    },
    "total_pause_time_per_category": {
        "G1CollectForAllocation": 67639327,
        "ICBufferFull": 709784,
        "Cleanup": 1747054
    },
    "avg_pause_time_per_category": {
        "G1CollectForAllocation": 1932552.2,
        "ICBufferFull": 118297.33,
        "Cleanup": 102767.88
    },
    "p90_pause_time": 3317758.3,
    "throughput": 37585253597
}