{
    "garbage_collector": "G1",
    "jdk": "HotSpot_21.0.4",
    "benchmark_group": "DaCapo",
    "benchmark_name": "eclipse",
    "heap_size": "1024",
    "error": null,
    "avg_cpu_usage": 19.2,
    "avg_cpu_time": 0.2,
    "avg_io_time": 18.6,
    "p90_io": 0.0,
    "number_of_pauses": 683,
    "total_pause_time": 3377660514,
    "avg_pause_time": 4945330.18,
    "pauses_per_category": {
        "ICBufferFull": 84,
        "G1CollectForAllocation": 228,
        "CollectForMetadataAllocation": 1,
        "G1PauseRemark": 87,
        "G1PauseCleanup": 87,
        "Cleanup": 112,
        "G1TryInitiateConcMark": 84
    },
    "total_pause_time_per_category": {
        "ICBufferFull": 10848688,
        "G1CollectForAllocation": 2424173520,
        "CollectForMetadataAllocation": 8167925,
        "G1PauseRemark": 367102372,
        "G1PauseCleanup": 26096608,
        "Cleanup": 9564453,
        "G1TryInitiateConcMark": 531706948
    },
    "avg_pause_time_per_category": {
        "ICBufferFull": 129151.05,
        "G1CollectForAllocation": 10632340.0,
        "CollectForMetadataAllocation": 8167925.0,
        "G1PauseRemark": 4219567.49,
        "G1PauseCleanup": 299961.01,
        "Cleanup": 85396.9,
        "G1TryInitiateConcMark": 6329844.62
    },
    "p90_pause_time": 13372296.6,
    "throughput": 316468756608
}