{
    "garbage_collector": "G1",
    "jdk": "HotSpot_21.0.4",
    "benchmark_group": "DaCapo",
    "benchmark_name": "zxing",
    "heap_size": "512",
    "error": null,
    "avg_cpu_usage": 85.1,
    "avg_cpu_time": 0.3,
    "avg_io_time": 85.6,
    "p90_io": 0.48,
    "number_of_pauses": 75,
    "total_pause_time": 89146757,
    "avg_pause_time": 1188623.43,
    "pauses_per_category": {
        "Cleanup": 12,
        "G1CollectForAllocation": 61,
        "ICBufferFull": 2
    },
    "total_pause_time_per_category": {
        "Cleanup": 1079348,
        "G1CollectForAllocation": 86323430,
        "ICBufferFull": 1743979
    },
    "avg_pause_time_per_category": {
        "Cleanup": 89945.67,
        "G1CollectForAllocation": 1415138.2,
        "ICBufferFull": 871989.5
    },
    "p90_pause_time": 2776559.6,
    "throughput": 41335919375
}