{
    "garbage_collector": "Parallel",
    "jdk": "HotSpot_21.0.4",
    "benchmark_group": "DaCapo",
    "benchmark_name": "xalan",
    "heap_size": "256",
    "error": null,
    "avg_cpu_usage": 95.1,
    "avg_cpu_time": 0.1,
    "avg_io_time": 58.2,
    "p90_io": 0.0,
    "number_of_pauses": 9401,
    "total_pause_time": 6398470738,
    "avg_pause_time": 680615.97,
    "pauses_per_category": {
        "ICBufferFull": 7,
        "ParallelGCFailedAllocation": 9336,
        "ParallelGCSystemGC": 58
    },
    "total_pause_time_per_category": {
        "ICBufferFull": 561622,
        "ParallelGCFailedAllocation": 6360534715,
        "ParallelGCSystemGC": 37374401
    },
    "avg_pause_time_per_category": {
        "ICBufferFull": 80231.71,
        "ParallelGCFailedAllocation": 681291.21,
        "ParallelGCSystemGC": 644386.22
    },
    "p90_pause_time": 858735.0,
    "throughput": 342077495314
}