{
    "garbage_collector": "Parallel",
    "jdk": "HotSpot_21.0.4",
    "benchmark_group": "DaCapo",
    "benchmark_name": "kafka",
    "heap_size": "256",
    "error": "Error code not found: 1\n===== DaCapo 23.11-chopin kafka starting warmup 1 =====\njava.lang.reflect.InvocationTargetException\n\tat java.base/jdk.internal.reflect.DirectMethodHandleAccessor.invoke(DirectMethodHandleAccessor.java:118)\n\tat java.base/java.lang.reflect.Method.invoke(Method.java:580)\n\tat Harness.main(Unknown Source)\nCaused by: java.lang.OutOfMemoryError: Java heap space\n\tat org.dacapo.harness.LatencyReporter.initialize(LatencyReporter.java:70)\n\tat org.dacapo.harness.Kafka.iterate(Kafka.java:51)\n\tat org.dacapo.harness.Benchmark.run(Benchmark.java:253)\n\tat org.dacapo.harness.TestHarness.runBenchmark(TestHarness.java:225)\n\tat org.dacapo.harness.TestHarness.main(TestHarness.java:170)\n\tat java.base/java.lang.invoke.LambdaForm$DMH/0x000072f374001800.invokeStatic(LambdaForm$DMH)\n\tat java.base/java.lang.invoke.LambdaForm$MH/0x000072f374002c00.invoke(LambdaForm$MH)\n\tat java.base/java.lang.invoke.Invokers$Holder.invokeExact_MT(Invokers$Holder)\n\tat java.base/jdk.internal.reflect.DirectMethodHandleAccessor.invokeImpl(DirectMethodHandleAccessor.java:154)\n\tat java.base/jdk.internal.reflect.DirectMethodHandleAccessor.invoke(DirectMethodHandleAccessor.java:103)\n\t... 2 more\n[2024-09-16 05:41:43,920] ERROR [KafkaServer id=0] Fatal error during KafkaServer shutdown. (kafka.server.KafkaServer)\njava.lang.IllegalStateException: Kafka server is still starting up, cannot shut down!\n\tat kafka.server.KafkaServer.shutdown(KafkaServer.scala:708)\n\tat kafka.Kafka$.$anonfun$main$3(Kafka.scala:100)\n\tat kafka.utils.Exit$.$anonfun$addShutdownHook$1(Exit.scala:38)\n\tat java.base/java.lang.Thread.run(Thread.java:1583)\n[2024-09-16 05:41:43,922] ERROR Halting Kafka. (kafka.Kafka$)\n",
    "avg_cpu_usage": 15.5,
    "avg_cpu_time": 15.5,
    "avg_io_time": 1.5,
    "p90_io": 4.06,
    "number_of_pauses": 0,
    "total_pause_time": 0,
    "avg_pause_time": 0,
    "pauses_per_category": {},
    "total_pause_time_per_category": {},
    "avg_pause_time_per_category": {},
    "p90_pause_time": 0,
    "throughput": 0
}