{
    "garbage_collector": "G1",
    "jdk": "HotSpot_21.0.4",
    "benchmark_group": "DaCapo",
    "benchmark_name": "spring",
    "heap_size": "512",
    "error": null,
    "avg_cpu_usage": 68.7,
    "avg_cpu_time": 0.0,
    "avg_io_time": 67.0,
    "p90_io": 0.0,
    "number_of_pauses": 7970,
    "total_pause_time": 8345920763,
    "avg_pause_time": 1047166.97,
    "pauses_per_category": {
        "G1CollectForAllocation": 7920,
        "ICBufferFull": 30,
        "CollectForMetadataAllocation": 7,
        "G1PauseRemark": 5,
        "G1PauseCleanup": 5,
        "G1TryInitiateConcMark": 3
    },
    "total_pause_time_per_category": {
        "G1CollectForAllocation": 8278749517,
        "ICBufferFull": 4439749,
        "CollectForMetadataAllocation": 27877497,
        "G1PauseRemark": 26877398,
        "G1PauseCleanup": 1593790,
        "G1TryInitiateConcMark": 6382812
    },
    "avg_pause_time_per_category": {
        "G1CollectForAllocation": 1045296.66,
        "ICBufferFull": 147991.63,
        "CollectForMetadataAllocation": 3982499.57,
        "G1PauseRemark": 5375479.6,
        "G1PauseCleanup": 318758.0,
        "G1TryInitiateConcMark": 2127604.0
    },
    "p90_pause_time": 1333146.6,
    "throughput": 581469326158
}