{
    "garbage_collector": "Parallel",
    "jdk": "HotSpot_21.0.4",
    "benchmark_group": "DaCapo",
    "benchmark_name": "spring",
    "heap_size": "1024",
    "error": null,
    "avg_cpu_usage": 66.4,
    "avg_cpu_time": 0.0,
    "avg_io_time": 64.4,
    "p90_io": 0.0,
    "number_of_pauses": 7244,
    "total_pause_time": 7056054092,
    "avg_pause_time": 974054.95,
    "pauses_per_category": {
        "ICBufferFull": 35,
        "ParallelGCFailedAllocation": 6029,
        "CollectForMetadataAllocation": 3,
        "ParallelGCSystemGC": 1177
    },
    "total_pause_time_per_category": {
        "ICBufferFull": 6086552,
        "ParallelGCFailedAllocation": 5593784119,
        "CollectForMetadataAllocation": 147189525,
        "ParallelGCSystemGC": 1308993896
    },
    "avg_pause_time_per_category": {
        "ICBufferFull": 173901.49,
        "ParallelGCFailedAllocation": 927812.92,
        "CollectForMetadataAllocation": 49063175.0,
        "ParallelGCSystemGC": 1112144.35
    },
    "p90_pause_time": 1493395.7,
    "throughput": 525396282485
}