{
    "garbage_collector": "G1",
    "jdk": "HotSpot_21.0.4",
    "benchmark_group": "DaCapo",
    "benchmark_name": "spring",
    "heap_size": "1024",
    "error": null,
    "avg_cpu_usage": 67.3,
    "avg_cpu_time": 0.0,
    "avg_io_time": 65.4,
    "p90_io": 0.0,
    "number_of_pauses": 4037,
    "total_pause_time": 5348228938,
    "avg_pause_time": 1324802.81,
    "pauses_per_category": {
        "ICBufferFull": 48,
        "G1CollectForAllocation": 3969,
        "CollectForMetadataAllocation": 8,
        "G1PauseRemark": 5,
        "G1PauseCleanup": 5,
        "G1TryInitiateConcMark": 2
    },
    "total_pause_time_per_category": {
        "ICBufferFull": 6212021,
        "G1CollectForAllocation": 5241140249,
        "CollectForMetadataAllocation": 50871500,
        "G1PauseRemark": 26800706,
        "G1PauseCleanup": 1386644,
        "G1TryInitiateConcMark": 21817818
    },
    "avg_pause_time_per_category": {
        "ICBufferFull": 129417.1,
        "G1CollectForAllocation": 1320519.09,
        "CollectForMetadataAllocation": 6358937.5,
        "G1PauseRemark": 5360141.2,
        "G1PauseCleanup": 277328.8,
        "G1TryInitiateConcMark": 10908909.0
    },
    "p90_pause_time": 1651274.2,
    "throughput": 544225554144
}