{
    "garbage_collector": "Parallel",
    "jdk": "HotSpot_21.0.4",
    "benchmark_group": "DaCapo",
    "benchmark_name": "zxing",
    "heap_size": "1024",
    "error": null,
    "avg_cpu_usage": 91.1,
    "avg_cpu_time": 0.0,
    "avg_io_time": 92.8,
    "p90_io": 0.0,
    "number_of_pauses": 96,
    "total_pause_time": 201623118,
    "avg_pause_time": 2100240.81,
    "pauses_per_category": {
        "ICBufferFull": 9,
        "ParallelGCFailedAllocation": 60,
        "ParallelGCSystemGC": 27
    },
    "total_pause_time_per_category": {
        "ICBufferFull": 917737,
        "ParallelGCFailedAllocation": 111590559,
        "ParallelGCSystemGC": 89114822
    },
    "avg_pause_time_per_category": {
        "ICBufferFull": 101970.78,
        "ParallelGCFailedAllocation": 1859842.65,
        "ParallelGCSystemGC": 3300548.96
    },
    "p90_pause_time": 7669133.0,
    "throughput": 36316503776
}