{
    "garbage_collector": "Parallel",
    "jdk": "HotSpot_21.0.4",
    "benchmark_group": "DaCapo",
    "benchmark_name": "lusearch",
    "heap_size": "1024",
    "error": "Return code -9: Process was killed due to timeout\n===== DaCapo 23.11-chopin lusearch starting warmup 1 =====\nStarting 5242880 requests...\nCompleted requests\n===== DaCapo 23.11-chopin lusearch completed warmup 1 in 328521 msec =====\n===== DaCapo 23.11-chopin lusearch starting warmup 2 =====\nStarting 5242880 requests...\n",
    "avg_cpu_usage": 93.7,
    "avg_cpu_time": 93.7,
    "avg_io_time": 0.0,
    "p90_io": 0.0,
    "number_of_pauses": 0,
    "total_pause_time": 0,
    "avg_pause_time": 0,
    "pauses_per_category": {},
    "total_pause_time_per_category": {},
    "avg_pause_time_per_category": {},
    "p90_pause_time": 0,
    "throughput": 0
}