{
    "garbage_collector": "G1",
    "jdk": "HotSpot_21.0.4",
    "benchmark_group": "DaCapo",
    "benchmark_name": "fop",
    "heap_size": "2048",
    "error": null,
    "avg_cpu_usage": 42.9,
    "avg_cpu_time": 0.0,
    "avg_io_time": 43.7,
    "p90_io": 0.0,
    "number_of_pauses": 47,
    "total_pause_time": 67822805,
    "avg_pause_time": 1443038.4,
    "pauses_per_category": {
        "ICBufferFull": 35,
        "CollectForMetadataAllocation": 1,
        "G1PauseRemark": 2,
        "G1PauseCleanup": 2,
        "G1CollectForAllocation": 6,
        "G1TryInitiateConcMark": 1
    },
    "total_pause_time_per_category": {
        "ICBufferFull": 3976832,
        "CollectForMetadataAllocation": 9443237,
        "G1PauseRemark": 6408129,
        "G1PauseCleanup": 659729,
        "G1CollectForAllocation": 43453910,
        "G1TryInitiateConcMark": 3880968
    },
    "avg_pause_time_per_category": {
        "ICBufferFull": 113623.77,
        "CollectForMetadataAllocation": 9443237.0,
        "G1PauseRemark": 3204064.5,
        "G1PauseCleanup": 329864.5,
        "G1CollectForAllocation": 7242318.33,
        "G1TryInitiateConcMark": 3880968.0
    },
    "p90_pause_time": 4643965.4,
    "throughput": 9449335238
}