{
    "garbage_collector": "G1",
    "jdk": "HotSpot_21.0.4",
    "benchmark_group": "DaCapo",
    "benchmark_name": "eclipse",
    "heap_size": "512",
    "error": null,
    "avg_cpu_usage": 20.1,
    "avg_cpu_time": 0.2,
    "avg_io_time": 19.2,
    "p90_io": 1.2,
    "number_of_pauses": 1178,
    "total_pause_time": 6575327838,
    "avg_pause_time": 5581772.36,
    "pauses_per_category": {
        "G1CollectForAllocation": 522,
        "ICBufferFull": 70,
        "CollectForMetadataAllocation": 1,
        "G1PauseRemark": 200,
        "G1PauseCleanup": 200,
        "Cleanup": 18,
        "G1TryInitiateConcMark": 167
    },
    "total_pause_time_per_category": {
        "G1CollectForAllocation": 4482477695,
        "ICBufferFull": 7956987,
        "CollectForMetadataAllocation": 3619354,
        "G1PauseRemark": 952657112,
        "G1PauseCleanup": 47899373,
        "Cleanup": 1278534,
        "G1TryInitiateConcMark": 1079438783
    },
    "avg_pause_time_per_category": {
        "G1CollectForAllocation": 8587122.02,
        "ICBufferFull": 113671.24,
        "CollectForMetadataAllocation": 3619354.0,
        "G1PauseRemark": 4763285.56,
        "G1PauseCleanup": 239496.86,
        "Cleanup": 71029.67,
        "G1TryInitiateConcMark": 6463705.29
    },
    "p90_pause_time": 13316445.8,
    "throughput": 317741007263
}