{
    "garbage_collector": "Parallel",
    "jdk": "HotSpot_21.0.4",
    "benchmark_group": "DaCapo",
    "benchmark_name": "spring",
    "heap_size": "8192",
    "error": null,
    "avg_cpu_usage": 66.2,
    "avg_cpu_time": 0.0,
    "avg_io_time": 64.5,
    "p90_io": 0.0,
    "number_of_pauses": 974,
    "total_pause_time": 1051530702,
    "avg_pause_time": 1079600.31,
    "pauses_per_category": {
        "ICBufferFull": 55,
        "CollectForMetadataAllocation": 3,
        "ParallelGCFailedAllocation": 739,
        "ParallelGCSystemGC": 174,
        "Cleanup": 3
    },
    "total_pause_time_per_category": {
        "ICBufferFull": 9413228,
        "CollectForMetadataAllocation": 147235361,
        "ParallelGCFailedAllocation": 549409381,
        "ParallelGCSystemGC": 345056823,
        "Cleanup": 415909
    },
    "avg_pause_time_per_category": {
        "ICBufferFull": 171149.6,
        "CollectForMetadataAllocation": 49078453.67,
        "ParallelGCFailedAllocation": 743449.77,
        "ParallelGCSystemGC": 1983085.19,
        "Cleanup": 138636.33
    },
    "p90_pause_time": 1104244.8,
    "throughput": 520598824015
}