{
    "garbage_collector": "G1",
    "jdk": "HotSpot_21.0.4",
    "benchmark_group": "DaCapo",
    "benchmark_name": "pmd",
    "heap_size": "512",
    "error": "Error code not found: 255\n===== DaCapo 23.11-chopin pmd starting warmup 1 =====\njava.lang.reflect.InvocationTargetException\njava.lang.reflect.InvocationTargetException\n\tat java.base/jdk.internal.reflect.DirectMethodHandleAccessor.invoke(DirectMethodHandleAccessor.java:118)\n\tat java.base/java.lang.reflect.Method.invoke(Method.java:580)\n\tat org.dacapo.harness.Pmd.iterate(Pmd.java:99)\n\tat org.dacapo.harness.Benchmark.run(Benchmark.java:253)\n\tat org.dacapo.harness.TestHarness.runBenchmark(TestHarness.java:225)\n\tat org.dacapo.harness.TestHarness.main(TestHarness.java:170)\n\tat java.base/jdk.internal.reflect.DirectMethodHandleAccessor.invoke(DirectMethodHandleAccessor.java:103)\n\tat java.base/java.lang.reflect.Method.invoke(Method.java:580)\n\tat Harness.main(Unknown Source)\nCaused by: java.lang.OutOfMemoryError: Java heap space\n\tat java.base/java.util.IdentityHashMap.init(IdentityHashMap.java:266)\n\tat java.base/java.util.IdentityHashMap.<init>(IdentityHashMap.java:222)\n\tat net.sourceforge.pmd.util.DataMap.<init>(DataMap.java:20)\n\tat net.sourceforge.pmd.util.DataMap.newDataMap(DataMap.java:65)\n\tat net.sourceforge.pmd.lang.ast.AbstractNode.<init>(AbstractNode.java:52)\n\tat net.sourceforge.pmd.lang.ast.impl.javacc.AbstractJjtreeNode.<init>(AbstractJjtreeNode.java:23)\n\tat net.sourceforge.pmd.lang.java.ast.AbstractJavaNode.<init>(AbstractJavaNode.java:29)\n\tat net.sourceforge.pmd.lang.java.ast.AbstractJavaTypeNode.<init>(AbstractJavaTypeNode.java:31)\n\tat net.sourceforge.pmd.lang.java.ast.ASTPostfixExpression.<init>(ASTPostfixExpression.java:31)\n\tat net.sourceforge.pmd.lang.java.ast.JavaParser.PostfixExpression(JavaParser.java:4489)\n\tat net.sourceforge.pmd.lang.java.ast.JavaParser.StatementExpression(JavaParser.java:6145)\n\tat net.sourceforge.pmd.lang.java.ast.JavaParser.Statement(JavaParser.java:5773)\n\tat net.sourceforge.pmd.lang.java.ast.JavaParser.BlockStatement(JavaParser.java:5971)\n\tat net.sourceforge.pmd.lang.java.ast.JavaParser.Block(JavaParser.java:5888)\n\tat net.sourceforge.pmd.lang.java.ast.JavaParser.MethodDeclaration(JavaParser.java:2201)\n\tat net.sourceforge.pmd.lang.java.ast.JavaParser.ClassOrInterfaceBodyDeclaration(JavaParser.java:1855)\n\tat net.sourceforge.pmd.lang.java.ast.JavaParser.ClassOrInterfaceBody(JavaParser.java:1808)\n\tat net.sourceforge.pmd.lang.java.ast.JavaParser.ClassOrInterfaceDeclaration(JavaParser.java:936)\n\tat net.sourceforge.pmd.lang.java.ast.JavaParser.TypeDeclaration(JavaParser.java:838)\n\tat net.sourceforge.pmd.lang.java.ast.JavaParser.CompilationUnit(JavaParser.java:558)\n\tat net.sourceforge.pmd.lang.java.AbstractJavaParser.parse(AbstractJavaParser.java:62)\n\tat net.sourceforge.pmd.lang.AbstractParser.doParse(AbstractParser.java:45)\n\tat net.sourceforge.pmd.SourceCodeProcessor.parse(SourceCodeProcessor.java:136)\n\tat net.sourceforge.pmd.SourceCodeProcessor.processSource(SourceCodeProcessor.java:200)\n\tat net.sourceforge.pmd.SourceCodeProcessor.processSourceCodeWithoutCache(SourceCodeProcessor.java:118)\n\tat net.sourceforge.pmd.SourceCodeProcessor.processSourceCode(SourceCodeProcessor.java:100)\n\tat net.sourceforge.pmd.SourceCodeProcessor.processSourceCode(SourceCodeProcessor.java:62)\n\tat net.sourceforge.pmd.processor.PmdRunnable.call(PmdRunnable.java:89)\n\tat net.sourceforge.pmd.processor.PmdRunnable.call(PmdRunnable.java:30)\n\tat java.base/java.util.concurrent.FutureTask.run(FutureTask.java:317)\n\tat java.base/java.util.concurrent.Executors$RunnableAdapter.call(Executors.java:572)\n\tat java.base/java.util.concurrent.FutureTask.run(FutureTask.java:317)\n",
    "avg_cpu_usage": 85.3,
    "avg_cpu_time": 85.3,
    "avg_io_time": 0.2,
    "p90_io": 0.0,
    "number_of_pauses": 0,
    "total_pause_time": 0,
    "avg_pause_time": 0,
    "pauses_per_category": {},
    "total_pause_time_per_category": {},
    "avg_pause_time_per_category": {},
    "p90_pause_time": 0,
    "throughput": 0
}