{
    "garbage_collector": "G1",
    "jdk": "HotSpot_21.0.4",
    "benchmark_group": "DaCapo",
    "benchmark_name": "spring",
    "heap_size": "8192",
    "error": null,
    "avg_cpu_usage": 68.7,
    "avg_cpu_time": 0.0,
    "avg_io_time": 67.0,
    "p90_io": 0.0,
    "number_of_pauses": 655,
    "total_pause_time": 1260615987,
    "avg_pause_time": 1924604.56,
    "pauses_per_category": {
        "ICBufferFull": 61,
        "G1CollectForAllocation": 489,
        "CollectForMetadataAllocation": 8,
        "G1PauseRemark": 5,
        "G1PauseCleanup": 5,
        "G1TryInitiateConcMark": 2,
        "Cleanup": 85
    },
    "total_pause_time_per_category": {
        "ICBufferFull": 12175593,
        "G1CollectForAllocation": 1124619215,
        "CollectForMetadataAllocation": 65628629,
        "G1PauseRemark": 29068081,
        "G1PauseCleanup": 1756446,
        "G1TryInitiateConcMark": 20268942,
        "Cleanup": 7099081
    },
    "avg_pause_time_per_category": {
        "ICBufferFull": 199599.89,
        "G1CollectForAllocation": 2299834.8,
        "CollectForMetadataAllocation": 8203578.62,
        "G1PauseRemark": 5813616.2,
        "G1PauseCleanup": 351289.2,
        "G1TryInitiateConcMark": 10134471.0,
        "Cleanup": 83518.6
    },
    "p90_pause_time": 2415848.6,
    "throughput": 572136507909
}