{
    "garbage_collector": "Parallel",
    "jdk": "HotSpot_21.0.4",
    "benchmark_group": "DaCapo",
    "benchmark_name": "pmd",
    "heap_size": "4096",
    "error": null,
    "avg_cpu_usage": 76.1,
    "avg_cpu_time": 0.0,
    "avg_io_time": 77.4,
    "p90_io": 0.0,
    "number_of_pauses": 548,
    "total_pause_time": 38764723851,
    "avg_pause_time": 70738547.17,
    "pauses_per_category": {
        "ICBufferFull": 24,
        "ParallelGCFailedAllocation": 512,
        "Cleanup": 12
    },
    "total_pause_time_per_category": {
        "ICBufferFull": 22047978,
        "ParallelGCFailedAllocation": 38741712253,
        "Cleanup": 963620
    },
    "avg_pause_time_per_category": {
        "ICBufferFull": 918665.75,
        "ParallelGCFailedAllocation": 75667406.74,
        "Cleanup": 80301.67
    },
    "p90_pause_time": 75011050.5,
    "throughput": 201969931833
}