{
    "garbage_collector": "Parallel",
    "jdk": "HotSpot_21.0.4",
    "benchmark_group": "DaCapo",
    "benchmark_name": "h2",
    "heap_size": "512",
    "error": "Error code not found: 255\njava.lang.reflect.InvocationTargetException\njava.lang.reflect.InvocationTargetException\n\tat java.base/jdk.internal.reflect.DirectMethodHandleAccessor.invoke(DirectMethodHandleAccessor.java:118)\n\tat java.base/java.lang.reflect.Method.invoke(Method.java:580)\n\tat org.dacapo.harness.H2.preIteration(H2.java:95)\n\tat org.dacapo.harness.Benchmark.run(Benchmark.java:237)\n\tat org.dacapo.harness.TestHarness.runBenchmark(TestHarness.java:225)\n\tat org.dacapo.harness.TestHarness.main(TestHarness.java:170)\n\tat java.base/jdk.internal.reflect.DirectMethodHandleAccessor.invoke(DirectMethodHandleAccessor.java:103)\n\tat java.base/java.lang.reflect.Method.invoke(Method.java:580)\n\tat Harness.main(Unknown Source)\nCaused by: org.h2.jdbc.JdbcSQLNonTransientConnectionException: Out of memory.; SQL statement:\nCOMMIT [90108-220]\n\tat org.h2.message.DbException.getJdbcSQLException(DbException.java:690)\n\tat org.h2.message.DbException.getJdbcSQLException(DbException.java:489)\n\tat org.h2.message.DbException.get(DbException.java:212)\n\tat org.h2.message.DbException.convert(DbException.java:401)\n\tat org.h2.command.Command.executeUpdate(Command.java:262)\n\tat org.h2.jdbc.JdbcConnection.commit(JdbcConnection.java:447)\n\tat org.apache.derbyTesting.system.oe.load.SimpleInsert.stockTable(SimpleInsert.java:256)\n\tat org.apache.derbyTesting.system.oe.load.SimpleInsert.populateForOneWarehouse(SimpleInsert.java:145)\n\tat org.apache.derbyTesting.system.oe.load.SimpleInsert.populateAllTables(SimpleInsert.java:127)\n\tat org.apache.derbyTesting.system.oe.load.ThreadInsert.populateAllTables(ThreadInsert.java:127)\n\tat org.dacapo.h2.TPCC.loadData(Unknown Source)\n\tat org.dacapo.h2.TPCC.preIterationMemoryDB(Unknown Source)\n\tat org.dacapo.h2.TPCC.preIteration(Unknown Source)\n\tat java.base/jdk.internal.reflect.DirectMethodHandleAccessor.invoke(DirectMethodHandleAccessor.java:103)\n\t... 8 more\nCaused by: java.lang.OutOfMemoryError: GC overhead limit exceeded\n\tat org.h2.mvstore.Page$Leaf.setValue(Page.java:1520)\n\tat org.h2.mvstore.MVMap.operate(MVMap.java:1858)\n\tat org.h2.mvstore.tx.TransactionStore.commit(TransactionStore.java:524)\n\tat org.h2.mvstore.tx.Transaction.commit(Transaction.java:503)\n\tat org.h2.engine.SessionLocal.commit(SessionLocal.java:678)\n\tat org.h2.command.dml.TransactionCommand.update(TransactionCommand.java:46)\n\tat org.h2.command.CommandContainer.update(CommandContainer.java:169)\n\tat org.h2.command.Command.executeUpdate(Command.java:252)\n\tat org.h2.jdbc.JdbcConnection.commit(JdbcConnection.java:447)\n\tat org.apache.derbyTesting.system.oe.load.SimpleInsert.stockTable(SimpleInsert.java:256)\n\tat org.apache.derbyTesting.system.oe.load.SimpleInsert.populateForOneWarehouse(SimpleInsert.java:145)\n\tat org.apache.derbyTesting.system.oe.load.SimpleInsert.populateAllTables(SimpleInsert.java:127)\n\tat org.apache.derbyTesting.system.oe.load.ThreadInsert.populateAllTables(ThreadInsert.java:127)\n\tat org.dacapo.h2.TPCC.loadData(Unknown Source)\n\tat org.dacapo.h2.TPCC.preIterationMemoryDB(Unknown Source)\n\tat org.dacapo.h2.TPCC.preIteration(Unknown Source)\n\tat java.base/java.lang.invoke.DirectMethodHandle$Holder.invokeVirtual(DirectMethodHandle$Holder)\n\tat java.base/java.lang.invoke.LambdaForm$MH/0x000070d2f4018800.invoke(LambdaForm$MH)\n\tat java.base/java.lang.invoke.Invokers$Holder.invokeExact_MT(Invokers$Holder)\n\tat java.base/jdk.internal.reflect.DirectMethodHandleAccessor.invokeImpl(DirectMethodHandleAccessor.java:154)\n\tat java.base/jdk.internal.reflect.DirectMethodHandleAccessor.invoke(DirectMethodHandleAccessor.java:103)\n\tat java.base/java.lang.reflect.Method.invoke(Method.java:580)\n\tat org.dacapo.harness.H2.preIteration(H2.java:95)\n\tat org.dacapo.harness.Benchmark.run(Benchmark.java:237)\n\tat org.dacapo.harness.TestHarness.runBenchmark(TestHarness.java:225)\n\tat org.dacapo.harness.TestHarness.main(TestHarness.java:170)\n\tat java.base/java.lang.invoke.LambdaForm$DMH/0x000070d2f4001800.invokeStatic(LambdaForm$DMH)\n\tat java.base/java.lang.invoke.LambdaForm$MH/0x000070d2f4002c00.invoke(LambdaForm$MH)\n\tat java.base/java.lang.invoke.Invokers$Holder.invokeExact_MT(Invokers$Holder)\n\tat java.base/jdk.internal.reflect.DirectMethodHandleAccessor.invokeImpl(DirectMethodHandleAccessor.java:154)\n\tat java.base/jdk.internal.reflect.DirectMethodHandleAccessor.invoke(DirectMethodHandleAccessor.java:103)\n\tat java.base/java.lang.reflect.Method.invoke(Method.java:580)\n",
    "avg_cpu_usage": 73.0,
    "avg_cpu_time": 73.0,
    "avg_io_time": 0.0,
    "p90_io": 0.0,
    "number_of_pauses": 0,
    "total_pause_time": 0,
    "avg_pause_time": 0,
    "pauses_per_category": {},
    "total_pause_time_per_category": {},
    "avg_pause_time_per_category": {},
    "p90_pause_time": 0,
    "throughput": 0
}