{
    "garbage_collector": "Parallel",
    "jdk": "HotSpot_21.0.4",
    "benchmark_group": "DaCapo",
    "benchmark_name": "spring",
    "heap_size": "2048",
    "error": null,
    "avg_cpu_usage": 67.1,
    "avg_cpu_time": 0.0,
    "avg_io_time": 65.4,
    "p90_io": 0.0,
    "number_of_pauses": 3651,
    "total_pause_time": 3247604902,
    "avg_pause_time": 889511.07,
    "pauses_per_category": {
        "ICBufferFull": 44,
        "CollectForMetadataAllocation": 3,
        "ParallelGCFailedAllocation": 2997,
        "ParallelGCSystemGC": 607
    },
    "total_pause_time_per_category": {
        "ICBufferFull": 5628401,
        "CollectForMetadataAllocation": 148406791,
        "ParallelGCFailedAllocation": 2344666349,
        "ParallelGCSystemGC": 748903361
    },
    "avg_pause_time_per_category": {
        "ICBufferFull": 127918.2,
        "CollectForMetadataAllocation": 49468930.33,
        "ParallelGCFailedAllocation": 782337.79,
        "ParallelGCSystemGC": 1233778.19
    },
    "p90_pause_time": 1181807.0,
    "throughput": 543500461337
}