{
    "garbage_collector": "G1",
    "jdk": "HotSpot_21.0.4",
    "benchmark_group": "DaCapo",
    "benchmark_name": "batik",
    "heap_size": "8192",
    "error": "Return code -9: Process was killed due to timeout\n===== DaCapo 23.11-chopin batik starting warmup 1 =====\n===== DaCapo 23.11-chopin batik completed warmup 1 in 128086 msec =====\n===== DaCapo 23.11-chopin batik starting warmup 2 =====\n===== DaCapo 23.11-chopin batik completed warmup 2 in 115729 msec =====\n===== DaCapo 23.11-chopin batik starting warmup 3 =====\n===== DaCapo 23.11-chopin batik completed warmup 3 in 115186 msec =====\n===== DaCapo 23.11-chopin batik starting warmup 4 =====\n===== DaCapo 23.11-chopin batik completed warmup 4 in 115060 msec =====\n===== DaCapo 23.11-chopin batik starting warmup 5 =====\n===== DaCapo 23.11-chopin batik completed warmup 5 in 114970 msec =====\n===== DaCapo 23.11-chopin batik starting warmup 6 =====\n",
    "avg_cpu_usage": 17.7,
    "avg_cpu_time": 17.7,
    "avg_io_time": 0.0,
    "p90_io": 0.0,
    "number_of_pauses": 0,
    "total_pause_time": 0,
    "avg_pause_time": 0,
    "pauses_per_category": {},
    "total_pause_time_per_category": {},
    "avg_pause_time_per_category": {},
    "p90_pause_time": 0,
    "throughput": 0
}