{
    "garbage_collector": "G1",
    "jdk": "HotSpot_21.0.4",
    "benchmark_group": "DaCapo",
    "benchmark_name": "biojava",
    "heap_size": "8192",
    "error": "Return code -9: Process was killed due to timeout\n===== DaCapo 23.11-chopin biojava starting warmup 1 =====\n===== DaCapo 23.11-chopin biojava completed warmup 1 in 135422 msec =====\n===== DaCapo 23.11-chopin biojava starting warmup 2 =====\n===== DaCapo 23.11-chopin biojava completed warmup 2 in 134073 msec =====\n===== DaCapo 23.11-chopin biojava starting warmup 3 =====\n===== DaCapo 23.11-chopin biojava completed warmup 3 in 134548 msec =====\n===== DaCapo 23.11-chopin biojava starting warmup 4 =====\n===== DaCapo 23.11-chopin biojava completed warmup 4 in 134363 msec =====\n===== DaCapo 23.11-chopin biojava starting warmup 5 =====\n",
    "avg_cpu_usage": 13.1,
    "avg_cpu_time": 13.1,
    "avg_io_time": 0.0,
    "p90_io": 0.0,
    "number_of_pauses": 0,
    "total_pause_time": 0,
    "avg_pause_time": 0,
    "pauses_per_category": {},
    "total_pause_time_per_category": {},
    "avg_pause_time_per_category": {},
    "p90_pause_time": 0,
    "throughput": 0
}