{
    "garbage_collector": "G1",
    "jdk": "HotSpot_21.0.4",
    "benchmark_group": "DaCapo",
    "benchmark_name": "tradesoap",
    "heap_size": "2048",
    "error": "Return code -9: Process was killed due to timeout\nNOTE: Starting watchdog timer with timeout of 9000 seconds. Adjust timeout with the -f command line option.\n===== DaCapo 23.11-chopin tradesoap starting warmup 1 =====\nStarting 73720 requests...\nCompleted requests\n===== DaCapo 23.11-chopin tradesoap completed warmup 1 in 79845 msec =====\n===== DaCapo 23.11-chopin tradesoap starting warmup 2 =====\nStarting 73720 requests...\nCompleted requests\n===== DaCapo 23.11-chopin tradesoap completed warmup 2 in 77643 msec =====\n===== DaCapo 23.11-chopin tradesoap starting warmup 3 =====\nStarting 73720 requests...\nCompleted requests\n===== DaCapo 23.11-chopin tradesoap completed warmup 3 in 77352 msec =====\n===== DaCapo 23.11-chopin tradesoap starting warmup 4 =====\nStarting 73720 requests...\nCompleted requests\n===== DaCapo 23.11-chopin tradesoap completed warmup 4 in 77294 msec =====\n===== DaCapo 23.11-chopin tradesoap starting warmup 5 =====\nStarting 73720 requests...\nCompleted requests\n===== DaCapo 23.11-chopin tradesoap completed warmup 5 in 77570 msec =====\n===== DaCapo 23.11-chopin tradesoap starting warmup 6 =====\nStarting 73720 requests...\nCompleted requests\n===== DaCapo 23.11-chopin tradesoap completed warmup 6 in 78244 msec =====\n===== DaCapo 23.11-chopin tradesoap starting warmup 7 =====\nStarting 73720 requests...\nCompleted requests\n===== DaCapo 23.11-chopin tradesoap completed warmup 7 in 77400 msec =====\n===== DaCapo 23.11-chopin tradesoap starting warmup 8 =====\n",
    "avg_cpu_usage": 36.6,
    "avg_cpu_time": 36.6,
    "avg_io_time": 0.0,
    "p90_io": 0.0,
    "number_of_pauses": 0,
    "total_pause_time": 0,
    "avg_pause_time": 0,
    "pauses_per_category": {},
    "total_pause_time_per_category": {},
    "avg_pause_time_per_category": {},
    "p90_pause_time": 0,
    "throughput": 0
}