{
    "garbage_collector": "Parallel",
    "jdk": "HotSpot_21.0.4",
    "benchmark_group": "DaCapo",
    "benchmark_name": "xalan",
    "heap_size": "512",
    "error": null,
    "avg_cpu_usage": 94.9,
    "avg_cpu_time": 0.1,
    "avg_io_time": 57.9,
    "p90_io": 0.0,
    "number_of_pauses": 4560,
    "total_pause_time": 3170508120,
    "avg_pause_time": 695286.87,
    "pauses_per_category": {
        "ICBufferFull": 5,
        "ParallelGCFailedAllocation": 4512,
        "ParallelGCSystemGC": 43
    },
    "total_pause_time_per_category": {
        "ICBufferFull": 381161,
        "ParallelGCFailedAllocation": 3142541952,
        "ParallelGCSystemGC": 27585007
    },
    "avg_pause_time_per_category": {
        "ICBufferFull": 76232.2,
        "ParallelGCFailedAllocation": 696485.36,
        "ParallelGCSystemGC": 641511.79
    },
    "p90_pause_time": 879326.5,
    "throughput": 337107870678
}