{
    "garbage_collector": "G1",
    "jdk": "HotSpot_21.0.4",
    "benchmark_group": "DaCapo",
    "benchmark_name": "xalan",
    "heap_size": "1024",
    "error": null,
    "avg_cpu_usage": 95.3,
    "avg_cpu_time": 0.1,
    "avg_io_time": 59.9,
    "p90_io": 0.0,
    "number_of_pauses": 1227,
    "total_pause_time": 1691681807,
    "avg_pause_time": 1378713.78,
    "pauses_per_category": {
        "ICBufferFull": 4,
        "G1CollectForAllocation": 1223
    },
    "total_pause_time_per_category": {
        "ICBufferFull": 6959632,
        "G1CollectForAllocation": 1684722175
    },
    "avg_pause_time_per_category": {
        "ICBufferFull": 1739908.0,
        "G1CollectForAllocation": 1377532.44
    },
    "p90_pause_time": 1605424.8,
    "throughput": 351621049090
}