{
    "garbage_collector": "Parallel",
    "jdk": "HotSpot_21.0.4",
    "benchmark_group": "DaCapo",
    "benchmark_name": "cassandra",
    "heap_size": "512",
    "error": "Error code not found: 255\nJava version '21.0.4' is incompatable with cassandra: Cassandra uses deprecated operations which mean that for JDK 17 onwards, you must explicitly allow the security manager by including '-Djava.security.manager=allow' on the Java command line.\nExiting.\n",
    "avg_cpu_usage": 8.5,
    "avg_cpu_time": 8.5,
    "avg_io_time": 4.5,
    "p90_io": 7.16,
    "number_of_pauses": 0,
    "total_pause_time": 0,
    "avg_pause_time": 0,
    "pauses_per_category": {},
    "total_pause_time_per_category": {},
    "avg_pause_time_per_category": {},
    "p90_pause_time": 0,
    "throughput": 0
}