{
    "garbage_collector": "Serial",
    "jdk": "HotSpot_21.0.4",
    "benchmark_group": "DaCapo",
    "benchmark_name": "biojava",
    "heap_size": "256",
    "error": "Error code not found: 255\n===== DaCapo 23.11-chopin biojava starting warmup 1 =====\njava.lang.reflect.InvocationTargetException\njava.lang.reflect.InvocationTargetException\n\tat java.base/jdk.internal.reflect.DirectMethodHandleAccessor.invoke(DirectMethodHandleAccessor.java:118)\n\tat java.base/java.lang.reflect.Method.invoke(Method.java:580)\n\tat org.dacapo.harness.BioJava.iterate(BioJava.java:27)\n\tat org.dacapo.harness.Benchmark.run(Benchmark.java:253)\n\tat org.dacapo.harness.TestHarness.runBenchmark(TestHarness.java:225)\n\tat org.dacapo.harness.TestHarness.main(TestHarness.java:170)\n\tat java.base/jdk.internal.reflect.DirectMethodHandleAccessor.invoke(DirectMethodHandleAccessor.java:103)\n\tat java.base/java.lang.reflect.Method.invoke(Method.java:580)\n\tat Harness.main(Unknown Source)\nCaused by: java.lang.OutOfMemoryError: Java heap space\n\tat java.base/java.util.HashMap.resize(HashMap.java:710)\n\tat java.base/java.util.HashMap.putVal(HashMap.java:669)\n\tat java.base/java.util.HashMap.put(HashMap.java:618)\n\tat org.biojava.nbio.core.sequence.io.FastaReader.process(FastaReader.java:166)\n\tat org.biojava.nbio.core.sequence.io.FastaReader.process(FastaReader.java:108)\n\tat org.biojava.nbio.aaproperties.CommandPrompt.readInputFile(CommandPrompt.java:202)\n\tat org.biojava.nbio.aaproperties.CommandPrompt.readInputAndGenerateOutput(CommandPrompt.java:85)\n\tat org.biojava.nbio.aaproperties.CommandPrompt.run(CommandPrompt.java:179)\n\tat org.biojava.nbio.aaproperties.CommandPrompt.main(CommandPrompt.java:53)\n\tat java.base/java.lang.invoke.LambdaForm$DMH/0x000075fdb4001800.invokeStatic(LambdaForm$DMH)\n\tat java.base/java.lang.invoke.LambdaForm$MH/0x000075fdb4002c00.invoke(LambdaForm$MH)\n\tat java.base/java.lang.invoke.Invokers$Holder.invokeExact_MT(Invokers$Holder)\n\tat java.base/jdk.internal.reflect.DirectMethodHandleAccessor.invokeImpl(DirectMethodHandleAccessor.java:154)\n\tat java.base/jdk.internal.reflect.DirectMethodHandleAccessor.invoke(DirectMethodHandleAccessor.java:103)\n\tat java.base/java.lang.reflect.Method.invoke(Method.java:580)\n\tat org.dacapo.harness.BioJava.iterate(BioJava.java:27)\n\tat org.dacapo.harness.Benchmark.run(Benchmark.java:253)\n\tat org.dacapo.harness.TestHarness.runBenchmark(TestHarness.java:225)\n\tat org.dacapo.harness.TestHarness.main(TestHarness.java:170)\n\tat java.base/java.lang.invoke.LambdaForm$DMH/0x000075fdb4001800.invokeStatic(LambdaForm$DMH)\n\tat java.base/java.lang.invoke.LambdaForm$MH/0x000075fdb4002c00.invoke(LambdaForm$MH)\n\tat java.base/java.lang.invoke.Invokers$Holder.invokeExact_MT(Invokers$Holder)\n\tat java.base/jdk.internal.reflect.DirectMethodHandleAccessor.invokeImpl(DirectMethodHandleAccessor.java:154)\n\t... 3 more\n",
    "avg_cpu_usage": 12.4,
    "avg_cpu_time": 12.4,
    "avg_io_time": 0.2,
    "p90_io": 0.0,
    "number_of_pauses": 0,
    "total_pause_time": 0,
    "avg_pause_time": 0,
    "pauses_per_category": {},
    "total_pause_time_per_category": {},
    "avg_pause_time_per_category": {},
    "p90_pause_time": 0,
    "throughput": 0
}