{
    "garbage_collector": "G1",
    "jdk": "HotSpot_21.0.4",
    "benchmark_group": "DaCapo",
    "benchmark_name": "eclipse",
    "heap_size": "2048",
    "error": null,
    "avg_cpu_usage": 19.2,
    "avg_cpu_time": 0.3,
    "avg_io_time": 18.4,
    "p90_io": 0.0,
    "number_of_pauses": 512,
    "total_pause_time": 3171534194,
    "avg_pause_time": 6194402.72,
    "pauses_per_category": {
        "ICBufferFull": 88,
        "G1CollectForAllocation": 108,
        "CollectForMetadataAllocation": 1,
        "G1PauseRemark": 38,
        "G1PauseCleanup": 38,
        "Cleanup": 158,
        "G1TryInitiateConcMark": 81
    },
    "total_pause_time_per_category": {
        "ICBufferFull": 10888141,
        "G1CollectForAllocation": 1807423892,
        "CollectForMetadataAllocation": 7447583,
        "G1PauseRemark": 174345539,
        "G1PauseCleanup": 13622726,
        "Cleanup": 14508864,
        "G1TryInitiateConcMark": 1143297449
    },
    "avg_pause_time_per_category": {
        "ICBufferFull": 123728.88,
        "G1CollectForAllocation": 16735406.41,
        "CollectForMetadataAllocation": 7447583.0,
        "G1PauseRemark": 4588040.5,
        "G1PauseCleanup": 358492.79,
        "Cleanup": 91828.25,
        "G1TryInitiateConcMark": 14114783.32
    },
    "p90_pause_time": 19259739.9,
    "throughput": 314681867216
}