{
    "garbage_collector": "G1",
    "jdk": "HotSpot_21.0.4",
    "benchmark_group": "DaCapo",
    "benchmark_name": "h2",
    "heap_size": "2048",
    "error": "Error code not found: 255\njava.lang.reflect.InvocationTargetException\njava.lang.reflect.InvocationTargetException\n\tat java.base/jdk.internal.reflect.DirectMethodHandleAccessor.invoke(DirectMethodHandleAccessor.java:118)\n\tat java.base/java.lang.reflect.Method.invoke(Method.java:580)\n\tat org.dacapo.harness.H2.preIteration(H2.java:95)\n\tat org.dacapo.harness.Benchmark.run(Benchmark.java:237)\n\tat org.dacapo.harness.TestHarness.runBenchmark(TestHarness.java:225)\n\tat org.dacapo.harness.TestHarness.main(TestHarness.java:170)\n\tat java.base/jdk.internal.reflect.DirectMethodHandleAccessor.invoke(DirectMethodHandleAccessor.java:103)\n\tat java.base/java.lang.reflect.Method.invoke(Method.java:580)\n\tat Harness.main(Unknown Source)\nCaused by: org.h2.jdbc.JdbcSQLNonTransientConnectionException: Out of memory.; SQL statement:\n\n\nALTER TABLE ORDERLINE ADD CONSTRAINT\n    ORDERLINE_PK PRIMARY KEY(OL_W_ID, OL_D_ID, OL_O_ID, OL_NUMBE [90108-220]\n\tat org.h2.message.DbException.getJdbcSQLException(DbException.java:690)\n\tat org.h2.message.DbException.getJdbcSQLException(DbException.java:489)\n\tat org.h2.message.DbException.get(DbException.java:212)\n\tat org.h2.message.DbException.convert(DbException.java:401)\n\tat org.h2.command.Command.executeUpdate(Command.java:262)\n\tat org.h2.jdbc.JdbcStatement.executeInternal(JdbcStatement.java:252)\n\tat org.h2.jdbc.JdbcStatement.execute(JdbcStatement.java:223)\n\tat org.h2.tools.RunScript.execute(RunScript.java:169)\n\tat org.dacapo.h2.TPCC.runScript(Unknown Source)\n\tat org.dacapo.h2.TPCC.runScript(Unknown Source)\n\tat org.dacapo.h2.TPCC.runScript(Unknown Source)\n\tat org.dacapo.h2.TPCC.createIndexes(Unknown Source)\n\tat org.dacapo.h2.TPCC.preIterationMemoryDB(Unknown Source)\n\tat org.dacapo.h2.TPCC.preIteration(Unknown Source)\n\tat java.base/jdk.internal.reflect.DirectMethodHandleAccessor.invoke(DirectMethodHandleAccessor.java:103)\n\t... 8 more\nCaused by: java.lang.OutOfMemoryError: Java heap space\n\tat org.h2.mvstore.RootReference.updatePageAndLockedStatus(RootReference.java:164)\n\tat org.h2.mvstore.MVMap.unlockRoot(MVMap.java:1968)\n\tat org.h2.mvstore.MVMap.unlockRoot(MVMap.java:1960)\n\tat org.h2.mvstore.MVMap.append(MVMap.java:1394)\n\tat org.h2.mvstore.tx.TransactionStore.addUndoLogRecord(TransactionStore.java:465)\n\tat org.h2.mvstore.tx.Transaction.log(Transaction.java:410)\n\tat org.h2.mvstore.tx.TxDecisionMaker.logAndDecideToPut(TxDecisionMaker.java:158)\n\tat org.h2.mvstore.tx.TxDecisionMaker.decide(TxDecisionMaker.java:80)\n\tat org.h2.mvstore.tx.TxDecisionMaker.decide(TxDecisionMaker.java:21)\n\tat org.h2.mvstore.MVMap$DecisionMaker.decide(MVMap.java:1701)\n\tat org.h2.mvstore.MVMap.operate(MVMap.java:1775)\n\tat org.h2.mvstore.tx.TransactionMap.set(TransactionMap.java:363)\n\tat org.h2.mvstore.tx.TransactionMap.set(TransactionMap.java:350)\n\tat org.h2.mvstore.tx.TransactionMap.put(TransactionMap.java:265)\n\tat org.h2.mvstore.db.MVSecondaryIndex.add(MVSecondaryIndex.java:188)\n\tat org.h2.mvstore.db.MVTable.addRowsToIndex(MVTable.java:723)\n\tat org.h2.mvstore.db.MVTable.rebuildIndexBuffered(MVTable.java:467)\n\tat org.h2.mvstore.db.MVTable.rebuildIndex(MVTable.java:387)\n\tat org.h2.mvstore.db.MVTable.addIndex(MVTable.java:367)\n\tat org.h2.command.ddl.AlterTableAddConstraint.tryUpdate(AlterTableAddConstraint.java:149)\n\tat org.h2.command.ddl.AlterTableAddConstraint.update(AlterTableAddConstraint.java:74)\n\tat org.h2.command.ddl.AlterTable.update(AlterTable.java:46)\n\tat org.h2.command.CommandContainer.update(CommandContainer.java:169)\n\tat org.h2.command.Command.executeUpdate(Command.java:252)\n\tat org.h2.jdbc.JdbcStatement.executeInternal(JdbcStatement.java:252)\n\tat org.h2.jdbc.JdbcStatement.execute(JdbcStatement.java:223)\n\tat org.h2.tools.RunScript.execute(RunScript.java:169)\n\tat org.dacapo.h2.TPCC.runScript(Unknown Source)\n\tat org.dacapo.h2.TPCC.runScript(Unknown Source)\n\tat org.dacapo.h2.TPCC.runScript(Unknown Source)\n\tat org.dacapo.h2.TPCC.createIndexes(Unknown Source)\n\tat org.dacapo.h2.TPCC.preIterationMemoryDB(Unknown Source)\n",
    "avg_cpu_usage": 81.5,
    "avg_cpu_time": 81.5,
    "avg_io_time": 0.0,
    "p90_io": 0.0,
    "number_of_pauses": 0,
    "total_pause_time": 0,
    "avg_pause_time": 0,
    "pauses_per_category": {},
    "total_pause_time_per_category": {},
    "avg_pause_time_per_category": {},
    "p90_pause_time": 0,
    "throughput": 0
}