{
    "garbage_collector": "G1",
    "jdk": "HotSpot_21.0.4",
    "benchmark_group": "DaCapo",
    "benchmark_name": "eclipse",
    "heap_size": "4096",
    "error": null,
    "avg_cpu_usage": 19.1,
    "avg_cpu_time": 0.2,
    "avg_io_time": 18.4,
    "p90_io": 0.0,
    "number_of_pauses": 365,
    "total_pause_time": 3501412551,
    "avg_pause_time": 9592911.1,
    "pauses_per_category": {
        "ICBufferFull": 91,
        "CollectForMetadataAllocation": 1,
        "G1PauseRemark": 5,
        "G1PauseCleanup": 5,
        "Cleanup": 165,
        "G1CollectForAllocation": 60,
        "G1TryInitiateConcMark": 38
    },
    "total_pause_time_per_category": {
        "ICBufferFull": 11813370,
        "CollectForMetadataAllocation": 8601283,
        "G1PauseRemark": 37342680,
        "G1PauseCleanup": 1742896,
        "Cleanup": 15119533,
        "G1CollectForAllocation": 2257459593,
        "G1TryInitiateConcMark": 1169333196
    },
    "avg_pause_time_per_category": {
        "ICBufferFull": 129817.25,
        "CollectForMetadataAllocation": 8601283.0,
        "G1PauseRemark": 7468536.0,
        "G1PauseCleanup": 348579.2,
        "Cleanup": 91633.53,
        "G1CollectForAllocation": 37624326.55,
        "G1TryInitiateConcMark": 30771926.21
    },
    "p90_pause_time": 38984032.6,
    "throughput": 316573956492
}