{
    "garbage_collector": "Parallel",
    "jdk": "HotSpot_21.0.4",
    "benchmark_group": "DaCapo",
    "benchmark_name": "spring",
    "heap_size": "4096",
    "error": null,
    "avg_cpu_usage": 67.9,
    "avg_cpu_time": 0.0,
    "avg_io_time": 66.2,
    "p90_io": 0.0,
    "number_of_pauses": 1888,
    "total_pause_time": 1723242052,
    "avg_pause_time": 912734.14,
    "pauses_per_category": {
        "ICBufferFull": 56,
        "CollectForMetadataAllocation": 3,
        "ParallelGCFailedAllocation": 1492,
        "ParallelGCSystemGC": 337
    },
    "total_pause_time_per_category": {
        "ICBufferFull": 8959695,
        "CollectForMetadataAllocation": 158715462,
        "ParallelGCFailedAllocation": 1143246707,
        "ParallelGCSystemGC": 412320188
    },
    "avg_pause_time_per_category": {
        "ICBufferFull": 159994.55,
        "CollectForMetadataAllocation": 52905154.0,
        "ParallelGCFailedAllocation": 766251.14,
        "ParallelGCSystemGC": 1223502.04
    },
    "p90_pause_time": 1163845.9,
    "throughput": 556110160059
}