{
    "garbage_collector": "G1",
    "jdk": "HotSpot_21.0.4",
    "benchmark_group": "DaCapo",
    "benchmark_name": "tradebeans",
    "heap_size": "1024",
    "error": "Return code -9: Process was killed due to timeout\nNOTE: Starting watchdog timer with timeout of 10000 seconds. Adjust timeout with the -f command line option.\n===== DaCapo 23.11-chopin tradebeans starting warmup 1 =====\nStarting 300057 requests...\nCompleted requests\n===== DaCapo 23.11-chopin tradebeans completed warmup 1 in 127570 msec =====\n===== DaCapo 23.11-chopin tradebeans starting warmup 2 =====\nException in thread \"jaeger.RemoteReporter-FlushTimer\" Exception in thread \"Thread-3 (ActiveMQ-server-org.apache.activemq.artemis.core.server.impl.ActiveMQServerImpl$6@3f54e225)\" java.lang.OutOfMemoryError: Java heap space\njava.lang.OutOfMemoryError: Java heap space\n\tat io.jaegertracing.jaeger@1.6.0//io.jaegertracing.internal.reporters.RemoteReporter.flush(RemoteReporter.java:121)\n\tat io.jaegertracing.jaeger@1.6.0//io.jaegertracing.internal.reporters.RemoteReporter$1.run(RemoteReporter.java:72)\n\tat java.base/java.util.TimerThread.mainLoop(Timer.java:566)\n\tat java.base/java.util.TimerThread.run(Timer.java:516)\n",
    "avg_cpu_usage": 27.1,
    "avg_cpu_time": 27.1,
    "avg_io_time": 0.0,
    "p90_io": 0.0,
    "number_of_pauses": 0,
    "total_pause_time": 0,
    "avg_pause_time": 0,
    "pauses_per_category": {},
    "total_pause_time_per_category": {},
    "avg_pause_time_per_category": {},
    "p90_pause_time": 0,
    "throughput": 0
}