{
    "garbage_collector": "G1",
    "jdk": "HotSpot_21.0.4",
    "benchmark_group": "DaCapo",
    "benchmark_name": "fop",
    "heap_size": "512",
    "error": null,
    "avg_cpu_usage": 45.4,
    "avg_cpu_time": 0.2,
    "avg_io_time": 44.5,
    "p90_io": 0.0,
    "number_of_pauses": 48,
    "total_pause_time": 80904248,
    "avg_pause_time": 1685505.17,
    "pauses_per_category": {
        "G1CollectForAllocation": 14,
        "ICBufferFull": 31,
        "CollectForMetadataAllocation": 1,
        "G1PauseRemark": 1,
        "G1PauseCleanup": 1
    },
    "total_pause_time_per_category": {
        "G1CollectForAllocation": 70892319,
        "ICBufferFull": 3629479,
        "CollectForMetadataAllocation": 4908632,
        "G1PauseRemark": 1340613,
        "G1PauseCleanup": 133205
    },
    "avg_pause_time_per_category": {
        "G1CollectForAllocation": 5063737.07,
        "ICBufferFull": 117079.97,
        "CollectForMetadataAllocation": 4908632.0,
        "G1PauseRemark": 1340613.0,
        "G1PauseCleanup": 133205.0
    },
    "p90_pause_time": 5232014.0,
    "throughput": 9451627256
}