{
    "garbage_collector": "Parallel",
    "jdk": "HotSpot_21.0.4",
    "benchmark_group": "DaCapo",
    "benchmark_name": "pmd",
    "heap_size": "512",
    "error": "Error code not found: 255\n===== DaCapo 23.11-chopin pmd starting warmup 1 =====\njava.lang.reflect.InvocationTargetException\njava.lang.reflect.InvocationTargetException\n\tat java.base/jdk.internal.reflect.DirectMethodHandleAccessor.invoke(DirectMethodHandleAccessor.java:118)\n\tat java.base/java.lang.reflect.Method.invoke(Method.java:580)\n\tat org.dacapo.harness.Pmd.iterate(Pmd.java:99)\n\tat org.dacapo.harness.Benchmark.run(Benchmark.java:253)\n\tat org.dacapo.harness.TestHarness.runBenchmark(TestHarness.java:225)\n\tat org.dacapo.harness.TestHarness.main(TestHarness.java:170)\n\tat java.base/jdk.internal.reflect.DirectMethodHandleAccessor.invoke(DirectMethodHandleAccessor.java:103)\n\tat java.base/java.lang.reflect.Method.invoke(Method.java:580)\n\tat Harness.main(Unknown Source)\nCaused by: java.lang.OutOfMemoryError: GC overhead limit exceeded\n\tat java.base/java.util.HashMap.newNode(HashMap.java:1909)\n\tat java.base/java.util.HashMap.putVal(HashMap.java:637)\n\tat java.base/java.util.HashMap.put(HashMap.java:618)\n\tat net.sourceforge.pmd.lang.ast.xpath.saxon.ElementNode.getAttributes(ElementNode.java:104)\n\tat net.sourceforge.pmd.lang.ast.xpath.saxon.ElementNode.iterateAxis(ElementNode.java:214)\n\tat net.sf.saxon.expr.AxisExpression.iterate(AxisExpression.java:596)\n\tat net.sf.saxon.expr.Atomizer.iterate(Atomizer.java:163)\n\tat net.sf.saxon.expr.QuantifiedExpression.effectiveBooleanValue(QuantifiedExpression.java:213)\n\tat net.sf.saxon.expr.BooleanExpression.effectiveBooleanValue(BooleanExpression.java:182)\n\tat net.sf.saxon.expr.FilterIterator$NonNumeric.matches(FilterIterator.java:182)\n\tat net.sf.saxon.expr.FilterIterator.getNextMatchingItem(FilterIterator.java:65)\n\tat net.sf.saxon.expr.FilterIterator.next(FilterIterator.java:44)\n\tat net.sf.saxon.value.SequenceExtent.<init>(SequenceExtent.java:98)\n\tat net.sf.saxon.sort.DocumentOrderIterator.<init>(DocumentOrderIterator.java:30)\n\tat net.sf.saxon.sort.DocumentSorter.iterate(DocumentSorter.java:85)\n\tat net.sf.saxon.expr.VennExpression.iterate(VennExpression.java:397)\n\tat net.sourceforge.pmd.lang.rule.xpath.SaxonXPathRuleQuery.evaluate(SaxonXPathRuleQuery.java:127)\n\tat net.sourceforge.pmd.lang.rule.XPathRule.evaluate(XPathRule.java:176)\n\tat net.sourceforge.pmd.lang.rule.XPathRule.apply(XPathRule.java:158)\n\tat net.sourceforge.pmd.lang.rule.AbstractDelegateRule.apply(AbstractDelegateRule.java:336)\n\tat net.sourceforge.pmd.RuleSet.apply(RuleSet.java:670)\n\tat net.sourceforge.pmd.RuleSets.apply(RuleSets.java:163)\n\tat net.sourceforge.pmd.SourceCodeProcessor.processSource(SourceCodeProcessor.java:209)\n\tat net.sourceforge.pmd.SourceCodeProcessor.processSourceCodeWithoutCache(SourceCodeProcessor.java:118)\n\tat net.sourceforge.pmd.SourceCodeProcessor.processSourceCode(SourceCodeProcessor.java:100)\n\tat net.sourceforge.pmd.SourceCodeProcessor.processSourceCode(SourceCodeProcessor.java:62)\n\tat net.sourceforge.pmd.processor.PmdRunnable.call(PmdRunnable.java:89)\n\tat net.sourceforge.pmd.processor.PmdRunnable.call(PmdRunnable.java:30)\n\tat java.base/java.util.concurrent.FutureTask.run(FutureTask.java:317)\n\tat java.base/java.util.concurrent.Executors$RunnableAdapter.call(Executors.java:572)\n\tat java.base/java.util.concurrent.FutureTask.run(FutureTask.java:317)\n\tat java.base/java.util.concurrent.ThreadPoolExecutor.runWorker(ThreadPoolExecutor.java:1144)\n",
    "avg_cpu_usage": 79.8,
    "avg_cpu_time": 79.8,
    "avg_io_time": 0.2,
    "p90_io": 0.0,
    "number_of_pauses": 0,
    "total_pause_time": 0,
    "avg_pause_time": 0,
    "pauses_per_category": {},
    "total_pause_time_per_category": {},
    "avg_pause_time_per_category": {},
    "p90_pause_time": 0,
    "throughput": 0
}