{
    "garbage_collector": "G1",
    "jdk": "HotSpot_21.0.4",
    "benchmark_group": "DaCapo",
    "benchmark_name": "pmd",
    "heap_size": "8192",
    "error": null,
    "avg_cpu_usage": 75.8,
    "avg_cpu_time": 0.0,
    "avg_io_time": 76.7,
    "p90_io": 0.0,
    "number_of_pauses": 280,
    "total_pause_time": 21235955371,
    "avg_pause_time": 75842697.75,
    "pauses_per_category": {
        "ICBufferFull": 26,
        "G1CollectForAllocation": 152,
        "Cleanup": 63,
        "G1TryInitiateConcMark": 3,
        "G1PauseRemark": 18,
        "G1PauseCleanup": 18
    },
    "total_pause_time_per_category": {
        "ICBufferFull": 5985130,
        "G1CollectForAllocation": 20623333178,
        "Cleanup": 32209608,
        "G1TryInitiateConcMark": 370445401,
        "G1PauseRemark": 188254015,
        "G1PauseCleanup": 15728039
    },
    "avg_pause_time_per_category": {
        "ICBufferFull": 230197.31,
        "G1CollectForAllocation": 135679823.54,
        "Cleanup": 511263.62,
        "G1TryInitiateConcMark": 123481800.33,
        "G1PauseRemark": 10458556.39,
        "G1PauseCleanup": 873779.94
    },
    "p90_pause_time": 173861770.1,
    "throughput": 207659739672
}