{
    "garbage_collector": "G1",
    "jdk": "HotSpot_21.0.4",
    "benchmark_group": "DaCapo",
    "benchmark_name": "xalan",
    "heap_size": "2048",
    "error": null,
    "avg_cpu_usage": 94.9,
    "avg_cpu_time": 0.1,
    "avg_io_time": 59.6,
    "p90_io": 0.0,
    "number_of_pauses": 613,
    "total_pause_time": 1161096502,
    "avg_pause_time": 1894121.54,
    "pauses_per_category": {
        "ICBufferFull": 5,
        "G1CollectForAllocation": 608
    },
    "total_pause_time_per_category": {
        "ICBufferFull": 5112300,
        "G1CollectForAllocation": 1155984202
    },
    "avg_pause_time_per_category": {
        "ICBufferFull": 1022460.0,
        "G1CollectForAllocation": 1901289.81
    },
    "p90_pause_time": 2151828.2,
    "throughput": 354005892660
}