{
    "garbage_collector": "G1",
    "jdk": "HotSpot_21.0.4",
    "benchmark_group": "DaCapo",
    "benchmark_name": "zxing",
    "heap_size": "2048",
    "error": null,
    "avg_cpu_usage": 92.7,
    "avg_cpu_time": 0.0,
    "avg_io_time": 92.4,
    "p90_io": 0.0,
    "number_of_pauses": 46,
    "total_pause_time": 57152948,
    "avg_pause_time": 1242455.39,
    "pauses_per_category": {
        "ICBufferFull": 5,
        "G1CollectForAllocation": 18,
        "Cleanup": 23
    },
    "total_pause_time_per_category": {
        "ICBufferFull": 573740,
        "G1CollectForAllocation": 54428316,
        "Cleanup": 2150892
    },
    "avg_pause_time_per_category": {
        "ICBufferFull": 114748.0,
        "G1CollectForAllocation": 3023795.33,
        "Cleanup": 93517.04
    },
    "p90_pause_time": 4563641.0,
    "throughput": 39144421933
}