{
    "garbage_collector": "Parallel",
    "jdk": "HotSpot_21.0.4",
    "benchmark_group": "DaCapo",
    "benchmark_name": "batik",
    "heap_size": "4096",
    "error": "Return code -9: Process was killed due to timeout\n===== DaCapo 23.11-chopin batik starting warmup 1 =====\n===== DaCapo 23.11-chopin batik completed warmup 1 in 133487 msec =====\n===== DaCapo 23.11-chopin batik starting warmup 2 =====\n===== DaCapo 23.11-chopin batik completed warmup 2 in 124672 msec =====\n===== DaCapo 23.11-chopin batik starting warmup 3 =====\n===== DaCapo 23.11-chopin batik completed warmup 3 in 123784 msec =====\n===== DaCapo 23.11-chopin batik starting warmup 4 =====\n===== DaCapo 23.11-chopin batik completed warmup 4 in 124456 msec =====\n===== DaCapo 23.11-chopin batik starting warmup 5 =====\n",
    "avg_cpu_usage": 22.8,
    "avg_cpu_time": 22.8,
    "avg_io_time": 0.0,
    "p90_io": 0.0,
    "number_of_pauses": 0,
    "total_pause_time": 0,
    "avg_pause_time": 0,
    "pauses_per_category": {},
    "total_pause_time_per_category": {},
    "avg_pause_time_per_category": {},
    "p90_pause_time": 0,
    "throughput": 0
}