{
    "garbage_collector": "G1",
    "jdk": "HotSpot_21.0.4",
    "benchmark_group": "DaCapo",
    "benchmark_name": "tomcat",
    "heap_size": "256",
    "error": "Return code -9: Process was killed due to timeout\n===== DaCapo 23.11-chopin tomcat starting warmup 1 =====\nStarting 800000 requests...\nCompleted requests\n===== DaCapo 23.11-chopin tomcat completed warmup 1 in 189535 msec =====\n===== DaCapo 23.11-chopin tomcat starting warmup 2 =====\nStarting 800000 requests...\nCompleted requests\n===== DaCapo 23.11-chopin tomcat completed warmup 2 in 190707 msec =====\n===== DaCapo 23.11-chopin tomcat starting warmup 3 =====\nStarting 800000 requests...\nCompleted requests\n===== DaCapo 23.11-chopin tomcat completed warmup 3 in 190455 msec =====\n===== DaCapo 23.11-chopin tomcat starting warmup 4 =====\nStarting 800000 requests...\n",
    "avg_cpu_usage": 38.0,
    "avg_cpu_time": 38.0,
    "avg_io_time": 0.0,
    "p90_io": 0.0,
    "number_of_pauses": 0,
    "total_pause_time": 0,
    "avg_pause_time": 0,
    "pauses_per_category": {},
    "total_pause_time_per_category": {},
    "avg_pause_time_per_category": {},
    "p90_pause_time": 0,
    "throughput": 0
}