{
    "garbage_collector": "Parallel",
    "jdk": "HotSpot_21.0.4",
    "benchmark_group": "DaCapo",
    "benchmark_name": "eclipse",
    "heap_size": "8192",
    "error": null,
    "avg_cpu_usage": 18.3,
    "avg_cpu_time": 0.3,
    "avg_io_time": 17.4,
    "p90_io": 1.2,
    "number_of_pauses": 336,
    "total_pause_time": 1042756735,
    "avg_pause_time": 3103442.66,
    "pauses_per_category": {
        "ICBufferFull": 94,
        "CollectForMetadataAllocation": 1,
        "Cleanup": 165,
        "ParallelGCFailedAllocation": 70,
        "ParallelGCSystemGC": 6
    },
    "total_pause_time_per_category": {
        "ICBufferFull": 13162244,
        "CollectForMetadataAllocation": 29331560,
        "Cleanup": 14355813,
        "ParallelGCFailedAllocation": 567004999,
        "ParallelGCSystemGC": 418902119
    },
    "avg_pause_time_per_category": {
        "ICBufferFull": 140023.87,
        "CollectForMetadataAllocation": 29331560.0,
        "Cleanup": 87004.93,
        "ParallelGCFailedAllocation": 8100071.41,
        "ParallelGCSystemGC": 69817019.83
    },
    "p90_pause_time": 8129677.5,
    "throughput": 298584589203
}