{
    "garbage_collector": "G1",
    "jdk": "HotSpot_21.0.4",
    "benchmark_group": "DaCapo",
    "benchmark_name": "biojava",
    "heap_size": "2048",
    "error": "Return code -9: Process was killed due to timeout\n===== DaCapo 23.11-chopin biojava starting warmup 1 =====\n===== DaCapo 23.11-chopin biojava completed warmup 1 in 136256 msec =====\n===== DaCapo 23.11-chopin biojava starting warmup 2 =====\n===== DaCapo 23.11-chopin biojava completed warmup 2 in 135130 msec =====\n===== DaCapo 23.11-chopin biojava starting warmup 3 =====\n===== DaCapo 23.11-chopin biojava completed warmup 3 in 135093 msec =====\n===== DaCapo 23.11-chopin biojava starting warmup 4 =====\n===== DaCapo 23.11-chopin biojava completed warmup 4 in 135893 msec =====\n===== DaCapo 23.11-chopin biojava starting warmup 5 =====\n",
    "avg_cpu_usage": 20.6,
    "avg_cpu_time": 20.6,
    "avg_io_time": 0.0,
    "p90_io": 0.0,
    "number_of_pauses": 0,
    "total_pause_time": 0,
    "avg_pause_time": 0,
    "pauses_per_category": {},
    "total_pause_time_per_category": {},
    "avg_pause_time_per_category": {},
    "p90_pause_time": 0,
    "throughput": 0
}