{
    "garbage_collector": "Parallel",
    "jdk": "HotSpot_21.0.4",
    "benchmark_group": "DaCapo",
    "benchmark_name": "eclipse",
    "heap_size": "2048",
    "error": null,
    "avg_cpu_usage": 18.7,
    "avg_cpu_time": 0.2,
    "avg_io_time": 17.9,
    "p90_io": 0.0,
    "number_of_pauses": 450,
    "total_pause_time": 2522813858,
    "avg_pause_time": 5606253.02,
    "pauses_per_category": {
        "ICBufferFull": 87,
        "CollectForMetadataAllocation": 2,
        "Cleanup": 89,
        "ParallelGCFailedAllocation": 267,
        "ParallelGCSystemGC": 5
    },
    "total_pause_time_per_category": {
        "ICBufferFull": 12732157,
        "CollectForMetadataAllocation": 29078116,
        "Cleanup": 8042986,
        "ParallelGCFailedAllocation": 2131188351,
        "ParallelGCSystemGC": 341772248
    },
    "avg_pause_time_per_category": {
        "ICBufferFull": 146346.63,
        "CollectForMetadataAllocation": 14539058.0,
        "Cleanup": 90370.63,
        "ParallelGCFailedAllocation": 7981978.84,
        "ParallelGCSystemGC": 68354449.6
    },
    "p90_pause_time": 12323404.8,
    "throughput": 296513441775
}