{
    "garbage_collector": "Parallel",
    "jdk": "HotSpot_21.0.4",
    "benchmark_group": "DaCapo",
    "benchmark_name": "eclipse",
    "heap_size": "512",
    "error": null,
    "avg_cpu_usage": 19.8,
    "avg_cpu_time": 0.3,
    "avg_io_time": 18.9,
    "p90_io": 0.0,
    "number_of_pauses": 1525,
    "total_pause_time": 9721591462,
    "avg_pause_time": 6374814.07,
    "pauses_per_category": {
        "ICBufferFull": 62,
        "ParallelGCFailedAllocation": 1447,
        "CollectForMetadataAllocation": 1,
        "Cleanup": 2,
        "ParallelGCSystemGC": 13
    },
    "total_pause_time_per_category": {
        "ICBufferFull": 7797193,
        "ParallelGCFailedAllocation": 9537137800,
        "CollectForMetadataAllocation": 24222962,
        "Cleanup": 39221,
        "ParallelGCSystemGC": 152394286
    },
    "avg_pause_time_per_category": {
        "ICBufferFull": 125761.18,
        "ParallelGCFailedAllocation": 6590972.91,
        "CollectForMetadataAllocation": 24222962.0,
        "Cleanup": 19610.5,
        "ParallelGCSystemGC": 11722637.38
    },
    "p90_pause_time": 11259722.4,
    "throughput": 305372334507
}