{
    "garbage_collector": "G1",
    "jdk": "HotSpot_21.0.4",
    "benchmark_group": "DaCapo",
    "benchmark_name": "eclipse",
    "heap_size": "8192",
    "error": null,
    "avg_cpu_usage": 19.0,
    "avg_cpu_time": 0.3,
    "avg_io_time": 18.1,
    "p90_io": 1.2,
    "number_of_pauses": 326,
    "total_pause_time": 1898673880,
    "avg_pause_time": 5824153.01,
    "pauses_per_category": {
        "ICBufferFull": 91,
        "CollectForMetadataAllocation": 1,
        "G1PauseRemark": 5,
        "G1PauseCleanup": 5,
        "Cleanup": 181,
        "G1CollectForAllocation": 39,
        "G1TryInitiateConcMark": 4
    },
    "total_pause_time_per_category": {
        "ICBufferFull": 13557706,
        "CollectForMetadataAllocation": 9333663,
        "G1PauseRemark": 32732713,
        "G1PauseCleanup": 1735741,
        "Cleanup": 17095839,
        "G1CollectForAllocation": 1720904028,
        "G1TryInitiateConcMark": 103314190
    },
    "avg_pause_time_per_category": {
        "ICBufferFull": 148985.78,
        "CollectForMetadataAllocation": 9333663.0,
        "G1PauseRemark": 6546542.6,
        "G1PauseCleanup": 347148.2,
        "Cleanup": 94452.15,
        "G1CollectForAllocation": 44125744.31,
        "G1TryInitiateConcMark": 25828547.5
    },
    "p90_pause_time": 19652175.5,
    "throughput": 314434930569
}