{
    "garbage_collector": "Parallel",
    "jdk": "HotSpot_21.0.4",
    "benchmark_group": "DaCapo",
    "benchmark_name": "xalan",
    "heap_size": "1024",
    "error": null,
    "avg_cpu_usage": 94.5,
    "avg_cpu_time": 0.1,
    "avg_io_time": 58.1,
    "p90_io": 0.0,
    "number_of_pauses": 2245,
    "total_pause_time": 1568895271,
    "avg_pause_time": 698839.76,
    "pauses_per_category": {
        "ICBufferFull": 11,
        "ParallelGCFailedAllocation": 2219,
        "ParallelGCSystemGC": 15
    },
    "total_pause_time_per_category": {
        "ICBufferFull": 987418,
        "ParallelGCFailedAllocation": 1558583238,
        "ParallelGCSystemGC": 9324615
    },
    "avg_pause_time_per_category": {
        "ICBufferFull": 89765.27,
        "ParallelGCFailedAllocation": 702380.91,
        "ParallelGCSystemGC": 621641.0
    },
    "p90_pause_time": 864417.6,
    "throughput": 338466996833
}