{
    "garbage_collector": "G1",
    "jdk": "HotSpot_21.0.4",
    "benchmark_group": "DaCapo",
    "benchmark_name": "xalan",
    "heap_size": "512",
    "error": null,
    "avg_cpu_usage": 95.0,
    "avg_cpu_time": 0.1,
    "avg_io_time": 59.2,
    "p90_io": 0.0,
    "number_of_pauses": 2465,
    "total_pause_time": 2614730742,
    "avg_pause_time": 1060742.69,
    "pauses_per_category": {
        "ICBufferFull": 5,
        "G1CollectForAllocation": 2460
    },
    "total_pause_time_per_category": {
        "ICBufferFull": 527065,
        "G1CollectForAllocation": 2614203677
    },
    "avg_pause_time_per_category": {
        "ICBufferFull": 105413.0,
        "G1CollectForAllocation": 1062684.42
    },
    "p90_pause_time": 1239718.4,
    "throughput": 354488502701
}