{
    "garbage_collector": "G1",
    "jdk": "HotSpot_21.0.4",
    "benchmark_group": "DaCapo",
    "benchmark_name": "zxing",
    "heap_size": "256",
    "error": null,
    "avg_cpu_usage": 88.8,
    "avg_cpu_time": 0.4,
    "avg_io_time": 87.0,
    "p90_io": 0.0,
    "number_of_pauses": 238,
    "total_pause_time": 230116328,
    "avg_pause_time": 966875.33,
    "pauses_per_category": {
        "Cleanup": 1,
        "G1CollectForAllocation": 119,
        "ICBufferFull": 1,
        "G1TryInitiateConcMark": 53,
        "G1PauseRemark": 32,
        "G1PauseCleanup": 32
    },
    "total_pause_time_per_category": {
        "Cleanup": 32485,
        "G1CollectForAllocation": 135265749,
        "ICBufferFull": 5391823,
        "G1TryInitiateConcMark": 45000354,
        "G1PauseRemark": 38662673,
        "G1PauseCleanup": 5763244
    },
    "avg_pause_time_per_category": {
        "Cleanup": 32485.0,
        "G1CollectForAllocation": 1136686.97,
        "ICBufferFull": 5391823.0,
        "G1TryInitiateConcMark": 849063.28,
        "G1PauseRemark": 1208208.53,
        "G1PauseCleanup": 180101.38
    },
    "p90_pause_time": 1699163.7,
    "throughput": 41299535923
}