{
    "garbage_collector": "Parallel",
    "jdk": "HotSpot_21.0.4",
    "benchmark_group": "DaCapo",
    "benchmark_name": "xalan",
    "heap_size": "2048",
    "error": null,
    "avg_cpu_usage": 95.1,
    "avg_cpu_time": 0.1,
    "avg_io_time": 58.3,
    "p90_io": 0.0,
    "number_of_pauses": 1116,
    "total_pause_time": 783892792,
    "avg_pause_time": 702412.9,
    "pauses_per_category": {
        "ICBufferFull": 6,
        "ParallelGCFailedAllocation": 1100,
        "ParallelGCSystemGC": 10
    },
    "total_pause_time_per_category": {
        "ICBufferFull": 1181378,
        "ParallelGCFailedAllocation": 776095515,
        "ParallelGCSystemGC": 6615899
    },
    "avg_pause_time_per_category": {
        "ICBufferFull": 196896.33,
        "ParallelGCFailedAllocation": 705541.38,
        "ParallelGCSystemGC": 661589.9
    },
    "p90_pause_time": 858999.5,
    "throughput": 338855990564
}