{
    "garbage_collector": "Parallel",
    "jdk": "HotSpot_21.0.4",
    "benchmark_group": "DaCapo",
    "benchmark_name": "batik",
    "heap_size": "512",
    "error": "Error code not found: 255\n===== DaCapo 23.11-chopin batik starting warmup 1 =====\njava.lang.reflect.InvocationTargetException\njava.lang.reflect.InvocationTargetException\n\tat java.base/jdk.internal.reflect.DirectMethodHandleAccessor.invoke(DirectMethodHandleAccessor.java:118)\n\tat java.base/java.lang.reflect.Method.invoke(Method.java:580)\n\tat org.dacapo.harness.Batik.iterate(Batik.java:41)\n\tat org.dacapo.harness.Benchmark.run(Benchmark.java:253)\n\tat org.dacapo.harness.TestHarness.runBenchmark(TestHarness.java:225)\n\tat org.dacapo.harness.TestHarness.main(TestHarness.java:170)\n\tat java.base/jdk.internal.reflect.DirectMethodHandleAccessor.invoke(DirectMethodHandleAccessor.java:103)\n\tat java.base/java.lang.reflect.Method.invoke(Method.java:580)\n\tat Harness.main(Unknown Source)\nCaused by: java.lang.OutOfMemoryError: GC overhead limit exceeded\n\tat org.apache.batik.gvt.font.AWTGVTGlyphVector.computeGlyphLogicalBounds(AWTGVTGlyphVector.java:287)\n\tat org.apache.batik.gvt.font.AWTGVTGlyphVector.getLogicalBounds(AWTGVTGlyphVector.java:220)\n\tat org.apache.batik.bridge.GlyphLayout.getUnderlineShape(GlyphLayout.java:1022)\n\tat org.apache.batik.bridge.GlyphLayout.getDecorationOutline(GlyphLayout.java:434)\n\tat org.apache.batik.bridge.StrokingTextPainter.getDecorationStrokeOutline(StrokingTextPainter.java:1306)\n\tat org.apache.batik.bridge.StrokingTextPainter.getBounds2D(StrokingTextPainter.java:1102)\n\tat org.apache.batik.bridge.TextNode.getPrimitiveBounds(TextNode.java:243)\n\tat org.apache.batik.gvt.AbstractGraphicsNode.getTransformedPrimitiveBounds(AbstractGraphicsNode.java:854)\n\tat org.apache.batik.gvt.AbstractGraphicsNode.getTransformedBounds(AbstractGraphicsNode.java:820)\n\tat org.apache.batik.gvt.CompositeGraphicsNode.getPrimitiveBounds(CompositeGraphicsNode.java:224)\n\tat org.apache.batik.gvt.CompositeGraphicsNode.getTransformedPrimitiveBounds(CompositeGraphicsNode.java:295)\n\tat org.apache.batik.gvt.AbstractGraphicsNode.getTransformedBounds(AbstractGraphicsNode.java:820)\n\tat org.apache.batik.gvt.CompositeGraphicsNode.getPrimitiveBounds(CompositeGraphicsNode.java:207)\n\tat org.apache.batik.gvt.CompositeGraphicsNode.getTransformedPrimitiveBounds(CompositeGraphicsNode.java:295)\n\tat org.apache.batik.gvt.AbstractGraphicsNode.getTransformedBounds(AbstractGraphicsNode.java:820)\n\tat org.apache.batik.gvt.CompositeGraphicsNode.getPrimitiveBounds(CompositeGraphicsNode.java:224)\n\tat org.apache.batik.gvt.CompositeGraphicsNode.getTransformedPrimitiveBounds(CompositeGraphicsNode.java:295)\n\tat org.apache.batik.gvt.AbstractGraphicsNode.getTransformedBounds(AbstractGraphicsNode.java:820)\n\tat org.apache.batik.gvt.CompositeGraphicsNode.getPrimitiveBounds(CompositeGraphicsNode.java:207)\n\tat org.apache.batik.gvt.filter.GraphicsNodeRable8Bit.getBounds2D(GraphicsNodeRable8Bit.java:156)\n\tat org.apache.batik.gvt.filter.GraphicsNodeRable8Bit.createRendering(GraphicsNodeRable8Bit.java:261)\n\tat org.apache.batik.gvt.renderer.StaticRenderer.renderGNR(StaticRenderer.java:479)\n\tat org.apache.batik.gvt.renderer.StaticRenderer.updateWorkingBuffers(StaticRenderer.java:506)\n\tat org.apache.batik.gvt.renderer.StaticRenderer.repaint(StaticRenderer.java:374)\n\tat org.apache.batik.gvt.renderer.StaticRenderer.repaint(StaticRenderer.java:343)\n\tat org.apache.batik.transcoder.image.ImageTranscoder.transcode(ImageTranscoder.java:111)\n\tat org.apache.batik.transcoder.XMLAbstractTranscoder.transcode(XMLAbstractTranscoder.java:142)\n\tat org.apache.batik.transcoder.SVGAbstractTranscoder.transcode(SVGAbstractTranscoder.java:158)\n\tat org.apache.batik.apps.rasterizer.SVGConverter.transcode(SVGConverter.java:1008)\n\tat org.apache.batik.apps.rasterizer.SVGConverter.execute(SVGConverter.java:719)\n\tat org.apache.batik.apps.rasterizer.Main.execute(Main.java:956)\n\tat java.base/java.lang.invoke.LambdaForm$DMH/0x00007ede4c00c400.invokeVirtual(LambdaForm$DMH)\n",
    "avg_cpu_usage": 59.0,
    "avg_cpu_time": 59.0,
    "avg_io_time": 1.4,
    "p90_io": 5.01,
    "number_of_pauses": 0,
    "total_pause_time": 0,
    "avg_pause_time": 0,
    "pauses_per_category": {},
    "total_pause_time_per_category": {},
    "avg_pause_time_per_category": {},
    "p90_pause_time": 0,
    "throughput": 0
}