{
    "garbage_collector": "Parallel",
    "jdk": "HotSpot_21.0.4",
    "benchmark_group": "DaCapo",
    "benchmark_name": "jython",
    "heap_size": "256",
    "error": "Return code -9: Process was killed due to timeout\n===== DaCapo 23.11-chopin jython starting warmup 1 =====\n===== DaCapo 23.11-chopin jython completed warmup 1 in 114299 msec =====\n===== DaCapo 23.11-chopin jython starting warmup 2 =====\n===== DaCapo 23.11-chopin jython completed warmup 2 in 98298 msec =====\n===== DaCapo 23.11-chopin jython starting warmup 3 =====\n===== DaCapo 23.11-chopin jython completed warmup 3 in 97937 msec =====\n===== DaCapo 23.11-chopin jython starting warmup 4 =====\n===== DaCapo 23.11-chopin jython completed warmup 4 in 98034 msec =====\n===== DaCapo 23.11-chopin jython starting warmup 5 =====\n===== DaCapo 23.11-chopin jython completed warmup 5 in 98419 msec =====\n===== DaCapo 23.11-chopin jython starting warmup 6 =====\n",
    "avg_cpu_usage": 13.6,
    "avg_cpu_time": 13.6,
    "avg_io_time": 0.0,
    "p90_io": 0.0,
    "number_of_pauses": 0,
    "total_pause_time": 0,
    "avg_pause_time": 0,
    "pauses_per_category": {},
    "total_pause_time_per_category": {},
    "avg_pause_time_per_category": {},
    "p90_pause_time": 0,
    "throughput": 0
}