{
    "garbage_collector": "Parallel",
    "jdk": "HotSpot_21.0.4",
    "benchmark_group": "DaCapo",
    "benchmark_name": "graphchi",
    "heap_size": "1024",
    "error": "Return code -9: Process was killed due to timeout\n===== DaCapo 23.11-chopin graphchi starting warmup 1 =====\n",
    "avg_cpu_usage": 0.4,
    "avg_cpu_time": 0.4,
    "avg_io_time": 0.1,
    "p90_io": 0.0,
    "number_of_pauses": 0,
    "total_pause_time": 0,
    "avg_pause_time": 0,
    "pauses_per_category": {},
    "total_pause_time_per_category": {},
    "avg_pause_time_per_category": {},
    "p90_pause_time": 0,
    "throughput": 0
}