{
    "garbage_collector": "Serial",
    "jdk": "HotSpot_21.0.4",
    "benchmark_group": "DaCapo",
    "benchmark_name": "fop",
    "heap_size": "256",
    "error": null,
    "avg_cpu_usage": 37.7,
    "avg_cpu_time": 0.5,
    "avg_io_time": 42.5,
    "p90_io": 0.0,
    "number_of_pauses": 70,
    "total_pause_time": 237905592,
    "avg_pause_time": 3398651.31,
    "pauses_per_category": {
        "ICBufferFull": 18,
        "GenCollectForAllocation": 51,
        "CollectForMetadataAllocation": 1
    },
    "total_pause_time_per_category": {
        "ICBufferFull": 1986785,
        "GenCollectForAllocation": 211641437,
        "CollectForMetadataAllocation": 24277370
    },
    "avg_pause_time_per_category": {
        "ICBufferFull": 110376.94,
        "GenCollectForAllocation": 4149832.1,
        "CollectForMetadataAllocation": 24277370.0
    },
    "p90_pause_time": 6410376.2,
    "throughput": 9457557758
}