{
    "garbage_collector": "Parallel",
    "jdk": "HotSpot_21.0.4",
    "benchmark_group": "DaCapo",
    "benchmark_name": "zxing",
    "heap_size": "8192",
    "error": null,
    "avg_cpu_usage": 86.4,
    "avg_cpu_time": 0.3,
    "avg_io_time": 88.3,
    "p90_io": 0.0,
    "number_of_pauses": 38,
    "total_pause_time": 37873133,
    "avg_pause_time": 996661.39,
    "pauses_per_category": {
        "Cleanup": 26,
        "ICBufferFull": 2,
        "ParallelGCFailedAllocation": 7,
        "ParallelGCSystemGC": 3
    },
    "total_pause_time_per_category": {
        "Cleanup": 3665844,
        "ICBufferFull": 2300916,
        "ParallelGCFailedAllocation": 12740550,
        "ParallelGCSystemGC": 19165823
    },
    "avg_pause_time_per_category": {
        "Cleanup": 140994.0,
        "ICBufferFull": 1150458.0,
        "ParallelGCFailedAllocation": 1820078.57,
        "ParallelGCSystemGC": 6388607.67
    },
    "p90_pause_time": 3578953.3,
    "throughput": 39133674971
}