{
    "garbage_collector": "G1",
    "jdk": "HotSpot_21.0.4",
    "benchmark_group": "DaCapo",
    "benchmark_name": "zxing",
    "heap_size": "4096",
    "error": null,
    "avg_cpu_usage": 90.6,
    "avg_cpu_time": 0.1,
    "avg_io_time": 89.7,
    "p90_io": 0.0,
    "number_of_pauses": 41,
    "total_pause_time": 45545087,
    "avg_pause_time": 1110855.78,
    "pauses_per_category": {
        "Cleanup": 26,
        "ICBufferFull": 4,
        "G1CollectForAllocation": 11
    },
    "total_pause_time_per_category": {
        "Cleanup": 2433451,
        "ICBufferFull": 493778,
        "G1CollectForAllocation": 42617858
    },
    "avg_pause_time_per_category": {
        "Cleanup": 93594.27,
        "ICBufferFull": 123444.5,
        "G1CollectForAllocation": 3874350.73
    },
    "p90_pause_time": 4537457.0,
    "throughput": 39457903028
}