{
    "garbage_collector": "G1",
    "jdk": "HotSpot_21.0.4",
    "benchmark_group": "DaCapo",
    "benchmark_name": "pmd",
    "heap_size": "256",
    "error": "Error code not found: 255\n===== DaCapo 23.11-chopin pmd starting warmup 1 =====\njava.lang.reflect.InvocationTargetException\njava.lang.reflect.InvocationTargetException\n\tat java.base/jdk.internal.reflect.DirectMethodHandleAccessor.invoke(DirectMethodHandleAccessor.java:118)\n\tat java.base/java.lang.reflect.Method.invoke(Method.java:580)\n\tat org.dacapo.harness.Pmd.iterate(Pmd.java:99)\n\tat org.dacapo.harness.Benchmark.run(Benchmark.java:253)\n\tat org.dacapo.harness.TestHarness.runBenchmark(TestHarness.java:225)\n\tat org.dacapo.harness.TestHarness.main(TestHarness.java:170)\n\tat java.base/jdk.internal.reflect.DirectMethodHandleAccessor.invoke(DirectMethodHandleAccessor.java:103)\n\tat java.base/java.lang.reflect.Method.invoke(Method.java:580)\n\tat Harness.main(Unknown Source)\nCaused by: java.lang.OutOfMemoryError: Java heap space\n\tat java.base/java.lang.ClassLoader.getClassLoadingLock(ClassLoader.java:680)\n\tat java.base/java.lang.ClassLoader.loadClass(ClassLoader.java:573)\n\tat java.base/java.lang.ClassLoader.loadClass(ClassLoader.java:526)\n\tat net.sourceforge.pmd.lang.java.typeresolution.PMDASMClassLoader.loadClassOrNull(PMDASMClassLoader.java:92)\n\tat net.sourceforge.pmd.lang.java.typeresolution.ClassTypeResolver.populateType(ClassTypeResolver.java:1488)\n\tat net.sourceforge.pmd.lang.java.typeresolution.ClassTypeResolver.populateType(ClassTypeResolver.java:1469)\n\tat net.sourceforge.pmd.lang.java.typeresolution.ClassTypeResolver.visit(ClassTypeResolver.java:1255)\n\tat net.sourceforge.pmd.lang.java.ast.ASTLiteral.jjtAccept(ASTLiteral.java:46)\n\tat net.sourceforge.pmd.lang.java.ast.AbstractJavaNode.childrenAccept(AbstractJavaNode.java:62)\n\tat net.sourceforge.pmd.lang.java.ast.JavaParserVisitorAdapter.visit(JavaParserVisitorAdapter.java:13)\n\tat net.sourceforge.pmd.lang.java.ast.JavaParserVisitorAdapter.visit(JavaParserVisitorAdapter.java:403)\n\tat net.sourceforge.pmd.lang.java.typeresolution.ClassTypeResolver.visit(ClassTypeResolver.java:1132)\n\tat net.sourceforge.pmd.lang.java.ast.ASTPrimaryPrefix.jjtAccept(ASTPrimaryPrefix.java:48)\n\tat net.sourceforge.pmd.lang.java.typeresolution.ClassTypeResolver.visit(ClassTypeResolver.java:956)\n\tat net.sourceforge.pmd.lang.java.ast.ASTPrimaryExpression.jjtAccept(ASTPrimaryExpression.java:25)\n\tat net.sourceforge.pmd.lang.java.ast.AbstractJavaNode.childrenAccept(AbstractJavaNode.java:62)\n\tat net.sourceforge.pmd.lang.java.ast.JavaParserVisitorAdapter.visit(JavaParserVisitorAdapter.java:13)\n\tat net.sourceforge.pmd.lang.java.ast.JavaParserVisitorAdapter.visit(JavaParserVisitorAdapter.java:358)\n\tat net.sourceforge.pmd.lang.java.typeresolution.ClassTypeResolver.visit(ClassTypeResolver.java:893)\n\tat net.sourceforge.pmd.lang.java.ast.ASTAdditiveExpression.jjtAccept(ASTAdditiveExpression.java:40)\n\tat net.sourceforge.pmd.lang.java.ast.AbstractJavaNode.childrenAccept(AbstractJavaNode.java:62)\n\tat net.sourceforge.pmd.lang.java.ast.JavaParserVisitorAdapter.visit(JavaParserVisitorAdapter.java:13)\n\tat net.sourceforge.pmd.lang.java.ast.JavaParserVisitorAdapter.visit(JavaParserVisitorAdapter.java:298)\n\tat net.sourceforge.pmd.lang.java.typeresolution.ClassTypeResolver.visit(ClassTypeResolver.java:816)\n\tat net.sourceforge.pmd.lang.java.ast.ASTExpression.jjtAccept(ASTExpression.java:37)\n\tat net.sourceforge.pmd.lang.java.ast.AbstractJavaNode.childrenAccept(AbstractJavaNode.java:62)\n\tat net.sourceforge.pmd.lang.java.ast.JavaParserVisitorAdapter.visit(JavaParserVisitorAdapter.java:13)\n\tat net.sourceforge.pmd.lang.java.ast.JavaParserVisitorAdapter.visit(JavaParserVisitorAdapter.java:228)\n\tat net.sourceforge.pmd.lang.java.ast.ASTVariableInitializer.jjtAccept(ASTVariableInitializer.java:25)\n\tat net.sourceforge.pmd.lang.java.ast.AbstractJavaNode.childrenAccept(AbstractJavaNode.java:62)\n\tat net.sourceforge.pmd.lang.java.ast.JavaParserVisitorAdapter.visit(JavaParserVisitorAdapter.java:13)\n\tat net.sourceforge.pmd.lang.java.ast.JavaParserVisitorAdapter.visit(JavaParserVisitorAdapter.java:233)\n",
    "avg_cpu_usage": 68.4,
    "avg_cpu_time": 68.4,
    "avg_io_time": 0.5,
    "p90_io": 0.6,
    "number_of_pauses": 0,
    "total_pause_time": 0,
    "avg_pause_time": 0,
    "pauses_per_category": {},
    "total_pause_time_per_category": {},
    "avg_pause_time_per_category": {},
    "p90_pause_time": 0,
    "throughput": 0
}