{
    "garbage_collector": "G1",
    "jdk": "HotSpot_21.0.4",
    "benchmark_group": "DaCapo",
    "benchmark_name": "tradebeans",
    "heap_size": "256",
    "error": "Return code -9: Process was killed due to timeout\nNOTE: Starting watchdog timer with timeout of 10000 seconds. Adjust timeout with the -f command line option.\n===== DaCapo 23.11-chopin tradebeans starting warmup 1 =====\nException in thread \"DaCapo Thread 0\" java.lang.OutOfMemoryError: Java heap space\n\nException: java.lang.OutOfMemoryError thrown from the UncaughtExceptionHandler in thread \"jaeger.RemoteReporter-FlushTimer\"\n\nException: java.lang.OutOfMemoryError thrown from the UncaughtExceptionHandler in thread \"DaCapo Thread 1\"\n\nException: java.lang.OutOfMemoryError thrown from the UncaughtExceptionHandler in thread \"DaCapo Thread 6\"\n\nException: java.lang.OutOfMemoryError thrown from the UncaughtExceptionHandler in thread \"activemq-failure-check-thread\"\n\nException: java.lang.OutOfMemoryError thrown from the UncaughtExceptionHandler in thread \"DaCapo Thread 2\"\n\nException: java.lang.OutOfMemoryError thrown from the UncaughtExceptionHandler in thread \"DaCapo Thread 7\"\n\nException: java.lang.OutOfMemoryError thrown from the UncaughtExceptionHandler in thread \"DaCapo Thread 3\"\nException in thread \"DaCapo Thread 4\" java.lang.OutOfMemoryError: Java heap space\n\nException: java.lang.OutOfMemoryError thrown from the UncaughtExceptionHandler in thread \"Periodic Recovery\"\n",
    "avg_cpu_usage": 30.1,
    "avg_cpu_time": 30.1,
    "avg_io_time": 0.0,
    "p90_io": 0.0,
    "number_of_pauses": 0,
    "total_pause_time": 0,
    "avg_pause_time": 0,
    "pauses_per_category": {},
    "total_pause_time_per_category": {},
    "avg_pause_time_per_category": {},
    "p90_pause_time": 0,
    "throughput": 0
}