{
    "garbage_collector": "G1",
    "jdk": "HotSpot_21.0.4",
    "benchmark_group": "DaCapo",
    "benchmark_name": "fop",
    "heap_size": "256",
    "error": null,
    "avg_cpu_usage": 37.9,
    "avg_cpu_time": 0.8,
    "avg_io_time": 39.6,
    "p90_io": 2.76,
    "number_of_pauses": 57,
    "total_pause_time": 115150907,
    "avg_pause_time": 2020191.35,
    "pauses_per_category": {
        "Cleanup": 1,
        "G1CollectForAllocation": 25,
        "ICBufferFull": 25,
        "CollectForMetadataAllocation": 1,
        "G1PauseRemark": 2,
        "G1PauseCleanup": 2,
        "G1TryInitiateConcMark": 1
    },
    "total_pause_time_per_category": {
        "Cleanup": 80182,
        "G1CollectForAllocation": 101318366,
        "ICBufferFull": 2986001,
        "CollectForMetadataAllocation": 4272933,
        "G1PauseRemark": 6113867,
        "G1PauseCleanup": 347652,
        "G1TryInitiateConcMark": 31906
    },
    "avg_pause_time_per_category": {
        "Cleanup": 80182.0,
        "G1CollectForAllocation": 4052734.64,
        "ICBufferFull": 119440.04,
        "CollectForMetadataAllocation": 4272933.0,
        "G1PauseRemark": 3056933.5,
        "G1PauseCleanup": 173826.0,
        "G1TryInitiateConcMark": 31906.0
    },
    "p90_pause_time": 4603170.2,
    "throughput": 11322561202
}