{
    "garbage_collector": "Parallel",
    "jdk": "HotSpot_21.0.4",
    "benchmark_group": "DaCapo",
    "benchmark_name": "zxing",
    "heap_size": "512",
    "error": null,
    "avg_cpu_usage": 92.7,
    "avg_cpu_time": 0.0,
    "avg_io_time": 92.6,
    "p90_io": 0.0,
    "number_of_pauses": 207,
    "total_pause_time": 436695800,
    "avg_pause_time": 2109641.55,
    "pauses_per_category": {
        "ICBufferFull": 1,
        "ParallelGCFailedAllocation": 142,
        "ParallelGCSystemGC": 64
    },
    "total_pause_time_per_category": {
        "ICBufferFull": 660271,
        "ParallelGCFailedAllocation": 237994646,
        "ParallelGCSystemGC": 198040883
    },
    "avg_pause_time_per_category": {
        "ICBufferFull": 660271.0,
        "ParallelGCFailedAllocation": 1676018.63,
        "ParallelGCSystemGC": 3094388.8
    },
    "p90_pause_time": 4803477.4,
    "throughput": 37253465582
}