{
    "garbage_collector": "Parallel",
    "jdk": "HotSpot_21.0.4",
    "benchmark_group": "DaCapo",
    "benchmark_name": "pmd",
    "heap_size": "256",
    "error": "Error code not found: 255\n===== DaCapo 23.11-chopin pmd starting warmup 1 =====\njava.lang.reflect.InvocationTargetException\njava.lang.reflect.InvocationTargetException\n\tat java.base/jdk.internal.reflect.DirectMethodHandleAccessor.invoke(DirectMethodHandleAccessor.java:118)\n\tat java.base/java.lang.reflect.Method.invoke(Method.java:580)\n\tat org.dacapo.harness.Pmd.iterate(Pmd.java:99)\n\tat org.dacapo.harness.Benchmark.run(Benchmark.java:253)\n\tat org.dacapo.harness.TestHarness.runBenchmark(TestHarness.java:225)\n\tat org.dacapo.harness.TestHarness.main(TestHarness.java:170)\n\tat java.base/jdk.internal.reflect.DirectMethodHandleAccessor.invoke(DirectMethodHandleAccessor.java:103)\n\tat java.base/java.lang.reflect.Method.invoke(Method.java:580)\n\tat Harness.main(Unknown Source)\nCaused by: java.lang.OutOfMemoryError: Java heap space\n\tat java.base/java.util.jar.Manifest.read(Manifest.java:289)\n\tat java.base/java.util.jar.Manifest.<init>(Manifest.java:101)\n\tat java.base/java.util.jar.Manifest.<init>(Manifest.java:88)\n\tat java.base/java.util.jar.JarFile.getManifestFromReference(JarFile.java:431)\n\tat java.base/java.util.jar.JarFile.getManifest(JarFile.java:405)\n\tat java.base/jdk.internal.loader.URLClassPath$JarLoader$2.getManifest(URLClassPath.java:853)\n\tat java.base/java.net.URLClassLoader.defineClass(URLClassLoader.java:491)\n\tat java.base/java.net.URLClassLoader$1.run(URLClassLoader.java:427)\n\tat java.base/java.net.URLClassLoader$1.run(URLClassLoader.java:421)\n\tat java.base/java.security.AccessController.executePrivileged(AccessController.java:809)\n\tat java.base/java.security.AccessController.doPrivileged(AccessController.java:714)\n\tat java.base/java.net.URLClassLoader.findClass(URLClassLoader.java:420)\n\tat org.dacapo.harness.DacapoClassLoader.loadClass(DacapoClassLoader.java:149)\n\tat java.base/java.lang.ClassLoader.loadClass(ClassLoader.java:526)\n\tat net.sf.saxon.expr.GeneralComparison.typeCheck(GeneralComparison.java:210)\n\tat net.sf.saxon.expr.ExpressionVisitor.typeCheck(ExpressionVisitor.java:181)\n\tat net.sf.saxon.expr.FilterExpression.typeCheck(FilterExpression.java:181)\n\tat net.sf.saxon.expr.ExpressionVisitor.typeCheck(ExpressionVisitor.java:181)\n\tat net.sf.saxon.expr.SlashExpression.typeCheck(SlashExpression.java:172)\n\tat net.sf.saxon.expr.ExpressionVisitor.typeCheck(ExpressionVisitor.java:181)\n\tat net.sf.saxon.expr.FilterExpression.typeCheck(FilterExpression.java:181)\n\tat net.sf.saxon.expr.ExpressionVisitor.typeCheck(ExpressionVisitor.java:181)\n\tat net.sf.saxon.expr.SlashExpression.typeCheck(SlashExpression.java:172)\n\tat net.sf.saxon.expr.ExpressionVisitor.typeCheck(ExpressionVisitor.java:181)\n\tat net.sf.saxon.expr.SlashExpression.typeCheck(SlashExpression.java:161)\n\tat net.sf.saxon.expr.ExpressionVisitor.typeCheck(ExpressionVisitor.java:181)\n\tat net.sf.saxon.sxpath.XPathEvaluator.createExpression(XPathEvaluator.java:171)\n\tat net.sourceforge.pmd.lang.rule.xpath.SaxonXPathRuleQuery.initializeXPathExpression(SaxonXPathRuleQuery.java:269)\n\tat net.sourceforge.pmd.lang.rule.xpath.SaxonXPathRuleQuery.getRuleChainVisits(SaxonXPathRuleQuery.java:366)\n\tat net.sourceforge.pmd.lang.rule.XPathRule.getRuleChainVisits(XPathRule.java:219)\n\tat net.sourceforge.pmd.lang.rule.AbstractRule.isRuleChain(AbstractRule.java:311)\n\tat net.sourceforge.pmd.lang.rule.AbstractDelegateRule.isRuleChain(AbstractDelegateRule.java:311)\n",
    "avg_cpu_usage": 85.2,
    "avg_cpu_time": 85.2,
    "avg_io_time": 0.1,
    "p90_io": 0.0,
    "number_of_pauses": 0,
    "total_pause_time": 0,
    "avg_pause_time": 0,
    "pauses_per_category": {},
    "total_pause_time_per_category": {},
    "avg_pause_time_per_category": {},
    "p90_pause_time": 0,
    "throughput": 0
}