{
    "garbage_collector": "G1",
    "jdk": "HotSpot_21.0.4",
    "benchmark_group": "DaCapo",
    "benchmark_name": "pmd",
    "heap_size": "2048",
    "error": "Error code not found: 255\n===== DaCapo 23.11-chopin pmd starting warmup 1 =====\njava.lang.reflect.InvocationTargetException\njava.lang.reflect.InvocationTargetException\n\tat java.base/jdk.internal.reflect.DirectMethodHandleAccessor.invoke(DirectMethodHandleAccessor.java:118)\n\tat java.base/java.lang.reflect.Method.invoke(Method.java:580)\n\tat org.dacapo.harness.Pmd.iterate(Pmd.java:99)\n\tat org.dacapo.harness.Benchmark.run(Benchmark.java:253)\n\tat org.dacapo.harness.TestHarness.runBenchmark(TestHarness.java:225)\n\tat org.dacapo.harness.TestHarness.main(TestHarness.java:170)\n\tat java.base/jdk.internal.reflect.DirectMethodHandleAccessor.invoke(DirectMethodHandleAccessor.java:103)\n\tat java.base/java.lang.reflect.Method.invoke(Method.java:580)\n\tat Harness.main(Unknown Source)\nCaused by: java.lang.OutOfMemoryError: Java heap space\n\tat java.base/java.util.ArrayList.iterator(ArrayList.java:1029)\n\tat net.sourceforge.pmd.RuleSets.end(RuleSets.java:172)\n\tat net.sourceforge.pmd.SourceCodeProcessor.processSourceCodeWithoutCache(SourceCodeProcessor.java:130)\n\tat net.sourceforge.pmd.SourceCodeProcessor.processSourceCode(SourceCodeProcessor.java:100)\n\tat net.sourceforge.pmd.SourceCodeProcessor.processSourceCode(SourceCodeProcessor.java:62)\n\tat net.sourceforge.pmd.processor.PmdRunnable.call(PmdRunnable.java:89)\n\tat net.sourceforge.pmd.processor.PmdRunnable.call(PmdRunnable.java:30)\n\tat java.base/java.util.concurrent.FutureTask.run(FutureTask.java:317)\n\tat java.base/java.util.concurrent.Executors$RunnableAdapter.call(Executors.java:572)\n\tat java.base/java.util.concurrent.FutureTask.run(FutureTask.java:317)\n\tat java.base/java.util.concurrent.ThreadPoolExecutor.runWorker(ThreadPoolExecutor.java:1144)\n\tat java.base/java.util.concurrent.ThreadPoolExecutor$Worker.run(ThreadPoolExecutor.java:642)\n\tat java.base/java.lang.Thread.runWith(Thread.java:1596)\n\tat java.base/java.lang.Thread.run(Thread.java:1583)\n",
    "avg_cpu_usage": 93.3,
    "avg_cpu_time": 93.3,
    "avg_io_time": 0.0,
    "p90_io": 0.0,
    "number_of_pauses": 0,
    "total_pause_time": 0,
    "avg_pause_time": 0,
    "pauses_per_category": {},
    "total_pause_time_per_category": {},
    "avg_pause_time_per_category": {},
    "p90_pause_time": 0,
    "throughput": 0
}