{
    "garbage_collector": "G1",
    "jdk": "HotSpot_21.0.4",
    "benchmark_group": "DaCapo",
    "benchmark_name": "xalan",
    "heap_size": "4096",
    "error": null,
    "avg_cpu_usage": 94.4,
    "avg_cpu_time": 0.2,
    "avg_io_time": 59.4,
    "p90_io": 0.0,
    "number_of_pauses": 328,
    "total_pause_time": 587916067,
    "avg_pause_time": 1792427.03,
    "pauses_per_category": {
        "ICBufferFull": 9,
        "G1CollectForAllocation": 308,
        "Cleanup": 11
    },
    "total_pause_time_per_category": {
        "ICBufferFull": 948973,
        "G1CollectForAllocation": 585903871,
        "Cleanup": 1063223
    },
    "avg_pause_time_per_category": {
        "ICBufferFull": 105441.44,
        "G1CollectForAllocation": 1902285.3,
        "Cleanup": 96656.64
    },
    "p90_pause_time": 2290451.8,
    "throughput": 357959144270
}