{
    "garbage_collector": "Parallel",
    "jdk": "HotSpot_21.0.4",
    "benchmark_group": "DaCapo",
    "benchmark_name": "zxing",
    "heap_size": "4096",
    "error": null,
    "avg_cpu_usage": 93.0,
    "avg_cpu_time": 0.0,
    "avg_io_time": 91.0,
    "p90_io": 0.0,
    "number_of_pauses": 50,
    "total_pause_time": 88779213,
    "avg_pause_time": 1775584.26,
    "pauses_per_category": {
        "ICBufferFull": 7,
        "Cleanup": 24,
        "ParallelGCFailedAllocation": 14,
        "ParallelGCSystemGC": 5
    },
    "total_pause_time_per_category": {
        "ICBufferFull": 995227,
        "Cleanup": 13894796,
        "ParallelGCFailedAllocation": 51392312,
        "ParallelGCSystemGC": 22496878
    },
    "avg_pause_time_per_category": {
        "ICBufferFull": 142175.29,
        "Cleanup": 578949.83,
        "ParallelGCFailedAllocation": 3670879.43,
        "ParallelGCSystemGC": 4499375.6
    },
    "p90_pause_time": 5483551.8,
    "throughput": 36972960628
}