{
    "garbage_collector": "G1",
    "jdk": "HotSpot_21.0.4",
    "benchmark_group": "DaCapo",
    "benchmark_name": "fop",
    "heap_size": "4096",
    "error": null,
    "avg_cpu_usage": 45.4,
    "avg_cpu_time": 0.1,
    "avg_io_time": 45.7,
    "p90_io": 0.0,
    "number_of_pauses": 43,
    "total_pause_time": 68135489,
    "avg_pause_time": 1584546.26,
    "pauses_per_category": {
        "ICBufferFull": 33,
        "CollectForMetadataAllocation": 1,
        "G1PauseRemark": 2,
        "G1PauseCleanup": 2,
        "G1CollectForAllocation": 4,
        "G1TryInitiateConcMark": 1
    },
    "total_pause_time_per_category": {
        "ICBufferFull": 3703827,
        "CollectForMetadataAllocation": 10368639,
        "G1PauseRemark": 5860002,
        "G1PauseCleanup": 560483,
        "G1CollectForAllocation": 44145980,
        "G1TryInitiateConcMark": 3496558
    },
    "avg_pause_time_per_category": {
        "ICBufferFull": 112237.18,
        "CollectForMetadataAllocation": 10368639.0,
        "G1PauseRemark": 2930001.0,
        "G1PauseCleanup": 280241.5,
        "G1CollectForAllocation": 11036495.0,
        "G1TryInitiateConcMark": 3496558.0
    },
    "p90_pause_time": 4294719.2,
    "throughput": 10066282187
}