{
    "garbage_collector": "Parallel",
    "jdk": "HotSpot_21.0.4",
    "benchmark_group": "DaCapo",
    "benchmark_name": "sunflow",
    "heap_size": "256",
    "error": "Error code not found: 255\n===== DaCapo 23.11-chopin sunflow starting warmup 1 =====\n===== DaCapo 23.11-chopin sunflow completed warmup 1 in 122017 msec =====\njava.lang.reflect.InvocationTargetException\njava.lang.reflect.InvocationTargetException\n\tat java.base/jdk.internal.reflect.DirectConstructorHandleAccessor.newInstance(DirectConstructorHandleAccessor.java:74)\n\tat java.base/java.lang.reflect.Constructor.newInstanceWithCaller(Constructor.java:502)\n\tat java.base/java.lang.reflect.Constructor.newInstance(Constructor.java:486)\n\tat org.dacapo.harness.Sunflow.preIteration(Sunflow.java:54)\n\tat org.dacapo.harness.Benchmark.run(Benchmark.java:237)\n\tat org.dacapo.harness.TestHarness.runBenchmark(TestHarness.java:225)\n\tat org.dacapo.harness.TestHarness.main(TestHarness.java:170)\n\tat java.base/jdk.internal.reflect.DirectMethodHandleAccessor.invoke(DirectMethodHandleAccessor.java:103)\n\tat java.base/java.lang.reflect.Method.invoke(Method.java:580)\n\tat Harness.main(Unknown Source)\nCaused by: java.lang.OutOfMemoryError: Java heap space\n\tat org.sunflow.Benchmark.<init>(Benchmark.java:89)\n\tat org.sunflow.Benchmark.<init>(Benchmark.java:99)\n\tat java.base/java.lang.invoke.LambdaForm$DMH/0x000070b818012000.newInvokeSpecial(LambdaForm$DMH)\n\tat java.base/java.lang.invoke.LambdaForm$MH/0x000070b818019400.invoke(LambdaForm$MH)\n\tat java.base/java.lang.invoke.Invokers$Holder.invokeExact_MT(Invokers$Holder)\n\tat java.base/jdk.internal.reflect.DirectConstructorHandleAccessor.invokeImpl(DirectConstructorHandleAccessor.java:90)\n\tat java.base/jdk.internal.reflect.DirectConstructorHandleAccessor.newInstance(DirectConstructorHandleAccessor.java:62)\n\tat java.base/java.lang.reflect.Constructor.newInstanceWithCaller(Constructor.java:502)\n\tat java.base/java.lang.reflect.Constructor.newInstance(Constructor.java:486)\n\tat org.dacapo.harness.Sunflow.preIteration(Sunflow.java:54)\n\tat org.dacapo.harness.Benchmark.run(Benchmark.java:237)\n\tat org.dacapo.harness.TestHarness.runBenchmark(TestHarness.java:225)\n\tat org.dacapo.harness.TestHarness.main(TestHarness.java:170)\n\tat java.base/java.lang.invoke.LambdaForm$DMH/0x000070b818001800.invokeStatic(LambdaForm$DMH)\n\tat java.base/java.lang.invoke.LambdaForm$MH/0x000070b818002c00.invoke(LambdaForm$MH)\n\tat java.base/java.lang.invoke.Invokers$Holder.invokeExact_MT(Invokers$Holder)\n\tat java.base/jdk.internal.reflect.DirectMethodHandleAccessor.invokeImpl(DirectMethodHandleAccessor.java:154)\n\t... 3 more\n",
    "avg_cpu_usage": 87.2,
    "avg_cpu_time": 87.2,
    "avg_io_time": 0.0,
    "p90_io": 0.0,
    "number_of_pauses": 0,
    "total_pause_time": 0,
    "avg_pause_time": 0,
    "pauses_per_category": {},
    "total_pause_time_per_category": {},
    "avg_pause_time_per_category": {},
    "p90_pause_time": 0,
    "throughput": 0
}