{
    "garbage_collector": "Parallel",
    "jdk": "HotSpot_21.0.4",
    "benchmark_group": "DaCapo",
    "benchmark_name": "xalan",
    "heap_size": "4096",
    "error": null,
    "avg_cpu_usage": 95.9,
    "avg_cpu_time": 0.1,
    "avg_io_time": 59.0,
    "p90_io": 0.0,
    "number_of_pauses": 564,
    "total_pause_time": 422517050,
    "avg_pause_time": 749143.71,
    "pauses_per_category": {
        "ICBufferFull": 8,
        "ParallelGCFailedAllocation": 549,
        "ParallelGCSystemGC": 7
    },
    "total_pause_time_per_category": {
        "ICBufferFull": 4602140,
        "ParallelGCFailedAllocation": 413109416,
        "ParallelGCSystemGC": 4805494
    },
    "avg_pause_time_per_category": {
        "ICBufferFull": 575267.5,
        "ParallelGCFailedAllocation": 752476.17,
        "ParallelGCSystemGC": 686499.14
    },
    "p90_pause_time": 881427.0,
    "throughput": 341802273174
}