{
    "garbage_collector": "Parallel",
    "jdk": "HotSpot_21.0.4",
    "benchmark_group": "DaCapo",
    "benchmark_name": "eclipse",
    "heap_size": "256",
    "error": null,
    "avg_cpu_usage": 22.4,
    "avg_cpu_time": 0.3,
    "avg_io_time": 22.1,
    "p90_io": 0.04,
    "number_of_pauses": 3799,
    "total_pause_time": 22210920432,
    "avg_pause_time": 5846517.62,
    "pauses_per_category": {
        "ICBufferFull": 43,
        "ParallelGCFailedAllocation": 3737,
        "ParallelGCSystemGC": 17,
        "CollectForMetadataAllocation": 1,
        "Cleanup": 1
    },
    "total_pause_time_per_category": {
        "ICBufferFull": 6364412,
        "ParallelGCFailedAllocation": 22125245721,
        "ParallelGCSystemGC": 53460836,
        "CollectForMetadataAllocation": 25825242,
        "Cleanup": 24221
    },
    "avg_pause_time_per_category": {
        "ICBufferFull": 148009.58,
        "ParallelGCFailedAllocation": 5920590.24,
        "ParallelGCSystemGC": 3144755.06,
        "CollectForMetadataAllocation": 25825242.0,
        "Cleanup": 24221.0
    },
    "p90_pause_time": 7223192.2,
    "throughput": 321619293371
}