{
    "garbage_collector": "Parallel",
    "jdk": "HotSpot_21.0.4",
    "benchmark_group": "DaCapo",
    "benchmark_name": "tradebeans",
    "heap_size": "2048",
    "error": "Return code -9: Process was killed due to timeout\nNOTE: Starting watchdog timer with timeout of 10000 seconds. Adjust timeout with the -f command line option.\n===== DaCapo 23.11-chopin tradebeans starting warmup 1 =====\nStarting 300057 requests...\nCompleted requests\n===== DaCapo 23.11-chopin tradebeans completed warmup 1 in 102549 msec =====\n===== DaCapo 23.11-chopin tradebeans starting warmup 2 =====\nStarting 300057 requests...\nCompleted requests\n===== DaCapo 23.11-chopin tradebeans completed warmup 2 in 114100 msec =====\n===== DaCapo 23.11-chopin tradebeans starting warmup 3 =====\nStarting 300057 requests...\nCompleted requests\n===== DaCapo 23.11-chopin tradebeans completed warmup 3 in 113939 msec =====\n===== DaCapo 23.11-chopin tradebeans starting warmup 4 =====\nStarting 300057 requests...\nCompleted requests\n===== DaCapo 23.11-chopin tradebeans completed warmup 4 in 113901 msec =====\n===== DaCapo 23.11-chopin tradebeans starting warmup 5 =====\nStarting 300057 requests...\nCompleted requests\n===== DaCapo 23.11-chopin tradebeans completed warmup 5 in 113680 msec =====\n===== DaCapo 23.11-chopin tradebeans starting warmup 6 =====\n",
    "avg_cpu_usage": 35.8,
    "avg_cpu_time": 35.8,
    "avg_io_time": 0.0,
    "p90_io": 0.0,
    "number_of_pauses": 0,
    "total_pause_time": 0,
    "avg_pause_time": 0,
    "pauses_per_category": {},
    "total_pause_time_per_category": {},
    "avg_pause_time_per_category": {},
    "p90_pause_time": 0,
    "throughput": 0
}