{
    "garbage_collector": "Parallel",
    "jdk": "HotSpot_21.0.4",
    "benchmark_group": "DaCapo",
    "benchmark_name": "xalan",
    "heap_size": "8192",
    "error": null,
    "avg_cpu_usage": 95.7,
    "avg_cpu_time": 0.2,
    "avg_io_time": 59.1,
    "p90_io": 0.0,
    "number_of_pauses": 305,
    "total_pause_time": 221938121,
    "avg_pause_time": 727665.97,
    "pauses_per_category": {
        "ICBufferFull": 14,
        "ParallelGCFailedAllocation": 275,
        "Cleanup": 14,
        "ParallelGCSystemGC": 2
    },
    "total_pause_time_per_category": {
        "ICBufferFull": 5774821,
        "ParallelGCFailedAllocation": 212877224,
        "Cleanup": 1812970,
        "ParallelGCSystemGC": 1473106
    },
    "avg_pause_time_per_category": {
        "ICBufferFull": 412487.21,
        "ParallelGCFailedAllocation": 774099.0,
        "Cleanup": 129497.86,
        "ParallelGCSystemGC": 736553.0
    },
    "p90_pause_time": 886761.6,
    "throughput": 343886736250
}