{
    "garbage_collector": "Parallel",
    "jdk": "HotSpot_21.0.4",
    "benchmark_group": "DaCapo",
    "benchmark_name": "h2",
    "heap_size": "1024",
    "error": "Error code not found: 255\njava.lang.reflect.InvocationTargetException\njava.lang.reflect.InvocationTargetException\n\tat java.base/jdk.internal.reflect.DirectMethodHandleAccessor.invoke(DirectMethodHandleAccessor.java:118)\n\tat java.base/java.lang.reflect.Method.invoke(Method.java:580)\n\tat org.dacapo.harness.H2.preIteration(H2.java:95)\n\tat org.dacapo.harness.Benchmark.run(Benchmark.java:237)\n\tat org.dacapo.harness.TestHarness.runBenchmark(TestHarness.java:225)\n\tat org.dacapo.harness.TestHarness.main(TestHarness.java:170)\n\tat java.base/jdk.internal.reflect.DirectMethodHandleAccessor.invoke(DirectMethodHandleAccessor.java:103)\n\tat java.base/java.lang.reflect.Method.invoke(Method.java:580)\n\tat Harness.main(Unknown Source)\nCaused by: java.lang.OutOfMemoryError: GC overhead limit exceeded\n\tat org.apache.derbyTesting.system.oe.util.OERandom.randomAString(OERandom.java:160)\n\tat org.apache.derbyTesting.system.oe.load.SimpleInsert.customerTable(SimpleInsert.java:349)\n\tat org.apache.derbyTesting.system.oe.load.SimpleInsert.populateForOneWarehouse(SimpleInsert.java:148)\n\tat org.apache.derbyTesting.system.oe.load.SimpleInsert.populateAllTables(SimpleInsert.java:127)\n\tat org.apache.derbyTesting.system.oe.load.ThreadInsert.populateAllTables(ThreadInsert.java:127)\n\tat org.dacapo.h2.TPCC.loadData(Unknown Source)\n\tat org.dacapo.h2.TPCC.preIterationMemoryDB(Unknown Source)\n\tat org.dacapo.h2.TPCC.preIteration(Unknown Source)\n\tat java.base/java.lang.invoke.DirectMethodHandle$Holder.invokeVirtual(DirectMethodHandle$Holder)\n\tat java.base/java.lang.invoke.LambdaForm$MH/0x00007617a0018800.invoke(LambdaForm$MH)\n\tat java.base/java.lang.invoke.Invokers$Holder.invokeExact_MT(Invokers$Holder)\n\tat java.base/jdk.internal.reflect.DirectMethodHandleAccessor.invokeImpl(DirectMethodHandleAccessor.java:154)\n\tat java.base/jdk.internal.reflect.DirectMethodHandleAccessor.invoke(DirectMethodHandleAccessor.java:103)\n\tat java.base/java.lang.reflect.Method.invoke(Method.java:580)\n\tat org.dacapo.harness.H2.preIteration(H2.java:95)\n\tat org.dacapo.harness.Benchmark.run(Benchmark.java:237)\n\tat org.dacapo.harness.TestHarness.runBenchmark(TestHarness.java:225)\n\tat org.dacapo.harness.TestHarness.main(TestHarness.java:170)\n\tat java.base/java.lang.invoke.LambdaForm$DMH/0x00007617a0001800.invokeStatic(LambdaForm$DMH)\n\tat java.base/java.lang.invoke.LambdaForm$MH/0x00007617a0002c00.invoke(LambdaForm$MH)\n\tat java.base/java.lang.invoke.Invokers$Holder.invokeExact_MT(Invokers$Holder)\n\tat java.base/jdk.internal.reflect.DirectMethodHandleAccessor.invokeImpl(DirectMethodHandleAccessor.java:154)\n\t... 3 more\n",
    "avg_cpu_usage": 75.2,
    "avg_cpu_time": 75.2,
    "avg_io_time": 0.0,
    "p90_io": 0.0,
    "number_of_pauses": 0,
    "total_pause_time": 0,
    "avg_pause_time": 0,
    "pauses_per_category": {},
    "total_pause_time_per_category": {},
    "avg_pause_time_per_category": {},
    "p90_pause_time": 0,
    "throughput": 0
}