{
    "garbage_collector": "G1",
    "jdk": "HotSpot_21.0.4",
    "benchmark_group": "DaCapo",
    "benchmark_name": "zxing",
    "heap_size": "8192",
    "error": null,
    "avg_cpu_usage": 88.8,
    "avg_cpu_time": 0.3,
    "avg_io_time": 88.3,
    "p90_io": 0.0,
    "number_of_pauses": 45,
    "total_pause_time": 40750647,
    "avg_pause_time": 905569.93,
    "pauses_per_category": {
        "Cleanup": 32,
        "ICBufferFull": 5,
        "G1CollectForAllocation": 8
    },
    "total_pause_time_per_category": {
        "Cleanup": 5965649,
        "ICBufferFull": 843739,
        "G1CollectForAllocation": 33941259
    },
    "avg_pause_time_per_category": {
        "Cleanup": 186426.53,
        "ICBufferFull": 168747.8,
        "G1CollectForAllocation": 4242657.38
    },
    "p90_pause_time": 3077464.0,
    "throughput": 41067311857
}