{
    "garbage_collector": "Parallel",
    "jdk": "HotSpot_21.0.4",
    "benchmark_group": "DaCapo",
    "benchmark_name": "fop",
    "heap_size": "512",
    "error": null,
    "avg_cpu_usage": 40.7,
    "avg_cpu_time": 0.0,
    "avg_io_time": 43.4,
    "p90_io": 0.0,
    "number_of_pauses": 51,
    "total_pause_time": 101559452,
    "avg_pause_time": 1991361.8,
    "pauses_per_category": {
        "ICBufferFull": 26,
        "CollectForMetadataAllocation": 1,
        "ParallelGCFailedAllocation": 24
    },
    "total_pause_time_per_category": {
        "ICBufferFull": 3221102,
        "CollectForMetadataAllocation": 29962432,
        "ParallelGCFailedAllocation": 68375918
    },
    "avg_pause_time_per_category": {
        "ICBufferFull": 123888.54,
        "CollectForMetadataAllocation": 29962432.0,
        "ParallelGCFailedAllocation": 2848996.58
    },
    "p90_pause_time": 3862418.0,
    "throughput": 9144741972
}