{
    "garbage_collector": "G1",
    "jdk": "HotSpot_21.0.4",
    "benchmark_group": "DaCapo",
    "benchmark_name": "spring",
    "heap_size": "256",
    "error": "Return code -9: Process was killed due to timeout\nLoaded 131072 requests\n===== DaCapo 23.11-chopin spring starting warmup 1 =====\nStarting 131072 requests...\nCompleted requests\n===== DaCapo 23.11-chopin spring completed warmup 1 in 77293 msec =====\n===== DaCapo 23.11-chopin spring starting warmup 2 =====\nStarting 131072 requests...\nCompleted requests\n===== DaCapo 23.11-chopin spring completed warmup 2 in 66875 msec =====\n===== DaCapo 23.11-chopin spring starting warmup 3 =====\nStarting 131072 requests...\nCompleted requests\n===== DaCapo 23.11-chopin spring completed warmup 3 in 63927 msec =====\n===== DaCapo 23.11-chopin spring starting warmup 4 =====\nStarting 131072 requests...\nCompleted requests\n===== DaCapo 23.11-chopin spring completed warmup 4 in 57377 msec =====\n===== DaCapo 23.11-chopin spring starting warmup 5 =====\nStarting 131072 requests...\nCompleted requests\n===== DaCapo 23.11-chopin spring completed warmup 5 in 57536 msec =====\n===== DaCapo 23.11-chopin spring starting warmup 6 =====\nStarting 131072 requests...\nCompleted requests\n===== DaCapo 23.11-chopin spring completed warmup 6 in 57286 msec =====\n===== DaCapo 23.11-chopin spring starting warmup 7 =====\nStarting 131072 requests...\nCompleted requests\n===== DaCapo 23.11-chopin spring completed warmup 7 in 57104 msec =====\n===== DaCapo 23.11-chopin spring starting warmup 8 =====\nStarting 131072 requests...\nCompleted requests\n===== DaCapo 23.11-chopin spring completed warmup 8 in 57173 msec =====\n===== DaCapo 23.11-chopin spring starting warmup 9 =====\nStarting 131072 requests...\nCompleted requests\n===== DaCapo 23.11-chopin spring completed warmup 9 in 57337 msec =====\n===== DaCapo 23.11-chopin spring starting =====\nStarting 131072 requests...\n",
    "avg_cpu_usage": 71.0,
    "avg_cpu_time": 71.0,
    "avg_io_time": 0.0,
    "p90_io": 0.0,
    "number_of_pauses": 0,
    "total_pause_time": 0,
    "avg_pause_time": 0,
    "pauses_per_category": {},
    "total_pause_time_per_category": {},
    "avg_pause_time_per_category": {},
    "p90_pause_time": 0,
    "throughput": 0
}