{
    "garbage_collector": "G1",
    "jdk": "HotSpot_21.0.4",
    "benchmark_group": "DaCapo",
    "benchmark_name": "fop",
    "heap_size": "8192",
    "error": null,
    "avg_cpu_usage": 42.0,
    "avg_cpu_time": 0.3,
    "avg_io_time": 43.9,
    "p90_io": 0.0,
    "number_of_pauses": 47,
    "total_pause_time": 102264372,
    "avg_pause_time": 2175837.7,
    "pauses_per_category": {
        "ICBufferFull": 35,
        "CollectForMetadataAllocation": 1,
        "G1PauseRemark": 2,
        "G1PauseCleanup": 2,
        "G1CollectForAllocation": 6,
        "G1TryInitiateConcMark": 1
    },
    "total_pause_time_per_category": {
        "ICBufferFull": 3954693,
        "CollectForMetadataAllocation": 9175354,
        "G1PauseRemark": 5894588,
        "G1PauseCleanup": 563913,
        "G1CollectForAllocation": 72350725,
        "G1TryInitiateConcMark": 10325099
    },
    "avg_pause_time_per_category": {
        "ICBufferFull": 112991.23,
        "CollectForMetadataAllocation": 9175354.0,
        "G1PauseRemark": 2947294.0,
        "G1PauseCleanup": 281956.5,
        "G1CollectForAllocation": 12058454.17,
        "G1TryInitiateConcMark": 10325099.0
    },
    "p90_pause_time": 9877554.2,
    "throughput": 9762731180
}