{
    "garbage_collector": "G1",
    "jdk": "HotSpot_21.0.4",
    "benchmark_group": "DaCapo",
    "benchmark_name": "batik",
    "heap_size": "256",
    "error": "Error code not found: 255\n===== DaCapo 23.11-chopin batik starting warmup 1 =====\njava.lang.reflect.InvocationTargetException\njava.lang.reflect.InvocationTargetException\n\tat java.base/jdk.internal.reflect.DirectMethodHandleAccessor.invoke(DirectMethodHandleAccessor.java:118)\n\tat java.base/java.lang.reflect.Method.invoke(Method.java:580)\n\tat org.dacapo.harness.Batik.iterate(Batik.java:41)\n\tat org.dacapo.harness.Benchmark.run(Benchmark.java:253)\n\tat org.dacapo.harness.TestHarness.runBenchmark(TestHarness.java:225)\n\tat org.dacapo.harness.TestHarness.main(TestHarness.java:170)\n\tat java.base/jdk.internal.reflect.DirectMethodHandleAccessor.invoke(DirectMethodHandleAccessor.java:103)\n\tat java.base/java.lang.reflect.Method.invoke(Method.java:580)\n\tat Harness.main(Unknown Source)\nCaused by: java.lang.OutOfMemoryError: Java heap space\n\tat org.apache.batik.dom.svg.AbstractSVGPathSegList$PathSegListBuilder.linetoHorizontalRel(AbstractSVGPathSegList.java:794)\n\tat org.apache.batik.parser.PathParser.parseh(PathParser.java:233)\n\tat org.apache.batik.parser.PathParser.doParse(PathParser.java:88)\n\tat org.apache.batik.parser.AbstractParser.parse(AbstractParser.java:150)\n\tat org.apache.batik.dom.svg.AbstractSVGPathSegList.doParse(AbstractSVGPathSegList.java:160)\n\tat org.apache.batik.anim.dom.SVGOMAnimatedPathData$BaseSVGPathSegList.revalidate(SVGOMAnimatedPathData.java:372)\n\tat org.apache.batik.anim.dom.SVGOMAnimatedPathData.check(SVGOMAnimatedPathData.java:180)\n\tat org.apache.batik.bridge.SVGPathElementBridge.buildShape(SVGPathElementBridge.java:89)\n\tat org.apache.batik.bridge.SVGShapeElementBridge.createGraphicsNode(SVGShapeElementBridge.java:60)\n\tat org.apache.batik.bridge.GVTBuilder.buildGraphicsNode(GVTBuilder.java:213)\n\tat org.apache.batik.bridge.GVTBuilder.buildComposite(GVTBuilder.java:171)\n\tat org.apache.batik.bridge.GVTBuilder.buildGraphicsNode(GVTBuilder.java:219)\n\tat org.apache.batik.bridge.GVTBuilder.buildComposite(GVTBuilder.java:171)\n\tat org.apache.batik.bridge.GVTBuilder.buildGraphicsNode(GVTBuilder.java:219)\n\tat org.apache.batik.bridge.GVTBuilder.buildComposite(GVTBuilder.java:171)\n\tat org.apache.batik.bridge.GVTBuilder.buildGraphicsNode(GVTBuilder.java:219)\n\tat org.apache.batik.bridge.GVTBuilder.buildComposite(GVTBuilder.java:171)\n\tat org.apache.batik.bridge.GVTBuilder.buildGraphicsNode(GVTBuilder.java:219)\n\tat org.apache.batik.bridge.GVTBuilder.buildComposite(GVTBuilder.java:171)\n\tat org.apache.batik.bridge.GVTBuilder.build(GVTBuilder.java:82)\n\tat org.apache.batik.transcoder.SVGAbstractTranscoder.transcode(SVGAbstractTranscoder.java:210)\n\tat org.apache.batik.transcoder.image.ImageTranscoder.transcode(ImageTranscoder.java:92)\n\tat org.apache.batik.transcoder.XMLAbstractTranscoder.transcode(XMLAbstractTranscoder.java:142)\n\tat org.apache.batik.transcoder.SVGAbstractTranscoder.transcode(SVGAbstractTranscoder.java:158)\n\tat org.apache.batik.apps.rasterizer.SVGConverter.transcode(SVGConverter.java:1008)\n\tat org.apache.batik.apps.rasterizer.SVGConverter.execute(SVGConverter.java:719)\n\tat org.apache.batik.apps.rasterizer.Main.execute(Main.java:956)\n\tat java.base/java.lang.invoke.LambdaForm$DMH/0x000073840c00c400.invokeVirtual(LambdaForm$DMH)\n\tat java.base/java.lang.invoke.LambdaForm$MH/0x000073840c01c800.invoke(LambdaForm$MH)\n\tat java.base/java.lang.invoke.Invokers$Holder.invokeExact_MT(Invokers$Holder)\n\tat java.base/jdk.internal.reflect.DirectMethodHandleAccessor.invokeImpl(DirectMethodHandleAccessor.java:153)\n\tat java.base/jdk.internal.reflect.DirectMethodHandleAccessor.invoke(DirectMethodHandleAccessor.java:103)\n",
    "avg_cpu_usage": 37.8,
    "avg_cpu_time": 37.8,
    "avg_io_time": 1.5,
    "p90_io": 3.95,
    "number_of_pauses": 0,
    "total_pause_time": 0,
    "avg_pause_time": 0,
    "pauses_per_category": {},
    "total_pause_time_per_category": {},
    "avg_pause_time_per_category": {},
    "p90_pause_time": 0,
    "throughput": 0
}