{
    "garbage_collector": "Parallel",
    "jdk": "HotSpot_21.0.4",
    "benchmark_group": "DaCapo",
    "benchmark_name": "spring",
    "heap_size": "512",
    "error": null,
    "avg_cpu_usage": 66.2,
    "avg_cpu_time": 0.0,
    "avg_io_time": 64.2,
    "p90_io": 0.0,
    "number_of_pauses": 14618,
    "total_pause_time": 11753411183,
    "avg_pause_time": 804036.88,
    "pauses_per_category": {
        "ICBufferFull": 20,
        "ParallelGCFailedAllocation": 12313,
        "CollectForMetadataAllocation": 3,
        "ParallelGCSystemGC": 2282
    },
    "total_pause_time_per_category": {
        "ICBufferFull": 2212109,
        "ParallelGCFailedAllocation": 9300945928,
        "CollectForMetadataAllocation": 128365945,
        "ParallelGCSystemGC": 2321887201
    },
    "avg_pause_time_per_category": {
        "ICBufferFull": 110605.45,
        "ParallelGCFailedAllocation": 755376.1,
        "CollectForMetadataAllocation": 42788648.33,
        "ParallelGCSystemGC": 1017479.05
    },
    "p90_pause_time": 1120001.0,
    "throughput": 528780064004
}