{
    "garbage_collector": "G1",
    "jdk": "HotSpot_21.0.4",
    "benchmark_group": "DaCapo",
    "benchmark_name": "eclipse",
    "heap_size": "256",
    "error": null,
    "avg_cpu_usage": 22.4,
    "avg_cpu_time": 0.3,
    "avg_io_time": 22.4,
    "p90_io": 1.2,
    "number_of_pauses": 3098,
    "total_pause_time": 13026591674,
    "avg_pause_time": 4204839.15,
    "pauses_per_category": {
        "G1CollectForAllocation": 1916,
        "ICBufferFull": 59,
        "CollectForMetadataAllocation": 1,
        "G1PauseRemark": 452,
        "G1PauseCleanup": 450,
        "Cleanup": 2,
        "G1TryInitiateConcMark": 218
    },
    "total_pause_time_per_category": {
        "G1CollectForAllocation": 10373048389,
        "ICBufferFull": 7619612,
        "CollectForMetadataAllocation": 3760998,
        "G1PauseRemark": 1874117670,
        "G1PauseCleanup": 94084237,
        "Cleanup": 41115,
        "G1TryInitiateConcMark": 673919653
    },
    "avg_pause_time_per_category": {
        "G1CollectForAllocation": 5413908.34,
        "ICBufferFull": 129145.97,
        "CollectForMetadataAllocation": 3760998.0,
        "G1PauseRemark": 4146278.03,
        "G1PauseCleanup": 209076.08,
        "Cleanup": 20557.5,
        "G1TryInitiateConcMark": 3091374.56
    },
    "p90_pause_time": 7730898.2,
    "throughput": 330632250657
}