{
    "garbage_collector": "Parallel",
    "jdk": "HotSpot_21.0.4",
    "benchmark_group": "DaCapo",
    "benchmark_name": "eclipse",
    "heap_size": "1024",
    "error": null,
    "avg_cpu_usage": 18.5,
    "avg_cpu_time": 0.3,
    "avg_io_time": 17.8,
    "p90_io": 0.0,
    "number_of_pauses": 695,
    "total_pause_time": 4759636005,
    "avg_pause_time": 6848397.13,
    "pauses_per_category": {
        "ICBufferFull": 76,
        "CollectForMetadataAllocation": 1,
        "Cleanup": 7,
        "ParallelGCFailedAllocation": 601,
        "ParallelGCSystemGC": 10
    },
    "total_pause_time_per_category": {
        "ICBufferFull": 8631605,
        "CollectForMetadataAllocation": 25555448,
        "Cleanup": 456600,
        "ParallelGCFailedAllocation": 4377850481,
        "ParallelGCSystemGC": 347141871
    },
    "avg_pause_time_per_category": {
        "ICBufferFull": 113573.75,
        "CollectForMetadataAllocation": 25555448.0,
        "Cleanup": 65228.57,
        "ParallelGCFailedAllocation": 7284277.01,
        "ParallelGCSystemGC": 34714187.1
    },
    "p90_pause_time": 14218813.0,
    "throughput": 300434302157
}