{
    "garbage_collector": "Parallel",
    "jdk": "HotSpot_21.0.4",
    "benchmark_group": "DaCapo",
    "benchmark_name": "zxing",
    "heap_size": "2048",
    "error": null,
    "avg_cpu_usage": 93.4,
    "avg_cpu_time": 0.0,
    "avg_io_time": 93.3,
    "p90_io": 0.0,
    "number_of_pauses": 68,
    "total_pause_time": 144046132,
    "avg_pause_time": 2118325.47,
    "pauses_per_category": {
        "ICBufferFull": 4,
        "ParallelGCFailedAllocation": 32,
        "Cleanup": 17,
        "ParallelGCSystemGC": 15
    },
    "total_pause_time_per_category": {
        "ICBufferFull": 613607,
        "ParallelGCFailedAllocation": 91213109,
        "Cleanup": 2908197,
        "ParallelGCSystemGC": 49311219
    },
    "avg_pause_time_per_category": {
        "ICBufferFull": 153401.75,
        "ParallelGCFailedAllocation": 2850409.66,
        "Cleanup": 171070.41,
        "ParallelGCSystemGC": 3287414.6
    },
    "p90_pause_time": 7341960.2,
    "throughput": 36623144911
}