{
    "garbage_collector": "G1",
    "jdk": "HotSpot_21.0.4",
    "benchmark_group": "DaCapo",
    "benchmark_name": "xalan",
    "heap_size": "8192",
    "error": null,
    "avg_cpu_usage": 95.6,
    "avg_cpu_time": 0.1,
    "avg_io_time": 60.0,
    "p90_io": 0.0,
    "number_of_pauses": 178,
    "total_pause_time": 352595263,
    "avg_pause_time": 1980872.26,
    "pauses_per_category": {
        "ICBufferFull": 11,
        "G1CollectForAllocation": 153,
        "Cleanup": 14
    },
    "total_pause_time_per_category": {
        "ICBufferFull": 1214847,
        "G1CollectForAllocation": 350044330,
        "Cleanup": 1336086
    },
    "avg_pause_time_per_category": {
        "ICBufferFull": 110440.64,
        "G1CollectForAllocation": 2287871.44,
        "Cleanup": 95434.71
    },
    "p90_pause_time": 2608110.4,
    "throughput": 351915009243
}