{
    "garbage_collector": "G1",
    "jdk": "HotSpot_21.0.4",
    "benchmark_group": "DaCapo",
    "benchmark_name": "batik",
    "heap_size": "1024",
    "error": "Error code not found: 255\n===== DaCapo 23.11-chopin batik starting warmup 1 =====\njava.lang.reflect.InvocationTargetException\njava.lang.reflect.InvocationTargetException\n\tat java.base/jdk.internal.reflect.DirectMethodHandleAccessor.invoke(DirectMethodHandleAccessor.java:118)\n\tat java.base/java.lang.reflect.Method.invoke(Method.java:580)\n\tat org.dacapo.harness.Batik.iterate(Batik.java:41)\n\tat org.dacapo.harness.Benchmark.run(Benchmark.java:253)\n\tat org.dacapo.harness.TestHarness.runBenchmark(TestHarness.java:225)\n\tat org.dacapo.harness.TestHarness.main(TestHarness.java:170)\n\tat java.base/jdk.internal.reflect.DirectMethodHandleAccessor.invoke(DirectMethodHandleAccessor.java:103)\n\tat java.base/java.lang.reflect.Method.invoke(Method.java:580)\n\tat Harness.main(Unknown Source)\nCaused by: java.lang.OutOfMemoryError: Java heap space\n\tat java.xml/com.sun.org.apache.xerces.internal.parsers.AbstractSAXParser.parse(AbstractSAXParser.java:1224)\n\tat java.xml/com.sun.org.apache.xerces.internal.jaxp.SAXParserImpl$JAXPSAXParser.parse(SAXParserImpl.java:637)\n\tat org.apache.batik.dom.util.SAXDocumentFactory.createDocument(SAXDocumentFactory.java:453)\n\tat org.apache.batik.dom.util.SAXDocumentFactory.createDocument(SAXDocumentFactory.java:357)\n\tat org.apache.batik.anim.dom.SAXSVGDocumentFactory.createDocument(SAXSVGDocumentFactory.java:203)\n\tat org.apache.batik.anim.dom.SAXSVGDocumentFactory.createDocument(SAXSVGDocumentFactory.java:283)\n\tat org.apache.batik.transcoder.XMLAbstractTranscoder.transcode(XMLAbstractTranscoder.java:129)\n\tat org.apache.batik.transcoder.SVGAbstractTranscoder.transcode(SVGAbstractTranscoder.java:158)\n\tat org.apache.batik.apps.rasterizer.SVGConverter.transcode(SVGConverter.java:1008)\n\tat org.apache.batik.apps.rasterizer.SVGConverter.execute(SVGConverter.java:719)\n\tat org.apache.batik.apps.rasterizer.Main.execute(Main.java:956)\n\tat java.base/java.lang.invoke.LambdaForm$DMH/0x00007c1b3400c400.invokeVirtual(LambdaForm$DMH)\n\tat java.base/java.lang.invoke.LambdaForm$MH/0x00007c1b3401c800.invoke(LambdaForm$MH)\n\tat java.base/java.lang.invoke.Invokers$Holder.invokeExact_MT(Invokers$Holder)\n\tat java.base/jdk.internal.reflect.DirectMethodHandleAccessor.invokeImpl(DirectMethodHandleAccessor.java:153)\n\tat java.base/jdk.internal.reflect.DirectMethodHandleAccessor.invoke(DirectMethodHandleAccessor.java:103)\n\tat java.base/java.lang.reflect.Method.invoke(Method.java:580)\n\tat org.dacapo.harness.Batik.iterate(Batik.java:41)\n\tat org.dacapo.harness.Benchmark.run(Benchmark.java:253)\n\tat org.dacapo.harness.TestHarness.runBenchmark(TestHarness.java:225)\n\tat org.dacapo.harness.TestHarness.main(TestHarness.java:170)\n\tat java.base/java.lang.invoke.LambdaForm$DMH/0x00007c1b34001800.invokeStatic(LambdaForm$DMH)\n\tat java.base/java.lang.invoke.LambdaForm$MH/0x00007c1b34002c00.invoke(LambdaForm$MH)\n\tat java.base/java.lang.invoke.Invokers$Holder.invokeExact_MT(Invokers$Holder)\n\tat java.base/jdk.internal.reflect.DirectMethodHandleAccessor.invokeImpl(DirectMethodHandleAccessor.java:154)\n\t... 3 more\n",
    "avg_cpu_usage": 47.3,
    "avg_cpu_time": 47.3,
    "avg_io_time": 0.2,
    "p90_io": 0.0,
    "number_of_pauses": 0,
    "total_pause_time": 0,
    "avg_pause_time": 0,
    "pauses_per_category": {},
    "total_pause_time_per_category": {},
    "avg_pause_time_per_category": {},
    "p90_pause_time": 0,
    "throughput": 0
}