{
    "garbage_collector": "G1",
    "jdk": "HotSpot_21.0.4",
    "benchmark_group": "DaCapo",
    "benchmark_name": "tradesoap",
    "heap_size": "256",
    "error": "Return code -9: Process was killed due to timeout\nNOTE: Starting watchdog timer with timeout of 9000 seconds. Adjust timeout with the -f command line option.\n===== DaCapo 23.11-chopin tradesoap starting warmup 1 =====\nStarting 73720 requests...\nCompleted requests\n===== DaCapo 23.11-chopin tradesoap completed warmup 1 in 88528 msec =====\n===== DaCapo 23.11-chopin tradesoap starting warmup 2 =====\n\nException: java.lang.OutOfMemoryError thrown from the UncaughtExceptionHandler in thread \"jaeger.RemoteReporter-FlushTimer\"\nException in thread \"activemq-failure-check-thread\" java.lang.OutOfMemoryError: Java heap space\nError adding account: javax.persistence.PersistenceException: org.hibernate.exception.GenericJDBCException: could not extract ResultSet\nError adding account: javax.persistence.PersistenceException: org.hibernate.exception.GenericJDBCException: could not extract ResultSet\nError adding account: javax.persistence.PersistenceException: org.hibernate.exception.GenericJDBCException: could not prepare statement\njavax.persistence.PersistenceException: org.hibernate.exception.GenericJDBCException: could not prepare statement\n\tat org.hibernate@5.3.28.Final//org.hibernate.internal.ExceptionConverterImpl.convert(ExceptionConverterImpl.java:154)\n\tat org.hibernate@5.3.28.Final//org.hibernate.internal.SessionImpl.find(SessionImpl.java:3545)\n\tat org.hibernate@5.3.28.Final//org.hibernate.internal.SessionImpl.find(SessionImpl.java:3474)\n\tat deployment.daytrader-ear-3.0-SNAPSHOT.ear.web.war//org.apache.geronimo.daytrader.javaee6.core.direct.TradeJPADirect.register(TradeJPADirect.java:888)\n\tat deployment.daytrader-ear-3.0-SNAPSHOT.ear.web.war//org.apache.geronimo.daytrader.javaee6.dacapo.DaCapoDBBuilder.addUser(DaCapoDBBuilder.java:230)\n\tat deployment.daytrader-ear-3.0-SNAPSHOT.ear.web.war//org.apache.geronimo.daytrader.javaee6.dacapo.DaCapoDBBuilder.populateUsers(DaCapoDBBuilder.java:141)\n\tat deployment.daytrader-ear-3.0-SNAPSHOT.ear.web.war//org.apache.geronimo.daytrader.javaee6.dacapo.DaCapoDBBuilder.reset(DaCapoDBBuilder.java:101)\n\tat deployment.daytrader-ear-3.0-SNAPSHOT.ear.web.war//org.apache.geronimo.daytrader.javaee6.dacapo.DaCapoTrader.reset(DaCapoTrader.java:103)\n\tat deployment.daytrader-ear-3.0-SNAPSHOT.ear.web.war//org.apache.geronimo.daytrader.javaee6.dacapo.DaCapoTrader.run(DaCapoTrader.java:139)\nCaused by: org.hibernate.exception.GenericJDBCException: could not prepare statement\n\tat org.hibernate@5.3.28.Final//org.hibernate.exception.internal.StandardSQLExceptionConverter.convert(StandardSQLExceptionConverter.java:47)\n\tat org.hibernate@5.3.28.Final//org.hibernate.engine.jdbc.spi.SqlExceptionHelper.convert(SqlExceptionHelper.java:113)\n\tat org.hibernate@5.3.28.Final//org.hibernate.engine.jdbc.internal.StatementPreparerImpl$StatementPreparationTemplate.prepareStatement(StatementPreparerImpl.java:186)\n\tat org.hibernate@5.3.28.Final//org.hibernate.engine.jdbc.internal.StatementPreparerImpl.prepareQueryStatement(StatementPreparerImpl.java:151)\n\tat org.hibernate@5.3.28.Final//org.hibernate.loader.plan.exec.internal.AbstractLoadPlanBasedLoader.prepareQueryStatement(AbstractLoadPlanBasedLoader.java:207)\n\tat org.hibernate@5.3.28.Final//org.hibernate.loader.plan.exec.internal.AbstractLoadPlanBasedLoader.executeQueryStatement(AbstractLoadPlanBasedLoader.java:171)\n\tat org.hibernate@5.3.28.Final//org.hibernate.loader.plan.exec.internal.AbstractLoadPlanBasedLoader.executeLoad(AbstractLoadPlanBasedLoader.java:106)\n\tat org.hibernate@5.3.28.Final//org.hibernate.loader.entity.plan.AbstractLoadPlanBasedEntityLoader.load(AbstractLoadPlanBasedEntityLoader.java:191)\n\tat org.hibernate@5.3.28.Final//org.hibernate.persister.entity.AbstractEntityPersister.load(AbstractEntityPersister.java:4290)\n\tat org.hibernate@5.3.28.Final//org.hibernate.event.internal.DefaultLoadEventListener.loadFromDatasource(DefaultLoadEventListener.java:604)\n\tat org.hibernate@5.3.28.Final//org.hibernate.event.internal.DefaultLoadEventListener.doLoad(DefaultLoadEventListener.java:572)\n\tat org.hibernate@5.3.28.Final//org.hibernate.event.internal.DefaultLoadEventListener.load(DefaultLoadEventListener.java:226)\n\tat org.hibernate@5.3.28.Final//org.hibernate.event.internal.DefaultLoadEventListener.proxyOrLoad(DefaultLoadEventListener.java:350)\n\tat org.hibernate@5.3.28.Final//org.hibernate.event.internal.DefaultLoadEventListener.doOnLoad(DefaultLoadEventListener.java:127)\n\tat org.hibernate@5.3.28.Final//org.hibernate.event.internal.DefaultLoadEventListener.onLoad(DefaultLoadEventListener.java:93)\n\tat org.hibernate@5.3.28.Final//org.hibernate.internal.SessionImpl.fireLoadNoChecks(SessionImpl.java:1277)\n\tat org.hibernate@5.3.28.Final//org.hibernate.internal.SessionImpl.fireLoad(SessionImpl.java:1265)\n\tat org.hibernate@5.3.28.Final//org.hibernate.internal.SessionImpl.access$2000(SessionImpl.java:208)\n\tat org.hibernate@5.3.28.Final//org.hibernate.internal.SessionImpl$IdentifierLoadAccessImpl.doLoad(SessionImpl.java:2901)\n\tat org.hibernate@5.3.28.Final//org.hibernate.internal.SessionImpl$IdentifierLoadAccessImpl.load(SessionImpl.java:2875)\n\tat org.hibernate@5.3.28.Final//org.hibernate.internal.SessionImpl.find(SessionImpl.java:3510)\n\t... 7 more\nCaused by: org.h2.jdbc.JdbcSQLException: The database has been closed [90098-197]\n\tat com.h2database.h2@1.4.197//org.h2.message.DbException.getJdbcSQLException(DbException.java:357)\n\tat com.h2database.h2@1.4.197//org.h2.message.DbException.get(DbException.java:179)\n\tat com.h2database.h2@1.4.197//org.h2.message.DbException.get(DbException.java:155)\n\tat com.h2database.h2@1.4.197//org.h2.message.DbException.get(DbException.java:144)\n\tat com.h2database.h2@1.4.197//org.h2.engine.Database.checkPowerOff(Database.java:536)\n\tat com.h2database.h2@1.4.197//org.h2.command.Command.executeUpdate(Command.java:286)\n\tat com.h2database.h2@1.4.197//org.h2.jdbc.JdbcConnection.commit(JdbcConnection.java:497)\n\tat com.h2database.h2@1.4.197//org.h2.jdbc.JdbcConnection.setAutoCommit(JdbcConnection.java:457)\n\tat org.jboss.ironjacamar.jdbcadapters@1.5.3.Final//org.jboss.jca.adapters.jdbc.BaseWrapperManagedConnection.checkTransaction(BaseWrapperManagedConnection.java:924)\n\tat org.jboss.ironjacamar.jdbcadapters@1.5.3.Final//org.jboss.jca.adapters.jdbc.WrappedConnection.checkTransaction(WrappedConnection.java:1995)\n\tat org.jboss.ironjacamar.jdbcadapters@1.5.3.Final//org.jboss.jca.adapters.jdbc.WrappedConnection.prepareStatement(WrappedConnection.java:472)\n\tat org.hibernate@5.3.28.Final//org.hibernate.engine.jdbc.internal.StatementPreparerImpl$5.doPrepare(StatementPreparerImpl.java:149)\n\tat org.hibernate@5.3.28.Final//org.hibernate.engine.jdbc.internal.StatementPreparerImpl$StatementPreparationTemplate.prepareStatement(StatementPreparerImpl.java:176)\n\t... 25 more\nError adding account: javax.persistence.PersistenceException: org.hibernate.exception.GenericJDBCException: could not extract ResultSet\njavax.persistence.PersistenceException: org.hibernate.exception.GenericJDBCException: could not extract ResultSet\n\tat org.hibernate@5.3.28.Final//org.hibernate.internal.ExceptionConverterImpl.convert(ExceptionConverterImpl.java:154)\n\tat org.hibernate@5.3.28.Final//org.hibernate.internal.SessionImpl.find(SessionImpl.java:3545)\n\tat org.hibernate@5.3.28.Final//org.hibernate.internal.SessionImpl.find(SessionImpl.java:3474)\n\tat deployment.daytrader-ear-3.0-SNAPSHOT.ear.web.war//org.apache.geronimo.daytrader.javaee6.core.direct.TradeJPADirect.register(TradeJPADirect.java:888)\n\tat deployment.daytrader-ear-3.0-SNAPSHOT.ear.web.war//org.apache.geronimo.daytrader.javaee6.dacapo.DaCapoDBBuilder.addUser(DaCapoDBBuilder.java:230)\n\tat deployment.daytrader-ear-3.0-SNAPSHOT.ear.web.war//org.apache.geronimo.daytrader.javaee6.dacapo.DaCapoDBBuilder.populateUsers(DaCapoDBBuilder.java:141)\n\tat deployment.daytrader-ear-3.0-SNAPSHOT.ear.web.war//org.apache.geronimo.daytrader.javaee6.dacapo.DaCapoDBBuilder.reset(DaCapoDBBuilder.java:101)\n\tat deployment.daytrader-ear-3.0-SNAPSHOT.ear.web.war//org.apache.geronimo.daytrader.javaee6.dacapo.DaCapoTrader.reset(DaCapoTrader.java:103)\n\tat deployment.daytrader-ear-3.0-SNAPSHOT.ear.web.war//org.apache.geronimo.daytrader.javaee6.dacapo.DaCapoTrader.run(DaCapoTrader.java:139)\nCaused by: org.hibernate.exception.GenericJDBCException: could not extract ResultSet\n\tat org.hibernate@5.3.28.Final//org.hibernate.exception.internal.StandardSQLExceptionConverter.convert(StandardSQLExceptionConverter.java:47)\n\tat org.hibernate@5.3.28.Final//org.hibernate.engine.jdbc.spi.SqlExceptionHelper.convert(SqlExceptionHelper.java:113)\n\tat org.hibernate@5.3.28.Final//org.hibernate.engine.jdbc.spi.SqlExceptionHelper.convert(SqlExceptionHelper.java:99)\n\tat org.hibernate@5.3.28.Final//org.hibernate.engine.jdbc.internal.ResultSetReturnImpl.extract(ResultSetReturnImpl.java:69)\n\tat org.hibernate@5.3.28.Final//org.hibernate.loader.plan.exec.internal.AbstractLoadPlanBasedLoader.getResultSet(AbstractLoadPlanBasedLoader.java:400)\n\tat org.hibernate@5.3.28.Final//org.hibernate.loader.plan.exec.internal.AbstractLoadPlanBasedLoader.executeQueryStatement(AbstractLoadPlanBasedLoader.java:172)\n\tat org.hibernate@5.3.28.Final//org.hibernate.loader.plan.exec.internal.AbstractLoadPlanBasedLoader.executeLoad(AbstractLoadPlanBasedLoader.java:106)\n\tat org.hibernate@5.3.28.Final//org.hibernate.loader.entity.plan.AbstractLoadPlanBasedEntityLoader.load(AbstractLoadPlanBasedEntityLoader.java:191)\n\tat org.hibernate@5.3.28.Final//org.hibernate.persister.entity.AbstractEntityPersister.load(AbstractEntityPersister.java:4290)\n\tat org.hibernate@5.3.28.Final//org.hibernate.event.internal.DefaultLoadEventListener.loadFromDatasource(DefaultLoadEventListener.java:604)\n\tat org.hibernate@5.3.28.Final//org.hibernate.event.internal.DefaultLoadEventListener.doLoad(DefaultLoadEventListener.java:572)\n\tat org.hibernate@5.3.28.Final//org.hibernate.event.internal.DefaultLoadEventListener.load(DefaultLoadEventListener.java:226)\n\tat org.hibernate@5.3.28.Final//org.hibernate.event.internal.DefaultLoadEventListener.proxyOrLoad(DefaultLoadEventListener.java:350)\n\tat org.hibernate@5.3.28.Final//org.hibernate.event.internal.DefaultLoadEventListener.doOnLoad(DefaultLoadEventListener.java:127)\n\tat org.hibernate@5.3.28.Final//org.hibernate.event.internal.DefaultLoadEventListener.onLoad(DefaultLoadEventListener.java:93)\n\tat org.hibernate@5.3.28.Final//org.hibernate.internal.SessionImpl.fireLoadNoChecks(SessionImpl.java:1277)\n\tat org.hibernate@5.3.28.Final//org.hibernate.internal.SessionImpl.fireLoad(SessionImpl.java:1265)\n\tat org.hibernate@5.3.28.Final//org.hibernate.internal.SessionImpl.access$2000(SessionImpl.java:208)\n\tat org.hibernate@5.3.28.Final//org.hibernate.internal.SessionImpl$IdentifierLoadAccessImpl.doLoad(SessionImpl.java:2901)\n\tat org.hibernate@5.3.28.Final//org.hibernate.internal.SessionImpl$IdentifierLoadAccessImpl.load(SessionImpl.java:2875)\n\tat org.hibernate@5.3.28.Final//org.hibernate.internal.SessionImpl.find(SessionImpl.java:3510)\n\t... 7 more\nCaused by: org.h2.jdbc.JdbcSQLException: The database has been closed [90098-197]\n\tat com.h2database.h2@1.4.197//org.h2.message.DbException.getJdbcSQLException(DbException.java:357)\n\tat com.h2database.h2@1.4.197//org.h2.message.DbException.get(DbException.java:179)\n\tat com.h2database.h2@1.4.197//org.h2.message.DbException.get(DbException.java:155)\n\tat com.h2database.h2@1.4.197//org.h2.message.DbException.get(DbException.java:144)\n\tat com.h2database.h2@1.4.197//org.h2.engine.Database.checkPowerOff(Database.java:536)\n\tat com.h2database.h2@1.4.197//org.h2.command.Command.executeQuery(Command.java:228)\n\tat com.h2database.h2@1.4.197//org.h2.jdbc.JdbcPreparedStatement.executeQuery(JdbcPreparedStatement.java:114)\n\tat org.jboss.ironjacamar.jdbcadapters@1.5.3.Final//org.jboss.jca.adapters.jdbc.WrappedPreparedStatement.executeQuery(WrappedPreparedStatement.java:504)\n\tat org.hibernate@5.3.28.Final//org.hibernate.engine.jdbc.internal.ResultSetReturnImpl.extract(ResultSetReturnImpl.java:60)\n\t... 24 more\nError adding account: javax.persistence.PersistenceException: org.hibernate.exception.GenericJDBCException: could not extract ResultSet\njavax.persistence.PersistenceException: org.hibernate.exception.GenericJDBCException: could not extract ResultSet\n\tat org.hibernate@5.3.28.Final//org.hibernate.internal.ExceptionConverterImpl.convert(ExceptionConverterImpl.java:154)\n\tat org.hibernate@5.3.28.Final//org.hibernate.internal.SessionImpl.find(SessionImpl.java:3545)\n\tat org.hibernate@5.3.28.Final//org.hibernate.internal.SessionImpl.find(SessionImpl.java:3474)\n\tat deployment.daytrader-ear-3.0-SNAPSHOT.ear.web.war//org.apache.geronimo.daytrader.javaee6.core.direct.TradeJPADirect.register(TradeJPADirect.java:888)\n\tat deployment.daytrader-ear-3.0-SNAPSHOT.ear.web.war//org.apache.geronimo.daytrader.javaee6.dacapo.DaCapoDBBuilder.addUser(DaCapoDBBuilder.java:230)\n\tat deployment.daytrader-ear-3.0-SNAPSHOT.ear.web.war//org.apache.geronimo.daytrader.javaee6.dacapo.DaCapoDBBuilder.populateUsers(DaCapoDBBuilder.java:141)\n\tat deployment.daytrader-ear-3.0-SNAPSHOT.ear.web.war//org.apache.geronimo.daytrader.javaee6.dacapo.DaCapoDBBuilder.reset(DaCapoDBBuilder.java:101)\n\tat deployment.daytrader-ear-3.0-SNAPSHOT.ear.web.war//org.apache.geronimo.daytrader.javaee6.dacapo.DaCapoTrader.reset(DaCapoTrader.java:103)\n\tat deployment.daytrader-ear-3.0-SNAPSHOT.ear.web.war//org.apache.geronimo.daytrader.javaee6.dacapo.DaCapoTrader.run(DaCapoTrader.java:139)\nCaused by: org.hibernate.exception.GenericJDBCException: could not extract ResultSet\n\tat org.hibernate@5.3.28.Final//org.hibernate.exception.internal.StandardSQLExceptionConverter.convert(StandardSQLExceptionConverter.java:47)\n\tat org.hibernate@5.3.28.Final//org.hibernate.engine.jdbc.spi.SqlExceptionHelper.convert(SqlExceptionHelper.java:113)\n\tat org.hibernate@5.3.28.Final//org.hibernate.engine.jdbc.spi.SqlExceptionHelper.convert(SqlExceptionHelper.java:99)\n\tat org.hibernate@5.3.28.Final//org.hibernate.engine.jdbc.internal.ResultSetReturnImpl.extract(ResultSetReturnImpl.java:69)\n\tat org.hibernate@5.3.28.Final//org.hibernate.loader.plan.exec.internal.AbstractLoadPlanBasedLoader.getResultSet(AbstractLoadPlanBasedLoader.java:400)\n\tat org.hibernate@5.3.28.Final//org.hibernate.loader.plan.exec.internal.AbstractLoadPlanBasedLoader.executeQueryStatement(AbstractLoadPlanBasedLoader.java:172)\n\tat org.hibernate@5.3.28.Final//org.hibernate.loader.plan.exec.internal.AbstractLoadPlanBasedLoader.executeLoad(AbstractLoadPlanBasedLoader.java:106)\n\tat org.hibernate@5.3.28.Final//org.hibernate.loader.entity.plan.AbstractLoadPlanBasedEntityLoader.load(AbstractLoadPlanBasedEntityLoader.java:191)\n\tat org.hibernate@5.3.28.Final//org.hibernate.persister.entity.AbstractEntityPersister.load(AbstractEntityPersister.java:4290)\n\tat org.hibernate@5.3.28.Final//org.hibernate.event.internal.DefaultLoadEventListener.loadFromDatasource(DefaultLoadEventListener.java:604)\n\tat org.hibernate@5.3.28.Final//org.hibernate.event.internal.DefaultLoadEventListener.doLoad(DefaultLoadEventListener.java:572)\n\tat org.hibernate@5.3.28.Final//org.hibernate.event.internal.DefaultLoadEventListener.load(DefaultLoadEventListener.java:226)\n\tat org.hibernate@5.3.28.Final//org.hibernate.event.internal.DefaultLoadEventListener.proxyOrLoad(DefaultLoadEventListener.java:350)\n\tat org.hibernate@5.3.28.Final//org.hibernate.event.internal.DefaultLoadEventListener.doOnLoad(DefaultLoadEventListener.java:127)\n\tat org.hibernate@5.3.28.Final//org.hibernate.event.internal.DefaultLoadEventListener.onLoad(DefaultLoadEventListener.java:93)\n\tat org.hibernate@5.3.28.Final//org.hibernate.internal.SessionImpl.fireLoadNoChecks(SessionImpl.java:1277)\n\tat org.hibernate@5.3.28.Final//org.hibernate.internal.SessionImpl.fireLoad(SessionImpl.java:1265)\n\tat org.hibernate@5.3.28.Final//org.hibernate.internal.SessionImpl.access$2000(SessionImpl.java:208)\n\tat org.hibernate@5.3.28.Final//org.hibernate.internal.SessionImpl$IdentifierLoadAccessImpl.doLoad(SessionImpl.java:2901)\n\tat org.hibernate@5.3.28.Final//org.hibernate.internal.SessionImpl$IdentifierLoadAccessImpl.load(SessionImpl.java:2875)\n\tat org.hibernate@5.3.28.Final//org.hibernate.internal.SessionImpl.find(SessionImpl.java:3510)\n\t... 7 more\nCaused by: org.h2.jdbc.JdbcSQLException: The database has been closed [90098-197]\n\tat com.h2database.h2@1.4.197//org.h2.message.DbException.getJdbcSQLException(DbException.java:357)\n\tat com.h2database.h2@1.4.197//org.h2.message.DbException.get(DbException.java:179)\n\tat com.h2database.h2@1.4.197//org.h2.message.DbException.get(DbException.java:155)\n\tat com.h2database.h2@1.4.197//org.h2.message.DbException.get(DbException.java:144)\n\tat com.h2database.h2@1.4.197//org.h2.engine.Database.checkPowerOff(Database.java:536)\n\tat com.h2database.h2@1.4.197//org.h2.command.Command.executeQuery(Command.java:228)\n\tat com.h2database.h2@1.4.197//org.h2.jdbc.JdbcPreparedStatement.executeQuery(JdbcPreparedStatement.java:114)\n\tat org.jboss.ironjacamar.jdbcadapters@1.5.3.Final//org.jboss.jca.adapters.jdbc.WrappedPreparedStatement.executeQuery(WrappedPreparedStatement.java:504)\n\tat org.hibernate@5.3.28.Final//org.hibernate.engine.jdbc.internal.ResultSetReturnImpl.extract(ResultSetReturnImpl.java:60)\n\t... 24 more\nError adding account: javax.persistence.PersistenceException: org.hibernate.exception.GenericJDBCException: could not prepare statement\njavax.persistence.PersistenceException: org.hibernate.exception.GenericJDBCException: could not prepare statement\n\tat org.hibernate@5.3.28.Final//org.hibernate.internal.ExceptionConverterImpl.convert(ExceptionConverterImpl.java:154)\n\tat org.hibernate@5.3.28.Final//org.hibernate.internal.SessionImpl.find(SessionImpl.java:3545)\n\tat org.hibernate@5.3.28.Final//org.hibernate.internal.SessionImpl.find(SessionImpl.java:3474)\n\tat deployment.daytrader-ear-3.0-SNAPSHOT.ear.web.war//org.apache.geronimo.daytrader.javaee6.core.direct.TradeJPADirect.register(TradeJPADirect.java:888)\n\tat deployment.daytrader-ear-3.0-SNAPSHOT.ear.web.war//org.apache.geronimo.daytrader.javaee6.dacapo.DaCapoDBBuilder.addUser(DaCapoDBBuilder.java:230)\n\tat deployment.daytrader-ear-3.0-SNAPSHOT.ear.web.war//org.apache.geronimo.daytrader.javaee6.dacapo.DaCapoDBBuilder.populateUsers(DaCapoDBBuilder.java:141)\n\tat deployment.daytrader-ear-3.0-SNAPSHOT.ear.web.war//org.apache.geronimo.daytrader.javaee6.dacapo.DaCapoDBBuilder.reset(DaCapoDBBuilder.java:101)\n\tat deployment.daytrader-ear-3.0-SNAPSHOT.ear.web.war//org.apache.geronimo.daytrader.javaee6.dacapo.DaCapoTrader.reset(DaCapoTrader.java:103)\n\tat deployment.daytrader-ear-3.0-SNAPSHOT.ear.web.war//org.apache.geronimo.daytrader.javaee6.dacapo.DaCapoTrader.run(DaCapoTrader.java:139)\nCaused by: org.hibernate.exception.GenericJDBCException: could not prepare statement\n\tat org.hibernate@5.3.28.Final//org.hibernate.exception.internal.StandardSQLExceptionConverter.convert(StandardSQLExceptionConverter.java:47)\n\tat org.hibernate@5.3.28.Final//org.hibernate.engine.jdbc.spi.SqlExceptionHelper.convert(SqlExceptionHelper.java:113)\n\tat org.hibernate@5.3.28.Final//org.hibernate.engine.jdbc.internal.StatementPreparerImpl$StatementPreparationTemplate.prepareStatement(StatementPreparerImpl.java:186)\n\tat org.hibernate@5.3.28.Final//org.hibernate.engine.jdbc.internal.StatementPreparerImpl.prepareQueryStatement(StatementPreparerImpl.java:151)\n\tat org.hibernate@5.3.28.Final//org.hibernate.loader.plan.exec.internal.AbstractLoadPlanBasedLoader.prepareQueryStatement(AbstractLoadPlanBasedLoader.java:207)\n\tat org.hibernate@5.3.28.Final//org.hibernate.loader.plan.exec.internal.AbstractLoadPlanBasedLoader.executeQueryStatement(AbstractLoadPlanBasedLoader.java:171)\n\tat org.hibernate@5.3.28.Final//org.hibernate.loader.plan.exec.internal.AbstractLoadPlanBasedLoader.executeLoad(AbstractLoadPlanBasedLoader.java:106)\n\tat org.hibernate@5.3.28.Final//org.hibernate.loader.entity.plan.AbstractLoadPlanBasedEntityLoader.load(AbstractLoadPlanBasedEntityLoader.java:191)\n\tat org.hibernate@5.3.28.Final//org.hibernate.persister.entity.AbstractEntityPersister.load(AbstractEntityPersister.java:4290)\n\tat org.hibernate@5.3.28.Final//org.hibernate.event.internal.DefaultLoadEventListener.loadFromDatasource(DefaultLoadEventListener.java:604)\n\tat org.hibernate@5.3.28.Final//org.hibernate.event.internal.DefaultLoadEventListener.doLoad(DefaultLoadEventListener.java:572)\n\tat org.hibernate@5.3.28.Final//org.hibernate.event.internal.DefaultLoadEventListener.load(DefaultLoadEventListener.java:226)\n\tat org.hibernate@5.3.28.Final//org.hibernate.event.internal.DefaultLoadEventListener.proxyOrLoad(DefaultLoadEventListener.java:350)\n\tat org.hibernate@5.3.28.Final//org.hibernate.event.internal.DefaultLoadEventListener.doOnLoad(DefaultLoadEventListener.java:127)\n\tat org.hibernate@5.3.28.Final//org.hibernate.event.internal.DefaultLoadEventListener.onLoad(DefaultLoadEventListener.java:93)\n\tat org.hibernate@5.3.28.Final//org.hibernate.internal.SessionImpl.fireLoadNoChecks(SessionImpl.java:1277)\n\tat org.hibernate@5.3.28.Final//org.hibernate.internal.SessionImpl.fireLoad(SessionImpl.java:1265)\n\tat org.hibernate@5.3.28.Final//org.hibernate.internal.SessionImpl.access$2000(SessionImpl.java:208)\n\tat org.hibernate@5.3.28.Final//org.hibernate.internal.SessionImpl$IdentifierLoadAccessImpl.doLoad(SessionImpl.java:2901)\n\tat org.hibernate@5.3.28.Final//org.hibernate.internal.SessionImpl$IdentifierLoadAccessImpl.load(SessionImpl.java:2875)\n\tat org.hibernate@5.3.28.Final//org.hibernate.internal.SessionImpl.find(SessionImpl.java:3510)\n\t... 7 more\nCaused by: org.h2.jdbc.JdbcSQLException: The database has been closed [90098-197]\n\tat com.h2database.h2@1.4.197//org.h2.message.DbException.getJdbcSQLException(DbException.java:357)\n\tat com.h2database.h2@1.4.197//org.h2.message.DbException.get(DbException.java:179)\n\tat com.h2database.h2@1.4.197//org.h2.message.DbException.get(DbException.java:155)\n\tat com.h2database.h2@1.4.197//org.h2.message.DbException.get(DbException.java:144)\n\tat com.h2database.h2@1.4.197//org.h2.engine.Database.checkPowerOff(Database.java:536)\n\tat com.h2database.h2@1.4.197//org.h2.command.Command.executeUpdate(Command.java:286)\n\tat com.h2database.h2@1.4.197//org.h2.jdbc.JdbcConnection.commit(JdbcConnection.java:497)\n\tat com.h2database.h2@1.4.197//org.h2.jdbc.JdbcConnection.setAutoCommit(JdbcConnection.java:457)\n\tat org.jboss.ironjacamar.jdbcadapters@1.5.3.Final//org.jboss.jca.adapters.jdbc.BaseWrapperManagedConnection.checkTransaction(BaseWrapperManagedConnection.java:924)\n\tat org.jboss.ironjacamar.jdbcadapters@1.5.3.Final//org.jboss.jca.adapters.jdbc.WrappedConnection.checkTransaction(WrappedConnection.java:1995)\n\tat org.jboss.ironjacamar.jdbcadapters@1.5.3.Final//org.jboss.jca.adapters.jdbc.WrappedConnection.prepareStatement(WrappedConnection.java:472)\n\tat org.hibernate@5.3.28.Final//org.hibernate.engine.jdbc.internal.StatementPreparerImpl$5.doPrepare(StatementPreparerImpl.java:149)\n\tat org.hibernate@5.3.28.Final//org.hibernate.engine.jdbc.internal.StatementPreparerImpl$StatementPreparationTemplate.prepareStatement(StatementPreparerImpl.java:176)\n\t... 25 more\njavax.persistence.PersistenceException: org.hibernate.exception.GenericJDBCException: could not extract ResultSet\n\tat org.hibernate@5.3.28.Final//org.hibernate.internal.ExceptionConverterImpl.convert(ExceptionConverterImpl.java:154)\n\tat org.hibernate@5.3.28.Final//org.hibernate.internal.SessionImpl.find(SessionImpl.java:3545)\n\tat org.hibernate@5.3.28.Final//org.hibernate.internal.SessionImpl.find(SessionImpl.java:3474)\n\tat deployment.daytrader-ear-3.0-SNAPSHOT.ear.web.war//org.apache.geronimo.daytrader.javaee6.core.direct.TradeJPADirect.register(TradeJPADirect.java:888)\n\tat deployment.daytrader-ear-3.0-SNAPSHOT.ear.web.war//org.apache.geronimo.daytrader.javaee6.dacapo.DaCapoDBBuilder.addUser(DaCapoDBBuilder.java:230)\n\tat deployment.daytrader-ear-3.0-SNAPSHOT.ear.web.war//org.apache.geronimo.daytrader.javaee6.dacapo.DaCapoDBBuilder.populateUsers(DaCapoDBBuilder.java:141)\n\tat deployment.daytrader-ear-3.0-SNAPSHOT.ear.web.war//org.apache.geronimo.daytrader.javaee6.dacapo.DaCapoDBBuilder.reset(DaCapoDBBuilder.java:101)\n\tat deployment.daytrader-ear-3.0-SNAPSHOT.ear.web.war//org.apache.geronimo.daytrader.javaee6.dacapo.DaCapoTrader.reset(DaCapoTrader.java:103)\n\tat deployment.daytrader-ear-3.0-SNAPSHOT.ear.web.war//org.apache.geronimo.daytrader.javaee6.dacapo.DaCapoTrader.run(DaCapoTrader.java:139)\nCaused by: org.hibernate.exception.GenericJDBCException: could not extract ResultSet\n\tat org.hibernate@5.3.28.Final//org.hibernate.exception.internal.StandardSQLExceptionConverter.convert(StandardSQLExceptionConverter.java:47)\n\tat org.hibernate@5.3.28.Final//org.hibernate.engine.jdbc.spi.SqlExceptionHelper.convert(SqlExceptionHelper.java:113)\n\tat org.hibernate@5.3.28.Final//org.hibernate.engine.jdbc.spi.SqlExceptionHelper.convert(SqlExceptionHelper.java:99)\n\tat org.hibernate@5.3.28.Final//org.hibernate.engine.jdbc.internal.ResultSetReturnImpl.extract(ResultSetReturnImpl.java:69)\n\tat org.hibernate@5.3.28.Final//org.hibernate.loader.plan.exec.internal.AbstractLoadPlanBasedLoader.getResultSet(AbstractLoadPlanBasedLoader.java:400)\n\tat org.hibernate@5.3.28.Final//org.hibernate.loader.plan.exec.internal.AbstractLoadPlanBasedLoader.executeQueryStatement(AbstractLoadPlanBasedLoader.java:172)\n\tat org.hibernate@5.3.28.Final//org.hibernate.loader.plan.exec.internal.AbstractLoadPlanBasedLoader.executeLoad(AbstractLoadPlanBasedLoader.java:106)\n\tat org.hibernate@5.3.28.Final//org.hibernate.loader.entity.plan.AbstractLoadPlanBasedEntityLoader.load(AbstractLoadPlanBasedEntityLoader.java:191)\n\tat org.hibernate@5.3.28.Final//org.hibernate.persister.entity.AbstractEntityPersister.load(AbstractEntityPersister.java:4290)\n\tat org.hibernate@5.3.28.Final//org.hibernate.event.internal.DefaultLoadEventListener.loadFromDatasource(DefaultLoadEventListener.java:604)\n\tat org.hibernate@5.3.28.Final//org.hibernate.event.internal.DefaultLoadEventListener.doLoad(DefaultLoadEventListener.java:572)\n\tat org.hibernate@5.3.28.Final//org.hibernate.event.internal.DefaultLoadEventListener.load(DefaultLoadEventListener.java:226)\n\tat org.hibernate@5.3.28.Final//org.hibernate.event.internal.DefaultLoadEventListener.proxyOrLoad(DefaultLoadEventListener.java:350)\n\tat org.hibernate@5.3.28.Final//org.hibernate.event.internal.DefaultLoadEventListener.doOnLoad(DefaultLoadEventListener.java:127)\n\tat org.hibernate@5.3.28.Final//org.hibernate.event.internal.DefaultLoadEventListener.onLoad(DefaultLoadEventListener.java:93)\n\tat org.hibernate@5.3.28.Final//org.hibernate.internal.SessionImpl.fireLoadNoChecks(SessionImpl.java:1277)\n\tat org.hibernate@5.3.28.Final//org.hibernate.internal.SessionImpl.fireLoad(SessionImpl.java:1265)\n\tat org.hibernate@5.3.28.Final//org.hibernate.internal.SessionImpl.access$2000(SessionImpl.java:208)\n\tat org.hibernate@5.3.28.Final//org.hibernate.internal.SessionImpl$IdentifierLoadAccessImpl.doLoad(SessionImpl.java:2901)\n\tat org.hibernate@5.3.28.Final//org.hibernate.internal.SessionImpl$IdentifierLoadAccessImpl.load(SessionImpl.java:2875)\n\tat org.hibernate@5.3.28.Final//org.hibernate.internal.SessionImpl.find(SessionImpl.java:3510)\n\t... 7 more\nCaused by: org.h2.jdbc.JdbcSQLException: The database has been closed [90098-197]\n\tat com.h2database.h2@1.4.197//org.h2.message.DbException.getJdbcSQLException(DbException.java:357)\n\tat com.h2database.h2@1.4.197//org.h2.message.DbException.get(DbException.java:179)\n\tat com.h2database.h2@1.4.197//org.h2.message.DbException.get(DbException.java:155)\n\tat com.h2database.h2@1.4.197//org.h2.message.DbException.get(DbException.java:144)\n\tat com.h2database.h2@1.4.197//org.h2.engine.Database.checkPowerOff(Database.java:536)\n\tat com.h2database.h2@1.4.197//org.h2.command.Command.executeQuery(Command.java:228)\n\tat com.h2database.h2@1.4.197//org.h2.jdbc.JdbcPreparedStatement.executeQuery(JdbcPreparedStatement.java:114)\n\tat org.jboss.ironjacamar.jdbcadapters@1.5.3.Final//org.jboss.jca.adapters.jdbc.WrappedPreparedStatement.executeQuery(WrappedPreparedStatement.java:504)\n\tat org.hibernate@5.3.28.Final//org.hibernate.engine.jdbc.internal.ResultSetReturnImpl.extract(ResultSetReturnImpl.java:60)\n\t... 24 more\nError adding account: javax.persistence.PersistenceException: org.hibernate.exception.GenericJDBCException: could not extract ResultSet\njavax.persistence.PersistenceException: org.hibernate.exception.GenericJDBCException: could not extract ResultSet\n\tat org.hibernate@5.3.28.Final//org.hibernate.internal.ExceptionConverterImpl.convert(ExceptionConverterImpl.java:154)\n\tat org.hibernate@5.3.28.Final//org.hibernate.internal.SessionImpl.find(SessionImpl.java:3545)\n\tat org.hibernate@5.3.28.Final//org.hibernate.internal.SessionImpl.find(SessionImpl.java:3474)\n\tat deployment.daytrader-ear-3.0-SNAPSHOT.ear.web.war//org.apache.geronimo.daytrader.javaee6.core.direct.TradeJPADirect.register(TradeJPADirect.java:888)\n\tat deployment.daytrader-ear-3.0-SNAPSHOT.ear.web.war//org.apache.geronimo.daytrader.javaee6.dacapo.DaCapoDBBuilder.addUser(DaCapoDBBuilder.java:230)\n\tat deployment.daytrader-ear-3.0-SNAPSHOT.ear.web.war//org.apache.geronimo.daytrader.javaee6.dacapo.DaCapoDBBuilder.populateUsers(DaCapoDBBuilder.java:141)\n\tat deployment.daytrader-ear-3.0-SNAPSHOT.ear.web.war//org.apache.geronimo.daytrader.javaee6.dacapo.DaCapoDBBuilder.reset(DaCapoDBBuilder.java:101)\n\tat deployment.daytrader-ear-3.0-SNAPSHOT.ear.web.war//org.apache.geronimo.daytrader.javaee6.dacapo.DaCapoTrader.reset(DaCapoTrader.java:103)\n\tat deployment.daytrader-ear-3.0-SNAPSHOT.ear.web.war//org.apache.geronimo.daytrader.javaee6.dacapo.DaCapoTrader.run(DaCapoTrader.java:139)\nCaused by: org.hibernate.exception.GenericJDBCException: could not extract ResultSet\n\tat org.hibernate@5.3.28.Final//org.hibernate.exception.internal.StandardSQLExceptionConverter.convert(StandardSQLExceptionConverter.java:47)\n\tat org.hibernate@5.3.28.Final//org.hibernate.engine.jdbc.spi.SqlExceptionHelper.convert(SqlExceptionHelper.java:113)\n\tat org.hibernate@5.3.28.Final//org.hibernate.engine.jdbc.spi.SqlExceptionHelper.convert(SqlExceptionHelper.java:99)\n\tat org.hibernate@5.3.28.Final//org.hibernate.engine.jdbc.internal.ResultSetReturnImpl.extract(ResultSetReturnImpl.java:69)\n\tat org.hibernate@5.3.28.Final//org.hibernate.loader.plan.exec.internal.AbstractLoadPlanBasedLoader.getResultSet(AbstractLoadPlanBasedLoader.java:400)\n\tat org.hibernate@5.3.28.Final//org.hibernate.loader.plan.exec.internal.AbstractLoadPlanBasedLoader.executeQueryStatement(AbstractLoadPlanBasedLoader.java:172)\n\tat org.hibernate@5.3.28.Final//org.hibernate.loader.plan.exec.internal.AbstractLoadPlanBasedLoader.executeLoad(AbstractLoadPlanBasedLoader.java:106)\n\tat org.hibernate@5.3.28.Final//org.hibernate.loader.entity.plan.AbstractLoadPlanBasedEntityLoader.load(AbstractLoadPlanBasedEntityLoader.java:191)\n\tat org.hibernate@5.3.28.Final//org.hibernate.persister.entity.AbstractEntityPersister.load(AbstractEntityPersister.java:4290)\n\tat org.hibernate@5.3.28.Final//org.hibernate.event.internal.DefaultLoadEventListener.loadFromDatasource(DefaultLoadEventListener.java:604)\n\tat org.hibernate@5.3.28.Final//org.hibernate.event.internal.DefaultLoadEventListener.doLoad(DefaultLoadEventListener.java:572)\n\tat org.hibernate@5.3.28.Final//org.hibernate.event.internal.DefaultLoadEventListener.load(DefaultLoadEventListener.java:226)\n\tat org.hibernate@5.3.28.Final//org.hibernate.event.internal.DefaultLoadEventListener.proxyOrLoad(DefaultLoadEventListener.java:350)\n\tat org.hibernate@5.3.28.Final//org.hibernate.event.internal.DefaultLoadEventListener.doOnLoad(DefaultLoadEventListener.java:127)\n\tat org.hibernate@5.3.28.Final//org.hibernate.event.internal.DefaultLoadEventListener.onLoad(DefaultLoadEventListener.java:93)\n\tat org.hibernate@5.3.28.Final//org.hibernate.internal.SessionImpl.fireLoadNoChecks(SessionImpl.java:1277)\n\tat org.hibernate@5.3.28.Final//org.hibernate.internal.SessionImpl.fireLoad(SessionImpl.java:1265)\n\tat org.hibernate@5.3.28.Final//org.hibernate.internal.SessionImpl.access$2000(SessionImpl.java:208)\n\tat org.hibernate@5.3.28.Final//org.hibernate.internal.SessionImpl$IdentifierLoadAccessImpl.doLoad(SessionImpl.java:2901)\n\tat org.hibernate@5.3.28.Final//org.hibernate.internal.SessionImpl$IdentifierLoadAccessImpl.load(SessionImpl.java:2875)\n\tat org.hibernate@5.3.28.Final//org.hibernate.internal.SessionImpl.find(SessionImpl.java:3510)\n\t... 7 more\nCaused by: org.h2.jdbc.JdbcSQLException: The database has been closed [90098-197]\n\tat com.h2database.h2@1.4.197//org.h2.message.DbException.getJdbcSQLException(DbException.java:357)\n\tat com.h2database.h2@1.4.197//org.h2.message.DbException.get(DbException.java:179)\n\tat com.h2database.h2@1.4.197//org.h2.message.DbException.get(DbException.java:155)\n\tat com.h2database.h2@1.4.197//org.h2.message.DbException.get(DbException.java:144)\n\tat com.h2database.h2@1.4.197//org.h2.engine.Database.checkPowerOff(Database.java:536)\n\tat com.h2database.h2@1.4.197//org.h2.command.Command.executeQuery(Command.java:228)\n\tat com.h2database.h2@1.4.197//org.h2.jdbc.JdbcPreparedStatement.executeQuery(JdbcPreparedStatement.java:114)\n\tat org.jboss.ironjacamar.jdbcadapters@1.5.3.Final//org.jboss.jca.adapters.jdbc.WrappedPreparedStatement.executeQuery(WrappedPreparedStatement.java:504)\n\tat org.hibernate@5.3.28.Final//org.hibernate.engine.jdbc.internal.ResultSetReturnImpl.extract(ResultSetReturnImpl.java:60)\n\t... 24 more\nError adding account: javax.persistence.PersistenceException: org.hibernate.exception.GenericJDBCException: could not extract ResultSet\njavax.persistence.PersistenceException: org.hibernate.exception.GenericJDBCException: could not extract ResultSet\n\tat org.hibernate@5.3.28.Final//org.hibernate.internal.ExceptionConverterImpl.convert(ExceptionConverterImpl.java:154)\n\tat org.hibernate@5.3.28.Final//org.hibernate.internal.SessionImpl.find(SessionImpl.java:3545)\n\tat org.hibernate@5.3.28.Final//org.hibernate.internal.SessionImpl.find(SessionImpl.java:3474)\n\tat deployment.daytrader-ear-3.0-SNAPSHOT.ear.web.war//org.apache.geronimo.daytrader.javaee6.core.direct.TradeJPADirect.register(TradeJPADirect.java:888)\n\tat deployment.daytrader-ear-3.0-SNAPSHOT.ear.web.war//org.apache.geronimo.daytrader.javaee6.dacapo.DaCapoDBBuilder.addUser(DaCapoDBBuilder.java:230)\n\tat deployment.daytrader-ear-3.0-SNAPSHOT.ear.web.war//org.apache.geronimo.daytrader.javaee6.dacapo.DaCapoDBBuilder.populateUsers(DaCapoDBBuilder.java:141)\n\tat deployment.daytrader-ear-3.0-SNAPSHOT.ear.web.war//org.apache.geronimo.daytrader.javaee6.dacapo.DaCapoDBBuilder.reset(DaCapoDBBuilder.java:101)\n\tat deployment.daytrader-ear-3.0-SNAPSHOT.ear.web.war//org.apache.geronimo.daytrader.javaee6.dacapo.DaCapoTrader.reset(DaCapoTrader.java:103)\n\tat deployment.daytrader-ear-3.0-SNAPSHOT.ear.web.war//org.apache.geronimo.daytrader.javaee6.dacapo.DaCapoTrader.run(DaCapoTrader.java:139)\nCaused by: org.hibernate.exception.GenericJDBCException: could not extract ResultSet\n\tat org.hibernate@5.3.28.Final//org.hibernate.exception.internal.StandardSQLExceptionConverter.convert(StandardSQLExceptionConverter.java:47)\n\tat org.hibernate@5.3.28.Final//org.hibernate.engine.jdbc.spi.SqlExceptionHelper.convert(SqlExceptionHelper.java:113)\n\tat org.hibernate@5.3.28.Final//org.hibernate.engine.jdbc.spi.SqlExceptionHelper.convert(SqlExceptionHelper.java:99)\n\tat org.hibernate@5.3.28.Final//org.hibernate.engine.jdbc.internal.ResultSetReturnImpl.extract(ResultSetReturnImpl.java:69)\n\tat org.hibernate@5.3.28.Final//org.hibernate.loader.plan.exec.internal.AbstractLoadPlanBasedLoader.getResultSet(AbstractLoadPlanBasedLoader.java:400)\n\tat org.hibernate@5.3.28.Final//org.hibernate.loader.plan.exec.internal.AbstractLoadPlanBasedLoader.executeQueryStatement(AbstractLoadPlanBasedLoader.java:172)\n\tat org.hibernate@5.3.28.Final//org.hibernate.loader.plan.exec.internal.AbstractLoadPlanBasedLoader.executeLoad(AbstractLoadPlanBasedLoader.java:106)\n\tat org.hibernate@5.3.28.Final//org.hibernate.loader.entity.plan.AbstractLoadPlanBasedEntityLoader.load(AbstractLoadPlanBasedEntityLoader.java:191)\n\tat org.hibernate@5.3.28.Final//org.hibernate.persister.entity.AbstractEntityPersister.load(AbstractEntityPersister.java:4290)\n\tat org.hibernate@5.3.28.Final//org.hibernate.event.internal.DefaultLoadEventListener.loadFromDatasource(DefaultLoadEventListener.java:604)\n\tat org.hibernate@5.3.28.Final//org.hibernate.event.internal.DefaultLoadEventListener.doLoad(DefaultLoadEventListener.java:572)\n\tat org.hibernate@5.3.28.Final//org.hibernate.event.internal.DefaultLoadEventListener.load(DefaultLoadEventListener.java:226)\n\tat org.hibernate@5.3.28.Final//org.hibernate.event.internal.DefaultLoadEventListener.proxyOrLoad(DefaultLoadEventListener.java:350)\n\tat org.hibernate@5.3.28.Final//org.hibernate.event.internal.DefaultLoadEventListener.doOnLoad(DefaultLoadEventListener.java:127)\n\tat org.hibernate@5.3.28.Final//org.hibernate.event.internal.DefaultLoadEventListener.onLoad(DefaultLoadEventListener.java:93)\n\tat org.hibernate@5.3.28.Final//org.hibernate.internal.SessionImpl.fireLoadNoChecks(SessionImpl.java:1277)\n\tat org.hibernate@5.3.28.Final//org.hibernate.internal.SessionImpl.fireLoad(SessionImpl.java:1265)\n\tat org.hibernate@5.3.28.Final//org.hibernate.internal.SessionImpl.access$2000(SessionImpl.java:208)\n\tat org.hibernate@5.3.28.Final//org.hibernate.internal.SessionImpl$IdentifierLoadAccessImpl.doLoad(SessionImpl.java:2901)\n\tat org.hibernate@5.3.28.Final//org.hibernate.internal.SessionImpl$IdentifierLoadAccessImpl.load(SessionImpl.java:2875)\n\tat org.hibernate@5.3.28.Final//org.hibernate.internal.SessionImpl.find(SessionImpl.java:3510)\n\t... 7 more\nCaused by: org.h2.jdbc.JdbcSQLException: The database has been closed [90098-197]\n\tat com.h2database.h2@1.4.197//org.h2.message.DbException.getJdbcSQLException(DbException.java:357)\n\tat com.h2database.h2@1.4.197//org.h2.message.DbException.get(DbException.java:179)\n\tat com.h2database.h2@1.4.197//org.h2.message.DbException.get(DbException.java:155)\n\tat com.h2database.h2@1.4.197//org.h2.message.DbException.get(DbException.java:144)\n\tat com.h2database.h2@1.4.197//org.h2.engine.Database.checkPowerOff(Database.java:536)\n\tat com.h2database.h2@1.4.197//org.h2.command.Command.executeQuery(Command.java:228)\n\tat com.h2database.h2@1.4.197//org.h2.jdbc.JdbcPreparedStatement.executeQuery(JdbcPreparedStatement.java:114)\n\tat org.jboss.ironjacamar.jdbcadapters@1.5.3.Final//org.jboss.jca.adapters.jdbc.WrappedPreparedStatement.executeQuery(WrappedPreparedStatement.java:504)\n\tat org.hibernate@5.3.28.Final//org.hibernate.engine.jdbc.internal.ResultSetReturnImpl.extract(ResultSetReturnImpl.java:60)\n\t... 24 more\nError adding account: javax.persistence.PersistenceException: org.hibernate.exception.GenericJDBCException: could not extract ResultSet\njavax.persistence.PersistenceException: org.hibernate.exception.GenericJDBCException: could not extract ResultSet\n\tat org.hibernate@5.3.28.Final//org.hibernate.internal.ExceptionConverterImpl.convert(ExceptionConverterImpl.java:154)\n\tat org.hibernate@5.3.28.Final//org.hibernate.internal.SessionImpl.find(SessionImpl.java:3545)\n\tat org.hibernate@5.3.28.Final//org.hibernate.internal.SessionImpl.find(SessionImpl.java:3474)\n\tat deployment.daytrader-ear-3.0-SNAPSHOT.ear.web.war//org.apache.geronimo.daytrader.javaee6.core.direct.TradeJPADirect.register(TradeJPADirect.java:888)\n\tat deployment.daytrader-ear-3.0-SNAPSHOT.ear.web.war//org.apache.geronimo.daytrader.javaee6.dacapo.DaCapoDBBuilder.addUser(DaCapoDBBuilder.java:230)\n\tat deployment.daytrader-ear-3.0-SNAPSHOT.ear.web.war//org.apache.geronimo.daytrader.javaee6.dacapo.DaCapoDBBuilder.populateUsers(DaCapoDBBuilder.java:141)\n\tat deployment.daytrader-ear-3.0-SNAPSHOT.ear.web.war//org.apache.geronimo.daytrader.javaee6.dacapo.DaCapoDBBuilder.reset(DaCapoDBBuilder.java:101)\n\tat deployment.daytrader-ear-3.0-SNAPSHOT.ear.web.war//org.apache.geronimo.daytrader.javaee6.dacapo.DaCapoTrader.reset(DaCapoTrader.java:103)\n\tat deployment.daytrader-ear-3.0-SNAPSHOT.ear.web.war//org.apache.geronimo.daytrader.javaee6.dacapo.DaCapoTrader.run(DaCapoTrader.java:139)\nCaused by: org.hibernate.exception.GenericJDBCException: could not extract ResultSet\n\tat org.hibernate@5.3.28.Final//org.hibernate.exception.internal.StandardSQLExceptionConverter.convert(StandardSQLExceptionConverter.java:47)\n\tat org.hibernate@5.3.28.Final//org.hibernate.engine.jdbc.spi.SqlExceptionHelper.convert(SqlExceptionHelper.java:113)\n\tat org.hibernate@5.3.28.Final//org.hibernate.engine.jdbc.spi.SqlExceptionHelper.convert(SqlExceptionHelper.java:99)\n\tat org.hibernate@5.3.28.Final//org.hibernate.engine.jdbc.internal.ResultSetReturnImpl.extract(ResultSetReturnImpl.java:69)\n\tat org.hibernate@5.3.28.Final//org.hibernate.loader.plan.exec.internal.AbstractLoadPlanBasedLoader.getResultSet(AbstractLoadPlanBasedLoader.java:400)\n\tat org.hibernate@5.3.28.Final//org.hibernate.loader.plan.exec.internal.AbstractLoadPlanBasedLoader.executeQueryStatement(AbstractLoadPlanBasedLoader.java:172)\n\tat org.hibernate@5.3.28.Final//org.hibernate.loader.plan.exec.internal.AbstractLoadPlanBasedLoader.executeLoad(AbstractLoadPlanBasedLoader.java:106)\n\tat org.hibernate@5.3.28.Final//org.hibernate.loader.entity.plan.AbstractLoadPlanBasedEntityLoader.load(AbstractLoadPlanBasedEntityLoader.java:191)\n\tat org.hibernate@5.3.28.Final//org.hibernate.persister.entity.AbstractEntityPersister.load(AbstractEntityPersister.java:4290)\n\tat org.hibernate@5.3.28.Final//org.hibernate.event.internal.DefaultLoadEventListener.loadFromDatasource(DefaultLoadEventListener.java:604)\n\tat org.hibernate@5.3.28.Final//org.hibernate.event.internal.DefaultLoadEventListener.doLoad(DefaultLoadEventListener.java:572)\n\tat org.hibernate@5.3.28.Final//org.hibernate.event.internal.DefaultLoadEventListener.load(DefaultLoadEventListener.java:226)\n\tat org.hibernate@5.3.28.Final//org.hibernate.event.internal.DefaultLoadEventListener.proxyOrLoad(DefaultLoadEventListener.java:350)\n\tat org.hibernate@5.3.28.Final//org.hibernate.event.internal.DefaultLoadEventListener.doOnLoad(DefaultLoadEventListener.java:127)\n\tat org.hibernate@5.3.28.Final//org.hibernate.event.internal.DefaultLoadEventListener.onLoad(DefaultLoadEventListener.java:93)\n\tat org.hibernate@5.3.28.Final//org.hibernate.internal.SessionImpl.fireLoadNoChecks(SessionImpl.java:1277)\n\tat org.hibernate@5.3.28.Final//org.hibernate.internal.SessionImpl.fireLoad(SessionImpl.java:1265)\n\tat org.hibernate@5.3.28.Final//org.hibernate.internal.SessionImpl.access$2000(SessionImpl.java:208)\n\tat org.hibernate@5.3.28.Final//org.hibernate.internal.SessionImpl$IdentifierLoadAccessImpl.doLoad(SessionImpl.java:2901)\n\tat org.hibernate@5.3.28.Final//org.hibernate.internal.SessionImpl$IdentifierLoadAccessImpl.load(SessionImpl.java:2875)\n\tat org.hibernate@5.3.28.Final//org.hibernate.internal.SessionImpl.find(SessionImpl.java:3510)\n\t... 7 more\nCaused by: org.h2.jdbc.JdbcSQLException: The database has been closed [90098-197]\n\tat com.h2database.h2@1.4.197//org.h2.message.DbException.getJdbcSQLException(DbException.java:357)\n\tat com.h2database.h2@1.4.197//org.h2.message.DbException.get(DbException.java:179)\n\tat com.h2database.h2@1.4.197//org.h2.message.DbException.get(DbException.java:155)\n\tat com.h2database.h2@1.4.197//org.h2.message.DbException.get(DbException.java:144)\n\tat com.h2database.h2@1.4.197//org.h2.engine.Database.checkPowerOff(Database.java:536)\n\tat com.h2database.h2@1.4.197//org.h2.command.Command.executeQuery(Command.java:228)\n\tat com.h2database.h2@1.4.197//org.h2.jdbc.JdbcPreparedStatement.executeQuery(JdbcPreparedStatement.java:114)\n\tat org.jboss.ironjacamar.jdbcadapters@1.5.3.Final//org.jboss.jca.adapters.jdbc.WrappedPreparedStatement.executeQuery(WrappedPreparedStatement.java:504)\n\tat org.hibernate@5.3.28.Final//org.hibernate.engine.jdbc.internal.ResultSetReturnImpl.extract(ResultSetReturnImpl.java:60)\n\t... 24 more\njavax.persistence.PersistenceException: org.hibernate.exception.GenericJDBCException: could not extract ResultSet\n\tat org.hibernate@5.3.28.Final//org.hibernate.internal.ExceptionConverterImpl.convert(ExceptionConverterImpl.java:154)\n\tat org.hibernate@5.3.28.Final//org.hibernate.internal.SessionImpl.find(SessionImpl.java:3545)\n\tat org.hibernate@5.3.28.Final//org.hibernate.internal.SessionImpl.find(SessionImpl.java:3474)\n\tat deployment.daytrader-ear-3.0-SNAPSHOT.ear.web.war//org.apache.geronimo.daytrader.javaee6.core.direct.TradeJPADirect.register(TradeJPADirect.java:888)\n\tat deployment.daytrader-ear-3.0-SNAPSHOT.ear.web.war//org.apache.geronimo.daytrader.javaee6.dacapo.DaCapoDBBuilder.addUser(DaCapoDBBuilder.java:230)\n\tat deployment.daytrader-ear-3.0-SNAPSHOT.ear.web.war//org.apache.geronimo.daytrader.javaee6.dacapo.DaCapoDBBuilder.populateUsers(DaCapoDBBuilder.java:141)\n\tat deployment.daytrader-ear-3.0-SNAPSHOT.ear.web.war//org.apache.geronimo.daytrader.javaee6.dacapo.DaCapoDBBuilder.reset(DaCapoDBBuilder.java:101)\n\tat deployment.daytrader-ear-3.0-SNAPSHOT.ear.web.war//org.apache.geronimo.daytrader.javaee6.dacapo.DaCapoTrader.reset(DaCapoTrader.java:103)\n\tat deployment.daytrader-ear-3.0-SNAPSHOT.ear.web.war//org.apache.geronimo.daytrader.javaee6.dacapo.DaCapoTrader.run(DaCapoTrader.java:139)\nCaused by: org.hibernate.exception.GenericJDBCException: could not extract ResultSet\n\tat org.hibernate@5.3.28.Final//org.hibernate.exception.internal.StandardSQLExceptionConverter.convert(StandardSQLExceptionConverter.java:47)\n\tat org.hibernate@5.3.28.Final//org.hibernate.engine.jdbc.spi.SqlExceptionHelper.convert(SqlExceptionHelper.java:113)\n\tat org.hibernate@5.3.28.Final//org.hibernate.engine.jdbc.spi.SqlExceptionHelper.convert(SqlExceptionHelper.java:99)\n\tat org.hibernate@5.3.28.Final//org.hibernate.engine.jdbc.internal.ResultSetReturnImpl.extract(ResultSetReturnImpl.java:69)\n\tat org.hibernate@5.3.28.Final//org.hibernate.loader.plan.exec.internal.AbstractLoadPlanBasedLoader.getResultSet(AbstractLoadPlanBasedLoader.java:400)\n\tat org.hibernate@5.3.28.Final//org.hibernate.loader.plan.exec.internal.AbstractLoadPlanBasedLoader.executeQueryStatement(AbstractLoadPlanBasedLoader.java:172)\n\tat org.hibernate@5.3.28.Final//org.hibernate.loader.plan.exec.internal.AbstractLoadPlanBasedLoader.executeLoad(AbstractLoadPlanBasedLoader.java:106)\n\tat org.hibernate@5.3.28.Final//org.hibernate.loader.entity.plan.AbstractLoadPlanBasedEntityLoader.load(AbstractLoadPlanBasedEntityLoader.java:191)\n\tat org.hibernate@5.3.28.Final//org.hibernate.persister.entity.AbstractEntityPersister.load(AbstractEntityPersister.java:4290)\n\tat org.hibernate@5.3.28.Final//org.hibernate.event.internal.DefaultLoadEventListener.loadFromDatasource(DefaultLoadEventListener.java:604)\n\tat org.hibernate@5.3.28.Final//org.hibernate.event.internal.DefaultLoadEventListener.doLoad(DefaultLoadEventListener.java:572)\n\tat org.hibernate@5.3.28.Final//org.hibernate.event.internal.DefaultLoadEventListener.load(DefaultLoadEventListener.java:226)\n\tat org.hibernate@5.3.28.Final//org.hibernate.event.internal.DefaultLoadEventListener.proxyOrLoad(DefaultLoadEventListener.java:350)\n\tat org.hibernate@5.3.28.Final//org.hibernate.event.internal.DefaultLoadEventListener.doOnLoad(DefaultLoadEventListener.java:127)\n\tat org.hibernate@5.3.28.Final//org.hibernate.event.internal.DefaultLoadEventListener.onLoad(DefaultLoadEventListener.java:93)\n\tat org.hibernate@5.3.28.Final//org.hibernate.internal.SessionImpl.fireLoadNoChecks(SessionImpl.java:1277)\n\tat org.hibernate@5.3.28.Final//org.hibernate.internal.SessionImpl.fireLoad(SessionImpl.java:1265)\n\tat org.hibernate@5.3.28.Final//org.hibernate.internal.SessionImpl.access$2000(SessionImpl.java:208)\n\tat org.hibernate@5.3.28.Final//org.hibernate.internal.SessionImpl$IdentifierLoadAccessImpl.doLoad(SessionImpl.java:2901)\n\tat org.hibernate@5.3.28.Final//org.hibernate.internal.SessionImpl$IdentifierLoadAccessImpl.load(SessionImpl.java:2875)\n\tat org.hibernate@5.3.28.Final//org.hibernate.internal.SessionImpl.find(SessionImpl.java:3510)\n\t... 7 more\nCaused by: org.h2.jdbc.JdbcSQLException: The database has been closed [90098-197]\n\tat com.h2database.h2@1.4.197//org.h2.message.DbException.getJdbcSQLException(DbException.java:357)\n\tat com.h2database.h2@1.4.197//org.h2.message.DbException.get(DbException.java:179)\n\tat com.h2database.h2@1.4.197//org.h2.message.DbException.get(DbException.java:155)\n\tat com.h2database.h2@1.4.197//org.h2.message.DbException.get(DbException.java:144)\n\tat com.h2database.h2@1.4.197//org.h2.engine.Database.checkPowerOff(Database.java:536)\n\tat com.h2database.h2@1.4.197//org.h2.command.Command.executeQuery(Command.java:228)\n\tat com.h2database.h2@1.4.197//org.h2.jdbc.JdbcPreparedStatement.executeQuery(JdbcPreparedStatement.java:114)\n\tat org.jboss.ironjacamar.jdbcadapters@1.5.3.Final//org.jboss.jca.adapters.jdbc.WrappedPreparedStatement.executeQuery(WrappedPreparedStatement.java:504)\n\tat org.hibernate@5.3.28.Final//org.hibernate.engine.jdbc.internal.ResultSetReturnImpl.extract(ResultSetReturnImpl.java:60)\n\t... 24 more\nError adding account: javax.persistence.PersistenceException: org.hibernate.exception.GenericJDBCException: could not prepare statement\njavax.persistence.PersistenceException: org.hibernate.exception.GenericJDBCException: could not prepare statement\n\tat org.hibernate@5.3.28.Final//org.hibernate.internal.ExceptionConverterImpl.convert(ExceptionConverterImpl.java:154)\n\tat org.hibernate@5.3.28.Final//org.hibernate.internal.SessionImpl.find(SessionImpl.java:3545)\n\tat org.hibernate@5.3.28.Final//org.hibernate.internal.SessionImpl.find(SessionImpl.java:3474)\n\tat deployment.daytrader-ear-3.0-SNAPSHOT.ear.web.war//org.apache.geronimo.daytrader.javaee6.core.direct.TradeJPADirect.register(TradeJPADirect.java:888)\n\tat deployment.daytrader-ear-3.0-SNAPSHOT.ear.web.war//org.apache.geronimo.daytrader.javaee6.dacapo.DaCapoDBBuilder.addUser(DaCapoDBBuilder.java:230)\n\tat deployment.daytrader-ear-3.0-SNAPSHOT.ear.web.war//org.apache.geronimo.daytrader.javaee6.dacapo.DaCapoDBBuilder.populateUsers(DaCapoDBBuilder.java:141)\n\tat deployment.daytrader-ear-3.0-SNAPSHOT.ear.web.war//org.apache.geronimo.daytrader.javaee6.dacapo.DaCapoDBBuilder.reset(DaCapoDBBuilder.java:101)\n\tat deployment.daytrader-ear-3.0-SNAPSHOT.ear.web.war//org.apache.geronimo.daytrader.javaee6.dacapo.DaCapoTrader.reset(DaCapoTrader.java:103)\n\tat deployment.daytrader-ear-3.0-SNAPSHOT.ear.web.war//org.apache.geronimo.daytrader.javaee6.dacapo.DaCapoTrader.run(DaCapoTrader.java:139)\nCaused by: org.hibernate.exception.GenericJDBCException: could not prepare statement\n\tat org.hibernate@5.3.28.Final//org.hibernate.exception.internal.StandardSQLExceptionConverter.convert(StandardSQLExceptionConverter.java:47)\n\tat org.hibernate@5.3.28.Final//org.hibernate.engine.jdbc.spi.SqlExceptionHelper.convert(SqlExceptionHelper.java:113)\n\tat org.hibernate@5.3.28.Final//org.hibernate.engine.jdbc.internal.StatementPreparerImpl$StatementPreparationTemplate.prepareStatement(StatementPreparerImpl.java:186)\n\tat org.hibernate@5.3.28.Final//org.hibernate.engine.jdbc.internal.StatementPreparerImpl.prepareQueryStatement(StatementPreparerImpl.java:151)\n\tat org.hibernate@5.3.28.Final//org.hibernate.loader.plan.exec.internal.AbstractLoadPlanBasedLoader.prepareQueryStatement(AbstractLoadPlanBasedLoader.java:207)\n\tat org.hibernate@5.3.28.Final//org.hibernate.loader.plan.exec.internal.AbstractLoadPlanBasedLoader.executeQueryStatement(AbstractLoadPlanBasedLoader.java:171)\n\tat org.hibernate@5.3.28.Final//org.hibernate.loader.plan.exec.internal.AbstractLoadPlanBasedLoader.executeLoad(AbstractLoadPlanBasedLoader.java:106)\n\tat org.hibernate@5.3.28.Final//org.hibernate.loader.entity.plan.AbstractLoadPlanBasedEntityLoader.load(AbstractLoadPlanBasedEntityLoader.java:191)\n\tat org.hibernate@5.3.28.Final//org.hibernate.persister.entity.AbstractEntityPersister.load(AbstractEntityPersister.java:4290)\n\tat org.hibernate@5.3.28.Final//org.hibernate.event.internal.DefaultLoadEventListener.loadFromDatasource(DefaultLoadEventListener.java:604)\n\tat org.hibernate@5.3.28.Final//org.hibernate.event.internal.DefaultLoadEventListener.doLoad(DefaultLoadEventListener.java:572)\n\tat org.hibernate@5.3.28.Final//org.hibernate.event.internal.DefaultLoadEventListener.load(DefaultLoadEventListener.java:226)\n\tat org.hibernate@5.3.28.Final//org.hibernate.event.internal.DefaultLoadEventListener.proxyOrLoad(DefaultLoadEventListener.java:350)\n\tat org.hibernate@5.3.28.Final//org.hibernate.event.internal.DefaultLoadEventListener.doOnLoad(DefaultLoadEventListener.java:127)\n\tat org.hibernate@5.3.28.Final//org.hibernate.event.internal.DefaultLoadEventListener.onLoad(DefaultLoadEventListener.java:93)\n\tat org.hibernate@5.3.28.Final//org.hibernate.internal.SessionImpl.fireLoadNoChecks(SessionImpl.java:1277)\n\tat org.hibernate@5.3.28.Final//org.hibernate.internal.SessionImpl.fireLoad(SessionImpl.java:1265)\n\tat org.hibernate@5.3.28.Final//org.hibernate.internal.SessionImpl.access$2000(SessionImpl.java:208)\n\tat org.hibernate@5.3.28.Final//org.hibernate.internal.SessionImpl$IdentifierLoadAccessImpl.doLoad(SessionImpl.java:2901)\n\tat org.hibernate@5.3.28.Final//org.hibernate.internal.SessionImpl$IdentifierLoadAccessImpl.load(SessionImpl.java:2875)\n\tat org.hibernate@5.3.28.Final//org.hibernate.internal.SessionImpl.find(SessionImpl.java:3510)\n\t... 7 more\nCaused by: org.h2.jdbc.JdbcSQLException: The database has been closed [90098-197]\n\tat com.h2database.h2@1.4.197//org.h2.message.DbException.getJdbcSQLException(DbException.java:357)\n\tat com.h2database.h2@1.4.197//org.h2.message.DbException.get(DbException.java:179)\n\tat com.h2database.h2@1.4.197//org.h2.message.DbException.get(DbException.java:155)\n\tat com.h2database.h2@1.4.197//org.h2.message.DbException.get(DbException.java:144)\n\tat com.h2database.h2@1.4.197//org.h2.engine.Database.checkPowerOff(Database.java:536)\n\tat com.h2database.h2@1.4.197//org.h2.command.Command.executeUpdate(Command.java:286)\n\tat com.h2database.h2@1.4.197//org.h2.jdbc.JdbcConnection.commit(JdbcConnection.java:497)\n\tat com.h2database.h2@1.4.197//org.h2.jdbc.JdbcConnection.setAutoCommit(JdbcConnection.java:457)\n\tat org.jboss.ironjacamar.jdbcadapters@1.5.3.Final//org.jboss.jca.adapters.jdbc.BaseWrapperManagedConnection.checkTransaction(BaseWrapperManagedConnection.java:924)\n\tat org.jboss.ironjacamar.jdbcadapters@1.5.3.Final//org.jboss.jca.adapters.jdbc.WrappedConnection.checkTransaction(WrappedConnection.java:1995)\n\tat org.jboss.ironjacamar.jdbcadapters@1.5.3.Final//org.jboss.jca.adapters.jdbc.WrappedConnection.prepareStatement(WrappedConnection.java:472)\n\tat org.hibernate@5.3.28.Final//org.hibernate.engine.jdbc.internal.StatementPreparerImpl$5.doPrepare(StatementPreparerImpl.java:149)\n\tat org.hibernate@5.3.28.Final//org.hibernate.engine.jdbc.internal.StatementPreparerImpl$StatementPreparationTemplate.prepareStatement(StatementPreparerImpl.java:176)\n\t... 25 more\nError adding account: javax.persistence.PersistenceException: org.hibernate.exception.GenericJDBCException: could not prepare statement\njavax.persistence.PersistenceException: org.hibernate.exception.GenericJDBCException: could not prepare statement\n\tat org.hibernate@5.3.28.Final//org.hibernate.internal.ExceptionConverterImpl.convert(ExceptionConverterImpl.java:154)\n\tat org.hibernate@5.3.28.Final//org.hibernate.internal.SessionImpl.find(SessionImpl.java:3545)\n\tat org.hibernate@5.3.28.Final//org.hibernate.internal.SessionImpl.find(SessionImpl.java:3474)\n\tat deployment.daytrader-ear-3.0-SNAPSHOT.ear.web.war//org.apache.geronimo.daytrader.javaee6.core.direct.TradeJPADirect.register(TradeJPADirect.java:888)\n\tat deployment.daytrader-ear-3.0-SNAPSHOT.ear.web.war//org.apache.geronimo.daytrader.javaee6.dacapo.DaCapoDBBuilder.addUser(DaCapoDBBuilder.java:230)\n\tat deployment.daytrader-ear-3.0-SNAPSHOT.ear.web.war//org.apache.geronimo.daytrader.javaee6.dacapo.DaCapoDBBuilder.populateUsers(DaCapoDBBuilder.java:141)\n\tat deployment.daytrader-ear-3.0-SNAPSHOT.ear.web.war//org.apache.geronimo.daytrader.javaee6.dacapo.DaCapoDBBuilder.reset(DaCapoDBBuilder.java:101)\n\tat deployment.daytrader-ear-3.0-SNAPSHOT.ear.web.war//org.apache.geronimo.daytrader.javaee6.dacapo.DaCapoTrader.reset(DaCapoTrader.java:103)\n\tat deployment.daytrader-ear-3.0-SNAPSHOT.ear.web.war//org.apache.geronimo.daytrader.javaee6.dacapo.DaCapoTrader.run(DaCapoTrader.java:139)\nCaused by: org.hibernate.exception.GenericJDBCException: could not prepare statement\n\tat org.hibernate@5.3.28.Final//org.hibernate.exception.internal.StandardSQLExceptionConverter.convert(StandardSQLExceptionConverter.java:47)\n\tat org.hibernate@5.3.28.Final//org.hibernate.engine.jdbc.spi.SqlExceptionHelper.convert(SqlExceptionHelper.java:113)\n\tat org.hibernate@5.3.28.Final//org.hibernate.engine.jdbc.internal.StatementPreparerImpl$StatementPreparationTemplate.prepareStatement(StatementPreparerImpl.java:186)\n\tat org.hibernate@5.3.28.Final//org.hibernate.engine.jdbc.internal.StatementPreparerImpl.prepareQueryStatement(StatementPreparerImpl.java:151)\n\tat org.hibernate@5.3.28.Final//org.hibernate.loader.plan.exec.internal.AbstractLoadPlanBasedLoader.prepareQueryStatement(AbstractLoadPlanBasedLoader.java:207)\n\tat org.hibernate@5.3.28.Final//org.hibernate.loader.plan.exec.internal.AbstractLoadPlanBasedLoader.executeQueryStatement(AbstractLoadPlanBasedLoader.java:171)\n\tat org.hibernate@5.3.28.Final//org.hibernate.loader.plan.exec.internal.AbstractLoadPlanBasedLoader.executeLoad(AbstractLoadPlanBasedLoader.java:106)\n\tat org.hibernate@5.3.28.Final//org.hibernate.loader.entity.plan.AbstractLoadPlanBasedEntityLoader.load(AbstractLoadPlanBasedEntityLoader.java:191)\n\tat org.hibernate@5.3.28.Final//org.hibernate.persister.entity.AbstractEntityPersister.load(AbstractEntityPersister.java:4290)\n\tat org.hibernate@5.3.28.Final//org.hibernate.event.internal.DefaultLoadEventListener.loadFromDatasource(DefaultLoadEventListener.java:604)\n\tat org.hibernate@5.3.28.Final//org.hibernate.event.internal.DefaultLoadEventListener.doLoad(DefaultLoadEventListener.java:572)\n\tat org.hibernate@5.3.28.Final//org.hibernate.event.internal.DefaultLoadEventListener.load(DefaultLoadEventListener.java:226)\n\tat org.hibernate@5.3.28.Final//org.hibernate.event.internal.DefaultLoadEventListener.proxyOrLoad(DefaultLoadEventListener.java:350)\n\tat org.hibernate@5.3.28.Final//org.hibernate.event.internal.DefaultLoadEventListener.doOnLoad(DefaultLoadEventListener.java:127)\n\tat org.hibernate@5.3.28.Final//org.hibernate.event.internal.DefaultLoadEventListener.onLoad(DefaultLoadEventListener.java:93)\n\tat org.hibernate@5.3.28.Final//org.hibernate.internal.SessionImpl.fireLoadNoChecks(SessionImpl.java:1277)\n\tat org.hibernate@5.3.28.Final//org.hibernate.internal.SessionImpl.fireLoad(SessionImpl.java:1265)\n\tat org.hibernate@5.3.28.Final//org.hibernate.internal.SessionImpl.access$2000(SessionImpl.java:208)\n\tat org.hibernate@5.3.28.Final//org.hibernate.internal.SessionImpl$IdentifierLoadAccessImpl.doLoad(SessionImpl.java:2901)\n\tat org.hibernate@5.3.28.Final//org.hibernate.internal.SessionImpl$IdentifierLoadAccessImpl.load(SessionImpl.java:2875)\n\tat org.hibernate@5.3.28.Final//org.hibernate.internal.SessionImpl.find(SessionImpl.java:3510)\n\t... 7 more\nCaused by: org.h2.jdbc.JdbcSQLException: The database has been closed [90098-197]\n\tat com.h2database.h2@1.4.197//org.h2.message.DbException.getJdbcSQLException(DbException.java:357)\n\tat com.h2database.h2@1.4.197//org.h2.message.DbException.get(DbException.java:179)\n\tat com.h2database.h2@1.4.197//org.h2.message.DbException.get(DbException.java:155)\n\tat com.h2database.h2@1.4.197//org.h2.message.DbException.get(DbException.java:144)\n\tat com.h2database.h2@1.4.197//org.h2.engine.Database.checkPowerOff(Database.java:536)\n\tat com.h2database.h2@1.4.197//org.h2.command.Command.executeUpdate(Command.java:286)\n\tat com.h2database.h2@1.4.197//org.h2.jdbc.JdbcConnection.commit(JdbcConnection.java:497)\n\tat com.h2database.h2@1.4.197//org.h2.jdbc.JdbcConnection.setAutoCommit(JdbcConnection.java:457)\n\tat org.jboss.ironjacamar.jdbcadapters@1.5.3.Final//org.jboss.jca.adapters.jdbc.BaseWrapperManagedConnection.checkTransaction(BaseWrapperManagedConnection.java:924)\n\tat org.jboss.ironjacamar.jdbcadapters@1.5.3.Final//org.jboss.jca.adapters.jdbc.WrappedConnection.checkTransaction(WrappedConnection.java:1995)\n\tat org.jboss.ironjacamar.jdbcadapters@1.5.3.Final//org.jboss.jca.adapters.jdbc.WrappedConnection.prepareStatement(WrappedConnection.java:472)\n\tat org.hibernate@5.3.28.Final//org.hibernate.engine.jdbc.internal.StatementPreparerImpl$5.doPrepare(StatementPreparerImpl.java:149)\n\tat org.hibernate@5.3.28.Final//org.hibernate.engine.jdbc.internal.StatementPreparerImpl$StatementPreparationTemplate.prepareStatement(StatementPreparerImpl.java:176)\n\t... 25 more\nError adding account: javax.persistence.PersistenceException: org.hibernate.exception.GenericJDBCException: could not prepare statement\njavax.persistence.PersistenceException: org.hibernate.exception.GenericJDBCException: could not prepare statement\n\tat org.hibernate@5.3.28.Final//org.hibernate.internal.ExceptionConverterImpl.convert(ExceptionConverterImpl.java:154)\n\tat org.hibernate@5.3.28.Final//org.hibernate.internal.SessionImpl.find(SessionImpl.java:3545)\n\tat org.hibernate@5.3.28.Final//org.hibernate.internal.SessionImpl.find(SessionImpl.java:3474)\n\tat deployment.daytrader-ear-3.0-SNAPSHOT.ear.web.war//org.apache.geronimo.daytrader.javaee6.core.direct.TradeJPADirect.register(TradeJPADirect.java:888)\n\tat deployment.daytrader-ear-3.0-SNAPSHOT.ear.web.war//org.apache.geronimo.daytrader.javaee6.dacapo.DaCapoDBBuilder.addUser(DaCapoDBBuilder.java:230)\n\tat deployment.daytrader-ear-3.0-SNAPSHOT.ear.web.war//org.apache.geronimo.daytrader.javaee6.dacapo.DaCapoDBBuilder.populateUsers(DaCapoDBBuilder.java:141)\n\tat deployment.daytrader-ear-3.0-SNAPSHOT.ear.web.war//org.apache.geronimo.daytrader.javaee6.dacapo.DaCapoDBBuilder.reset(DaCapoDBBuilder.java:101)\n\tat deployment.daytrader-ear-3.0-SNAPSHOT.ear.web.war//org.apache.geronimo.daytrader.javaee6.dacapo.DaCapoTrader.reset(DaCapoTrader.java:103)\n\tat deployment.daytrader-ear-3.0-SNAPSHOT.ear.web.war//org.apache.geronimo.daytrader.javaee6.dacapo.DaCapoTrader.run(DaCapoTrader.java:139)\nCaused by: org.hibernate.exception.GenericJDBCException: could not prepare statement\n\tat org.hibernate@5.3.28.Final//org.hibernate.exception.internal.StandardSQLExceptionConverter.convert(StandardSQLExceptionConverter.java:47)\n\tat org.hibernate@5.3.28.Final//org.hibernate.engine.jdbc.spi.SqlExceptionHelper.convert(SqlExceptionHelper.java:113)\n\tat org.hibernate@5.3.28.Final//org.hibernate.engine.jdbc.internal.StatementPreparerImpl$StatementPreparationTemplate.prepareStatement(StatementPreparerImpl.java:186)\n\tat org.hibernate@5.3.28.Final//org.hibernate.engine.jdbc.internal.StatementPreparerImpl.prepareQueryStatement(StatementPreparerImpl.java:151)\n\tat org.hibernate@5.3.28.Final//org.hibernate.loader.plan.exec.internal.AbstractLoadPlanBasedLoader.prepareQueryStatement(AbstractLoadPlanBasedLoader.java:207)\n\tat org.hibernate@5.3.28.Final//org.hibernate.loader.plan.exec.internal.AbstractLoadPlanBasedLoader.executeQueryStatement(AbstractLoadPlanBasedLoader.java:171)\n\tat org.hibernate@5.3.28.Final//org.hibernate.loader.plan.exec.internal.AbstractLoadPlanBasedLoader.executeLoad(AbstractLoadPlanBasedLoader.java:106)\n\tat org.hibernate@5.3.28.Final//org.hibernate.loader.entity.plan.AbstractLoadPlanBasedEntityLoader.load(AbstractLoadPlanBasedEntityLoader.java:191)\n\tat org.hibernate@5.3.28.Final//org.hibernate.persister.entity.AbstractEntityPersister.load(AbstractEntityPersister.java:4290)\n\tat org.hibernate@5.3.28.Final//org.hibernate.event.internal.DefaultLoadEventListener.loadFromDatasource(DefaultLoadEventListener.java:604)\n\tat org.hibernate@5.3.28.Final//org.hibernate.event.internal.DefaultLoadEventListener.doLoad(DefaultLoadEventListener.java:572)\n\tat org.hibernate@5.3.28.Final//org.hibernate.event.internal.DefaultLoadEventListener.load(DefaultLoadEventListener.java:226)\n\tat org.hibernate@5.3.28.Final//org.hibernate.event.internal.DefaultLoadEventListener.proxyOrLoad(DefaultLoadEventListener.java:350)\n\tat org.hibernate@5.3.28.Final//org.hibernate.event.internal.DefaultLoadEventListener.doOnLoad(DefaultLoadEventListener.java:127)\n\tat org.hibernate@5.3.28.Final//org.hibernate.event.internal.DefaultLoadEventListener.onLoad(DefaultLoadEventListener.java:93)\n\tat org.hibernate@5.3.28.Final//org.hibernate.internal.SessionImpl.fireLoadNoChecks(SessionImpl.java:1277)\n\tat org.hibernate@5.3.28.Final//org.hibernate.internal.SessionImpl.fireLoad(SessionImpl.java:1265)\n\tat org.hibernate@5.3.28.Final//org.hibernate.internal.SessionImpl.access$2000(SessionImpl.java:208)\n\tat org.hibernate@5.3.28.Final//org.hibernate.internal.SessionImpl$IdentifierLoadAccessImpl.doLoad(SessionImpl.java:2901)\n\tat org.hibernate@5.3.28.Final//org.hibernate.internal.SessionImpl$IdentifierLoadAccessImpl.load(SessionImpl.java:2875)\n\tat org.hibernate@5.3.28.Final//org.hibernate.internal.SessionImpl.find(SessionImpl.java:3510)\n\t... 7 more\nCaused by: org.h2.jdbc.JdbcSQLException: The database has been closed [90098-197]\n\tat com.h2database.h2@1.4.197//org.h2.message.DbException.getJdbcSQLException(DbException.java:357)\n\tat com.h2database.h2@1.4.197//org.h2.message.DbException.get(DbException.java:179)\n\tat com.h2database.h2@1.4.197//org.h2.message.DbException.get(DbException.java:155)\n\tat com.h2database.h2@1.4.197//org.h2.message.DbException.get(DbException.java:144)\n\tat com.h2database.h2@1.4.197//org.h2.engine.Database.checkPowerOff(Database.java:536)\n\tat com.h2database.h2@1.4.197//org.h2.command.Command.executeUpdate(Command.java:286)\n\tat com.h2database.h2@1.4.197//org.h2.jdbc.JdbcConnection.commit(JdbcConnection.java:497)\n\tat com.h2database.h2@1.4.197//org.h2.jdbc.JdbcConnection.setAutoComm",
    "avg_cpu_usage": 12.8,
    "avg_cpu_time": 12.8,
    "avg_io_time": 0.0,
    "p90_io": 0.0,
    "number_of_pauses": 0,
    "total_pause_time": 0,
    "avg_pause_time": 0,
    "pauses_per_category": {},
    "total_pause_time_per_category": {},
    "avg_pause_time_per_category": {},
    "p90_pause_time": 0,
    "throughput": 0
}