{
    "garbage_collector": "Parallel",
    "jdk": "HotSpot_21.0.4",
    "benchmark_group": "DaCapo",
    "benchmark_name": "biojava",
    "heap_size": "512",
    "error": null,
    "avg_cpu_usage": 12.7,
    "avg_cpu_time": 88.5,
    "avg_io_time": 0.0,
    "p90_io": 0.0,
    "number_of_pauses": 613,
    "total_pause_time": 2723457008,
    "avg_pause_time": 4442833.62,
    "pauses_per_category": {
        "Cleanup": 1,
        "ICBufferFull": 1,
        "ParallelGCFailedAllocation": 611
    },
    "total_pause_time_per_category": {
        "Cleanup": 104769,
        "ICBufferFull": 83372,
        "ParallelGCFailedAllocation": 2723268867
    },
    "avg_pause_time_per_category": {
        "Cleanup": 104769.0,
        "ICBufferFull": 83372.0,
        "ParallelGCFailedAllocation": 4457068.52
    },
    "p90_pause_time": 6161875.0,
    "throughput": 121672496880
}