{
    "garbage_collector": "Z",
    "jdk": "GraalVM_21.0.4",
    "benchmark_group": "DaCapo",
    "benchmark_name": "fop",
    "heap_size": "512",
    "error": null,
    "avg_cpu_usage": 23.6,
    "avg_cpu_time": 93.9,
    "avg_io_time": 0.1,
    "p90_io": 0.0,
    "number_of_pauses": 76,
    "total_pause_time": 20147847,
    "avg_pause_time": 265103.25,
    "pauses_per_category": {
        "ICBufferFull": 28,
        "XMarkStart": 16,
        "XMarkEnd": 15,
        "CleanClassLoaderDataMetaspaces": 2,
        "XRelocateStart": 15
    },
    "total_pause_time_per_category": {
        "ICBufferFull": 3962669,
        "XMarkStart": 3880256,
        "XMarkEnd": 5467815,
        "CleanClassLoaderDataMetaspaces": 685604,
        "XRelocateStart": 6151503
    },
    "avg_pause_time_per_category": {
        "ICBufferFull": 141523.89,
        "XMarkStart": 242516.0,
        "XMarkEnd": 364521.0,
        "CleanClassLoaderDataMetaspaces": 342802.0,
        "XRelocateStart": 410100.2
    },
    "p90_pause_time": 285915.0,
    "throughput": 20209080069
}