{
    "garbage_collector": "G1",
    "jdk": "GraalVM_21.0.4",
    "benchmark_group": "DaCapo",
    "benchmark_name": "avrora",
    "heap_size": "256",
    "error": null,
    "avg_cpu_usage": 13.5,
    "avg_cpu_time": 83.0,
    "avg_io_time": 0.0,
    "p90_io": 0.0,
    "number_of_pauses": 24,
    "total_pause_time": 46145346,
    "avg_pause_time": 1922722.75,
    "pauses_per_category": {
        "G1CollectForAllocation": 5,
        "ICBufferFull": 3,
        "Cleanup": 16
    },
    "total_pause_time_per_category": {
        "G1CollectForAllocation": 41294064,
        "ICBufferFull": 295420,
        "Cleanup": 4555862
    },
    "avg_pause_time_per_category": {
        "G1CollectForAllocation": 8258812.8,
        "ICBufferFull": 98473.33,
        "Cleanup": 284741.38
    },
    "p90_pause_time": 7126356.3,
    "throughput": 103113926899
}