{
    "garbage_collector": "G1",
    "jdk": "GraalVM_21.0.4",
    "benchmark_group": "DaCapo",
    "benchmark_name": "avrora",
    "heap_size": "1024",
    "error": null,
    "avg_cpu_usage": 13.4,
    "avg_cpu_time": 83.0,
    "avg_io_time": 0.0,
    "p90_io": 0.0,
    "number_of_pauses": 19,
    "total_pause_time": 25233907,
    "avg_pause_time": 1328100.37,
    "pauses_per_category": {
        "G1CollectForAllocation": 3,
        "Cleanup": 16
    },
    "total_pause_time_per_category": {
        "G1CollectForAllocation": 22870229,
        "Cleanup": 2363678
    },
    "avg_pause_time_per_category": {
        "G1CollectForAllocation": 7623409.67,
        "Cleanup": 147729.88
    },
    "p90_pause_time": 6771476.2,
    "throughput": 102482452330
}