{
    "garbage_collector": "G1",
    "jdk": "HotSpot_21.0.4",
    "benchmark_group": "DaCapo",
    "benchmark_name": "fop",
    "heap_size": "256",
    "error": null,
    "avg_cpu_usage": 43.1,
    "avg_cpu_time": 42.9,
    "avg_io_time": 0.2,
    "p90_io": 0.0,
    "number_of_pauses": 55,
    "total_pause_time": 96171852,
    "avg_pause_time": 1748579.13,
    "pauses_per_category": {
        "G1CollectForAllocation": 24,
        "ICBufferFull": 25,
        "CollectForMetadataAllocation": 1,
        "G1PauseRemark": 2,
        "G1PauseCleanup": 2,
        "G1TryInitiateConcMark": 1
    },
    "total_pause_time_per_category": {
        "G1CollectForAllocation": 79453754,
        "ICBufferFull": 3136086,
        "CollectForMetadataAllocation": 3961863,
        "G1PauseRemark": 6569561,
        "G1PauseCleanup": 345440,
        "G1TryInitiateConcMark": 2705148
    },
    "avg_pause_time_per_category": {
        "G1CollectForAllocation": 3310573.08,
        "ICBufferFull": 125443.44,
        "CollectForMetadataAllocation": 3961863.0,
        "G1PauseRemark": 3284780.5,
        "G1PauseCleanup": 172720.0,
        "G1TryInitiateConcMark": 2705148.0
    },
    "p90_pause_time": 3848418.2,
    "throughput": 10070963832
}