{
    "garbage_collector": "G1",
    "jdk": "HotSpot_21.0.4",
    "benchmark_group": "DaCapo",
    "benchmark_name": "batik",
    "heap_size": "8192",
    "error": null,
    "avg_cpu_usage": 19.6,
    "avg_cpu_time": 90.7,
    "avg_io_time": 0.2,
    "p90_io": 0.0,
    "number_of_pauses": 30,
    "total_pause_time": 801931131,
    "avg_pause_time": 26731037.7,
    "pauses_per_category": {
        "Cleanup": 14,
        "ICBufferFull": 7,
        "G1CollectForAllocation": 9
    },
    "total_pause_time_per_category": {
        "Cleanup": 690911,
        "ICBufferFull": 743189,
        "G1CollectForAllocation": 800497031
    },
    "avg_pause_time_per_category": {
        "Cleanup": 49350.79,
        "ICBufferFull": 106169.86,
        "G1CollectForAllocation": 88944114.56
    },
    "p90_pause_time": 93956452.2,
    "throughput": 25084368539
}