{
    "garbage_collector": "Z",
    "jdk": "GraalVM_21.0.4",
    "benchmark_group": "DaCapo",
    "benchmark_name": "eclipse",
    "heap_size": "8192",
    "error": null,
    "avg_cpu_usage": 20.2,
    "avg_cpu_time": 86.6,
    "avg_io_time": 0.1,
    "p90_io": 0.0,
    "number_of_pauses": 285,
    "total_pause_time": 93971082,
    "avg_pause_time": 329723.09,
    "pauses_per_category": {
        "ICBufferFull": 80,
        "XMarkStart": 18,
        "XMarkEnd": 18,
        "CleanClassLoaderDataMetaspaces": 6,
        "XRelocateStart": 18,
        "Cleanup": 145
    },
    "total_pause_time_per_category": {
        "ICBufferFull": 15044349,
        "XMarkStart": 7691661,
        "XMarkEnd": 5807483,
        "CleanClassLoaderDataMetaspaces": 2793697,
        "XRelocateStart": 3860718,
        "Cleanup": 58773174
    },
    "avg_pause_time_per_category": {
        "ICBufferFull": 188054.36,
        "XMarkStart": 427314.5,
        "XMarkEnd": 322637.94,
        "CleanClassLoaderDataMetaspaces": 465616.17,
        "XRelocateStart": 214484.33,
        "Cleanup": 405332.23
    },
    "p90_pause_time": 394999.0,
    "throughput": 223681711836
}