{
    "garbage_collector": "Parallel",
    "jdk": "GraalVM_21.0.4",
    "benchmark_group": "DaCapo",
    "benchmark_name": "jme",
    "heap_size": "1024",
    "error": null,
    "avg_cpu_usage": 1.9,
    "avg_cpu_time": 78.5,
    "avg_io_time": 0.1,
    "p90_io": 0.0,
    "number_of_pauses": 39,
    "total_pause_time": 288738252,
    "avg_pause_time": 7403544.92,
    "pauses_per_category": {
        "Cleanup": 28,
        "ICBufferFull": 1,
        "ParallelGCSystemGC": 10
    },
    "total_pause_time_per_category": {
        "Cleanup": 1634220,
        "ICBufferFull": 74675,
        "ParallelGCSystemGC": 287029357
    },
    "avg_pause_time_per_category": {
        "Cleanup": 58365.0,
        "ICBufferFull": 74675.0,
        "ParallelGCSystemGC": 28702935.7
    },
    "p90_pause_time": 26586634.0,
    "throughput": 73158700089
}