{
    "garbage_collector": "G1",
    "jdk": "GraalVM_21.0.4",
    "benchmark_group": "DaCapo",
    "benchmark_name": "kafka",
    "heap_size": "512",
    "error": null,
    "avg_cpu_usage": 14.5,
    "avg_cpu_time": 86.5,
    "avg_io_time": 1.3,
    "p90_io": 5.0,
    "number_of_pauses": 182,
    "total_pause_time": 1141540966,
    "avg_pause_time": 6272203.11,
    "pauses_per_category": {
        "G1CollectForAllocation": 86,
        "CollectForMetadataAllocation": 4,
        "G1PauseRemark": 24,
        "G1PauseCleanup": 24,
        "ICBufferFull": 23,
        "G1TryInitiateConcMark": 4,
        "Cleanup": 17
    },
    "total_pause_time_per_category": {
        "G1CollectForAllocation": 875144508,
        "CollectForMetadataAllocation": 17602132,
        "G1PauseRemark": 204139131,
        "G1PauseCleanup": 13149408,
        "ICBufferFull": 2676807,
        "G1TryInitiateConcMark": 18784832,
        "Cleanup": 10044148
    },
    "avg_pause_time_per_category": {
        "G1CollectForAllocation": 10176098.93,
        "CollectForMetadataAllocation": 4400533.0,
        "G1PauseRemark": 8505797.12,
        "G1PauseCleanup": 547892.0,
        "ICBufferFull": 116382.91,
        "G1TryInitiateConcMark": 4696208.0,
        "Cleanup": 590832.24
    },
    "p90_pause_time": 14209987.7,
    "throughput": 79478567884
}