{
    "garbage_collector": "Parallel",
    "jdk": "HotSpot_21.0.4",
    "benchmark_group": "DaCapo",
    "benchmark_name": "jme",
    "heap_size": "1024",
    "error": null,
    "avg_cpu_usage": 1.5,
    "avg_cpu_time": 78.2,
    "avg_io_time": 0.0,
    "p90_io": 0.0,
    "number_of_pauses": 30,
    "total_pause_time": 257102687,
    "avg_pause_time": 8570089.57,
    "pauses_per_category": {
        "ICBufferFull": 1,
        "Cleanup": 19,
        "ParallelGCSystemGC": 10
    },
    "total_pause_time_per_category": {
        "ICBufferFull": 139025,
        "Cleanup": 641169,
        "ParallelGCSystemGC": 256322493
    },
    "avg_pause_time_per_category": {
        "ICBufferFull": 139025.0,
        "Cleanup": 33745.74,
        "ParallelGCSystemGC": 25632249.3
    },
    "p90_pause_time": 26910492.0,
    "throughput": 71892003753
}