{
    "garbage_collector": "Parallel",
    "jdk": "GraalVM_21.0.4",
    "benchmark_group": "DaCapo",
    "benchmark_name": "graphchi",
    "heap_size": "2048",
    "error": null,
    "avg_cpu_usage": 28.3,
    "avg_cpu_time": 91.2,
    "avg_io_time": 0.3,
    "p90_io": 0.84,
    "number_of_pauses": 196,
    "total_pause_time": 3587531677,
    "avg_pause_time": 18303733.05,
    "pauses_per_category": {
        "Cleanup": 8,
        "ParallelGCFailedAllocation": 188
    },
    "total_pause_time_per_category": {
        "Cleanup": 9740291,
        "ParallelGCFailedAllocation": 3577791386
    },
    "avg_pause_time_per_category": {
        "Cleanup": 1217536.38,
        "ParallelGCFailedAllocation": 19030805.24
    },
    "p90_pause_time": 25473254.5,
    "throughput": 91325282121
}