{
    "garbage_collector": "Parallel",
    "jdk": "GraalVM_21.0.4",
    "benchmark_group": "DaCapo",
    "benchmark_name": "h2",
    "heap_size": "1024",
    "error": null,
    "avg_cpu_usage": 36.2,
    "avg_cpu_time": 94.4,
    "avg_io_time": 0.0,
    "p90_io": 0.0,
    "number_of_pauses": 1137,
    "total_pause_time": 48417691483,
    "avg_pause_time": 42583721.62,
    "pauses_per_category": {
        "ICBufferFull": 3,
        "ParallelGCFailedAllocation": 1134
    },
    "total_pause_time_per_category": {
        "ICBufferFull": 414158,
        "ParallelGCFailedAllocation": 48417277325
    },
    "avg_pause_time_per_category": {
        "ICBufferFull": 138052.67,
        "ParallelGCFailedAllocation": 42696011.75
    },
    "p90_pause_time": 43395774.4,
    "throughput": 250792640502
}