{
    "garbage_collector": "Z",
    "jdk": "GraalVM_21.0.4",
    "benchmark_group": "DaCapo",
    "benchmark_name": "avrora",
    "heap_size": "8192",
    "error": null,
    "avg_cpu_usage": 13.5,
    "avg_cpu_time": 83.1,
    "avg_io_time": 0.0,
    "p90_io": 0.0,
    "number_of_pauses": 17,
    "total_pause_time": 1466943,
    "avg_pause_time": 86290.76,
    "pauses_per_category": {
        "ICBufferFull": 1,
        "Cleanup": 16
    },
    "total_pause_time_per_category": {
        "ICBufferFull": 157109,
        "Cleanup": 1309834
    },
    "avg_pause_time_per_category": {
        "ICBufferFull": 157109.0,
        "Cleanup": 81864.62
    },
    "p90_pause_time": 124894.2,
    "throughput": 107579150051
}