{
    "garbage_collector": "G1",
    "jdk": "GraalVM_21.0.4",
    "benchmark_group": "DaCapo",
    "benchmark_name": "lusearch",
    "heap_size": "4096",
    "error": null,
    "avg_cpu_usage": 32.7,
    "avg_cpu_time": 94.2,
    "avg_io_time": 0.1,
    "p90_io": 0.0,
    "number_of_pauses": 161,
    "total_pause_time": 701510689,
    "avg_pause_time": 4357209.25,
    "pauses_per_category": {
        "Cleanup": 62,
        "ICBufferFull": 4,
        "G1CollectForAllocation": 95
    },
    "total_pause_time_per_category": {
        "Cleanup": 18618949,
        "ICBufferFull": 13606117,
        "G1CollectForAllocation": 669285623
    },
    "avg_pause_time_per_category": {
        "Cleanup": 300305.63,
        "ICBufferFull": 3401529.25,
        "G1CollectForAllocation": 7045111.82
    },
    "p90_pause_time": 10431768.0,
    "throughput": 243300194155
}