{
    "garbage_collector": "Parallel",
    "jdk": "HotSpot_21.0.4",
    "benchmark_group": "DaCapo",
    "benchmark_name": "jme",
    "heap_size": "2048",
    "error": null,
    "avg_cpu_usage": 1.4,
    "avg_cpu_time": 77.9,
    "avg_io_time": 0.0,
    "p90_io": 0.0,
    "number_of_pauses": 30,
    "total_pause_time": 269826684,
    "avg_pause_time": 8994222.8,
    "pauses_per_category": {
        "ICBufferFull": 1,
        "Cleanup": 19,
        "ParallelGCSystemGC": 10
    },
    "total_pause_time_per_category": {
        "ICBufferFull": 77353,
        "Cleanup": 676680,
        "ParallelGCSystemGC": 269072651
    },
    "avg_pause_time_per_category": {
        "ICBufferFull": 77353.0,
        "Cleanup": 35614.74,
        "ParallelGCSystemGC": 26907265.1
    },
    "p90_pause_time": 31415783.9,
    "throughput": 71905772146
}