{
    "garbage_collector": "Z",
    "jdk": "GraalVM_21.0.4",
    "benchmark_group": "DaCapo",
    "benchmark_name": "h2o",
    "heap_size": "1024",
    "error": null,
    "avg_cpu_usage": 23.5,
    "avg_cpu_time": 81.8,
    "avg_io_time": 0.2,
    "p90_io": 0.0,
    "number_of_pauses": 644,
    "total_pause_time": 199634898,
    "avg_pause_time": 309992.08,
    "pauses_per_category": {
        "Cleanup": 5,
        "XMarkStart": 211,
        "XMarkEnd": 211,
        "CleanClassLoaderDataMetaspaces": 3,
        "XRelocateStart": 211,
        "ICBufferFull": 3
    },
    "total_pause_time_per_category": {
        "Cleanup": 373720,
        "XMarkStart": 67507216,
        "XMarkEnd": 57990309,
        "CleanClassLoaderDataMetaspaces": 2021685,
        "XRelocateStart": 63990811,
        "ICBufferFull": 7751157
    },
    "avg_pause_time_per_category": {
        "Cleanup": 74744.0,
        "XMarkStart": 319939.41,
        "XMarkEnd": 274835.59,
        "CleanClassLoaderDataMetaspaces": 673895.0,
        "XRelocateStart": 303273.99,
        "ICBufferFull": 2583719.0
    },
    "p90_pause_time": 458925.0,
    "throughput": 69526825469
}