{
    "garbage_collector": "G1",
    "jdk": "GraalVM_21.0.4",
    "benchmark_group": "DaCapo",
    "benchmark_name": "jme",
    "heap_size": "4096",
    "error": null,
    "avg_cpu_usage": 1.8,
    "avg_cpu_time": 78.4,
    "avg_io_time": 0.1,
    "p90_io": 0.0,
    "number_of_pauses": 37,
    "total_pause_time": 244515419,
    "avg_pause_time": 6608524.84,
    "pauses_per_category": {
        "Cleanup": 26,
        "ICBufferFull": 1,
        "G1CollectFull": 10
    },
    "total_pause_time_per_category": {
        "Cleanup": 861421,
        "ICBufferFull": 80226,
        "G1CollectFull": 243573772
    },
    "avg_pause_time_per_category": {
        "Cleanup": 33131.58,
        "ICBufferFull": 80226.0,
        "G1CollectFull": 24357377.2
    },
    "p90_pause_time": 25555949.8,
    "throughput": 73493208215
}