{
    "garbage_collector": "G1",
    "jdk": "HotSpot_21.0.4",
    "benchmark_group": "DaCapo",
    "benchmark_name": "avrora",
    "heap_size": "512",
    "error": null,
    "avg_cpu_usage": 13.0,
    "avg_cpu_time": 83.2,
    "avg_io_time": 0.0,
    "p90_io": 0.0,
    "number_of_pauses": 18,
    "total_pause_time": 28342545,
    "avg_pause_time": 1574585.83,
    "pauses_per_category": {
        "G1CollectForAllocation": 4,
        "ICBufferFull": 1,
        "Cleanup": 13
    },
    "total_pause_time_per_category": {
        "G1CollectForAllocation": 27371817,
        "ICBufferFull": 64878,
        "Cleanup": 905850
    },
    "avg_pause_time_per_category": {
        "G1CollectForAllocation": 6842954.25,
        "ICBufferFull": 64878.0,
        "Cleanup": 69680.77
    },
    "p90_pause_time": 6322647.7,
    "throughput": 101224320341
}