{
    "garbage_collector": "Parallel",
    "jdk": "HotSpot_21.0.4",
    "benchmark_group": "DaCapo",
    "benchmark_name": "h2",
    "heap_size": "4096",
    "error": null,
    "avg_cpu_usage": 33.5,
    "avg_cpu_time": 93.4,
    "avg_io_time": 0.0,
    "p90_io": 0.0,
    "number_of_pauses": 231,
    "total_pause_time": 8749200523,
    "avg_pause_time": 37875326.94,
    "pauses_per_category": {
        "ICBufferFull": 3,
        "Cleanup": 20,
        "ParallelGCFailedAllocation": 208
    },
    "total_pause_time_per_category": {
        "ICBufferFull": 404041,
        "Cleanup": 5521296,
        "ParallelGCFailedAllocation": 8743275186
    },
    "avg_pause_time_per_category": {
        "ICBufferFull": 134680.33,
        "Cleanup": 276064.8,
        "ParallelGCFailedAllocation": 42034976.86
    },
    "p90_pause_time": 73763135.0,
    "throughput": 188869413278
}