{
    "garbage_collector": "G1",
    "jdk": "HotSpot_21.0.4",
    "benchmark_group": "DaCapo",
    "benchmark_name": "avrora",
    "heap_size": "8192",
    "error": null,
    "avg_cpu_usage": 13.1,
    "avg_cpu_time": 82.9,
    "avg_io_time": 0.0,
    "p90_io": 0.0,
    "number_of_pauses": 16,
    "total_pause_time": 14412248,
    "avg_pause_time": 900765.5,
    "pauses_per_category": {
        "ICBufferFull": 1,
        "Cleanup": 13,
        "G1CollectForAllocation": 2
    },
    "total_pause_time_per_category": {
        "ICBufferFull": 110994,
        "Cleanup": 1137073,
        "G1CollectForAllocation": 13164181
    },
    "avg_pause_time_per_category": {
        "ICBufferFull": 110994.0,
        "Cleanup": 87467.15,
        "G1CollectForAllocation": 6582090.5
    },
    "p90_pause_time": 2254464.5,
    "throughput": 102780654373
}