{
    "garbage_collector": "Z",
    "jdk": "HotSpot_21.0.4",
    "benchmark_group": "DaCapo",
    "benchmark_name": "eclipse",
    "heap_size": "1024",
    "error": null,
    "avg_cpu_usage": 19.0,
    "avg_cpu_time": 90.0,
    "avg_io_time": 0.1,
    "p90_io": 0.0,
    "number_of_pauses": 574,
    "total_pause_time": 161489148,
    "avg_pause_time": 281339.98,
    "pauses_per_category": {
        "ICBufferFull": 77,
        "XMarkStart": 137,
        "XMarkEnd": 137,
        "CleanClassLoaderDataMetaspaces": 11,
        "XRelocateStart": 140,
        "Cleanup": 72
    },
    "total_pause_time_per_category": {
        "ICBufferFull": 27494692,
        "XMarkStart": 35580004,
        "XMarkEnd": 34272569,
        "CleanClassLoaderDataMetaspaces": 7948190,
        "XRelocateStart": 39828463,
        "Cleanup": 16365230
    },
    "avg_pause_time_per_category": {
        "ICBufferFull": 357073.92,
        "XMarkStart": 259708.06,
        "XMarkEnd": 250164.74,
        "CleanClassLoaderDataMetaspaces": 722562.73,
        "XRelocateStart": 284489.02,
        "Cleanup": 227294.86
    },
    "p90_pause_time": 214787.6,
    "throughput": 218639912227
}