{
    "garbage_collector": "Z",
    "jdk": "GraalVM_21.0.4",
    "benchmark_group": "DaCapo",
    "benchmark_name": "h2",
    "heap_size": "8192",
    "error": null,
    "avg_cpu_usage": 39.2,
    "avg_cpu_time": 94.1,
    "avg_io_time": 0.0,
    "p90_io": 0.0,
    "number_of_pauses": 358,
    "total_pause_time": 346371412,
    "avg_pause_time": 967517.91,
    "pauses_per_category": {
        "ICBufferFull": 4,
        "Cleanup": 56,
        "XMarkStart": 98,
        "XMarkEnd": 98,
        "CleanClassLoaderDataMetaspaces": 4,
        "XRelocateStart": 98
    },
    "total_pause_time_per_category": {
        "ICBufferFull": 5590475,
        "Cleanup": 72874602,
        "XMarkStart": 104685603,
        "XMarkEnd": 72756119,
        "CleanClassLoaderDataMetaspaces": 11463502,
        "XRelocateStart": 79001111
    },
    "avg_pause_time_per_category": {
        "ICBufferFull": 1397618.75,
        "Cleanup": 1301332.18,
        "XMarkStart": 1068220.44,
        "XMarkEnd": 742409.38,
        "CleanClassLoaderDataMetaspaces": 2865875.5,
        "XRelocateStart": 806133.79
    },
    "p90_pause_time": 4192871.7,
    "throughput": 298200679246
}