{
    "garbage_collector": "Parallel",
    "jdk": "GraalVM_21.0.4",
    "benchmark_group": "DaCapo",
    "benchmark_name": "avrora",
    "heap_size": "512",
    "error": null,
    "avg_cpu_usage": 13.4,
    "avg_cpu_time": 83.0,
    "avg_io_time": 0.0,
    "p90_io": 0.0,
    "number_of_pauses": 23,
    "total_pause_time": 31556912,
    "avg_pause_time": 1372039.65,
    "pauses_per_category": {
        "ICBufferFull": 2,
        "Cleanup": 17,
        "ParallelGCFailedAllocation": 4
    },
    "total_pause_time_per_category": {
        "ICBufferFull": 288995,
        "Cleanup": 2876558,
        "ParallelGCFailedAllocation": 28391359
    },
    "avg_pause_time_per_category": {
        "ICBufferFull": 144497.5,
        "Cleanup": 169209.29,
        "ParallelGCFailedAllocation": 7097839.75
    },
    "p90_pause_time": 6265144.8,
    "throughput": 100571286968
}