{
    "garbage_collector": "Parallel",
    "jdk": "HotSpot_21.0.4",
    "benchmark_group": "DaCapo",
    "benchmark_name": "h2",
    "heap_size": "1024",
    "error": null,
    "avg_cpu_usage": 36.2,
    "avg_cpu_time": 94.4,
    "avg_io_time": 0.0,
    "p90_io": 0.0,
    "number_of_pauses": 1116,
    "total_pause_time": 46228044088,
    "avg_pause_time": 41422978.57,
    "pauses_per_category": {
        "ICBufferFull": 3,
        "ParallelGCFailedAllocation": 1113
    },
    "total_pause_time_per_category": {
        "ICBufferFull": 393202,
        "ParallelGCFailedAllocation": 46227650886
    },
    "avg_pause_time_per_category": {
        "ICBufferFull": 131067.33,
        "ParallelGCFailedAllocation": 41534277.53
    },
    "p90_pause_time": 41492643.5,
    "throughput": 228025724925
}