{
    "garbage_collector": "G1",
    "jdk": "GraalVM_21.0.4",
    "benchmark_group": "DaCapo",
    "benchmark_name": "avrora",
    "heap_size": "8192",
    "error": null,
    "avg_cpu_usage": 13.3,
    "avg_cpu_time": 83.4,
    "avg_io_time": 0.0,
    "p90_io": 0.0,
    "number_of_pauses": 21,
    "total_pause_time": 11453486,
    "avg_pause_time": 545404.1,
    "pauses_per_category": {
        "ICBufferFull": 1,
        "Cleanup": 19,
        "G1CollectForAllocation": 1
    },
    "total_pause_time_per_category": {
        "ICBufferFull": 151275,
        "Cleanup": 1879999,
        "G1CollectForAllocation": 9422212
    },
    "avg_pause_time_per_category": {
        "ICBufferFull": 151275.0,
        "Cleanup": 98947.32,
        "G1CollectForAllocation": 9422212.0
    },
    "p90_pause_time": 151275.0,
    "throughput": 102735572805
}