{
    "garbage_collector": "Parallel",
    "jdk": "GraalVM_21.0.4",
    "benchmark_group": "DaCapo",
    "benchmark_name": "avrora",
    "heap_size": "256",
    "error": null,
    "avg_cpu_usage": 13.4,
    "avg_cpu_time": 83.0,
    "avg_io_time": 0.0,
    "p90_io": 0.0,
    "number_of_pauses": 23,
    "total_pause_time": 57069027,
    "avg_pause_time": 2481262.04,
    "pauses_per_category": {
        "ICBufferFull": 2,
        "ParallelGCFailedAllocation": 8,
        "Cleanup": 13
    },
    "total_pause_time_per_category": {
        "ICBufferFull": 2171750,
        "ParallelGCFailedAllocation": 52816171,
        "Cleanup": 2081106
    },
    "avg_pause_time_per_category": {
        "ICBufferFull": 1085875.0,
        "ParallelGCFailedAllocation": 6602021.38,
        "Cleanup": 160085.08
    },
    "p90_pause_time": 8162305.8,
    "throughput": 101216384592
}