{
    "garbage_collector": "Parallel",
    "jdk": "GraalVM_21.0.4",
    "benchmark_group": "DaCapo",
    "benchmark_name": "jython",
    "heap_size": "512",
    "error": null,
    "avg_cpu_usage": 17.6,
    "avg_cpu_time": 91.6,
    "avg_io_time": 0.1,
    "p90_io": 0.0,
    "number_of_pauses": 256,
    "total_pause_time": 1485997154,
    "avg_pause_time": 5804676.38,
    "pauses_per_category": {
        "ParallelGCFailedAllocation": 243,
        "ICBufferFull": 11,
        "CollectForMetadataAllocation": 2
    },
    "total_pause_time_per_category": {
        "ParallelGCFailedAllocation": 1372221005,
        "ICBufferFull": 1406785,
        "CollectForMetadataAllocation": 112369364
    },
    "avg_pause_time_per_category": {
        "ParallelGCFailedAllocation": 5647000.02,
        "ICBufferFull": 127889.55,
        "CollectForMetadataAllocation": 56184682.0
    },
    "p90_pause_time": 13799670.0,
    "throughput": 68412066293
}