{
    "garbage_collector": "Z",
    "jdk": "HotSpot_21.0.4",
    "benchmark_group": "DaCapo",
    "benchmark_name": "fop",
    "heap_size": "4096",
    "error": null,
    "avg_cpu_usage": 27.6,
    "avg_cpu_time": 91.3,
    "avg_io_time": 0.2,
    "p90_io": 0.0,
    "number_of_pauses": 46,
    "total_pause_time": 25281309,
    "avg_pause_time": 549593.67,
    "pauses_per_category": {
        "ICBufferFull": 27,
        "XMarkStart": 4,
        "XMarkEnd": 4,
        "CleanClassLoaderDataMetaspaces": 1,
        "XRelocateStart": 4,
        "Cleanup": 6
    },
    "total_pause_time_per_category": {
        "ICBufferFull": 7449203,
        "XMarkStart": 993386,
        "XMarkEnd": 4201713,
        "CleanClassLoaderDataMetaspaces": 5303385,
        "XRelocateStart": 2796410,
        "Cleanup": 4537212
    },
    "avg_pause_time_per_category": {
        "ICBufferFull": 275896.41,
        "XMarkStart": 248346.5,
        "XMarkEnd": 1050428.25,
        "CleanClassLoaderDataMetaspaces": 5303385.0,
        "XRelocateStart": 699102.5,
        "Cleanup": 756202.0
    },
    "p90_pause_time": 1291622.0,
    "throughput": 19280867765
}