{
    "garbage_collector": "G1",
    "jdk": "HotSpot_21.0.4",
    "benchmark_group": "DaCapo",
    "benchmark_name": "biojava",
    "heap_size": "512",
    "error": null,
    "avg_cpu_usage": 13.1,
    "avg_cpu_time": 88.5,
    "avg_io_time": 0.0,
    "p90_io": 0.0,
    "number_of_pauses": 332,
    "total_pause_time": 2641375929,
    "avg_pause_time": 7955951.59,
    "pauses_per_category": {
        "Cleanup": 1,
        "ICBufferFull": 1,
        "G1CollectForAllocation": 318,
        "G1PauseRemark": 6,
        "G1PauseCleanup": 6
    },
    "total_pause_time_per_category": {
        "Cleanup": 169400,
        "ICBufferFull": 404449,
        "G1CollectForAllocation": 2610110383,
        "G1PauseRemark": 24350538,
        "G1PauseCleanup": 6341159
    },
    "avg_pause_time_per_category": {
        "Cleanup": 169400.0,
        "ICBufferFull": 404449.0,
        "G1CollectForAllocation": 8207894.29,
        "G1PauseRemark": 4058423.0,
        "G1PauseCleanup": 1056859.83
    },
    "p90_pause_time": 19970605.1,
    "throughput": 130357351613
}