{
    "garbage_collector": "Parallel",
    "jdk": "GraalVM_21.0.4",
    "benchmark_group": "DaCapo",
    "benchmark_name": "h2",
    "heap_size": "512",
    "error": "Error code not found: 255\njava.lang.reflect.InvocationTargetException\njava.lang.reflect.InvocationTargetException\n\tat java.base/jdk.internal.reflect.DirectMethodHandleAccessor.invoke(DirectMethodHandleAccessor.java:118)\n\tat java.base/java.lang.reflect.Method.invoke(Method.java:580)\n\tat org.dacapo.harness.H2.preIteration(H2.java:95)\n\tat org.dacapo.harness.Benchmark.run(Benchmark.java:237)\n\tat org.dacapo.harness.TestHarness.runBenchmark(TestHarness.java:225)\n\tat org.dacapo.harness.TestHarness.main(TestHarness.java:170)\n\tat java.base/jdk.internal.reflect.DirectMethodHandleAccessor.invoke(DirectMethodHandleAccessor.java:103)\n\tat java.base/java.lang.reflect.Method.invoke(Method.java:580)\n\tat Harness.main(Unknown Source)\nCaused by: org.h2.jdbc.JdbcSQLNonTransientConnectionException: Out of memory.; SQL statement:\n\n\nALTER TABLE ORDERLINE ADD CONSTRAINT\n    OL_O_FK FOREIGN KEY (OL_W_ID, OL_D_ID, OL_O_ID) REFERENCES ORDE [90108-220]\n\tat org.h2.message.DbException.getJdbcSQLException(DbException.java:690)\n\tat org.h2.message.DbException.getJdbcSQLException(DbException.java:489)\n\tat org.h2.message.DbException.get(DbException.java:212)\n\tat org.h2.message.DbException.convert(DbException.java:401)\n\tat org.h2.command.Command.executeUpdate(Command.java:262)\n\tat org.h2.jdbc.JdbcStatement.executeInternal(JdbcStatement.java:252)\n\tat org.h2.jdbc.JdbcStatement.execute(JdbcStatement.java:223)\n\tat org.h2.tools.RunScript.execute(RunScript.java:169)\n\tat org.dacapo.h2.TPCC.runScript(Unknown Source)\n\tat org.dacapo.h2.TPCC.runScript(Unknown Source)\n\tat org.dacapo.h2.TPCC.runScript(Unknown Source)\n\tat org.dacapo.h2.TPCC.createConstraints(Unknown Source)\n\tat org.dacapo.h2.TPCC.preIterationMemoryDB(Unknown Source)\n\tat org.dacapo.h2.TPCC.preIteration(Unknown Source)\n\tat java.base/jdk.internal.reflect.DirectMethodHandleAccessor.invoke(DirectMethodHandleAccessor.java:103)\n\t... 8 more\nCaused by: java.lang.OutOfMemoryError: Java heap space\n\tat java.base/java.util.Arrays.copyOf(Arrays.java:3513)\n\tat java.base/java.util.Arrays.copyOf(Arrays.java:3482)\n\tat java.base/java.util.ArrayList.grow(ArrayList.java:237)\n\tat java.base/java.util.ArrayList.grow(ArrayList.java:244)\n\tat java.base/java.util.ArrayList.add(ArrayList.java:483)\n\tat java.base/java.util.ArrayList.add(ArrayList.java:496)\n\tat org.h2.result.LocalResult.addRowInternal(LocalResult.java:431)\n\tat org.h2.result.LocalResult.addRow(LocalResult.java:410)\n\tat org.h2.command.query.Select.queryFlat(Select.java:730)\n\tat org.h2.command.query.Select.queryWithoutCache(Select.java:833)\n\tat org.h2.command.query.Query.queryWithoutCacheLazyCheck(Query.java:197)\n\tat org.h2.command.query.Query.query(Query.java:520)\n\tat org.h2.command.query.Query.query(Query.java:483)\n\tat org.h2.index.QueryExpressionIndex.find(QueryExpressionIndex.java:269)\n\tat org.h2.index.QueryExpressionIndex.find(QueryExpressionIndex.java:152)\n\tat org.h2.index.IndexCursor.find(IndexCursor.java:166)\n\tat org.h2.table.TableFilter.next(TableFilter.java:394)\n\tat org.h2.command.query.Select$LazyResultQueryFlat.fetchNextRow(Select.java:1843)\n\tat org.h2.result.LazyResult.hasNext(LazyResult.java:78)\n\tat org.h2.result.FetchedResult.next(FetchedResult.java:34)\n\tat org.h2.command.query.Select.queryFlat(Select.java:728)\n\tat org.h2.command.query.Select.queryWithoutCache(Select.java:833)\n\tat org.h2.command.query.Query.queryWithoutCacheLazyCheck(Query.java:197)\n\tat org.h2.command.query.Query.query(Query.java:520)\n\tat org.h2.command.query.Query.query(Query.java:483)\n\tat org.h2.constraint.ConstraintReferential.checkExistingData(ConstraintReferential.java:610)\n\tat org.h2.command.ddl.AlterTableAddConstraint.tryUpdate(AlterTableAddConstraint.java:288)\n\tat org.h2.command.ddl.AlterTableAddConstraint.update(AlterTableAddConstraint.java:74)\n\tat org.h2.command.ddl.AlterTable.update(AlterTable.java:46)\n\tat org.h2.command.CommandContainer.update(CommandContainer.java:169)\n\tat org.h2.command.Command.executeUpdate(Command.java:252)\n\tat org.h2.jdbc.JdbcStatement.executeInternal(JdbcStatement.java:252)\n",
    "avg_cpu_usage": 38.7,
    "avg_cpu_time": 95.4,
    "avg_io_time": 0.0,
    "p90_io": 0.0,
    "number_of_pauses": 0,
    "total_pause_time": 0,
    "avg_pause_time": 0,
    "pauses_per_category": {},
    "total_pause_time_per_category": {},
    "avg_pause_time_per_category": {},
    "p90_pause_time": 0,
    "throughput": 0
}