{
    "garbage_collector": "G1",
    "jdk": "HotSpot_21.0.4",
    "benchmark_group": "DaCapo",
    "benchmark_name": "avrora",
    "heap_size": "2048",
    "error": null,
    "avg_cpu_usage": 13.1,
    "avg_cpu_time": 83.1,
    "avg_io_time": 0.0,
    "p90_io": 0.0,
    "number_of_pauses": 17,
    "total_pause_time": 16131288,
    "avg_pause_time": 948899.29,
    "pauses_per_category": {
        "ICBufferFull": 1,
        "Cleanup": 14,
        "G1CollectForAllocation": 2
    },
    "total_pause_time_per_category": {
        "ICBufferFull": 71916,
        "Cleanup": 1001603,
        "G1CollectForAllocation": 15057769
    },
    "avg_pause_time_per_category": {
        "ICBufferFull": 71916.0,
        "Cleanup": 71543.07,
        "G1CollectForAllocation": 7528884.5
    },
    "p90_pause_time": 2841944.8,
    "throughput": 101819118694
}