{
    "garbage_collector": "Parallel",
    "jdk": "HotSpot_21.0.4",
    "benchmark_group": "DaCapo",
    "benchmark_name": "kafka",
    "heap_size": "256",
    "error": "Error code not found: 3\n===== DaCapo 23.11-chopin kafka starting warmup 1 =====\nStarting 1000000 requests...\nCompleted requests\nFinished\n===== DaCapo 23.11-chopin kafka completed warmup 1 in 81565 msec =====\n===== DaCapo 23.11-chopin kafka starting warmup 2 =====\nStarting 1000000 requests...\nCompleted requests\nFinished\n===== DaCapo 23.11-chopin kafka completed warmup 2 in 160767 msec =====\n===== DaCapo 23.11-chopin kafka starting warmup 3 =====\nStarting 1000000 requests...\n",
    "avg_cpu_usage": 25.1,
    "avg_cpu_time": 93.1,
    "avg_io_time": 0.1,
    "p90_io": 0.0,
    "number_of_pauses": 0,
    "total_pause_time": 0,
    "avg_pause_time": 0,
    "pauses_per_category": {},
    "total_pause_time_per_category": {},
    "avg_pause_time_per_category": {},
    "p90_pause_time": 0,
    "throughput": 0
}