{
    "garbage_collector": "G1",
    "jdk": "HotSpot_21.0.4",
    "benchmark_group": "DaCapo",
    "benchmark_name": "eclipse",
    "heap_size": "2048",
    "error": null,
    "avg_cpu_usage": 19.5,
    "avg_cpu_time": 90.2,
    "avg_io_time": 0.1,
    "p90_io": 0.0,
    "number_of_pauses": 289,
    "total_pause_time": 2961844397,
    "avg_pause_time": 10248596.53,
    "pauses_per_category": {
        "ICBufferFull": 71,
        "G1CollectForAllocation": 48,
        "CollectForMetadataAllocation": 1,
        "G1PauseRemark": 20,
        "G1PauseCleanup": 20,
        "Cleanup": 111,
        "G1TryInitiateConcMark": 18
    },
    "total_pause_time_per_category": {
        "ICBufferFull": 33922192,
        "G1CollectForAllocation": 1980723401,
        "CollectForMetadataAllocation": 14374103,
        "G1PauseRemark": 284197201,
        "G1PauseCleanup": 21292411,
        "Cleanup": 55284257,
        "G1TryInitiateConcMark": 572050832
    },
    "avg_pause_time_per_category": {
        "ICBufferFull": 477777.35,
        "G1CollectForAllocation": 41265070.85,
        "CollectForMetadataAllocation": 14374103.0,
        "G1PauseRemark": 14209860.05,
        "G1PauseCleanup": 1064620.55,
        "Cleanup": 498056.37,
        "G1TryInitiateConcMark": 31780601.78
    },
    "p90_pause_time": 36039249.6,
    "throughput": 205998671129
}