{
    "garbage_collector": "Parallel",
    "jdk": "GraalVM_21.0.4",
    "benchmark_group": "DaCapo",
    "benchmark_name": "biojava",
    "heap_size": "256",
    "error": null,
    "avg_cpu_usage": 13.7,
    "avg_cpu_time": 88.7,
    "avg_io_time": 0.0,
    "p90_io": 0.0,
    "number_of_pauses": 1191,
    "total_pause_time": 4410877735,
    "avg_pause_time": 3703507.75,
    "pauses_per_category": {
        "Cleanup": 1,
        "ICBufferFull": 1,
        "ParallelGCFailedAllocation": 1189
    },
    "total_pause_time_per_category": {
        "Cleanup": 52458,
        "ICBufferFull": 79164,
        "ParallelGCFailedAllocation": 4410746113
    },
    "avg_pause_time_per_category": {
        "Cleanup": 52458.0,
        "ICBufferFull": 79164.0,
        "ParallelGCFailedAllocation": 3709626.67
    },
    "p90_pause_time": 5094646.0,
    "throughput": 93062774423
}