{
    "garbage_collector": "Parallel",
    "jdk": "GraalVM_21.0.4",
    "benchmark_group": "DaCapo",
    "benchmark_name": "lusearch",
    "heap_size": "1024",
    "error": null,
    "avg_cpu_usage": 31.8,
    "avg_cpu_time": 94.2,
    "avg_io_time": 0.1,
    "p90_io": 0.0,
    "number_of_pauses": 694,
    "total_pause_time": 2195668341,
    "avg_pause_time": 3163787.23,
    "pauses_per_category": {
        "Cleanup": 3,
        "ICBufferFull": 7,
        "ParallelGCFailedAllocation": 684
    },
    "total_pause_time_per_category": {
        "Cleanup": 257570,
        "ICBufferFull": 18339478,
        "ParallelGCFailedAllocation": 2177071293
    },
    "avg_pause_time_per_category": {
        "Cleanup": 85856.67,
        "ICBufferFull": 2619925.43,
        "ParallelGCFailedAllocation": 3182852.77
    },
    "p90_pause_time": 5587448.1,
    "throughput": 238874952925
}