{
    "garbage_collector": "Parallel",
    "jdk": "GraalVM_21.0.4",
    "benchmark_group": "DaCapo",
    "benchmark_name": "lusearch",
    "heap_size": "8192",
    "error": null,
    "avg_cpu_usage": 32.5,
    "avg_cpu_time": 94.4,
    "avg_io_time": 0.0,
    "p90_io": 0.0,
    "number_of_pauses": 167,
    "total_pause_time": 362499466,
    "avg_pause_time": 2170655.49,
    "pauses_per_category": {
        "Cleanup": 70,
        "ICBufferFull": 11,
        "ParallelGCFailedAllocation": 86
    },
    "total_pause_time_per_category": {
        "Cleanup": 32392145,
        "ICBufferFull": 17848999,
        "ParallelGCFailedAllocation": 312258322
    },
    "avg_pause_time_per_category": {
        "Cleanup": 462744.93,
        "ICBufferFull": 1622636.27,
        "ParallelGCFailedAllocation": 3630910.72
    },
    "p90_pause_time": 5032253.4,
    "throughput": 239442818965
}