{
    "garbage_collector": "Parallel",
    "jdk": "GraalVM_21.0.4",
    "benchmark_group": "DaCapo",
    "benchmark_name": "jme",
    "heap_size": "4096",
    "error": null,
    "avg_cpu_usage": 2.1,
    "avg_cpu_time": 78.4,
    "avg_io_time": 0.0,
    "p90_io": 0.0,
    "number_of_pauses": 40,
    "total_pause_time": 273818552,
    "avg_pause_time": 6845463.8,
    "pauses_per_category": {
        "Cleanup": 29,
        "ICBufferFull": 1,
        "ParallelGCSystemGC": 10
    },
    "total_pause_time_per_category": {
        "Cleanup": 1948452,
        "ICBufferFull": 106745,
        "ParallelGCSystemGC": 271763355
    },
    "avg_pause_time_per_category": {
        "Cleanup": 67188.0,
        "ICBufferFull": 106745.0,
        "ParallelGCSystemGC": 27176335.5
    },
    "p90_pause_time": 29124244.3,
    "throughput": 73166989684
}