{
    "garbage_collector": "Parallel",
    "jdk": "GraalVM_21.0.4",
    "benchmark_group": "DaCapo",
    "benchmark_name": "lusearch",
    "heap_size": "512",
    "error": null,
    "avg_cpu_usage": 31.9,
    "avg_cpu_time": 94.0,
    "avg_io_time": 0.1,
    "p90_io": 0.0,
    "number_of_pauses": 1384,
    "total_pause_time": 4337866665,
    "avg_pause_time": 3134296.72,
    "pauses_per_category": {
        "Cleanup": 4,
        "ParallelGCFailedAllocation": 1379,
        "ICBufferFull": 1
    },
    "total_pause_time_per_category": {
        "Cleanup": 716587,
        "ParallelGCFailedAllocation": 4331295508,
        "ICBufferFull": 5854570
    },
    "avg_pause_time_per_category": {
        "Cleanup": 179146.75,
        "ParallelGCFailedAllocation": 3140895.94,
        "ICBufferFull": 5854570.0
    },
    "p90_pause_time": 5588903.5,
    "throughput": 248399254645
}