{
    "garbage_collector": "G1",
    "jdk": "HotSpot_21.0.4",
    "benchmark_group": "DaCapo",
    "benchmark_name": "eclipse",
    "heap_size": "1024",
    "error": null,
    "avg_cpu_usage": 19.7,
    "avg_cpu_time": 90.4,
    "avg_io_time": 0.1,
    "p90_io": 0.0,
    "number_of_pauses": 371,
    "total_pause_time": 4723713387,
    "avg_pause_time": 12732381.1,
    "pauses_per_category": {
        "ICBufferFull": 70,
        "G1CollectForAllocation": 102,
        "CollectForMetadataAllocation": 1,
        "G1PauseRemark": 38,
        "G1PauseCleanup": 38,
        "Cleanup": 86,
        "G1TryInitiateConcMark": 36
    },
    "total_pause_time_per_category": {
        "ICBufferFull": 13110903,
        "G1CollectForAllocation": 3259119731,
        "CollectForMetadataAllocation": 15538413,
        "G1PauseRemark": 470419120,
        "G1PauseCleanup": 26321853,
        "Cleanup": 31184409,
        "G1TryInitiateConcMark": 908018958
    },
    "avg_pause_time_per_category": {
        "ICBufferFull": 187298.61,
        "G1CollectForAllocation": 31952154.23,
        "CollectForMetadataAllocation": 15538413.0,
        "G1PauseRemark": 12379450.53,
        "G1PauseCleanup": 692680.34,
        "Cleanup": 362609.41,
        "G1TryInitiateConcMark": 25222748.83
    },
    "p90_pause_time": 40754916.0,
    "throughput": 205694166822
}