{
    "garbage_collector": "Parallel",
    "jdk": "GraalVM_21.0.4",
    "benchmark_group": "DaCapo",
    "benchmark_name": "fop",
    "heap_size": "4096",
    "error": null,
    "avg_cpu_usage": 24.1,
    "avg_cpu_time": 94.0,
    "avg_io_time": 0.2,
    "p90_io": 0.0,
    "number_of_pauses": 44,
    "total_pause_time": 209013959,
    "avg_pause_time": 4750317.25,
    "pauses_per_category": {
        "ICBufferFull": 37,
        "CollectForMetadataAllocation": 2,
        "ParallelGCFailedAllocation": 3,
        "Cleanup": 1,
        "ParallelGCSystemGC": 1
    },
    "total_pause_time_per_category": {
        "ICBufferFull": 8110498,
        "CollectForMetadataAllocation": 50582948,
        "ParallelGCFailedAllocation": 60087960,
        "Cleanup": 109865,
        "ParallelGCSystemGC": 90122688
    },
    "avg_pause_time_per_category": {
        "ICBufferFull": 219202.65,
        "CollectForMetadataAllocation": 25291474.0,
        "ParallelGCFailedAllocation": 20029320.0,
        "Cleanup": 109865.0,
        "ParallelGCSystemGC": 90122688.0
    },
    "p90_pause_time": 10767161.7,
    "throughput": 18974628939
}