{
    "garbage_collector": "G1",
    "jdk": "GraalVM_21.0.4",
    "benchmark_group": "DaCapo",
    "benchmark_name": "biojava",
    "heap_size": "8192",
    "error": null,
    "avg_cpu_usage": 13.5,
    "avg_cpu_time": 88.8,
    "avg_io_time": 0.0,
    "p90_io": 0.0,
    "number_of_pauses": 42,
    "total_pause_time": 980659939,
    "avg_pause_time": 23349046.17,
    "pauses_per_category": {
        "Cleanup": 16,
        "ICBufferFull": 1,
        "G1CollectForAllocation": 25
    },
    "total_pause_time_per_category": {
        "Cleanup": 4644257,
        "ICBufferFull": 92516,
        "G1CollectForAllocation": 975923166
    },
    "avg_pause_time_per_category": {
        "Cleanup": 290266.06,
        "ICBufferFull": 92516.0,
        "G1CollectForAllocation": 39036926.64
    },
    "p90_pause_time": 55993038.4,
    "throughput": 92528670328
}