{
    "garbage_collector": "Z",
    "jdk": "GraalVM_21.0.4",
    "benchmark_group": "DaCapo",
    "benchmark_name": "avrora",
    "heap_size": "4096",
    "error": null,
    "avg_cpu_usage": 13.2,
    "avg_cpu_time": 83.3,
    "avg_io_time": 0.0,
    "p90_io": 0.0,
    "number_of_pauses": 22,
    "total_pause_time": 15267580,
    "avg_pause_time": 693980.91,
    "pauses_per_category": {
        "ICBufferFull": 2,
        "Cleanup": 16,
        "XMarkStart": 1,
        "XMarkEnd": 1,
        "CleanClassLoaderDataMetaspaces": 1,
        "XRelocateStart": 1
    },
    "total_pause_time_per_category": {
        "ICBufferFull": 7269012,
        "Cleanup": 7110601,
        "XMarkStart": 129229,
        "XMarkEnd": 99413,
        "CleanClassLoaderDataMetaspaces": 549796,
        "XRelocateStart": 109529
    },
    "avg_pause_time_per_category": {
        "ICBufferFull": 3634506.0,
        "Cleanup": 444412.56,
        "XMarkStart": 129229.0,
        "XMarkEnd": 99413.0,
        "CleanClassLoaderDataMetaspaces": 549796.0,
        "XRelocateStart": 109529.0
    },
    "p90_pause_time": 2778529.0,
    "throughput": 107748835008
}