{
    "garbage_collector": "Parallel",
    "jdk": "HotSpot_21.0.4",
    "benchmark_group": "DaCapo",
    "benchmark_name": "h2",
    "heap_size": "256",
    "error": "Error code not found: 255\njava.lang.reflect.InvocationTargetException\njava.lang.reflect.InvocationTargetException\n\tat java.base/jdk.internal.reflect.DirectMethodHandleAccessor.invoke(DirectMethodHandleAccessor.java:118)\n\tat java.base/java.lang.reflect.Method.invoke(Method.java:580)\n\tat org.dacapo.harness.H2.preIteration(H2.java:95)\n\tat org.dacapo.harness.Benchmark.run(Benchmark.java:237)\n\tat org.dacapo.harness.TestHarness.runBenchmark(TestHarness.java:225)\n\tat org.dacapo.harness.TestHarness.main(TestHarness.java:170)\n\tat java.base/jdk.internal.reflect.DirectMethodHandleAccessor.invoke(DirectMethodHandleAccessor.java:103)\n\tat java.base/java.lang.reflect.Method.invoke(Method.java:580)\n\tat Harness.main(Unknown Source)\nCaused by: org.h2.jdbc.JdbcSQLNonTransientConnectionException: Out of memory.; SQL statement:\n\n\nALTER TABLE STOCK ADD CONSTRAINT\n    STOCK_PK PRIMARY KEY (S_W_ID, S_I_I [90108-220]\n\tat org.h2.message.DbException.getJdbcSQLException(DbException.java:690)\n\tat org.h2.message.DbException.getJdbcSQLException(DbException.java:489)\n\tat org.h2.message.DbException.get(DbException.java:212)\n\tat org.h2.message.DbException.convert(DbException.java:401)\n\tat org.h2.command.Command.executeUpdate(Command.java:262)\n\tat org.h2.jdbc.JdbcStatement.executeInternal(JdbcStatement.java:252)\n\tat org.h2.jdbc.JdbcStatement.execute(JdbcStatement.java:223)\n\tat org.h2.tools.RunScript.execute(RunScript.java:169)\n\tat org.dacapo.h2.TPCC.runScript(Unknown Source)\n\tat org.dacapo.h2.TPCC.runScript(Unknown Source)\n\tat org.dacapo.h2.TPCC.runScript(Unknown Source)\n\tat org.dacapo.h2.TPCC.createIndexes(Unknown Source)\n\tat org.dacapo.h2.TPCC.preIterationMemoryDB(Unknown Source)\n\tat org.dacapo.h2.TPCC.preIteration(Unknown Source)\n\tat java.base/jdk.internal.reflect.DirectMethodHandleAccessor.invoke(DirectMethodHandleAccessor.java:103)\n\t... 8 more\nCaused by: java.lang.OutOfMemoryError: GC overhead limit exceeded\n\tat org.h2.result.RowFactory$DefaultRowFactory.createRow(RowFactory.java:178)\n\tat org.h2.mvstore.db.MVSecondaryIndex.checkUnique(MVSecondaryIndex.java:204)\n\tat org.h2.mvstore.db.MVSecondaryIndex.add(MVSecondaryIndex.java:194)\n\tat org.h2.mvstore.db.MVTable.addRowsToIndex(MVTable.java:723)\n\tat org.h2.mvstore.db.MVTable.rebuildIndexBuffered(MVTable.java:467)\n\tat org.h2.mvstore.db.MVTable.rebuildIndex(MVTable.java:387)\n\tat org.h2.mvstore.db.MVTable.addIndex(MVTable.java:367)\n\tat org.h2.command.ddl.AlterTableAddConstraint.tryUpdate(AlterTableAddConstraint.java:149)\n\tat org.h2.command.ddl.AlterTableAddConstraint.update(AlterTableAddConstraint.java:74)\n\tat org.h2.command.ddl.AlterTable.update(AlterTable.java:46)\n\tat org.h2.command.CommandContainer.update(CommandContainer.java:169)\n\tat org.h2.command.Command.executeUpdate(Command.java:252)\n\tat org.h2.jdbc.JdbcStatement.executeInternal(JdbcStatement.java:252)\n\tat org.h2.jdbc.JdbcStatement.execute(JdbcStatement.java:223)\n\tat org.h2.tools.RunScript.execute(RunScript.java:169)\n\tat org.dacapo.h2.TPCC.runScript(Unknown Source)\n\tat org.dacapo.h2.TPCC.runScript(Unknown Source)\n\tat org.dacapo.h2.TPCC.runScript(Unknown Source)\n\tat org.dacapo.h2.TPCC.createIndexes(Unknown Source)\n\tat org.dacapo.h2.TPCC.preIterationMemoryDB(Unknown Source)\n\tat org.dacapo.h2.TPCC.preIteration(Unknown Source)\n\tat java.base/java.lang.invoke.DirectMethodHandle$Holder.invokeVirtual(DirectMethodHandle$Holder)\n\tat java.base/java.lang.invoke.LambdaForm$MH/0x0000709f7c018800.invoke(LambdaForm$MH)\n\tat java.base/java.lang.invoke.Invokers$Holder.invokeExact_MT(Invokers$Holder)\n\tat java.base/jdk.internal.reflect.DirectMethodHandleAccessor.invokeImpl(DirectMethodHandleAccessor.java:154)\n\tat java.base/jdk.internal.reflect.DirectMethodHandleAccessor.invoke(DirectMethodHandleAccessor.java:103)\n\tat java.base/java.lang.reflect.Method.invoke(Method.java:580)\n\tat org.dacapo.harness.H2.preIteration(H2.java:95)\n\tat org.dacapo.harness.Benchmark.run(Benchmark.java:237)\n\tat org.dacapo.harness.TestHarness.runBenchmark(TestHarness.java:225)\n\tat org.dacapo.harness.TestHarness.main(TestHarness.java:170)\n\tat java.base/java.lang.invoke.LambdaForm$DMH/0x0000709f7c001800.invokeStatic(LambdaForm$DMH)\n",
    "avg_cpu_usage": 39.6,
    "avg_cpu_time": 95.6,
    "avg_io_time": 0.0,
    "p90_io": 0.0,
    "number_of_pauses": 0,
    "total_pause_time": 0,
    "avg_pause_time": 0,
    "pauses_per_category": {},
    "total_pause_time_per_category": {},
    "avg_pause_time_per_category": {},
    "p90_pause_time": 0,
    "throughput": 0
}