{
    "garbage_collector": "Parallel",
    "jdk": "GraalVM_21.0.4",
    "benchmark_group": "DaCapo",
    "benchmark_name": "kafka",
    "heap_size": "8192",
    "error": null,
    "avg_cpu_usage": 14.0,
    "avg_cpu_time": 85.9,
    "avg_io_time": 1.3,
    "p90_io": 6.12,
    "number_of_pauses": 81,
    "total_pause_time": 401023921,
    "avg_pause_time": 4950912.6,
    "pauses_per_category": {
        "ICBufferFull": 23,
        "CollectForMetadataAllocation": 3,
        "ParallelGCFailedAllocation": 8,
        "Cleanup": 47
    },
    "total_pause_time_per_category": {
        "ICBufferFull": 8904761,
        "CollectForMetadataAllocation": 264338143,
        "ParallelGCFailedAllocation": 117676681,
        "Cleanup": 10104336
    },
    "avg_pause_time_per_category": {
        "ICBufferFull": 387163.52,
        "CollectForMetadataAllocation": 88112714.33,
        "ParallelGCFailedAllocation": 14709585.12,
        "Cleanup": 214985.87
    },
    "p90_pause_time": 11963972.0,
    "throughput": 76856213765
}