{
    "garbage_collector": "Parallel",
    "jdk": "GraalVM_21.0.4",
    "benchmark_group": "DaCapo",
    "benchmark_name": "biojava",
    "heap_size": "512",
    "error": null,
    "avg_cpu_usage": 13.6,
    "avg_cpu_time": 88.9,
    "avg_io_time": 0.0,
    "p90_io": 0.0,
    "number_of_pauses": 613,
    "total_pause_time": 2970123615,
    "avg_pause_time": 4845226.13,
    "pauses_per_category": {
        "Cleanup": 1,
        "ICBufferFull": 1,
        "ParallelGCFailedAllocation": 611
    },
    "total_pause_time_per_category": {
        "Cleanup": 52576,
        "ICBufferFull": 151147,
        "ParallelGCFailedAllocation": 2969919892
    },
    "avg_pause_time_per_category": {
        "Cleanup": 52576.0,
        "ICBufferFull": 151147.0,
        "ParallelGCFailedAllocation": 4860752.69
    },
    "p90_pause_time": 6981415.2,
    "throughput": 89944724137
}