{
    "garbage_collector": "Z",
    "jdk": "HotSpot_21.0.4",
    "benchmark_group": "DaCapo",
    "benchmark_name": "avrora",
    "heap_size": "8192",
    "error": null,
    "avg_cpu_usage": 13.3,
    "avg_cpu_time": 82.9,
    "avg_io_time": 0.0,
    "p90_io": 0.0,
    "number_of_pauses": 18,
    "total_pause_time": 18829227,
    "avg_pause_time": 1046068.17,
    "pauses_per_category": {
        "ICBufferFull": 2,
        "Cleanup": 12,
        "XMarkStart": 1,
        "XMarkEnd": 1,
        "CleanClassLoaderDataMetaspaces": 1,
        "XRelocateStart": 1
    },
    "total_pause_time_per_category": {
        "ICBufferFull": 206489,
        "Cleanup": 18392324,
        "XMarkStart": 26892,
        "XMarkEnd": 98847,
        "CleanClassLoaderDataMetaspaces": 73771,
        "XRelocateStart": 30904
    },
    "avg_pause_time_per_category": {
        "ICBufferFull": 103244.5,
        "Cleanup": 1532693.67,
        "XMarkStart": 26892.0,
        "XMarkEnd": 98847.0,
        "CleanClassLoaderDataMetaspaces": 73771.0,
        "XRelocateStart": 30904.0
    },
    "p90_pause_time": 113703.9,
    "throughput": 108882325406
}