{
    "garbage_collector": "Serial",
    "jdk": "HotSpot_21.0.4",
    "benchmark_group": "Renaissance",
    "benchmark_name": "scala-doku",
    "heap_size": "4096",
    "error": null,
    "avg_cpu_usage": 13.6,
    "avg_cpu_time": 13.7,
    "avg_io_time": 0.0,
    "p90_io": 0.0,
    "number_of_pauses": 16,
    "total_pause_time": 58060135,
    "avg_pause_time": 3628758.44,
    "pauses_per_category": {
        "ICBufferFull": 2,
        "Cleanup": 13,
        "GenCollectForAllocation": 1
    },
    "total_pause_time_per_category": {
        "ICBufferFull": 136143,
        "Cleanup": 23753712,
        "GenCollectForAllocation": 34170280
    },
    "avg_pause_time_per_category": {
        "ICBufferFull": 68071.5,
        "Cleanup": 1827208.62,
        "GenCollectForAllocation": 34170280.0
    },
    "p90_pause_time": 11362753.0,
    "throughput": 22467942307
}