{
    "garbage_collector": "Serial",
    "jdk": "HotSpot_21.0.4",
    "benchmark_group": "Renaissance",
    "benchmark_name": "philosophers",
    "heap_size": "2048",
    "error": null,
    "avg_cpu_usage": 84.5,
    "avg_cpu_time": 82.5,
    "avg_io_time": 0.0,
    "p90_io": 0.0,
    "number_of_pauses": 62,
    "total_pause_time": 242803080,
    "avg_pause_time": 3916178.71,
    "pauses_per_category": {
        "ICBufferFull": 2,
        "GenCollectForAllocation": 60
    },
    "total_pause_time_per_category": {
        "ICBufferFull": 1905468,
        "GenCollectForAllocation": 240897612
    },
    "avg_pause_time_per_category": {
        "ICBufferFull": 952734.0,
        "GenCollectForAllocation": 4014960.2
    },
    "p90_pause_time": 6624799.1,
    "throughput": 21214872792
}