{
    "garbage_collector": "Serial",
    "jdk": "HotSpot_21.0.4",
    "benchmark_group": "Renaissance",
    "benchmark_name": "akka-uct",
    "heap_size": "1024",
    "error": null,
    "avg_cpu_usage": 39.5,
    "avg_cpu_time": 40.8,
    "avg_io_time": 0.0,
    "p90_io": 0.0,
    "number_of_pauses": 720,
    "total_pause_time": 81589069952,
    "avg_pause_time": 113318152.71,
    "pauses_per_category": {
        "ICBufferFull": 3,
        "GenCollectForAllocation": 716,
        "CollectForMetadataAllocation": 1
    },
    "total_pause_time_per_category": {
        "ICBufferFull": 10599300,
        "GenCollectForAllocation": 81295156391,
        "CollectForMetadataAllocation": 283314261
    },
    "avg_pause_time_per_category": {
        "ICBufferFull": 3533100.0,
        "GenCollectForAllocation": 113540721.22,
        "CollectForMetadataAllocation": 283314261.0
    },
    "p90_pause_time": 114993692.8,
    "throughput": 136379050143
}