{
    "garbage_collector": "Serial",
    "jdk": "HotSpot_21.0.4",
    "benchmark_group": "Renaissance",
    "benchmark_name": "rx-scrabble",
    "heap_size": "4096",
    "error": null,
    "avg_cpu_usage": 24.7,
    "avg_cpu_time": 33.7,
    "avg_io_time": 0.0,
    "p90_io": 0.0,
    "number_of_pauses": 10,
    "total_pause_time": 84177765,
    "avg_pause_time": 8417776.5,
    "pauses_per_category": {
        "ICBufferFull": 9,
        "GenCollectForAllocation": 1
    },
    "total_pause_time_per_category": {
        "ICBufferFull": 834302,
        "GenCollectForAllocation": 83343463
    },
    "avg_pause_time_per_category": {
        "ICBufferFull": 92700.22,
        "GenCollectForAllocation": 83343463.0
    },
    "p90_pause_time": 8467656.1,
    "throughput": 2751655188
}