{
    "garbage_collector": "G1",
    "jdk": "HotSpot_21.0.4",
    "benchmark_group": "Renaissance",
    "benchmark_name": "philosophers",
    "heap_size": "512",
    "error": null,
    "avg_cpu_usage": 86.8,
    "avg_cpu_time": 87.0,
    "avg_io_time": 0.0,
    "p90_io": 0.0,
    "number_of_pauses": 113,
    "total_pause_time": 141326329,
    "avg_pause_time": 1250675.48,
    "pauses_per_category": {
        "ICBufferFull": 1,
        "G1CollectForAllocation": 112
    },
    "total_pause_time_per_category": {
        "ICBufferFull": 58722,
        "G1CollectForAllocation": 141267607
    },
    "avg_pause_time_per_category": {
        "ICBufferFull": 58722.0,
        "G1CollectForAllocation": 1261317.92
    },
    "p90_pause_time": 1515276.6,
    "throughput": 16283450443
}