{
    "garbage_collector": "Serial",
    "jdk": "HotSpot_21.0.4",
    "benchmark_group": "Renaissance",
    "benchmark_name": "akka-uct",
    "heap_size": "512",
    "error": null,
    "avg_cpu_usage": 36.9,
    "avg_cpu_time": 36.4,
    "avg_io_time": 0.0,
    "p90_io": 0.0,
    "number_of_pauses": 1418,
    "total_pause_time": 104564823836,
    "avg_pause_time": 73741060.53,
    "pauses_per_category": {
        "ICBufferFull": 1,
        "GenCollectForAllocation": 1416,
        "CollectForMetadataAllocation": 1
    },
    "total_pause_time_per_category": {
        "ICBufferFull": 64713,
        "GenCollectForAllocation": 104316759948,
        "CollectForMetadataAllocation": 247999175
    },
    "avg_pause_time_per_category": {
        "ICBufferFull": 64713.0,
        "GenCollectForAllocation": 73670028.21,
        "CollectForMetadataAllocation": 247999175.0
    },
    "p90_pause_time": 86288913.8,
    "throughput": 157625570793
}