{
    "garbage_collector": "Serial",
    "jdk": "HotSpot_21.0.4",
    "benchmark_group": "Renaissance",
    "benchmark_name": "finagle-chirper",
    "heap_size": "8192",
    "error": null,
    "avg_cpu_usage": 76.8,
    "avg_cpu_time": 70.0,
    "avg_io_time": 0.0,
    "p90_io": 0.0,
    "number_of_pauses": 96,
    "total_pause_time": 604410333,
    "avg_pause_time": 6295940.97,
    "pauses_per_category": {
        "ICBufferFull": 64,
        "CollectForMetadataAllocation": 2,
        "Cleanup": 14,
        "GenCollectForAllocation": 15,
        "GenCollectFull": 1
    },
    "total_pause_time_per_category": {
        "ICBufferFull": 20829979,
        "CollectForMetadataAllocation": 44890917,
        "Cleanup": 1113631,
        "GenCollectForAllocation": 355937368,
        "GenCollectFull": 181638438
    },
    "avg_pause_time_per_category": {
        "ICBufferFull": 325468.42,
        "CollectForMetadataAllocation": 22445458.5,
        "Cleanup": 79545.07,
        "GenCollectForAllocation": 23729157.87,
        "GenCollectFull": 181638438.0
    },
    "p90_pause_time": 23783448.0,
    "throughput": 34054664416
}