{
    "garbage_collector": "G1",
    "jdk": "HotSpot_21.0.4",
    "benchmark_group": "Renaissance",
    "benchmark_name": "als",
    "heap_size": "8192",
    "error": null,
    "avg_cpu_usage": 66.5,
    "avg_cpu_time": 64.2,
    "avg_io_time": 0.2,
    "p90_io": 0.0,
    "number_of_pauses": 108,
    "total_pause_time": 316101430,
    "avg_pause_time": 2926865.09,
    "pauses_per_category": {
        "ICBufferFull": 38,
        "CollectForMetadataAllocation": 7,
        "G1PauseRemark": 5,
        "G1PauseCleanup": 5,
        "G1CollectForAllocation": 12,
        "Cleanup": 36,
        "G1TryInitiateConcMark": 5
    },
    "total_pause_time_per_category": {
        "ICBufferFull": 3424082,
        "CollectForMetadataAllocation": 48679411,
        "G1PauseRemark": 19505451,
        "G1PauseCleanup": 1618515,
        "G1CollectForAllocation": 197242265,
        "Cleanup": 2832397,
        "G1TryInitiateConcMark": 42799309
    },
    "avg_pause_time_per_category": {
        "ICBufferFull": 90107.42,
        "CollectForMetadataAllocation": 6954201.57,
        "G1PauseRemark": 3901090.2,
        "G1PauseCleanup": 323703.0,
        "G1CollectForAllocation": 16436855.42,
        "Cleanup": 78677.69,
        "G1TryInitiateConcMark": 8559861.8
    },
    "p90_pause_time": 9750185.3,
    "throughput": 54462706432
}