{
    "garbage_collector": "Parallel",
    "jdk": "HotSpot_21.0.4",
    "benchmark_group": "Renaissance",
    "benchmark_name": "philosophers",
    "heap_size": "1024",
    "error": null,
    "avg_cpu_usage": 85.4,
    "avg_cpu_time": 85.1,
    "avg_io_time": 0.0,
    "p90_io": 0.0,
    "number_of_pauses": 100,
    "total_pause_time": 106602981,
    "avg_pause_time": 1066029.81,
    "pauses_per_category": {
        "ICBufferFull": 2,
        "ParallelGCFailedAllocation": 98
    },
    "total_pause_time_per_category": {
        "ICBufferFull": 265493,
        "ParallelGCFailedAllocation": 106337488
    },
    "avg_pause_time_per_category": {
        "ICBufferFull": 132746.5,
        "ParallelGCFailedAllocation": 1085076.41
    },
    "p90_pause_time": 1401705.3,
    "throughput": 16892050943
}