{
    "garbage_collector": "Serial",
    "jdk": "HotSpot_21.0.4",
    "benchmark_group": "Renaissance",
    "benchmark_name": "chi-square",
    "heap_size": "1024",
    "error": null,
    "avg_cpu_usage": 26.7,
    "avg_cpu_time": 27.4,
    "avg_io_time": 0.3,
    "p90_io": 0.0,
    "number_of_pauses": 103,
    "total_pause_time": 917922010,
    "avg_pause_time": 8911864.17,
    "pauses_per_category": {
        "ICBufferFull": 4,
        "CollectForMetadataAllocation": 3,
        "GenCollectForAllocation": 95,
        "GenCollectFull": 1
    },
    "total_pause_time_per_category": {
        "ICBufferFull": 662926,
        "CollectForMetadataAllocation": 143107039,
        "GenCollectForAllocation": 772476467,
        "GenCollectFull": 1675578
    },
    "avg_pause_time_per_category": {
        "ICBufferFull": 165731.5,
        "CollectForMetadataAllocation": 47702346.33,
        "GenCollectForAllocation": 8131331.23,
        "GenCollectFull": 1675578.0
    },
    "p90_pause_time": 34873700.4,
    "throughput": 11865077855
}