{
    "garbage_collector": "Serial",
    "jdk": "HotSpot_21.0.4",
    "benchmark_group": "Renaissance",
    "benchmark_name": "mnemonics",
    "heap_size": "1024",
    "error": null,
    "avg_cpu_usage": 13.0,
    "avg_cpu_time": 13.4,
    "avg_io_time": 0.1,
    "p90_io": 0.0,
    "number_of_pauses": 230,
    "total_pause_time": 2639652334,
    "avg_pause_time": 11476749.28,
    "pauses_per_category": {
        "ICBufferFull": 1,
        "GenCollectForAllocation": 229
    },
    "total_pause_time_per_category": {
        "ICBufferFull": 76526,
        "GenCollectForAllocation": 2639575808
    },
    "avg_pause_time_per_category": {
        "ICBufferFull": 76526.0,
        "GenCollectForAllocation": 11526531.91
    },
    "p90_pause_time": 15066678.1,
    "throughput": 26145802409
}