{
    "garbage_collector": "Serial",
    "jdk": "HotSpot_21.0.4",
    "benchmark_group": "Renaissance",
    "benchmark_name": "rx-scrabble",
    "heap_size": "8192",
    "error": null,
    "avg_cpu_usage": 30.2,
    "avg_cpu_time": 23.0,
    "avg_io_time": 0.0,
    "p90_io": 0.0,
    "number_of_pauses": 5,
    "total_pause_time": 83114743,
    "avg_pause_time": 16622948.6,
    "pauses_per_category": {
        "ICBufferFull": 4,
        "GenCollectForAllocation": 1
    },
    "total_pause_time_per_category": {
        "ICBufferFull": 383349,
        "GenCollectForAllocation": 82731394
    },
    "avg_pause_time_per_category": {
        "ICBufferFull": 95837.25,
        "GenCollectForAllocation": 82731394.0
    },
    "p90_pause_time": 49698252.4,
    "throughput": 2755028780
}