{
    "garbage_collector": "G1",
    "jdk": "HotSpot_21.0.4",
    "benchmark_group": "Renaissance",
    "benchmark_name": "rx-scrabble",
    "heap_size": "8192",
    "error": null,
    "avg_cpu_usage": 29.0,
    "avg_cpu_time": 25.0,
    "avg_io_time": 0.1,
    "p90_io": 0.24,
    "number_of_pauses": 12,
    "total_pause_time": 47547524,
    "avg_pause_time": 3962293.67,
    "pauses_per_category": {
        "ICBufferFull": 8,
        "G1CollectForAllocation": 4
    },
    "total_pause_time_per_category": {
        "ICBufferFull": 799938,
        "G1CollectForAllocation": 46747586
    },
    "avg_pause_time_per_category": {
        "ICBufferFull": 99992.25,
        "G1CollectForAllocation": 11686896.5
    },
    "p90_pause_time": 18451423.4,
    "throughput": 2751846381
}