{
    "garbage_collector": "Serial",
    "jdk": "HotSpot_21.0.4",
    "benchmark_group": "Renaissance",
    "benchmark_name": "fj-kmeans",
    "heap_size": "8192",
    "error": null,
    "avg_cpu_usage": 80.4,
    "avg_cpu_time": 79.7,
    "avg_io_time": 0.0,
    "p90_io": 0.0,
    "number_of_pauses": 46,
    "total_pause_time": 948692678,
    "avg_pause_time": 20623753.87,
    "pauses_per_category": {
        "ICBufferFull": 1,
        "GenCollectForAllocation": 45
    },
    "total_pause_time_per_category": {
        "ICBufferFull": 128195,
        "GenCollectForAllocation": 948564483
    },
    "avg_pause_time_per_category": {
        "ICBufferFull": 128195.0,
        "GenCollectForAllocation": 21079210.73
    },
    "p90_pause_time": 55756125.0,
    "throughput": 25987472605
}