{
    "garbage_collector": "G1",
    "jdk": "HotSpot_21.0.4",
    "benchmark_group": "Renaissance",
    "benchmark_name": "akka-uct",
    "heap_size": "1024",
    "error": null,
    "avg_cpu_usage": 87.2,
    "avg_cpu_time": 86.0,
    "avg_io_time": 0.0,
    "p90_io": 0.0,
    "number_of_pauses": 524,
    "total_pause_time": 16618331098,
    "avg_pause_time": 31714372.32,
    "pauses_per_category": {
        "ICBufferFull": 1,
        "G1CollectForAllocation": 376,
        "CollectForMetadataAllocation": 1,
        "G1PauseRemark": 73,
        "G1PauseCleanup": 73
    },
    "total_pause_time_per_category": {
        "ICBufferFull": 55615,
        "G1CollectForAllocation": 16441721766,
        "CollectForMetadataAllocation": 12634049,
        "G1PauseRemark": 130874039,
        "G1PauseCleanup": 33045629
    },
    "avg_pause_time_per_category": {
        "ICBufferFull": 55615.0,
        "G1CollectForAllocation": 43727983.42,
        "CollectForMetadataAllocation": 12634049.0,
        "G1PauseRemark": 1792795.05,
        "G1PauseCleanup": 452679.85
    },
    "p90_pause_time": 52446533.2,
    "throughput": 75463021655
}