{
    "garbage_collector": "Z",
    "jdk": "HotSpot_21.0.4",
    "benchmark_group": "Renaissance",
    "benchmark_name": "mnemonics",
    "heap_size": "4096",
    "error": null,
    "avg_cpu_usage": 13.3,
    "avg_cpu_time": 12.2,
    "avg_io_time": 0.0,
    "p90_io": 0.0,
    "number_of_pauses": 101,
    "total_pause_time": 10015759,
    "avg_pause_time": 99165.93,
    "pauses_per_category": {
        "ICBufferFull": 1,
        "XMarkStart": 31,
        "XMarkEnd": 31,
        "CleanClassLoaderDataMetaspaces": 2,
        "XRelocateStart": 31,
        "Cleanup": 5
    },
    "total_pause_time_per_category": {
        "ICBufferFull": 124168,
        "XMarkStart": 3062455,
        "XMarkEnd": 3064308,
        "CleanClassLoaderDataMetaspaces": 529434,
        "XRelocateStart": 2792284,
        "Cleanup": 443110
    },
    "avg_pause_time_per_category": {
        "ICBufferFull": 124168.0,
        "XMarkStart": 98788.87,
        "XMarkEnd": 98848.65,
        "CleanClassLoaderDataMetaspaces": 264717.0,
        "XRelocateStart": 90073.68,
        "Cleanup": 88622.0
    },
    "p90_pause_time": 109274.0,
    "throughput": 29791285141
}