{
    "garbage_collector": "Parallel",
    "jdk": "HotSpot_21.0.4",
    "benchmark_group": "Renaissance",
    "benchmark_name": "par-mnemonics",
    "heap_size": "2048",
    "error": null,
    "avg_cpu_usage": 20.5,
    "avg_cpu_time": 18.0,
    "avg_io_time": 0.0,
    "p90_io": 0.0,
    "number_of_pauses": 119,
    "total_pause_time": 1076363750,
    "avg_pause_time": 9045073.53,
    "pauses_per_category": {
        "ICBufferFull": 2,
        "ParallelGCFailedAllocation": 117
    },
    "total_pause_time_per_category": {
        "ICBufferFull": 399845,
        "ParallelGCFailedAllocation": 1075963905
    },
    "avg_pause_time_per_category": {
        "ICBufferFull": 199922.5,
        "ParallelGCFailedAllocation": 9196272.69
    },
    "p90_pause_time": 21325992.8,
    "throughput": 22548730069
}