{
    "garbage_collector": "Parallel",
    "jdk": "HotSpot_21.0.4",
    "benchmark_group": "Renaissance",
    "benchmark_name": "gauss-mix",
    "heap_size": "2048",
    "error": null,
    "avg_cpu_usage": 29.9,
    "avg_cpu_time": 30.7,
    "avg_io_time": 0.0,
    "p90_io": 0.0,
    "number_of_pauses": 35,
    "total_pause_time": 126357594,
    "avg_pause_time": 3610216.97,
    "pauses_per_category": {
        "ICBufferFull": 10,
        "CollectForMetadataAllocation": 4,
        "Cleanup": 1,
        "ParallelGCFailedAllocation": 18,
        "ParallelGCSystemGC": 2
    },
    "total_pause_time_per_category": {
        "ICBufferFull": 784219,
        "CollectForMetadataAllocation": 80632395,
        "Cleanup": 85782,
        "ParallelGCFailedAllocation": 41187935,
        "ParallelGCSystemGC": 3667263
    },
    "avg_pause_time_per_category": {
        "ICBufferFull": 78421.9,
        "CollectForMetadataAllocation": 20158098.75,
        "Cleanup": 85782.0,
        "ParallelGCFailedAllocation": 2288218.61,
        "ParallelGCSystemGC": 1833631.5
    },
    "p90_pause_time": 6464734.8,
    "throughput": 12476992039
}