{
    "garbage_collector": "Parallel",
    "jdk": "HotSpot_21.0.4",
    "benchmark_group": "Renaissance",
    "benchmark_name": "gauss-mix",
    "heap_size": "8192",
    "error": null,
    "avg_cpu_usage": 30.1,
    "avg_cpu_time": 29.3,
    "avg_io_time": 0.0,
    "p90_io": 0.0,
    "number_of_pauses": 21,
    "total_pause_time": 111917159,
    "avg_pause_time": 5329388.52,
    "pauses_per_category": {
        "ICBufferFull": 10,
        "Cleanup": 3,
        "CollectForMetadataAllocation": 3,
        "ParallelGCFailedAllocation": 5
    },
    "total_pause_time_per_category": {
        "ICBufferFull": 1043043,
        "Cleanup": 284898,
        "CollectForMetadataAllocation": 82629634,
        "ParallelGCFailedAllocation": 27959584
    },
    "avg_pause_time_per_category": {
        "ICBufferFull": 104304.3,
        "Cleanup": 94966.0,
        "CollectForMetadataAllocation": 27543211.33,
        "ParallelGCFailedAllocation": 5591916.8
    },
    "p90_pause_time": 22755195.0,
    "throughput": 12176797681
}