{
    "garbage_collector": "Parallel",
    "jdk": "HotSpot_21.0.4",
    "benchmark_group": "Renaissance",
    "benchmark_name": "philosophers",
    "heap_size": "512",
    "error": null,
    "avg_cpu_usage": 86.0,
    "avg_cpu_time": 83.8,
    "avg_io_time": 0.0,
    "p90_io": 0.0,
    "number_of_pauses": 202,
    "total_pause_time": 180351817,
    "avg_pause_time": 892830.78,
    "pauses_per_category": {
        "ICBufferFull": 1,
        "ParallelGCFailedAllocation": 201
    },
    "total_pause_time_per_category": {
        "ICBufferFull": 122981,
        "ParallelGCFailedAllocation": 180228836
    },
    "avg_pause_time_per_category": {
        "ICBufferFull": 122981.0,
        "ParallelGCFailedAllocation": 896660.88
    },
    "p90_pause_time": 1084422.4,
    "throughput": 18137737903
}