{
    "garbage_collector": "Serial",
    "jdk": "HotSpot_21.0.4",
    "benchmark_group": "Renaissance",
    "benchmark_name": "als",
    "heap_size": "2048",
    "error": null,
    "avg_cpu_usage": 65.5,
    "avg_cpu_time": 63.8,
    "avg_io_time": 0.2,
    "p90_io": 0.0,
    "number_of_pauses": 152,
    "total_pause_time": 1190182218,
    "avg_pause_time": 7830146.17,
    "pauses_per_category": {
        "ICBufferFull": 31,
        "Cleanup": 25,
        "CollectForMetadataAllocation": 5,
        "GenCollectForAllocation": 86,
        "GenCollectFull": 5
    },
    "total_pause_time_per_category": {
        "ICBufferFull": 3148293,
        "Cleanup": 1773064,
        "CollectForMetadataAllocation": 153456974,
        "GenCollectForAllocation": 894465167,
        "GenCollectFull": 137338720
    },
    "avg_pause_time_per_category": {
        "ICBufferFull": 101557.84,
        "Cleanup": 70922.56,
        "CollectForMetadataAllocation": 30691394.8,
        "GenCollectForAllocation": 10400757.76,
        "GenCollectFull": 27467744.0
    },
    "p90_pause_time": 15638436.8,
    "throughput": 53890284775
}