{
    "garbage_collector": "G1",
    "jdk": "HotSpot_21.0.4",
    "benchmark_group": "Renaissance",
    "benchmark_name": "page-rank",
    "heap_size": "1024",
    "error": null,
    "avg_cpu_usage": 47.1,
    "avg_cpu_time": 48.9,
    "avg_io_time": 0.1,
    "p90_io": 0.0,
    "number_of_pauses": 419,
    "total_pause_time": 12142090599,
    "avg_pause_time": 28978736.51,
    "pauses_per_category": {
        "ICBufferFull": 10,
        "Cleanup": 1,
        "G1CollectForAllocation": 226,
        "CollectForMetadataAllocation": 5,
        "G1PauseRemark": 61,
        "G1PauseCleanup": 60,
        "G1TryInitiateConcMark": 56
    },
    "total_pause_time_per_category": {
        "ICBufferFull": 930265,
        "Cleanup": 23293,
        "G1CollectForAllocation": 10851539762,
        "CollectForMetadataAllocation": 18959317,
        "G1PauseRemark": 188951278,
        "G1PauseCleanup": 23742978,
        "G1TryInitiateConcMark": 1057943706
    },
    "avg_pause_time_per_category": {
        "ICBufferFull": 93026.5,
        "Cleanup": 23293.0,
        "G1CollectForAllocation": 48015662.66,
        "CollectForMetadataAllocation": 3791863.4,
        "G1PauseRemark": 3097561.93,
        "G1PauseCleanup": 395716.3,
        "G1TryInitiateConcMark": 18891851.89
    },
    "p90_pause_time": 77574932.6,
    "throughput": 78154374252
}