{
    "garbage_collector": "Parallel",
    "jdk": "HotSpot_21.0.4",
    "benchmark_group": "Renaissance",
    "benchmark_name": "finagle-chirper",
    "heap_size": "2048",
    "error": null,
    "avg_cpu_usage": 78.8,
    "avg_cpu_time": 71.4,
    "avg_io_time": 0.0,
    "p90_io": 0.0,
    "number_of_pauses": 134,
    "total_pause_time": 358107457,
    "avg_pause_time": 2672443.71,
    "pauses_per_category": {
        "ICBufferFull": 80,
        "CollectForMetadataAllocation": 2,
        "ParallelGCFailedAllocation": 51,
        "ParallelGCSystemGC": 1
    },
    "total_pause_time_per_category": {
        "ICBufferFull": 24367946,
        "CollectForMetadataAllocation": 45512009,
        "ParallelGCFailedAllocation": 221005658,
        "ParallelGCSystemGC": 67221844
    },
    "avg_pause_time_per_category": {
        "ICBufferFull": 304599.33,
        "CollectForMetadataAllocation": 22756004.5,
        "ParallelGCFailedAllocation": 4333444.27,
        "ParallelGCSystemGC": 67221844.0
    },
    "p90_pause_time": 7426241.2,
    "throughput": 32811435222
}