{
    "garbage_collector": "Z",
    "jdk": "HotSpot_21.0.4",
    "benchmark_group": "Renaissance",
    "benchmark_name": "philosophers",
    "heap_size": "8192",
    "error": null,
    "avg_cpu_usage": 79.7,
    "avg_cpu_time": 75.5,
    "avg_io_time": 0.0,
    "p90_io": 0.0,
    "number_of_pauses": 47,
    "total_pause_time": 5656908,
    "avg_pause_time": 120359.74,
    "pauses_per_category": {
        "ICBufferFull": 2,
        "XMarkStart": 14,
        "XMarkEnd": 14,
        "CleanClassLoaderDataMetaspaces": 1,
        "XRelocateStart": 14,
        "Cleanup": 2
    },
    "total_pause_time_per_category": {
        "ICBufferFull": 135987,
        "XMarkStart": 1483718,
        "XMarkEnd": 1340961,
        "CleanClassLoaderDataMetaspaces": 1239944,
        "XRelocateStart": 1287388,
        "Cleanup": 168910
    },
    "avg_pause_time_per_category": {
        "ICBufferFull": 67993.5,
        "XMarkStart": 105979.86,
        "XMarkEnd": 95782.93,
        "CleanClassLoaderDataMetaspaces": 1239944.0,
        "XRelocateStart": 91956.29,
        "Cleanup": 84455.0
    },
    "p90_pause_time": 106645.6,
    "throughput": 18386664042
}