{
    "garbage_collector": "Parallel",
    "jdk": "HotSpot_21.0.4",
    "benchmark_group": "Renaissance",
    "benchmark_name": "gauss-mix",
    "heap_size": "1024",
    "error": null,
    "avg_cpu_usage": 29.6,
    "avg_cpu_time": 29.9,
    "avg_io_time": 0.0,
    "p90_io": 0.0,
    "number_of_pauses": 52,
    "total_pause_time": 148114532,
    "avg_pause_time": 2848356.38,
    "pauses_per_category": {
        "ICBufferFull": 9,
        "CollectForMetadataAllocation": 3,
        "ParallelGCFailedAllocation": 37,
        "ParallelGCSystemGC": 3
    },
    "total_pause_time_per_category": {
        "ICBufferFull": 575892,
        "CollectForMetadataAllocation": 83285442,
        "ParallelGCFailedAllocation": 59838056,
        "ParallelGCSystemGC": 4415142
    },
    "avg_pause_time_per_category": {
        "ICBufferFull": 63988.0,
        "CollectForMetadataAllocation": 27761814.0,
        "ParallelGCFailedAllocation": 1617244.76,
        "ParallelGCSystemGC": 1471714.0
    },
    "p90_pause_time": 4726793.3,
    "throughput": 12487948538
}