{
    "garbage_collector": "Z",
    "jdk": "HotSpot_21.0.4",
    "benchmark_group": "Renaissance",
    "benchmark_name": "fj-kmeans",
    "heap_size": "512",
    "error": null,
    "avg_cpu_usage": 59.4,
    "avg_cpu_time": 59.1,
    "avg_io_time": 0.0,
    "p90_io": 0.0,
    "number_of_pauses": 2257,
    "total_pause_time": 218832920,
    "avg_pause_time": 96957.43,
    "pauses_per_category": {
        "ICBufferFull": 1,
        "XMarkStart": 751,
        "XMarkEnd": 751,
        "CleanClassLoaderDataMetaspaces": 3,
        "XRelocateStart": 751
    },
    "total_pause_time_per_category": {
        "ICBufferFull": 58046,
        "XMarkStart": 86745302,
        "XMarkEnd": 27260492,
        "CleanClassLoaderDataMetaspaces": 1133308,
        "XRelocateStart": 103635772
    },
    "avg_pause_time_per_category": {
        "ICBufferFull": 58046.0,
        "XMarkStart": 115506.39,
        "XMarkEnd": 36298.92,
        "CleanClassLoaderDataMetaspaces": 377769.33,
        "XRelocateStart": 137997.03
    },
    "p90_pause_time": 129509.2,
    "throughput": 93844334001
}