{
    "garbage_collector": "G1",
    "jdk": "HotSpot_21.0.4",
    "benchmark_group": "Renaissance",
    "benchmark_name": "page-rank",
    "heap_size": "4096",
    "error": null,
    "avg_cpu_usage": 47.7,
    "avg_cpu_time": 46.4,
    "avg_io_time": 0.1,
    "p90_io": 0.0,
    "number_of_pauses": 148,
    "total_pause_time": 9781943609,
    "avg_pause_time": 66094213.57,
    "pauses_per_category": {
        "ICBufferFull": 7,
        "CollectForMetadataAllocation": 22,
        "G1PauseRemark": 15,
        "G1PauseCleanup": 15,
        "G1CollectForAllocation": 67,
        "G1TryInitiateConcMark": 13,
        "Cleanup": 9
    },
    "total_pause_time_per_category": {
        "ICBufferFull": 734445,
        "CollectForMetadataAllocation": 232138382,
        "G1PauseRemark": 47882535,
        "G1PauseCleanup": 6658912,
        "G1CollectForAllocation": 8580795275,
        "G1TryInitiateConcMark": 912956214,
        "Cleanup": 777846
    },
    "avg_pause_time_per_category": {
        "ICBufferFull": 104920.71,
        "CollectForMetadataAllocation": 10551744.64,
        "G1PauseRemark": 3192169.0,
        "G1PauseCleanup": 443927.47,
        "G1CollectForAllocation": 128071571.27,
        "G1TryInitiateConcMark": 70227401.08,
        "Cleanup": 86427.33
    },
    "p90_pause_time": 177803065.4,
    "throughput": 59265202651
}