{
    "garbage_collector": "Parallel",
    "jdk": "HotSpot_21.0.4",
    "benchmark_group": "Renaissance",
    "benchmark_name": "chi-square",
    "heap_size": "4096",
    "error": null,
    "avg_cpu_usage": 29.5,
    "avg_cpu_time": 28.1,
    "avg_io_time": 0.3,
    "p90_io": 0.0,
    "number_of_pauses": 33,
    "total_pause_time": 488750966,
    "avg_pause_time": 14810635.33,
    "pauses_per_category": {
        "ICBufferFull": 5,
        "Cleanup": 1,
        "CollectForMetadataAllocation": 3,
        "ParallelGCFailedAllocation": 24
    },
    "total_pause_time_per_category": {
        "ICBufferFull": 598802,
        "Cleanup": 87199,
        "CollectForMetadataAllocation": 84205420,
        "ParallelGCFailedAllocation": 403859545
    },
    "avg_pause_time_per_category": {
        "ICBufferFull": 119760.4,
        "Cleanup": 87199.0,
        "CollectForMetadataAllocation": 28068473.33,
        "ParallelGCFailedAllocation": 16827481.04
    },
    "p90_pause_time": 50785113.6,
    "throughput": 11883510818
}