{
    "garbage_collector": "Serial",
    "jdk": "HotSpot_21.0.4",
    "benchmark_group": "Renaissance",
    "benchmark_name": "neo4j-analytics",
    "heap_size": "4096",
    "error": null,
    "avg_cpu_usage": 26.8,
    "avg_cpu_time": 29.0,
    "avg_io_time": 0.7,
    "p90_io": 2.4,
    "number_of_pauses": 92,
    "total_pause_time": 4940429235,
    "avg_pause_time": 53700317.77,
    "pauses_per_category": {
        "ICBufferFull": 49,
        "CollectForMetadataAllocation": 3,
        "Cleanup": 8,
        "GenCollectForAllocation": 32
    },
    "total_pause_time_per_category": {
        "ICBufferFull": 5628388,
        "CollectForMetadataAllocation": 135091309,
        "Cleanup": 794549,
        "GenCollectForAllocation": 4798914989
    },
    "avg_pause_time_per_category": {
        "ICBufferFull": 114865.06,
        "CollectForMetadataAllocation": 45030436.33,
        "Cleanup": 99318.62,
        "GenCollectForAllocation": 149966093.41
    },
    "p90_pause_time": 63724463.4,
    "throughput": 39098897434
}