{
    "garbage_collector": "Serial",
    "jdk": "HotSpot_21.0.4",
    "benchmark_group": "Renaissance",
    "benchmark_name": "als",
    "heap_size": "1024",
    "error": null,
    "avg_cpu_usage": 63.1,
    "avg_cpu_time": 62.2,
    "avg_io_time": 0.1,
    "p90_io": 0.0,
    "number_of_pauses": 213,
    "total_pause_time": 1929815518,
    "avg_pause_time": 9060166.75,
    "pauses_per_category": {
        "ICBufferFull": 30,
        "Cleanup": 1,
        "CollectForMetadataAllocation": 4,
        "GenCollectForAllocation": 166,
        "GenCollectFull": 12
    },
    "total_pause_time_per_category": {
        "ICBufferFull": 3103555,
        "Cleanup": 792831,
        "CollectForMetadataAllocation": 214550889,
        "GenCollectForAllocation": 1514176896,
        "GenCollectFull": 197191347
    },
    "avg_pause_time_per_category": {
        "ICBufferFull": 103451.83,
        "Cleanup": 792831.0,
        "CollectForMetadataAllocation": 53637722.25,
        "GenCollectForAllocation": 9121547.57,
        "GenCollectFull": 16432612.25
    },
    "p90_pause_time": 11720037.6,
    "throughput": 54480058054
}