{
    "garbage_collector": "Z",
    "jdk": "HotSpot_21.0.4",
    "benchmark_group": "Renaissance",
    "benchmark_name": "page-rank",
    "heap_size": "4096",
    "error": null,
    "avg_cpu_usage": 46.7,
    "avg_cpu_time": 46.0,
    "avg_io_time": 0.1,
    "p90_io": 0.0,
    "number_of_pauses": 258,
    "total_pause_time": 24207181,
    "avg_pause_time": 93826.28,
    "pauses_per_category": {
        "ICBufferFull": 12,
        "Cleanup": 1,
        "XMarkStart": 79,
        "XMarkEnd": 79,
        "CleanClassLoaderDataMetaspaces": 8,
        "XRelocateStart": 79
    },
    "total_pause_time_per_category": {
        "ICBufferFull": 1132717,
        "Cleanup": 21423,
        "XMarkStart": 7087911,
        "XMarkEnd": 5963250,
        "CleanClassLoaderDataMetaspaces": 2256655,
        "XRelocateStart": 7745225
    },
    "avg_pause_time_per_category": {
        "ICBufferFull": 94393.08,
        "Cleanup": 21423.0,
        "XMarkStart": 89720.39,
        "XMarkEnd": 75484.18,
        "CleanClassLoaderDataMetaspaces": 282081.88,
        "XRelocateStart": 98040.82
    },
    "p90_pause_time": 134031.6,
    "throughput": 65200628759
}