{
    "garbage_collector": "Z",
    "jdk": "HotSpot_21.0.4",
    "benchmark_group": "Renaissance",
    "benchmark_name": "als",
    "heap_size": "8192",
    "error": null,
    "avg_cpu_usage": 63.2,
    "avg_cpu_time": 60.7,
    "avg_io_time": 0.1,
    "p90_io": 0.0,
    "number_of_pauses": 141,
    "total_pause_time": 29667958,
    "avg_pause_time": 210411.05,
    "pauses_per_category": {
        "ICBufferFull": 45,
        "Cleanup": 37,
        "XMarkStart": 18,
        "XMarkEnd": 15,
        "CleanClassLoaderDataMetaspaces": 7,
        "XRelocateStart": 19
    },
    "total_pause_time_per_category": {
        "ICBufferFull": 4720028,
        "Cleanup": 9402395,
        "XMarkStart": 1970948,
        "XMarkEnd": 1309471,
        "CleanClassLoaderDataMetaspaces": 10782732,
        "XRelocateStart": 1482384
    },
    "avg_pause_time_per_category": {
        "ICBufferFull": 104889.51,
        "Cleanup": 254118.78,
        "XMarkStart": 109497.11,
        "XMarkEnd": 87298.07,
        "CleanClassLoaderDataMetaspaces": 1540390.29,
        "XRelocateStart": 78020.21
    },
    "p90_pause_time": 170306.0,
    "throughput": 58455251757
}