{
    "garbage_collector": "Parallel",
    "jdk": "HotSpot_21.0.4",
    "benchmark_group": "Renaissance",
    "benchmark_name": "page-rank",
    "heap_size": "1024",
    "error": null,
    "avg_cpu_usage": 40.2,
    "avg_cpu_time": 40.6,
    "avg_io_time": 0.2,
    "p90_io": 0.0,
    "number_of_pauses": 442,
    "total_pause_time": 10660459223,
    "avg_pause_time": 24118686.02,
    "pauses_per_category": {
        "ICBufferFull": 8,
        "CollectForMetadataAllocation": 3,
        "ParallelGCFailedAllocation": 431
    },
    "total_pause_time_per_category": {
        "ICBufferFull": 657796,
        "CollectForMetadataAllocation": 440956137,
        "ParallelGCFailedAllocation": 10218845290
    },
    "avg_pause_time_per_category": {
        "ICBufferFull": 82224.5,
        "CollectForMetadataAllocation": 146985379.0,
        "ParallelGCFailedAllocation": 23709617.84
    },
    "p90_pause_time": 30343292.4,
    "throughput": 69857640596
}