{
    "garbage_collector": "Parallel",
    "jdk": "HotSpot_21.0.4",
    "benchmark_group": "Renaissance",
    "benchmark_name": "page-rank",
    "heap_size": "4096",
    "error": null,
    "avg_cpu_usage": 41.4,
    "avg_cpu_time": 39.5,
    "avg_io_time": 0.1,
    "p90_io": 0.0,
    "number_of_pauses": 85,
    "total_pause_time": 3648801288,
    "avg_pause_time": 42927073.98,
    "pauses_per_category": {
        "ICBufferFull": 15,
        "Cleanup": 3,
        "CollectForMetadataAllocation": 3,
        "ParallelGCFailedAllocation": 64
    },
    "total_pause_time_per_category": {
        "ICBufferFull": 1092930,
        "Cleanup": 249427,
        "CollectForMetadataAllocation": 80317893,
        "ParallelGCFailedAllocation": 3567141038
    },
    "avg_pause_time_per_category": {
        "ICBufferFull": 72862.0,
        "Cleanup": 83142.33,
        "CollectForMetadataAllocation": 26772631.0,
        "ParallelGCFailedAllocation": 55736578.72
    },
    "p90_pause_time": 88424181.0,
    "throughput": 46667090573
}