{
    "garbage_collector": "G1",
    "jdk": "HotSpot_21.0.4",
    "benchmark_group": "Renaissance",
    "benchmark_name": "fj-kmeans",
    "heap_size": "1024",
    "error": null,
    "avg_cpu_usage": 85.9,
    "avg_cpu_time": 84.6,
    "avg_io_time": 0.0,
    "p90_io": 0.0,
    "number_of_pauses": 196,
    "total_pause_time": 718535254,
    "avg_pause_time": 3665996.19,
    "pauses_per_category": {
        "ICBufferFull": 1,
        "G1CollectForAllocation": 164,
        "G1TryInitiateConcMark": 13,
        "G1PauseRemark": 9,
        "G1PauseCleanup": 9
    },
    "total_pause_time_per_category": {
        "ICBufferFull": 123128,
        "G1CollectForAllocation": 683287579,
        "G1TryInitiateConcMark": 24984379,
        "G1PauseRemark": 7985885,
        "G1PauseCleanup": 2154283
    },
    "avg_pause_time_per_category": {
        "ICBufferFull": 123128.0,
        "G1CollectForAllocation": 4166387.68,
        "G1TryInitiateConcMark": 1921875.31,
        "G1PauseRemark": 887320.56,
        "G1PauseCleanup": 239364.78
    },
    "p90_pause_time": 4303490.5,
    "throughput": 29672161636
}