{
    "garbage_collector": "Z",
    "jdk": "HotSpot_21.0.4",
    "benchmark_group": "Renaissance",
    "benchmark_name": "chi-square",
    "heap_size": "1024",
    "error": null,
    "avg_cpu_usage": 35.6,
    "avg_cpu_time": 32.5,
    "avg_io_time": 0.0,
    "p90_io": 0.0,
    "number_of_pauses": 209,
    "total_pause_time": 18839734,
    "avg_pause_time": 90142.27,
    "pauses_per_category": {
        "ICBufferFull": 4,
        "Cleanup": 1,
        "XMarkStart": 66,
        "XMarkEnd": 64,
        "CleanClassLoaderDataMetaspaces": 9,
        "XRelocateStart": 65
    },
    "total_pause_time_per_category": {
        "ICBufferFull": 374013,
        "Cleanup": 87015,
        "XMarkStart": 7110335,
        "XMarkEnd": 4047968,
        "CleanClassLoaderDataMetaspaces": 2413614,
        "XRelocateStart": 4806789
    },
    "avg_pause_time_per_category": {
        "ICBufferFull": 93503.25,
        "Cleanup": 87015.0,
        "XMarkStart": 107732.35,
        "XMarkEnd": 63249.5,
        "CleanClassLoaderDataMetaspaces": 268179.33,
        "XRelocateStart": 73950.6
    },
    "p90_pause_time": 130798.6,
    "throughput": 16434649184
}