{
    "garbage_collector": "Parallel",
    "jdk": "HotSpot_21.0.4",
    "benchmark_group": "Renaissance",
    "benchmark_name": "mnemonics",
    "heap_size": "1024",
    "error": null,
    "avg_cpu_usage": 15.3,
    "avg_cpu_time": 14.7,
    "avg_io_time": 0.0,
    "p90_io": 0.0,
    "number_of_pauses": 214,
    "total_pause_time": 1063834509,
    "avg_pause_time": 4971189.29,
    "pauses_per_category": {
        "ICBufferFull": 1,
        "ParallelGCFailedAllocation": 213
    },
    "total_pause_time_per_category": {
        "ICBufferFull": 53710,
        "ParallelGCFailedAllocation": 1063780799
    },
    "avg_pause_time_per_category": {
        "ICBufferFull": 53710.0,
        "ParallelGCFailedAllocation": 4994276.05
    },
    "p90_pause_time": 11166351.9,
    "throughput": 25570363662
}