{
    "garbage_collector": "Z",
    "jdk": "HotSpot_21.0.4",
    "benchmark_group": "Renaissance",
    "benchmark_name": "movie-lens",
    "heap_size": "8192",
    "error": null,
    "avg_cpu_usage": 56.0,
    "avg_cpu_time": 50.5,
    "avg_io_time": 0.0,
    "p90_io": 0.0,
    "number_of_pauses": 237,
    "total_pause_time": 29962180,
    "avg_pause_time": 126422.7,
    "pauses_per_category": {
        "ICBufferFull": 29,
        "Cleanup": 51,
        "XMarkStart": 54,
        "XMarkEnd": 45,
        "CleanClassLoaderDataMetaspaces": 7,
        "XRelocateStart": 51
    },
    "total_pause_time_per_category": {
        "ICBufferFull": 7887545,
        "Cleanup": 3534545,
        "XMarkStart": 6679037,
        "XMarkEnd": 4482271,
        "CleanClassLoaderDataMetaspaces": 2896581,
        "XRelocateStart": 4482201
    },
    "avg_pause_time_per_category": {
        "ICBufferFull": 271984.31,
        "Cleanup": 69304.8,
        "XMarkStart": 123685.87,
        "XMarkEnd": 99606.02,
        "CleanClassLoaderDataMetaspaces": 413797.29,
        "XRelocateStart": 87886.29
    },
    "p90_pause_time": 145326.2,
    "throughput": 97922403373
}