{
    "garbage_collector": "Parallel",
    "jdk": "HotSpot_21.0.4",
    "benchmark_group": "Renaissance",
    "benchmark_name": "mnemonics",
    "heap_size": "256",
    "error": null,
    "avg_cpu_usage": 14.9,
    "avg_cpu_time": 14.9,
    "avg_io_time": 0.0,
    "p90_io": 0.0,
    "number_of_pauses": 936,
    "total_pause_time": 1693090751,
    "avg_pause_time": 1808857.64,
    "pauses_per_category": {
        "ICBufferFull": 1,
        "ParallelGCFailedAllocation": 935
    },
    "total_pause_time_per_category": {
        "ICBufferFull": 122150,
        "ParallelGCFailedAllocation": 1692968601
    },
    "avg_pause_time_per_category": {
        "ICBufferFull": 122150.0,
        "ParallelGCFailedAllocation": 1810661.61
    },
    "p90_pause_time": 2867610.5,
    "throughput": 25846329836
}