{
    "garbage_collector": "Z",
    "jdk": "HotSpot_21.0.4",
    "benchmark_group": "Renaissance",
    "benchmark_name": "log-regression",
    "heap_size": "8192",
    "error": null,
    "avg_cpu_usage": 44.3,
    "avg_cpu_time": 39.4,
    "avg_io_time": 0.0,
    "p90_io": 0.0,
    "number_of_pauses": 96,
    "total_pause_time": 17821744,
    "avg_pause_time": 185643.17,
    "pauses_per_category": {
        "ICBufferFull": 52,
        "XMarkStart": 11,
        "XMarkEnd": 11,
        "CleanClassLoaderDataMetaspaces": 7,
        "XRelocateStart": 12,
        "Cleanup": 3
    },
    "total_pause_time_per_category": {
        "ICBufferFull": 4743597,
        "XMarkStart": 1464583,
        "XMarkEnd": 2068203,
        "CleanClassLoaderDataMetaspaces": 7801470,
        "XRelocateStart": 1489188,
        "Cleanup": 254703
    },
    "avg_pause_time_per_category": {
        "ICBufferFull": 91223.02,
        "XMarkStart": 133143.91,
        "XMarkEnd": 188018.45,
        "CleanClassLoaderDataMetaspaces": 1114495.71,
        "XRelocateStart": 124099.0,
        "Cleanup": 84901.0
    },
    "p90_pause_time": 288968.5,
    "throughput": 22023784191
}