{
    "garbage_collector": "Z",
    "jdk": "HotSpot_21.0.4",
    "benchmark_group": "Renaissance",
    "benchmark_name": "dotty",
    "heap_size": "4096",
    "error": null,
    "avg_cpu_usage": 36.5,
    "avg_cpu_time": 33.9,
    "avg_io_time": 0.0,
    "p90_io": 0.0,
    "number_of_pauses": 97,
    "total_pause_time": 32153405,
    "avg_pause_time": 331478.4,
    "pauses_per_category": {
        "ICBufferFull": 64,
        "XMarkStart": 6,
        "XMarkEnd": 6,
        "CleanClassLoaderDataMetaspaces": 4,
        "XRelocateStart": 6,
        "Cleanup": 11
    },
    "total_pause_time_per_category": {
        "ICBufferFull": 21765236,
        "XMarkStart": 5340140,
        "XMarkEnd": 1083542,
        "CleanClassLoaderDataMetaspaces": 1675588,
        "XRelocateStart": 713566,
        "Cleanup": 1575333
    },
    "avg_pause_time_per_category": {
        "ICBufferFull": 340081.81,
        "XMarkStart": 890023.33,
        "XMarkEnd": 180590.33,
        "CleanClassLoaderDataMetaspaces": 418897.0,
        "XRelocateStart": 118927.67,
        "Cleanup": 143212.09
    },
    "p90_pause_time": 417484.4,
    "throughput": 29215999900
}