{
    "garbage_collector": "Z",
    "jdk": "HotSpot_21.0.4",
    "benchmark_group": "Renaissance",
    "benchmark_name": "naive-bayes",
    "heap_size": "4096",
    "error": null,
    "avg_cpu_usage": 72.0,
    "avg_cpu_time": 64.5,
    "avg_io_time": 0.2,
    "p90_io": 0.0,
    "number_of_pauses": 522,
    "total_pause_time": 87186739,
    "avg_pause_time": 167024.4,
    "pauses_per_category": {
        "ICBufferFull": 15,
        "Cleanup": 2,
        "XMarkStart": 163,
        "XMarkEnd": 163,
        "CleanClassLoaderDataMetaspaces": 16,
        "XRelocateStart": 163
    },
    "total_pause_time_per_category": {
        "ICBufferFull": 1425649,
        "Cleanup": 189141,
        "XMarkStart": 25716401,
        "XMarkEnd": 19996676,
        "CleanClassLoaderDataMetaspaces": 10679970,
        "XRelocateStart": 29178902
    },
    "avg_pause_time_per_category": {
        "ICBufferFull": 95043.27,
        "Cleanup": 94570.5,
        "XMarkStart": 157769.33,
        "XMarkEnd": 122678.99,
        "CleanClassLoaderDataMetaspaces": 667498.12,
        "XRelocateStart": 179011.67
    },
    "p90_pause_time": 174823.3,
    "throughput": 32575275781
}