{
    "garbage_collector": "G1",
    "jdk": "HotSpot_21.0.4",
    "benchmark_group": "Renaissance",
    "benchmark_name": "fj-kmeans",
    "heap_size": "512",
    "error": null,
    "avg_cpu_usage": 86.3,
    "avg_cpu_time": 87.1,
    "avg_io_time": 0.0,
    "p90_io": 0.0,
    "number_of_pauses": 525,
    "total_pause_time": 1023005112,
    "avg_pause_time": 1948581.17,
    "pauses_per_category": {
        "ICBufferFull": 1,
        "G1CollectForAllocation": 280,
        "G1TryInitiateConcMark": 102,
        "G1PauseRemark": 71,
        "G1PauseCleanup": 71
    },
    "total_pause_time_per_category": {
        "ICBufferFull": 122359,
        "G1CollectForAllocation": 749276783,
        "G1TryInitiateConcMark": 205059093,
        "G1PauseRemark": 52254713,
        "G1PauseCleanup": 16292164
    },
    "avg_pause_time_per_category": {
        "ICBufferFull": 122359.0,
        "G1CollectForAllocation": 2675988.51,
        "G1TryInitiateConcMark": 2010383.26,
        "G1PauseRemark": 735981.87,
        "G1PauseCleanup": 229467.1
    },
    "p90_pause_time": 2648350.6,
    "throughput": 31303354250
}