{
    "garbage_collector": "Parallel",
    "jdk": "HotSpot_21.0.4",
    "benchmark_group": "Renaissance",
    "benchmark_name": "finagle-http",
    "heap_size": "4096",
    "error": null,
    "avg_cpu_usage": 81.2,
    "avg_cpu_time": 64.4,
    "avg_io_time": 0.0,
    "p90_io": 0.0,
    "number_of_pauses": 114,
    "total_pause_time": 113714655,
    "avg_pause_time": 997496.97,
    "pauses_per_category": {
        "ICBufferFull": 64,
        "CollectForMetadataAllocation": 2,
        "ParallelGCFailedAllocation": 28,
        "Cleanup": 20
    },
    "total_pause_time_per_category": {
        "ICBufferFull": 11894193,
        "CollectForMetadataAllocation": 38568236,
        "ParallelGCFailedAllocation": 60960751,
        "Cleanup": 2291475
    },
    "avg_pause_time_per_category": {
        "ICBufferFull": 185846.77,
        "CollectForMetadataAllocation": 19284118.0,
        "ParallelGCFailedAllocation": 2177169.68,
        "Cleanup": 114573.75
    },
    "p90_pause_time": 1114369.4,
    "throughput": 38117770095
}