{
    "garbage_collector": "Serial",
    "jdk": "HotSpot_21.0.4",
    "benchmark_group": "Renaissance",
    "benchmark_name": "als",
    "heap_size": "4096",
    "error": null,
    "avg_cpu_usage": 64.6,
    "avg_cpu_time": 65.2,
    "avg_io_time": 0.2,
    "p90_io": 0.0,
    "number_of_pauses": 115,
    "total_pause_time": 876932153,
    "avg_pause_time": 7625496.98,
    "pauses_per_category": {
        "ICBufferFull": 36,
        "CollectForMetadataAllocation": 5,
        "GenCollectForAllocation": 44,
        "Cleanup": 27,
        "GenCollectFull": 3
    },
    "total_pause_time_per_category": {
        "ICBufferFull": 3576388,
        "CollectForMetadataAllocation": 161352434,
        "GenCollectForAllocation": 576553225,
        "Cleanup": 1836640,
        "GenCollectFull": 133613466
    },
    "avg_pause_time_per_category": {
        "ICBufferFull": 99344.11,
        "CollectForMetadataAllocation": 32270486.8,
        "GenCollectForAllocation": 13103482.39,
        "Cleanup": 68023.7,
        "GenCollectFull": 44537822.0
    },
    "p90_pause_time": 19584496.4,
    "throughput": 54456713067
}