{
    "garbage_collector": "G1",
    "jdk": "HotSpot_21.0.4",
    "benchmark_group": "Renaissance",
    "benchmark_name": "philosophers",
    "heap_size": "256",
    "error": null,
    "avg_cpu_usage": 89.0,
    "avg_cpu_time": 86.3,
    "avg_io_time": 0.0,
    "p90_io": 0.0,
    "number_of_pauses": 239,
    "total_pause_time": 264157542,
    "avg_pause_time": 1105261.68,
    "pauses_per_category": {
        "ICBufferFull": 1,
        "G1CollectForAllocation": 238
    },
    "total_pause_time_per_category": {
        "ICBufferFull": 64477,
        "G1CollectForAllocation": 264093065
    },
    "avg_pause_time_per_category": {
        "ICBufferFull": 64477.0,
        "G1CollectForAllocation": 1109634.73
    },
    "p90_pause_time": 1406321.2,
    "throughput": 18115550379
}