{
    "garbage_collector": "Serial",
    "jdk": "HotSpot_21.0.4",
    "benchmark_group": "Renaissance",
    "benchmark_name": "dec-tree",
    "heap_size": "2048",
    "error": null,
    "avg_cpu_usage": 39.0,
    "avg_cpu_time": 39.2,
    "avg_io_time": 0.0,
    "p90_io": 0.0,
    "number_of_pauses": 66,
    "total_pause_time": 607947866,
    "avg_pause_time": 9211331.3,
    "pauses_per_category": {
        "ICBufferFull": 34,
        "Cleanup": 1,
        "CollectForMetadataAllocation": 4,
        "GenCollectForAllocation": 26,
        "GenCollectFull": 1
    },
    "total_pause_time_per_category": {
        "ICBufferFull": 3430145,
        "Cleanup": 212785,
        "CollectForMetadataAllocation": 155441077,
        "GenCollectForAllocation": 294949529,
        "GenCollectFull": 153914330
    },
    "avg_pause_time_per_category": {
        "ICBufferFull": 100886.62,
        "Cleanup": 212785.0,
        "CollectForMetadataAllocation": 38860269.25,
        "GenCollectForAllocation": 11344212.65,
        "GenCollectFull": 153914330.0
    },
    "p90_pause_time": 22958149.0,
    "throughput": 15830034296
}