{
    "garbage_collector": "Serial",
    "jdk": "HotSpot_21.0.4",
    "benchmark_group": "Renaissance",
    "benchmark_name": "akka-uct",
    "heap_size": "256",
    "error": "Return code -9: Process was killed due to timeout\nWARNING: This benchmark provides no result that can be validated.\nThere is no way to check that no silent failure occurred.\nWARNING: This benchmark provides no result that can be validated.\nThere is no way to check that no silent failure occurred.\nWARNING: This benchmark provides no result that can be validated.\nThere is no way to check that no silent failure occurred.\nWARNING: This benchmark provides no result that can be validated.\nThere is no way to check that no silent failure occurred.\nWARNING: This benchmark provides no result that can be validated.\nThere is no way to check that no silent failure occurred.\nWARNING: This benchmark provides no result that can be validated.\nThere is no way to check that no silent failure occurred.\n",
    "avg_cpu_usage": 28.8,
    "avg_cpu_time": 28.8,
    "avg_io_time": 0.0,
    "p90_io": 0.0,
    "number_of_pauses": 0,
    "total_pause_time": 0,
    "avg_pause_time": 0,
    "pauses_per_category": {},
    "total_pause_time_per_category": {},
    "avg_pause_time_per_category": {},
    "p90_pause_time": 0,
    "throughput": 0
}