{
    "garbage_collector": "G1",
    "jdk": "HotSpot_21.0.4",
    "benchmark_group": "Renaissance",
    "benchmark_name": "log-regression",
    "heap_size": "1024",
    "error": null,
    "avg_cpu_usage": 50.5,
    "avg_cpu_time": 47.3,
    "avg_io_time": 0.0,
    "p90_io": 0.0,
    "number_of_pauses": 203,
    "total_pause_time": 649498950,
    "avg_pause_time": 3199502.22,
    "pauses_per_category": {
        "ICBufferFull": 36,
        "Cleanup": 2,
        "G1CollectForAllocation": 86,
        "CollectForMetadataAllocation": 12,
        "G1PauseRemark": 21,
        "G1PauseCleanup": 21,
        "G1TryInitiateConcMark": 25
    },
    "total_pause_time_per_category": {
        "ICBufferFull": 3987426,
        "Cleanup": 413715,
        "G1CollectForAllocation": 390997016,
        "CollectForMetadataAllocation": 67243198,
        "G1PauseRemark": 97503129,
        "G1PauseCleanup": 8578153,
        "G1TryInitiateConcMark": 80776313
    },
    "avg_pause_time_per_category": {
        "ICBufferFull": 110761.83,
        "Cleanup": 206857.5,
        "G1CollectForAllocation": 4546476.93,
        "CollectForMetadataAllocation": 5603599.83,
        "G1PauseRemark": 4643006.14,
        "G1PauseCleanup": 408483.48,
        "G1TryInitiateConcMark": 3231052.52
    },
    "p90_pause_time": 6039423.4,
    "throughput": 19288184096
}