{
    "garbage_collector": "Parallel",
    "jdk": "HotSpot_21.0.4",
    "benchmark_group": "Renaissance",
    "benchmark_name": "future-genetic",
    "heap_size": "8192",
    "error": null,
    "avg_cpu_usage": 31.3,
    "avg_cpu_time": 29.0,
    "avg_io_time": 0.0,
    "p90_io": 0.0,
    "number_of_pauses": 20,
    "total_pause_time": 23850602,
    "avg_pause_time": 1192530.1,
    "pauses_per_category": {
        "ICBufferFull": 4,
        "Cleanup": 9,
        "ParallelGCFailedAllocation": 7
    },
    "total_pause_time_per_category": {
        "ICBufferFull": 489566,
        "Cleanup": 722323,
        "ParallelGCFailedAllocation": 22638713
    },
    "avg_pause_time_per_category": {
        "ICBufferFull": 122391.5,
        "Cleanup": 80258.11,
        "ParallelGCFailedAllocation": 3234101.86
    },
    "p90_pause_time": 4426248.7,
    "throughput": 19790899384
}