{
    "garbage_collector": "Z",
    "jdk": "HotSpot_21.0.4",
    "benchmark_group": "Renaissance",
    "benchmark_name": "scala-doku",
    "heap_size": "1024",
    "error": null,
    "avg_cpu_usage": 13.8,
    "avg_cpu_time": 13.7,
    "avg_io_time": 0.0,
    "p90_io": 0.0,
    "number_of_pauses": 41,
    "total_pause_time": 4439555,
    "avg_pause_time": 108281.83,
    "pauses_per_category": {
        "ICBufferFull": 2,
        "XMarkStart": 8,
        "XMarkEnd": 8,
        "CleanClassLoaderDataMetaspaces": 1,
        "XRelocateStart": 8,
        "Cleanup": 14
    },
    "total_pause_time_per_category": {
        "ICBufferFull": 202080,
        "XMarkStart": 823242,
        "XMarkEnd": 774936,
        "CleanClassLoaderDataMetaspaces": 622395,
        "XRelocateStart": 797888,
        "Cleanup": 1219014
    },
    "avg_pause_time_per_category": {
        "ICBufferFull": 101040.0,
        "XMarkStart": 102905.25,
        "XMarkEnd": 96867.0,
        "CleanClassLoaderDataMetaspaces": 622395.0,
        "XRelocateStart": 99736.0,
        "Cleanup": 87072.43
    },
    "p90_pause_time": 111534.0,
    "throughput": 23377916850
}