{
    "garbage_collector": "Serial",
    "jdk": "HotSpot_21.0.4",
    "benchmark_group": "Renaissance",
    "benchmark_name": "philosophers",
    "heap_size": "256",
    "error": null,
    "avg_cpu_usage": 82.7,
    "avg_cpu_time": 78.7,
    "avg_io_time": 0.0,
    "p90_io": 0.0,
    "number_of_pauses": 458,
    "total_pause_time": 603900358,
    "avg_pause_time": 1318559.73,
    "pauses_per_category": {
        "ICBufferFull": 1,
        "GenCollectForAllocation": 457
    },
    "total_pause_time_per_category": {
        "ICBufferFull": 64316,
        "GenCollectForAllocation": 603836042
    },
    "avg_pause_time_per_category": {
        "ICBufferFull": 64316.0,
        "GenCollectForAllocation": 1321304.25
    },
    "p90_pause_time": 1922647.8,
    "throughput": 21473386641
}