{
    "garbage_collector": "Parallel",
    "jdk": "HotSpot_21.0.4",
    "benchmark_group": "Renaissance",
    "benchmark_name": "mnemonics",
    "heap_size": "8192",
    "error": null,
    "avg_cpu_usage": 13.7,
    "avg_cpu_time": 14.1,
    "avg_io_time": 0.2,
    "p90_io": 0.0,
    "number_of_pauses": 33,
    "total_pause_time": 433223587,
    "avg_pause_time": 13127987.48,
    "pauses_per_category": {
        "ICBufferFull": 1,
        "ParallelGCFailedAllocation": 28,
        "Cleanup": 4
    },
    "total_pause_time_per_category": {
        "ICBufferFull": 56340,
        "ParallelGCFailedAllocation": 432844482,
        "Cleanup": 322765
    },
    "avg_pause_time_per_category": {
        "ICBufferFull": 56340.0,
        "ParallelGCFailedAllocation": 15458731.5,
        "Cleanup": 80691.25
    },
    "p90_pause_time": 32233002.0,
    "throughput": 25536407769
}