{
    "garbage_collector": "G1",
    "jdk": "HotSpot_21.0.4",
    "benchmark_group": "Renaissance",
    "benchmark_name": "scala-doku",
    "heap_size": "512",
    "error": null,
    "avg_cpu_usage": 13.8,
    "avg_cpu_time": 14.4,
    "avg_io_time": 0.1,
    "p90_io": 0.0,
    "number_of_pauses": 23,
    "total_pause_time": 65227104,
    "avg_pause_time": 2835961.04,
    "pauses_per_category": {
        "ICBufferFull": 2,
        "G1CollectForAllocation": 8,
        "Cleanup": 13
    },
    "total_pause_time_per_category": {
        "ICBufferFull": 177781,
        "G1CollectForAllocation": 63876396,
        "Cleanup": 1172927
    },
    "avg_pause_time_per_category": {
        "ICBufferFull": 88890.5,
        "G1CollectForAllocation": 7984549.5,
        "Cleanup": 90225.15
    },
    "p90_pause_time": 9648159.0,
    "throughput": 20037783422
}