{
    "garbage_collector": "Parallel",
    "jdk": "HotSpot_21.0.4",
    "benchmark_group": "Renaissance",
    "benchmark_name": "akka-uct",
    "heap_size": "1024",
    "error": null,
    "avg_cpu_usage": 84.6,
    "avg_cpu_time": 83.4,
    "avg_io_time": 0.0,
    "p90_io": 0.0,
    "number_of_pauses": 759,
    "total_pause_time": 24405588058,
    "avg_pause_time": 32154924.98,
    "pauses_per_category": {
        "ICBufferFull": 5,
        "ParallelGCFailedAllocation": 753,
        "CollectForMetadataAllocation": 1
    },
    "total_pause_time_per_category": {
        "ICBufferFull": 532891,
        "ParallelGCFailedAllocation": 24207146468,
        "CollectForMetadataAllocation": 197908699
    },
    "avg_pause_time_per_category": {
        "ICBufferFull": 106578.2,
        "ParallelGCFailedAllocation": 32147604.87,
        "CollectForMetadataAllocation": 197908699.0
    },
    "p90_pause_time": 31333834.4,
    "throughput": 77730796586
}