{
    "garbage_collector": "Parallel",
    "jdk": "HotSpot_21.0.4",
    "benchmark_group": "Renaissance",
    "benchmark_name": "scala-doku",
    "heap_size": "256",
    "error": null,
    "avg_cpu_usage": 16.0,
    "avg_cpu_time": 14.0,
    "avg_io_time": 0.0,
    "p90_io": 0.0,
    "number_of_pauses": 46,
    "total_pause_time": 399538555,
    "avg_pause_time": 8685620.76,
    "pauses_per_category": {
        "ICBufferFull": 2,
        "ParallelGCFailedAllocation": 43,
        "Cleanup": 1
    },
    "total_pause_time_per_category": {
        "ICBufferFull": 190575,
        "ParallelGCFailedAllocation": 399251018,
        "Cleanup": 96962
    },
    "avg_pause_time_per_category": {
        "ICBufferFull": 95287.5,
        "ParallelGCFailedAllocation": 9284907.4,
        "Cleanup": 96962.0
    },
    "p90_pause_time": 14040752.5,
    "throughput": 19443112878
}