{
    "garbage_collector": "Serial",
    "jdk": "HotSpot_21.0.4",
    "benchmark_group": "Renaissance",
    "benchmark_name": "finagle-chirper",
    "heap_size": "4096",
    "error": null,
    "avg_cpu_usage": 77.4,
    "avg_cpu_time": 68.8,
    "avg_io_time": 0.0,
    "p90_io": 0.0,
    "number_of_pauses": 108,
    "total_pause_time": 778420737,
    "avg_pause_time": 7207599.42,
    "pauses_per_category": {
        "ICBufferFull": 73,
        "CollectForMetadataAllocation": 2,
        "GenCollectForAllocation": 30,
        "Cleanup": 2,
        "GenCollectFull": 1
    },
    "total_pause_time_per_category": {
        "ICBufferFull": 17656298,
        "CollectForMetadataAllocation": 42614349,
        "GenCollectForAllocation": 624668773,
        "Cleanup": 301613,
        "GenCollectFull": 93179704
    },
    "avg_pause_time_per_category": {
        "ICBufferFull": 241867.1,
        "CollectForMetadataAllocation": 21307174.5,
        "GenCollectForAllocation": 20822292.43,
        "Cleanup": 150806.5,
        "GenCollectFull": 93179704.0
    },
    "p90_pause_time": 22816693.9,
    "throughput": 34965633178
}