{
    "garbage_collector": "Z",
    "jdk": "HotSpot_21.0.4",
    "benchmark_group": "Renaissance",
    "benchmark_name": "dec-tree",
    "heap_size": "512",
    "error": null,
    "avg_cpu_usage": 46.8,
    "avg_cpu_time": 45.8,
    "avg_io_time": 0.0,
    "p90_io": 0.0,
    "number_of_pauses": 449,
    "total_pause_time": 43932139,
    "avg_pause_time": 97844.41,
    "pauses_per_category": {
        "ICBufferFull": 14,
        "Cleanup": 1,
        "XMarkStart": 139,
        "XMarkEnd": 137,
        "CleanClassLoaderDataMetaspaces": 16,
        "XRelocateStart": 142
    },
    "total_pause_time_per_category": {
        "ICBufferFull": 1297252,
        "Cleanup": 478869,
        "XMarkStart": 11792677,
        "XMarkEnd": 11817937,
        "CleanClassLoaderDataMetaspaces": 7033833,
        "XRelocateStart": 11511571
    },
    "avg_pause_time_per_category": {
        "ICBufferFull": 92660.86,
        "Cleanup": 478869.0,
        "XMarkStart": 84839.4,
        "XMarkEnd": 86262.31,
        "CleanClassLoaderDataMetaspaces": 439614.56,
        "XRelocateStart": 81067.4
    },
    "p90_pause_time": 136449.8,
    "throughput": 19804804955
}