{
    "garbage_collector": "Serial",
    "jdk": "HotSpot_21.0.4",
    "benchmark_group": "Renaissance",
    "benchmark_name": "page-rank",
    "heap_size": "1024",
    "error": null,
    "avg_cpu_usage": 28.0,
    "avg_cpu_time": 28.0,
    "avg_io_time": 0.1,
    "p90_io": 0.0,
    "number_of_pauses": 323,
    "total_pause_time": 24849542486,
    "avg_pause_time": 76933568.07,
    "pauses_per_category": {
        "ICBufferFull": 7,
        "CollectForMetadataAllocation": 3,
        "GenCollectForAllocation": 313
    },
    "total_pause_time_per_category": {
        "ICBufferFull": 605022,
        "CollectForMetadataAllocation": 185562192,
        "GenCollectForAllocation": 24663375272
    },
    "avg_pause_time_per_category": {
        "ICBufferFull": 86431.71,
        "CollectForMetadataAllocation": 61854064.0,
        "GenCollectForAllocation": 78796726.11
    },
    "p90_pause_time": 109436301.8,
    "throughput": 84244120599
}