{
    "garbage_collector": "G1",
    "jdk": "HotSpot_21.0.4",
    "benchmark_group": "Renaissance",
    "benchmark_name": "fj-kmeans",
    "heap_size": "8192",
    "error": null,
    "avg_cpu_usage": 83.7,
    "avg_cpu_time": 83.5,
    "avg_io_time": 0.1,
    "p90_io": 0.0,
    "number_of_pauses": 38,
    "total_pause_time": 121819316,
    "avg_pause_time": 3205771.47,
    "pauses_per_category": {
        "ICBufferFull": 1,
        "G1CollectForAllocation": 25,
        "Cleanup": 12
    },
    "total_pause_time_per_category": {
        "ICBufferFull": 70441,
        "G1CollectForAllocation": 120619883,
        "Cleanup": 1128992
    },
    "avg_pause_time_per_category": {
        "ICBufferFull": 70441.0,
        "G1CollectForAllocation": 4824795.32,
        "Cleanup": 94082.67
    },
    "p90_pause_time": 2775728.1,
    "throughput": 27838958050
}