{
    "garbage_collector": "G1",
    "jdk": "HotSpot_21.0.4",
    "benchmark_group": "Renaissance",
    "benchmark_name": "chi-square",
    "heap_size": "512",
    "error": null,
    "avg_cpu_usage": 35.9,
    "avg_cpu_time": 35.0,
    "avg_io_time": 0.2,
    "p90_io": 0.0,
    "number_of_pauses": 217,
    "total_pause_time": 998568740,
    "avg_pause_time": 4601699.26,
    "pauses_per_category": {
        "ICBufferFull": 3,
        "G1CollectForAllocation": 112,
        "CollectForMetadataAllocation": 5,
        "G1PauseRemark": 40,
        "G1PauseCleanup": 40,
        "G1TryInitiateConcMark": 17
    },
    "total_pause_time_per_category": {
        "ICBufferFull": 199904,
        "G1CollectForAllocation": 780951667,
        "CollectForMetadataAllocation": 29115728,
        "G1PauseRemark": 80030640,
        "G1PauseCleanup": 8292943,
        "G1TryInitiateConcMark": 99977858
    },
    "avg_pause_time_per_category": {
        "ICBufferFull": 66634.67,
        "G1CollectForAllocation": 6972782.74,
        "CollectForMetadataAllocation": 5823145.6,
        "G1PauseRemark": 2000766.0,
        "G1PauseCleanup": 207323.58,
        "G1TryInitiateConcMark": 5881050.47
    },
    "p90_pause_time": 10956436.0,
    "throughput": 17056386971
}