{
    "garbage_collector": "Serial",
    "jdk": "HotSpot_21.0.4",
    "benchmark_group": "Renaissance",
    "benchmark_name": "akka-uct",
    "heap_size": "4096",
    "error": null,
    "avg_cpu_usage": 49.3,
    "avg_cpu_time": 48.1,
    "avg_io_time": 0.0,
    "p90_io": 0.0,
    "number_of_pauses": 209,
    "total_pause_time": 53516549818,
    "avg_pause_time": 256060046.98,
    "pauses_per_category": {
        "ICBufferFull": 29,
        "GenCollectForAllocation": 179,
        "CollectForMetadataAllocation": 1
    },
    "total_pause_time_per_category": {
        "ICBufferFull": 7303512,
        "GenCollectForAllocation": 53071621292,
        "CollectForMetadataAllocation": 437625014
    },
    "avg_pause_time_per_category": {
        "ICBufferFull": 251845.24,
        "GenCollectForAllocation": 296489504.42,
        "CollectForMetadataAllocation": 437625014.0
    },
    "p90_pause_time": 338565879.6,
    "throughput": 115209945389
}