{
    "garbage_collector": "Parallel",
    "jdk": "HotSpot_21.0.4",
    "benchmark_group": "Renaissance",
    "benchmark_name": "gauss-mix",
    "heap_size": "512",
    "error": null,
    "avg_cpu_usage": 30.6,
    "avg_cpu_time": 30.5,
    "avg_io_time": 0.0,
    "p90_io": 0.0,
    "number_of_pauses": 89,
    "total_pause_time": 186376192,
    "avg_pause_time": 2094114.52,
    "pauses_per_category": {
        "ICBufferFull": 4,
        "CollectForMetadataAllocation": 3,
        "ParallelGCFailedAllocation": 75,
        "Cleanup": 1,
        "ParallelGCSystemGC": 6
    },
    "total_pause_time_per_category": {
        "ICBufferFull": 301279,
        "CollectForMetadataAllocation": 81674821,
        "ParallelGCFailedAllocation": 97939108,
        "Cleanup": 133178,
        "ParallelGCSystemGC": 6327806
    },
    "avg_pause_time_per_category": {
        "ICBufferFull": 75319.75,
        "CollectForMetadataAllocation": 27224940.33,
        "ParallelGCFailedAllocation": 1305854.77,
        "Cleanup": 133178.0,
        "ParallelGCSystemGC": 1054634.33
    },
    "p90_pause_time": 2187718.4,
    "throughput": 12173004033
}