{
    "garbage_collector": "G1",
    "jdk": "HotSpot_21.0.4",
    "benchmark_group": "Renaissance",
    "benchmark_name": "gauss-mix",
    "heap_size": "512",
    "error": null,
    "avg_cpu_usage": 31.5,
    "avg_cpu_time": 32.2,
    "avg_io_time": 0.0,
    "p90_io": 0.0,
    "number_of_pauses": 59,
    "total_pause_time": 195708245,
    "avg_pause_time": 3317088.9,
    "pauses_per_category": {
        "ICBufferFull": 9,
        "G1CollectForAllocation": 37,
        "CollectForMetadataAllocation": 6,
        "G1PauseRemark": 3,
        "G1PauseCleanup": 3,
        "Cleanup": 1
    },
    "total_pause_time_per_category": {
        "ICBufferFull": 623422,
        "G1CollectForAllocation": 159777736,
        "CollectForMetadataAllocation": 29496955,
        "G1PauseRemark": 5284255,
        "G1PauseCleanup": 329006,
        "Cleanup": 196871
    },
    "avg_pause_time_per_category": {
        "ICBufferFull": 69269.11,
        "G1CollectForAllocation": 4318317.19,
        "CollectForMetadataAllocation": 4916159.17,
        "G1PauseRemark": 1761418.33,
        "G1PauseCleanup": 109668.67,
        "Cleanup": 196871.0
    },
    "p90_pause_time": 7687141.4,
    "throughput": 12780225468
}