{
    "garbage_collector": "G1",
    "jdk": "HotSpot_21.0.4",
    "benchmark_group": "Renaissance",
    "benchmark_name": "finagle-http",
    "heap_size": "8192",
    "error": null,
    "avg_cpu_usage": 81.1,
    "avg_cpu_time": 65.5,
    "avg_io_time": 0.0,
    "p90_io": 0.0,
    "number_of_pauses": 114,
    "total_pause_time": 122445261,
    "avg_pause_time": 1074081.24,
    "pauses_per_category": {
        "ICBufferFull": 69,
        "CollectForMetadataAllocation": 11,
        "G1PauseRemark": 2,
        "G1PauseCleanup": 2,
        "G1CollectForAllocation": 9,
        "Cleanup": 21
    },
    "total_pause_time_per_category": {
        "ICBufferFull": 9543884,
        "CollectForMetadataAllocation": 22724885,
        "G1PauseRemark": 3614716,
        "G1PauseCleanup": 679932,
        "G1CollectForAllocation": 83252284,
        "Cleanup": 2629560
    },
    "avg_pause_time_per_category": {
        "ICBufferFull": 138317.16,
        "CollectForMetadataAllocation": 2065898.64,
        "G1PauseRemark": 1807358.0,
        "G1PauseCleanup": 339966.0,
        "G1CollectForAllocation": 9250253.78,
        "Cleanup": 125217.14
    },
    "p90_pause_time": 5177364.3,
    "throughput": 41476043173
}