{
    "garbage_collector": "Parallel",
    "jdk": "HotSpot_21.0.4",
    "benchmark_group": "Renaissance",
    "benchmark_name": "naive-bayes",
    "heap_size": "2048",
    "error": null,
    "avg_cpu_usage": 56.2,
    "avg_cpu_time": 56.2,
    "avg_io_time": 0.3,
    "p90_io": 0.0,
    "number_of_pauses": 660,
    "total_pause_time": 4763045152,
    "avg_pause_time": 7216735.08,
    "pauses_per_category": {
        "ICBufferFull": 21,
        "Cleanup": 2,
        "CollectForMetadataAllocation": 5,
        "ParallelGCFailedAllocation": 632
    },
    "total_pause_time_per_category": {
        "ICBufferFull": 1903843,
        "Cleanup": 134054,
        "CollectForMetadataAllocation": 129508541,
        "ParallelGCFailedAllocation": 4631498714
    },
    "avg_pause_time_per_category": {
        "ICBufferFull": 90659.19,
        "Cleanup": 67027.0,
        "CollectForMetadataAllocation": 25901708.2,
        "ParallelGCFailedAllocation": 7328320.75
    },
    "p90_pause_time": 9902202.7,
    "throughput": 48059109537
}