{
    "garbage_collector": "Z",
    "jdk": "HotSpot_21.0.4",
    "benchmark_group": "Renaissance",
    "benchmark_name": "rx-scrabble",
    "heap_size": "512",
    "error": null,
    "avg_cpu_usage": 30.6,
    "avg_cpu_time": 34.2,
    "avg_io_time": 0.0,
    "p90_io": 0.0,
    "number_of_pauses": 63,
    "total_pause_time": 6640362,
    "avg_pause_time": 105402.57,
    "pauses_per_category": {
        "ICBufferFull": 1,
        "XMarkStart": 19,
        "XMarkEnd": 19,
        "CleanClassLoaderDataMetaspaces": 4,
        "XRelocateStart": 20
    },
    "total_pause_time_per_category": {
        "ICBufferFull": 58590,
        "XMarkStart": 1947162,
        "XMarkEnd": 1838898,
        "CleanClassLoaderDataMetaspaces": 1040319,
        "XRelocateStart": 1755393
    },
    "avg_pause_time_per_category": {
        "ICBufferFull": 58590.0,
        "XMarkStart": 102482.21,
        "XMarkEnd": 96784.11,
        "CleanClassLoaderDataMetaspaces": 260079.75,
        "XRelocateStart": 87769.65
    },
    "p90_pause_time": 124343.0,
    "throughput": 3053644269
}