{
    "garbage_collector": "G1",
    "jdk": "HotSpot_21.0.4",
    "benchmark_group": "Renaissance",
    "benchmark_name": "dotty",
    "heap_size": "1024",
    "error": null,
    "avg_cpu_usage": 41.5,
    "avg_cpu_time": 40.6,
    "avg_io_time": 0.0,
    "p90_io": 0.0,
    "number_of_pauses": 104,
    "total_pause_time": 225679606,
    "avg_pause_time": 2169996.21,
    "pauses_per_category": {
        "ICBufferFull": 72,
        "G1CollectForAllocation": 6,
        "CollectForMetadataAllocation": 4,
        "G1PauseRemark": 5,
        "G1PauseCleanup": 5,
        "G1TryInitiateConcMark": 3,
        "Cleanup": 9
    },
    "total_pause_time_per_category": {
        "ICBufferFull": 18249564,
        "G1CollectForAllocation": 89061649,
        "CollectForMetadataAllocation": 31359235,
        "G1PauseRemark": 30054625,
        "G1PauseCleanup": 9560232,
        "G1TryInitiateConcMark": 46219405,
        "Cleanup": 1174896
    },
    "avg_pause_time_per_category": {
        "ICBufferFull": 253466.17,
        "G1CollectForAllocation": 14843608.17,
        "CollectForMetadataAllocation": 7839808.75,
        "G1PauseRemark": 6010925.0,
        "G1PauseCleanup": 1912046.4,
        "G1TryInitiateConcMark": 15406468.33,
        "Cleanup": 130544.0
    },
    "p90_pause_time": 9721822.3,
    "throughput": 28631103183
}