{
    "garbage_collector": "Serial",
    "jdk": "HotSpot_21.0.4",
    "benchmark_group": "Renaissance",
    "benchmark_name": "finagle-chirper",
    "heap_size": "512",
    "error": null,
    "avg_cpu_usage": 76.0,
    "avg_cpu_time": 69.5,
    "avg_io_time": 0.0,
    "p90_io": 0.0,
    "number_of_pauses": 303,
    "total_pause_time": 2022184114,
    "avg_pause_time": 6673874.96,
    "pauses_per_category": {
        "ICBufferFull": 58,
        "CollectForMetadataAllocation": 2,
        "GenCollectForAllocation": 242,
        "GenCollectFull": 1
    },
    "total_pause_time_per_category": {
        "ICBufferFull": 28398968,
        "CollectForMetadataAllocation": 53073380,
        "GenCollectForAllocation": 1843404452,
        "GenCollectFull": 97307314
    },
    "avg_pause_time_per_category": {
        "ICBufferFull": 489637.38,
        "CollectForMetadataAllocation": 26536690.0,
        "GenCollectForAllocation": 7617373.77,
        "GenCollectFull": 97307314.0
    },
    "p90_pause_time": 11277249.2,
    "throughput": 34953829033
}