{
    "garbage_collector": "G1",
    "jdk": "HotSpot_21.0.4",
    "benchmark_group": "Renaissance",
    "benchmark_name": "gauss-mix",
    "heap_size": "4096",
    "error": null,
    "avg_cpu_usage": 30.4,
    "avg_cpu_time": 30.9,
    "avg_io_time": 0.0,
    "p90_io": 0.0,
    "number_of_pauses": 32,
    "total_pause_time": 92114925,
    "avg_pause_time": 2878591.41,
    "pauses_per_category": {
        "ICBufferFull": 9,
        "CollectForMetadataAllocation": 9,
        "G1PauseRemark": 3,
        "G1PauseCleanup": 3,
        "Cleanup": 4,
        "G1CollectForAllocation": 4
    },
    "total_pause_time_per_category": {
        "ICBufferFull": 743470,
        "CollectForMetadataAllocation": 44134621,
        "G1PauseRemark": 5411100,
        "G1PauseCleanup": 2925478,
        "Cleanup": 366971,
        "G1CollectForAllocation": 38533285
    },
    "avg_pause_time_per_category": {
        "ICBufferFull": 82607.78,
        "CollectForMetadataAllocation": 4903846.78,
        "G1PauseRemark": 1803700.0,
        "G1PauseCleanup": 975159.33,
        "Cleanup": 91742.75,
        "G1CollectForAllocation": 9633321.25
    },
    "p90_pause_time": 9316915.3,
    "throughput": 13091318308
}