{
    "garbage_collector": "Z",
    "jdk": "HotSpot_21.0.4",
    "benchmark_group": "Renaissance",
    "benchmark_name": "log-regression",
    "heap_size": "4096",
    "error": null,
    "avg_cpu_usage": 45.7,
    "avg_cpu_time": 42.6,
    "avg_io_time": 0.2,
    "p90_io": 0.0,
    "number_of_pauses": 112,
    "total_pause_time": 16941339,
    "avg_pause_time": 151261.96,
    "pauses_per_category": {
        "ICBufferFull": 39,
        "Cleanup": 2,
        "XMarkStart": 20,
        "XMarkEnd": 20,
        "CleanClassLoaderDataMetaspaces": 10,
        "XRelocateStart": 21
    },
    "total_pause_time_per_category": {
        "ICBufferFull": 4445833,
        "Cleanup": 170137,
        "XMarkStart": 3050093,
        "XMarkEnd": 2361312,
        "CleanClassLoaderDataMetaspaces": 4912845,
        "XRelocateStart": 2001119
    },
    "avg_pause_time_per_category": {
        "ICBufferFull": 113995.72,
        "Cleanup": 85068.5,
        "XMarkStart": 152504.65,
        "XMarkEnd": 118065.6,
        "CleanClassLoaderDataMetaspaces": 491284.5,
        "XRelocateStart": 95291.38
    },
    "p90_pause_time": 197987.1,
    "throughput": 21435320759
}