{
    "garbage_collector": "Z",
    "jdk": "HotSpot_21.0.4",
    "benchmark_group": "Renaissance",
    "benchmark_name": "future-genetic",
    "heap_size": "1024",
    "error": null,
    "avg_cpu_usage": 30.2,
    "avg_cpu_time": 28.0,
    "avg_io_time": 0.0,
    "p90_io": 0.0,
    "number_of_pauses": 85,
    "total_pause_time": 8736323,
    "avg_pause_time": 102780.27,
    "pauses_per_category": {
        "ICBufferFull": 2,
        "XMarkStart": 27,
        "XMarkEnd": 27,
        "CleanClassLoaderDataMetaspaces": 2,
        "XRelocateStart": 27
    },
    "total_pause_time_per_category": {
        "ICBufferFull": 192658,
        "XMarkStart": 2798530,
        "XMarkEnd": 2640208,
        "CleanClassLoaderDataMetaspaces": 557642,
        "XRelocateStart": 2547285
    },
    "avg_pause_time_per_category": {
        "ICBufferFull": 96329.0,
        "XMarkStart": 103649.26,
        "XMarkEnd": 97785.48,
        "CleanClassLoaderDataMetaspaces": 278821.0,
        "XRelocateStart": 94343.89
    },
    "p90_pause_time": 106744.0,
    "throughput": 22829116989
}