{
    "garbage_collector": "Z",
    "jdk": "HotSpot_21.0.4",
    "benchmark_group": "Renaissance",
    "benchmark_name": "reactors",
    "heap_size": "2048",
    "error": null,
    "avg_cpu_usage": 40.5,
    "avg_cpu_time": 40.1,
    "avg_io_time": 0.0,
    "p90_io": 0.0,
    "number_of_pauses": 520,
    "total_pause_time": 51349204,
    "avg_pause_time": 98748.47,
    "pauses_per_category": {
        "ICBufferFull": 9,
        "Cleanup": 6,
        "XMarkStart": 168,
        "XMarkEnd": 168,
        "CleanClassLoaderDataMetaspaces": 1,
        "XRelocateStart": 168
    },
    "total_pause_time_per_category": {
        "ICBufferFull": 764600,
        "Cleanup": 516350,
        "XMarkStart": 16779362,
        "XMarkEnd": 16518584,
        "CleanClassLoaderDataMetaspaces": 707621,
        "XRelocateStart": 16062687
    },
    "avg_pause_time_per_category": {
        "ICBufferFull": 84955.56,
        "Cleanup": 86058.33,
        "XMarkStart": 99877.15,
        "XMarkEnd": 98324.9,
        "CleanClassLoaderDataMetaspaces": 707621.0,
        "XRelocateStart": 95611.23
    },
    "p90_pause_time": 112645.5,
    "throughput": 79155010088
}