{
    "garbage_collector": "Serial",
    "jdk": "HotSpot_21.0.4",
    "benchmark_group": "Renaissance",
    "benchmark_name": "akka-uct",
    "heap_size": "2048",
    "error": null,
    "avg_cpu_usage": 44.7,
    "avg_cpu_time": 43.4,
    "avg_io_time": 0.0,
    "p90_io": 0.0,
    "number_of_pauses": 364,
    "total_pause_time": 67587532315,
    "avg_pause_time": 185680033.83,
    "pauses_per_category": {
        "ICBufferFull": 10,
        "GenCollectForAllocation": 353,
        "CollectForMetadataAllocation": 1
    },
    "total_pause_time_per_category": {
        "ICBufferFull": 2010918,
        "GenCollectForAllocation": 67380921215,
        "CollectForMetadataAllocation": 204600182
    },
    "avg_pause_time_per_category": {
        "ICBufferFull": 201091.8,
        "GenCollectForAllocation": 190880796.64,
        "CollectForMetadataAllocation": 204600182.0
    },
    "p90_pause_time": 205715442.0,
    "throughput": 125378772839
}