{
    "garbage_collector": "G1",
    "jdk": "HotSpot_21.0.4",
    "benchmark_group": "Renaissance",
    "benchmark_name": "finagle-http",
    "heap_size": "4096",
    "error": null,
    "avg_cpu_usage": 81.1,
    "avg_cpu_time": 66.1,
    "avg_io_time": 0.0,
    "p90_io": 0.0,
    "number_of_pauses": 106,
    "total_pause_time": 167799434,
    "avg_pause_time": 1583013.53,
    "pauses_per_category": {
        "ICBufferFull": 62,
        "CollectForMetadataAllocation": 4,
        "G1PauseRemark": 2,
        "G1PauseCleanup": 2,
        "G1CollectForAllocation": 16,
        "Cleanup": 20
    },
    "total_pause_time_per_category": {
        "ICBufferFull": 9888928,
        "CollectForMetadataAllocation": 22622955,
        "G1PauseRemark": 3720894,
        "G1PauseCleanup": 611891,
        "G1CollectForAllocation": 128584762,
        "Cleanup": 2370004
    },
    "avg_pause_time_per_category": {
        "ICBufferFull": 159498.84,
        "CollectForMetadataAllocation": 5655738.75,
        "G1PauseRemark": 1860447.0,
        "G1PauseCleanup": 305945.5,
        "G1CollectForAllocation": 8036547.62,
        "Cleanup": 118500.2
    },
    "p90_pause_time": 7996979.0,
    "throughput": 41173834766
}