{
    "garbage_collector": "Z",
    "jdk": "HotSpot_21.0.4",
    "benchmark_group": "Renaissance",
    "benchmark_name": "finagle-http",
    "heap_size": "512",
    "error": null,
    "avg_cpu_usage": 80.5,
    "avg_cpu_time": 65.2,
    "avg_io_time": 0.0,
    "p90_io": 0.0,
    "number_of_pauses": 612,
    "total_pause_time": 91228611,
    "avg_pause_time": 149066.36,
    "pauses_per_category": {
        "ICBufferFull": 35,
        "XMarkStart": 191,
        "XMarkEnd": 191,
        "CleanClassLoaderDataMetaspaces": 4,
        "XRelocateStart": 191
    },
    "total_pause_time_per_category": {
        "ICBufferFull": 6824352,
        "XMarkStart": 31006118,
        "XMarkEnd": 24019965,
        "CleanClassLoaderDataMetaspaces": 1545712,
        "XRelocateStart": 27832464
    },
    "avg_pause_time_per_category": {
        "ICBufferFull": 194981.49,
        "XMarkStart": 162335.7,
        "XMarkEnd": 125758.98,
        "CleanClassLoaderDataMetaspaces": 386428.0,
        "XRelocateStart": 145719.71
    },
    "p90_pause_time": 251223.1,
    "throughput": 42329789830
}