{
    "garbage_collector": "G1",
    "jdk": "HotSpot_21.0.4",
    "benchmark_group": "Renaissance",
    "benchmark_name": "finagle-http",
    "heap_size": "512",
    "error": null,
    "avg_cpu_usage": 80.7,
    "avg_cpu_time": 65.9,
    "avg_io_time": 0.0,
    "p90_io": 0.0,
    "number_of_pauses": 186,
    "total_pause_time": 264127410,
    "avg_pause_time": 1420039.84,
    "pauses_per_category": {
        "ICBufferFull": 54,
        "G1CollectForAllocation": 122,
        "CollectForMetadataAllocation": 6,
        "G1PauseRemark": 2,
        "G1PauseCleanup": 2
    },
    "total_pause_time_per_category": {
        "ICBufferFull": 7469897,
        "G1CollectForAllocation": 239920653,
        "CollectForMetadataAllocation": 12928057,
        "G1PauseRemark": 3424912,
        "G1PauseCleanup": 383891
    },
    "avg_pause_time_per_category": {
        "ICBufferFull": 138331.43,
        "G1CollectForAllocation": 1966562.73,
        "CollectForMetadataAllocation": 2154676.17,
        "G1PauseRemark": 1712456.0,
        "G1PauseCleanup": 191945.5
    },
    "p90_pause_time": 3922396.5,
    "throughput": 41777350093
}