{
    "garbage_collector": "Parallel",
    "jdk": "HotSpot_21.0.4",
    "benchmark_group": "Renaissance",
    "benchmark_name": "als",
    "heap_size": "512",
    "error": null,
    "avg_cpu_usage": 66.8,
    "avg_cpu_time": 64.4,
    "avg_io_time": 0.3,
    "p90_io": 0.0,
    "number_of_pauses": 548,
    "total_pause_time": 2352583194,
    "avg_pause_time": 4293035.03,
    "pauses_per_category": {
        "ICBufferFull": 18,
        "Cleanup": 1,
        "CollectForMetadataAllocation": 5,
        "ParallelGCFailedAllocation": 484,
        "ParallelGCSystemGC": 40
    },
    "total_pause_time_per_category": {
        "ICBufferFull": 1474586,
        "Cleanup": 87521,
        "CollectForMetadataAllocation": 128716528,
        "ParallelGCFailedAllocation": 2142063536,
        "ParallelGCSystemGC": 80241023
    },
    "avg_pause_time_per_category": {
        "ICBufferFull": 81921.44,
        "Cleanup": 87521.0,
        "CollectForMetadataAllocation": 25743305.6,
        "ParallelGCFailedAllocation": 4425751.11,
        "ParallelGCSystemGC": 2006025.57
    },
    "p90_pause_time": 5812541.4,
    "throughput": 54759660418
}