{
    "garbage_collector": "Z",
    "jdk": "HotSpot_21.0.4",
    "benchmark_group": "Renaissance",
    "benchmark_name": "akka-uct",
    "heap_size": "8192",
    "error": null,
    "avg_cpu_usage": 83.4,
    "avg_cpu_time": 78.6,
    "avg_io_time": 0.0,
    "p90_io": 0.0,
    "number_of_pauses": 272,
    "total_pause_time": 252461532,
    "avg_pause_time": 928167.4,
    "pauses_per_category": {
        "ICBufferFull": 3,
        "XMarkStart": 83,
        "XMarkEnd": 100,
        "CleanClassLoaderDataMetaspaces": 2,
        "XRelocateStart": 83,
        "Cleanup": 1
    },
    "total_pause_time_per_category": {
        "ICBufferFull": 303786,
        "XMarkStart": 149344206,
        "XMarkEnd": 70620518,
        "CleanClassLoaderDataMetaspaces": 1776256,
        "XRelocateStart": 30312520,
        "Cleanup": 104246
    },
    "avg_pause_time_per_category": {
        "ICBufferFull": 101262.0,
        "XMarkStart": 1799327.78,
        "XMarkEnd": 706205.18,
        "CleanClassLoaderDataMetaspaces": 888128.0,
        "XRelocateStart": 365211.08,
        "Cleanup": 104246.0
    },
    "p90_pause_time": 3348184.5,
    "throughput": 92217048323
}