{
    "garbage_collector": "Serial",
    "jdk": "HotSpot_21.0.4",
    "benchmark_group": "Renaissance",
    "benchmark_name": "par-mnemonics",
    "heap_size": "1024",
    "error": null,
    "avg_cpu_usage": 16.1,
    "avg_cpu_time": 15.9,
    "avg_io_time": 0.1,
    "p90_io": 0.0,
    "number_of_pauses": 232,
    "total_pause_time": 3010439790,
    "avg_pause_time": 12976033.58,
    "pauses_per_category": {
        "ICBufferFull": 2,
        "GenCollectForAllocation": 230
    },
    "total_pause_time_per_category": {
        "ICBufferFull": 560916,
        "GenCollectForAllocation": 3009878874
    },
    "avg_pause_time_per_category": {
        "ICBufferFull": 280458.0,
        "GenCollectForAllocation": 13086429.89
    },
    "p90_pause_time": 25498486.9,
    "throughput": 22803746517
}