{
    "garbage_collector": "Serial",
    "jdk": "HotSpot_21.0.4",
    "benchmark_group": "Renaissance",
    "benchmark_name": "mnemonics",
    "heap_size": "256",
    "error": null,
    "avg_cpu_usage": 13.0,
    "avg_cpu_time": 13.4,
    "avg_io_time": 0.0,
    "p90_io": 0.0,
    "number_of_pauses": 918,
    "total_pause_time": 3377073552,
    "avg_pause_time": 3678729.36,
    "pauses_per_category": {
        "ICBufferFull": 1,
        "GenCollectForAllocation": 917
    },
    "total_pause_time_per_category": {
        "ICBufferFull": 78494,
        "GenCollectForAllocation": 3376995058
    },
    "avg_pause_time_per_category": {
        "ICBufferFull": 78494.0,
        "GenCollectForAllocation": 3682655.46
    },
    "p90_pause_time": 5361565.5,
    "throughput": 26146311428
}