{
    "garbage_collector": "Serial",
    "jdk": "HotSpot_21.0.4",
    "benchmark_group": "Renaissance",
    "benchmark_name": "movie-lens",
    "heap_size": "2048",
    "error": null,
    "avg_cpu_usage": 55.3,
    "avg_cpu_time": 50.1,
    "avg_io_time": 0.1,
    "p90_io": 0.0,
    "number_of_pauses": 461,
    "total_pause_time": 3204350984,
    "avg_pause_time": 6950869.81,
    "pauses_per_category": {
        "ICBufferFull": 28,
        "CollectForMetadataAllocation": 4,
        "GenCollectForAllocation": 407,
        "GenCollectFull": 22
    },
    "total_pause_time_per_category": {
        "ICBufferFull": 6607980,
        "CollectForMetadataAllocation": 98591377,
        "GenCollectForAllocation": 2833734709,
        "GenCollectFull": 265416918
    },
    "avg_pause_time_per_category": {
        "ICBufferFull": 235999.29,
        "CollectForMetadataAllocation": 24647844.25,
        "GenCollectForAllocation": 6962493.14,
        "GenCollectFull": 12064405.36
    },
    "p90_pause_time": 11876294.0,
    "throughput": 91411743294
}