{
    "garbage_collector": "Parallel",
    "jdk": "HotSpot_21.0.4",
    "benchmark_group": "Renaissance",
    "benchmark_name": "finagle-chirper",
    "heap_size": "8192",
    "error": null,
    "avg_cpu_usage": 77.6,
    "avg_cpu_time": 70.0,
    "avg_io_time": 0.0,
    "p90_io": 0.0,
    "number_of_pauses": 131,
    "total_pause_time": 263726082,
    "avg_pause_time": 2013176.2,
    "pauses_per_category": {
        "ICBufferFull": 97,
        "CollectForMetadataAllocation": 2,
        "ParallelGCFailedAllocation": 13,
        "Cleanup": 18,
        "ParallelGCSystemGC": 1
    },
    "total_pause_time_per_category": {
        "ICBufferFull": 29176493,
        "CollectForMetadataAllocation": 48560385,
        "ParallelGCFailedAllocation": 120394417,
        "Cleanup": 1589331,
        "ParallelGCSystemGC": 64005456
    },
    "avg_pause_time_per_category": {
        "ICBufferFull": 300788.59,
        "CollectForMetadataAllocation": 24280192.5,
        "ParallelGCFailedAllocation": 9261109.0,
        "Cleanup": 88296.17,
        "ParallelGCSystemGC": 64005456.0
    },
    "p90_pause_time": 5126382.0,
    "throughput": 34045688687
}