{
    "garbage_collector": "Parallel",
    "jdk": "HotSpot_21.0.4",
    "benchmark_group": "Renaissance",
    "benchmark_name": "dotty",
    "heap_size": "512",
    "error": null,
    "avg_cpu_usage": 41.0,
    "avg_cpu_time": 40.1,
    "avg_io_time": 0.0,
    "p90_io": 0.0,
    "number_of_pauses": 99,
    "total_pause_time": 670971152,
    "avg_pause_time": 6777486.38,
    "pauses_per_category": {
        "ICBufferFull": 67,
        "CollectForMetadataAllocation": 2,
        "ParallelGCFailedAllocation": 20,
        "ParallelGCSystemGC": 3,
        "Cleanup": 7
    },
    "total_pause_time_per_category": {
        "ICBufferFull": 28361632,
        "CollectForMetadataAllocation": 55717389,
        "ParallelGCFailedAllocation": 285427275,
        "ParallelGCSystemGC": 299742382,
        "Cleanup": 1722474
    },
    "avg_pause_time_per_category": {
        "ICBufferFull": 423307.94,
        "CollectForMetadataAllocation": 27858694.5,
        "ParallelGCFailedAllocation": 14271363.75,
        "ParallelGCSystemGC": 99914127.33,
        "Cleanup": 246067.71
    },
    "p90_pause_time": 18327818.0,
    "throughput": 28028542231
}