{
    "garbage_collector": "G1",
    "jdk": "HotSpot_21.0.4",
    "benchmark_group": "Renaissance",
    "benchmark_name": "page-rank",
    "heap_size": "2048",
    "error": null,
    "avg_cpu_usage": 47.3,
    "avg_cpu_time": 50.7,
    "avg_io_time": 0.0,
    "p90_io": 0.0,
    "number_of_pauses": 172,
    "total_pause_time": 9773013443,
    "avg_pause_time": 56819845.6,
    "pauses_per_category": {
        "ICBufferFull": 9,
        "Cleanup": 2,
        "CollectForMetadataAllocation": 12,
        "G1PauseRemark": 25,
        "G1PauseCleanup": 25,
        "G1CollectForAllocation": 78,
        "G1TryInitiateConcMark": 21
    },
    "total_pause_time_per_category": {
        "ICBufferFull": 755014,
        "Cleanup": 223616,
        "CollectForMetadataAllocation": 50215513,
        "G1PauseRemark": 76343362,
        "G1PauseCleanup": 11758745,
        "G1CollectForAllocation": 8576936728,
        "G1TryInitiateConcMark": 1056780465
    },
    "avg_pause_time_per_category": {
        "ICBufferFull": 83890.44,
        "Cleanup": 111808.0,
        "CollectForMetadataAllocation": 4184626.08,
        "G1PauseRemark": 3053734.48,
        "G1PauseCleanup": 470349.8,
        "G1CollectForAllocation": 109960727.28,
        "G1TryInitiateConcMark": 50322879.29
    },
    "p90_pause_time": 144925357.8,
    "throughput": 59013986871
}