{
    "garbage_collector": "G1",
    "jdk": "HotSpot_21.0.4",
    "benchmark_group": "Renaissance",
    "benchmark_name": "gauss-mix",
    "heap_size": "1024",
    "error": null,
    "avg_cpu_usage": 30.4,
    "avg_cpu_time": 32.8,
    "avg_io_time": 0.0,
    "p90_io": 0.0,
    "number_of_pauses": 41,
    "total_pause_time": 154400772,
    "avg_pause_time": 3765872.49,
    "pauses_per_category": {
        "ICBufferFull": 7,
        "Cleanup": 2,
        "G1CollectForAllocation": 19,
        "CollectForMetadataAllocation": 7,
        "G1PauseRemark": 3,
        "G1PauseCleanup": 3
    },
    "total_pause_time_per_category": {
        "ICBufferFull": 639046,
        "Cleanup": 281474,
        "G1CollectForAllocation": 111804937,
        "CollectForMetadataAllocation": 35710373,
        "G1PauseRemark": 5254865,
        "G1PauseCleanup": 710077
    },
    "avg_pause_time_per_category": {
        "ICBufferFull": 91292.29,
        "Cleanup": 140737.0,
        "G1CollectForAllocation": 5884470.37,
        "CollectForMetadataAllocation": 5101481.86,
        "G1PauseRemark": 1751621.67,
        "G1PauseCleanup": 236692.33
    },
    "p90_pause_time": 7491413.0,
    "throughput": 12777728357
}