{
    "garbage_collector": "G1",
    "jdk": "HotSpot_21.0.4",
    "benchmark_group": "Renaissance",
    "benchmark_name": "future-genetic",
    "heap_size": "256",
    "error": null,
    "avg_cpu_usage": 31.1,
    "avg_cpu_time": 29.5,
    "avg_io_time": 0.0,
    "p90_io": 0.0,
    "number_of_pauses": 108,
    "total_pause_time": 119616822,
    "avg_pause_time": 1107563.17,
    "pauses_per_category": {
        "G1CollectForAllocation": 105,
        "ICBufferFull": 3
    },
    "total_pause_time_per_category": {
        "G1CollectForAllocation": 119326819,
        "ICBufferFull": 290003
    },
    "avg_pause_time_per_category": {
        "G1CollectForAllocation": 1136445.9,
        "ICBufferFull": 96667.67
    },
    "p90_pause_time": 2120644.9,
    "throughput": 21008505136
}