{
    "garbage_collector": "Parallel",
    "jdk": "HotSpot_21.0.4",
    "benchmark_group": "Renaissance",
    "benchmark_name": "dotty",
    "heap_size": "2048",
    "error": null,
    "avg_cpu_usage": 39.7,
    "avg_cpu_time": 38.5,
    "avg_io_time": 0.0,
    "p90_io": 0.0,
    "number_of_pauses": 93,
    "total_pause_time": 464178911,
    "avg_pause_time": 4991171.09,
    "pauses_per_category": {
        "ICBufferFull": 80,
        "CollectForMetadataAllocation": 2,
        "ParallelGCSystemGC": 3,
        "ParallelGCFailedAllocation": 2,
        "Cleanup": 6
    },
    "total_pause_time_per_category": {
        "ICBufferFull": 40294321,
        "CollectForMetadataAllocation": 56089105,
        "ParallelGCSystemGC": 347105456,
        "ParallelGCFailedAllocation": 19933533,
        "Cleanup": 756496
    },
    "avg_pause_time_per_category": {
        "ICBufferFull": 503679.01,
        "CollectForMetadataAllocation": 28044552.5,
        "ParallelGCSystemGC": 115701818.67,
        "ParallelGCFailedAllocation": 9966766.5,
        "Cleanup": 126082.67
    },
    "p90_pause_time": 4378555.4,
    "throughput": 28022884736
}