{
    "garbage_collector": "Parallel",
    "jdk": "HotSpot_21.0.4",
    "benchmark_group": "Renaissance",
    "benchmark_name": "reactors",
    "heap_size": "8192",
    "error": null,
    "avg_cpu_usage": 37.2,
    "avg_cpu_time": 34.2,
    "avg_io_time": 0.0,
    "p90_io": 0.0,
    "number_of_pauses": 54,
    "total_pause_time": 1935646069,
    "avg_pause_time": 35845297.57,
    "pauses_per_category": {
        "ICBufferFull": 7,
        "Cleanup": 18,
        "ParallelGCFailedAllocation": 29
    },
    "total_pause_time_per_category": {
        "ICBufferFull": 1670880,
        "Cleanup": 1549627,
        "ParallelGCFailedAllocation": 1932425562
    },
    "avg_pause_time_per_category": {
        "ICBufferFull": 238697.14,
        "Cleanup": 86090.39,
        "ParallelGCFailedAllocation": 66635364.21
    },
    "p90_pause_time": 132657470.2,
    "throughput": 67807704585
}