{
    "garbage_collector": "G1",
    "jdk": "HotSpot_21.0.4",
    "benchmark_group": "Renaissance",
    "benchmark_name": "dotty",
    "heap_size": "4096",
    "error": null,
    "avg_cpu_usage": 41.7,
    "avg_cpu_time": 40.6,
    "avg_io_time": 0.0,
    "p90_io": 0.0,
    "number_of_pauses": 100,
    "total_pause_time": 281644278,
    "avg_pause_time": 2816442.78,
    "pauses_per_category": {
        "ICBufferFull": 70,
        "CollectForMetadataAllocation": 4,
        "G1PauseRemark": 5,
        "G1PauseCleanup": 5,
        "G1TryInitiateConcMark": 3,
        "G1CollectForAllocation": 6,
        "Cleanup": 7
    },
    "total_pause_time_per_category": {
        "ICBufferFull": 18939728,
        "CollectForMetadataAllocation": 38837788,
        "G1PauseRemark": 27926513,
        "G1PauseCleanup": 1647849,
        "G1TryInitiateConcMark": 60884556,
        "G1CollectForAllocation": 131474814,
        "Cleanup": 1933030
    },
    "avg_pause_time_per_category": {
        "ICBufferFull": 270567.54,
        "CollectForMetadataAllocation": 9709447.0,
        "G1PauseRemark": 5585302.6,
        "G1PauseCleanup": 329569.8,
        "G1TryInitiateConcMark": 20294852.0,
        "G1CollectForAllocation": 21912469.0,
        "Cleanup": 276147.14
    },
    "p90_pause_time": 11084948.3,
    "throughput": 28941937282
}