{
    "garbage_collector": "Serial",
    "jdk": "HotSpot_21.0.4",
    "benchmark_group": "Renaissance",
    "benchmark_name": "finagle-http",
    "heap_size": "512",
    "error": null,
    "avg_cpu_usage": 79.5,
    "avg_cpu_time": 63.3,
    "avg_io_time": 0.0,
    "p90_io": 0.0,
    "number_of_pauses": 304,
    "total_pause_time": 1072488119,
    "avg_pause_time": 3527921.44,
    "pauses_per_category": {
        "ICBufferFull": 37,
        "CollectForMetadataAllocation": 2,
        "GenCollectForAllocation": 265
    },
    "total_pause_time_per_category": {
        "ICBufferFull": 6502660,
        "CollectForMetadataAllocation": 41939024,
        "GenCollectForAllocation": 1024046435
    },
    "avg_pause_time_per_category": {
        "ICBufferFull": 175747.57,
        "CollectForMetadataAllocation": 20969512.0,
        "GenCollectForAllocation": 3864326.17
    },
    "p90_pause_time": 4570767.2,
    "throughput": 39598242685
}