{
    "garbage_collector": "Serial",
    "jdk": "HotSpot_21.0.4",
    "benchmark_group": "Renaissance",
    "benchmark_name": "finagle-http",
    "heap_size": "256",
    "error": null,
    "avg_cpu_usage": 78.7,
    "avg_cpu_time": 62.0,
    "avg_io_time": 0.0,
    "p90_io": 0.0,
    "number_of_pauses": 588,
    "total_pause_time": 1616468231,
    "avg_pause_time": 2749095.63,
    "pauses_per_category": {
        "ICBufferFull": 53,
        "GenCollectForAllocation": 533,
        "CollectForMetadataAllocation": 2
    },
    "total_pause_time_per_category": {
        "ICBufferFull": 6856719,
        "GenCollectForAllocation": 1573761424,
        "CollectForMetadataAllocation": 35850088
    },
    "avg_pause_time_per_category": {
        "ICBufferFull": 129372.06,
        "GenCollectForAllocation": 2952648.08,
        "CollectForMetadataAllocation": 17925044.0
    },
    "p90_pause_time": 4064493.0,
    "throughput": 39917914165
}