{
    "garbage_collector": "Z",
    "jdk": "HotSpot_21.0.4",
    "benchmark_group": "Renaissance",
    "benchmark_name": "finagle-http",
    "heap_size": "256",
    "error": null,
    "avg_cpu_usage": 81.5,
    "avg_cpu_time": 65.8,
    "avg_io_time": 0.0,
    "p90_io": 0.0,
    "number_of_pauses": 1206,
    "total_pause_time": 172816377,
    "avg_pause_time": 143297.16,
    "pauses_per_category": {
        "XMarkStart": 388,
        "XMarkEnd": 388,
        "CleanClassLoaderDataMetaspaces": 5,
        "XRelocateStart": 389,
        "ICBufferFull": 36
    },
    "total_pause_time_per_category": {
        "XMarkStart": 59384688,
        "XMarkEnd": 45291106,
        "CleanClassLoaderDataMetaspaces": 2020337,
        "XRelocateStart": 60423283,
        "ICBufferFull": 5696963
    },
    "avg_pause_time_per_category": {
        "XMarkStart": 153053.32,
        "XMarkEnd": 116729.65,
        "CleanClassLoaderDataMetaspaces": 404067.4,
        "XRelocateStart": 155329.78,
        "ICBufferFull": 158248.97
    },
    "p90_pause_time": 215955.0,
    "throughput": 44206828756
}