{
    "garbage_collector": "Parallel",
    "jdk": "HotSpot_21.0.4",
    "benchmark_group": "Renaissance",
    "benchmark_name": "neo4j-analytics",
    "heap_size": "1024",
    "error": "Error code not found: 1\nBenchmark 'neo4j-analytics' failed with exception:\njava.lang.OutOfMemoryError: GC overhead limit exceeded\n\tat org.neo4j.internal.recordstorage.Loaders$2.newUnused(Loaders.java:185)\n\tat org.neo4j.internal.recordstorage.Loaders$2.newUnused(Loaders.java:181)\n\tat org.neo4j.internal.recordstorage.RecordChanges.create(RecordChanges.java:118)\n\tat org.neo4j.internal.recordstorage.PropertyCreator.primitiveSetProperty(PropertyCreator.java:136)\n\tat org.neo4j.internal.recordstorage.TransactionRecordState.nodeAddProperty(TransactionRecordState.java:461)\n\tat org.neo4j.internal.recordstorage.TransactionToRecordStateVisitor.visitNodePropertyChanges(TransactionToRecordStateVisitor.java:101)\n\tat org.neo4j.storageengine.api.txstate.TxStateVisitor$Delegator.visitNodePropertyChanges(TxStateVisitor.java:160)\n\tat org.neo4j.kernel.impl.api.state.TxState.accept(TxState.java:203)\n\tat org.neo4j.internal.recordstorage.RecordStorageEngine.createCommands(RecordStorageEngine.java:472)\n\tat org.neo4j.kernel.impl.api.KernelTransactionImplementation.extractCommands(KernelTransactionImplementation.java:1033)\n\tat org.neo4j.kernel.impl.api.commit.DefaultCommitter.commit(DefaultCommitter.java:85)\n\tat org.neo4j.kernel.impl.api.KernelTransactionImplementation.commitTransaction(KernelTransactionImplementation.java:1002)\n\tat org.neo4j.kernel.impl.api.KernelTransactionImplementation.closeTransaction(KernelTransactionImplementation.java:878)\n\tat org.neo4j.kernel.impl.api.KernelTransactionImplementation.commit(KernelTransactionImplementation.java:851)\n\tat org.neo4j.kernel.impl.coreapi.TransactionImpl.lambda$commit$0(TransactionImpl.java:175)\n\tat org.neo4j.kernel.impl.coreapi.TransactionImpl$$Lambda/0x00007ea49673b9a0.perform(Unknown Source)\n\tat org.neo4j.kernel.impl.coreapi.TransactionImpl.safeTerminalOperation(TransactionImpl.java:322)\n\tat org.neo4j.kernel.impl.coreapi.TransactionImpl.commit(TransactionImpl.java:175)\n\tat org.neo4j.kernel.impl.coreapi.TransactionImpl.commit(TransactionImpl.java:170)\n\tat org.renaissance.neo4j.analytics.AnalyticsBenchmark.populateVertices(AnalyticsBenchmark.scala:97)\n\tat org.renaissance.neo4j.analytics.AnalyticsBenchmark.populateDatabase(AnalyticsBenchmark.scala:54)\n\tat org.renaissance.neo4j.Neo4jAnalytics.setUpBeforeAll(Neo4jAnalytics.scala:104)\n\tat org.renaissance.harness.ExecutionDriver.executeBenchmark(ExecutionDriver.java:82)\n\tat org.renaissance.harness.RenaissanceSuite$.runBenchmarks$$anonfun$1(RenaissanceSuite.scala:172)\n\tat org.renaissance.harness.RenaissanceSuite$$$Lambda/0x00007ea49611c4c0.applyVoid(Unknown Source)\n\tat scala.runtime.function.JProcedure1.apply(JProcedure1.java:15)\n\tat scala.runtime.function.JProcedure1.apply(JProcedure1.java:10)\n\tat scala.collection.immutable.List.foreach(List.scala:333)\n\tat org.renaissance.harness.RenaissanceSuite$.runBenchmarks(RenaissanceSuite.scala:205)\n\tat org.renaissance.harness.RenaissanceSuite$.main(RenaissanceSuite.scala:130)\n\tat org.renaissance.harness.RenaissanceSuite.main(RenaissanceSuite.scala)\n\tat java.base/java.lang.invoke.LambdaForm$DMH/0x00007ea496004000.invokeStatic(LambdaForm$DMH)\n",
    "avg_cpu_usage": 66.6,
    "avg_cpu_time": 66.6,
    "avg_io_time": 0.5,
    "p90_io": 0.46,
    "number_of_pauses": 0,
    "total_pause_time": 0,
    "avg_pause_time": 0,
    "pauses_per_category": {},
    "total_pause_time_per_category": {},
    "avg_pause_time_per_category": {},
    "p90_pause_time": 0,
    "throughput": 0
}