{
    "garbage_collector": "Z",
    "jdk": "HotSpot_21.0.4",
    "benchmark_group": "Renaissance",
    "benchmark_name": "rx-scrabble",
    "heap_size": "256",
    "error": null,
    "avg_cpu_usage": 34.5,
    "avg_cpu_time": 38.4,
    "avg_io_time": 0.0,
    "p90_io": 0.0,
    "number_of_pauses": 81,
    "total_pause_time": 7237872,
    "avg_pause_time": 89356.44,
    "pauses_per_category": {
        "XMarkStart": 26,
        "XMarkEnd": 25,
        "CleanClassLoaderDataMetaspaces": 3,
        "XRelocateStart": 27
    },
    "total_pause_time_per_category": {
        "XMarkStart": 2561252,
        "XMarkEnd": 1658185,
        "CleanClassLoaderDataMetaspaces": 704899,
        "XRelocateStart": 2313536
    },
    "avg_pause_time_per_category": {
        "XMarkStart": 98509.69,
        "XMarkEnd": 66327.4,
        "CleanClassLoaderDataMetaspaces": 234966.33,
        "XRelocateStart": 85686.52
    },
    "p90_pause_time": 112017.0,
    "throughput": 3048449849
}