{
    "garbage_collector": "Z",
    "jdk": "HotSpot_21.0.4",
    "benchmark_group": "Renaissance",
    "benchmark_name": "fj-kmeans",
    "heap_size": "1024",
    "error": null,
    "avg_cpu_usage": 74.0,
    "avg_cpu_time": 70.0,
    "avg_io_time": 0.0,
    "p90_io": 0.0,
    "number_of_pauses": 1208,
    "total_pause_time": 179740089,
    "avg_pause_time": 148791.46,
    "pauses_per_category": {
        "ICBufferFull": 1,
        "XMarkStart": 402,
        "XMarkEnd": 401,
        "CleanClassLoaderDataMetaspaces": 3,
        "XRelocateStart": 401
    },
    "total_pause_time_per_category": {
        "ICBufferFull": 68693,
        "XMarkStart": 52101279,
        "XMarkEnd": 27384932,
        "CleanClassLoaderDataMetaspaces": 3135301,
        "XRelocateStart": 97049884
    },
    "avg_pause_time_per_category": {
        "ICBufferFull": 68693.0,
        "XMarkStart": 129605.17,
        "XMarkEnd": 68291.6,
        "CleanClassLoaderDataMetaspaces": 1045100.33,
        "XRelocateStart": 242019.66
    },
    "p90_pause_time": 137430.7,
    "throughput": 63998763380
}