{
    "garbage_collector": "Serial",
    "jdk": "HotSpot_21.0.4",
    "benchmark_group": "Renaissance",
    "benchmark_name": "reactors",
    "heap_size": "4096",
    "error": null,
    "avg_cpu_usage": 31.5,
    "avg_cpu_time": 30.9,
    "avg_io_time": 0.0,
    "p90_io": 0.0,
    "number_of_pauses": 61,
    "total_pause_time": 12773234239,
    "avg_pause_time": 209397282.61,
    "pauses_per_category": {
        "ICBufferFull": 2,
        "Cleanup": 11,
        "GenCollectForAllocation": 48
    },
    "total_pause_time_per_category": {
        "ICBufferFull": 197802,
        "Cleanup": 993700,
        "GenCollectForAllocation": 12772042737
    },
    "avg_pause_time_per_category": {
        "ICBufferFull": 98901.0,
        "Cleanup": 90336.36,
        "GenCollectForAllocation": 266084223.69
    },
    "p90_pause_time": 617790638.0,
    "throughput": 75333351788
}