{
    "garbage_collector": "G1",
    "jdk": "HotSpot_21.0.4",
    "benchmark_group": "Renaissance",
    "benchmark_name": "dec-tree",
    "heap_size": "4096",
    "error": null,
    "avg_cpu_usage": 39.7,
    "avg_cpu_time": 43.8,
    "avg_io_time": 0.0,
    "p90_io": 0.0,
    "number_of_pauses": 72,
    "total_pause_time": 185979803,
    "avg_pause_time": 2583052.82,
    "pauses_per_category": {
        "ICBufferFull": 45,
        "Cleanup": 1,
        "CollectForMetadataAllocation": 9,
        "G1PauseRemark": 5,
        "G1PauseCleanup": 5,
        "G1CollectForAllocation": 6,
        "G1TryInitiateConcMark": 1
    },
    "total_pause_time_per_category": {
        "ICBufferFull": 4858227,
        "Cleanup": 88236,
        "CollectForMetadataAllocation": 58108544,
        "G1PauseRemark": 15264035,
        "G1PauseCleanup": 1391578,
        "G1CollectForAllocation": 93780528,
        "G1TryInitiateConcMark": 12488655
    },
    "avg_pause_time_per_category": {
        "ICBufferFull": 107960.6,
        "Cleanup": 88236.0,
        "CollectForMetadataAllocation": 6456504.89,
        "G1PauseRemark": 3052807.0,
        "G1PauseCleanup": 278315.6,
        "G1CollectForAllocation": 15630088.0,
        "G1TryInitiateConcMark": 12488655.0
    },
    "p90_pause_time": 12026036.0,
    "throughput": 16446964783
}