{
    "garbage_collector": "Z",
    "jdk": "HotSpot_21.0.4",
    "benchmark_group": "Renaissance",
    "benchmark_name": "page-rank",
    "heap_size": "2048",
    "error": null,
    "avg_cpu_usage": 51.6,
    "avg_cpu_time": 51.1,
    "avg_io_time": 0.1,
    "p90_io": 0.0,
    "number_of_pauses": 491,
    "total_pause_time": 39061020,
    "avg_pause_time": 79554.01,
    "pauses_per_category": {
        "ICBufferFull": 6,
        "Cleanup": 1,
        "XMarkStart": 159,
        "XMarkEnd": 157,
        "CleanClassLoaderDataMetaspaces": 10,
        "XRelocateStart": 158
    },
    "total_pause_time_per_category": {
        "ICBufferFull": 508207,
        "Cleanup": 84906,
        "XMarkStart": 12365972,
        "XMarkEnd": 11000443,
        "CleanClassLoaderDataMetaspaces": 2950180,
        "XRelocateStart": 12151312
    },
    "avg_pause_time_per_category": {
        "ICBufferFull": 84701.17,
        "Cleanup": 84906.0,
        "XMarkStart": 77773.41,
        "XMarkEnd": 70066.52,
        "CleanClassLoaderDataMetaspaces": 295018.0,
        "XRelocateStart": 76907.04
    },
    "p90_pause_time": 121007.0,
    "throughput": 71931957601
}