{
    "garbage_collector": "Parallel",
    "jdk": "HotSpot_21.0.4",
    "benchmark_group": "Renaissance",
    "benchmark_name": "gauss-mix",
    "heap_size": "4096",
    "error": null,
    "avg_cpu_usage": 29.9,
    "avg_cpu_time": 29.8,
    "avg_io_time": 0.0,
    "p90_io": 0.0,
    "number_of_pauses": 28,
    "total_pause_time": 121205096,
    "avg_pause_time": 4328753.43,
    "pauses_per_category": {
        "ICBufferFull": 11,
        "Cleanup": 2,
        "CollectForMetadataAllocation": 4,
        "ParallelGCFailedAllocation": 10,
        "ParallelGCSystemGC": 1
    },
    "total_pause_time_per_category": {
        "ICBufferFull": 946771,
        "Cleanup": 299975,
        "CollectForMetadataAllocation": 83059928,
        "ParallelGCFailedAllocation": 29898520,
        "ParallelGCSystemGC": 6999902
    },
    "avg_pause_time_per_category": {
        "ICBufferFull": 86070.09,
        "Cleanup": 149987.5,
        "CollectForMetadataAllocation": 20764982.0,
        "ParallelGCFailedAllocation": 2989852.0,
        "ParallelGCSystemGC": 6999902.0
    },
    "p90_pause_time": 11749792.1,
    "throughput": 12475019953
}