{
    "garbage_collector": "Parallel",
    "jdk": "HotSpot_21.0.4",
    "benchmark_group": "Renaissance",
    "benchmark_name": "movie-lens",
    "heap_size": "8192",
    "error": null,
    "avg_cpu_usage": 55.9,
    "avg_cpu_time": 51.0,
    "avg_io_time": 0.1,
    "p90_io": 0.0,
    "number_of_pauses": 179,
    "total_pause_time": 622806790,
    "avg_pause_time": 3479367.54,
    "pauses_per_category": {
        "ICBufferFull": 41,
        "Cleanup": 42,
        "CollectForMetadataAllocation": 3,
        "ParallelGCFailedAllocation": 80,
        "ParallelGCSystemGC": 13
    },
    "total_pause_time_per_category": {
        "ICBufferFull": 8573165,
        "Cleanup": 3312248,
        "CollectForMetadataAllocation": 85753884,
        "ParallelGCFailedAllocation": 395178609,
        "ParallelGCSystemGC": 129988884
    },
    "avg_pause_time_per_category": {
        "ICBufferFull": 209101.59,
        "Cleanup": 78863.05,
        "CollectForMetadataAllocation": 28584628.0,
        "ParallelGCFailedAllocation": 4939732.61,
        "ParallelGCSystemGC": 9999144.92
    },
    "p90_pause_time": 6647378.0,
    "throughput": 89522636366
}