{
    "garbage_collector": "Parallel",
    "jdk": "HotSpot_21.0.4",
    "benchmark_group": "Renaissance",
    "benchmark_name": "chi-square",
    "heap_size": "8192",
    "error": null,
    "avg_cpu_usage": 31.1,
    "avg_cpu_time": 28.7,
    "avg_io_time": 0.1,
    "p90_io": 0.0,
    "number_of_pauses": 22,
    "total_pause_time": 541633709,
    "avg_pause_time": 24619714.05,
    "pauses_per_category": {
        "ICBufferFull": 7,
        "CollectForMetadataAllocation": 3,
        "Cleanup": 1,
        "ParallelGCFailedAllocation": 11
    },
    "total_pause_time_per_category": {
        "ICBufferFull": 490403,
        "CollectForMetadataAllocation": 81184835,
        "Cleanup": 55377,
        "ParallelGCFailedAllocation": 459903094
    },
    "avg_pause_time_per_category": {
        "ICBufferFull": 70057.57,
        "CollectForMetadataAllocation": 27061611.67,
        "Cleanup": 55377.0,
        "ParallelGCFailedAllocation": 41809372.18
    },
    "p90_pause_time": 93849832.1,
    "throughput": 11881187568
}