{
    "garbage_collector": "G1",
    "jdk": "HotSpot_21.0.4",
    "benchmark_group": "Renaissance",
    "benchmark_name": "reactors",
    "heap_size": "8192",
    "error": null,
    "avg_cpu_usage": 38.8,
    "avg_cpu_time": 37.0,
    "avg_io_time": 0.0,
    "p90_io": 0.0,
    "number_of_pauses": 66,
    "total_pause_time": 2759770193,
    "avg_pause_time": 41814699.89,
    "pauses_per_category": {
        "ICBufferFull": 9,
        "Cleanup": 18,
        "G1CollectForAllocation": 36,
        "G1TryInitiateConcMark": 1,
        "G1PauseRemark": 1,
        "G1PauseCleanup": 1
    },
    "total_pause_time_per_category": {
        "ICBufferFull": 3986720,
        "Cleanup": 1563227,
        "G1CollectForAllocation": 2624818921,
        "G1TryInitiateConcMark": 125884108,
        "G1PauseRemark": 3092403,
        "G1PauseCleanup": 424814
    },
    "avg_pause_time_per_category": {
        "ICBufferFull": 442968.89,
        "Cleanup": 86845.94,
        "G1CollectForAllocation": 72911636.69,
        "G1TryInitiateConcMark": 125884108.0,
        "G1PauseRemark": 3092403.0,
        "G1PauseCleanup": 424814.0
    },
    "p90_pause_time": 119584718.0,
    "throughput": 72686615778
}