{
    "garbage_collector": "Parallel",
    "jdk": "HotSpot_21.0.4",
    "benchmark_group": "Renaissance",
    "benchmark_name": "scala-doku",
    "heap_size": "1024",
    "error": null,
    "avg_cpu_usage": 13.9,
    "avg_cpu_time": 13.6,
    "avg_io_time": 0.0,
    "p90_io": 0.0,
    "number_of_pauses": 20,
    "total_pause_time": 69479362,
    "avg_pause_time": 3473968.1,
    "pauses_per_category": {
        "ICBufferFull": 3,
        "Cleanup": 11,
        "ParallelGCFailedAllocation": 6
    },
    "total_pause_time_per_category": {
        "ICBufferFull": 258456,
        "Cleanup": 956540,
        "ParallelGCFailedAllocation": 68264366
    },
    "avg_pause_time_per_category": {
        "ICBufferFull": 86152.0,
        "Cleanup": 86958.18,
        "ParallelGCFailedAllocation": 11377394.33
    },
    "p90_pause_time": 13500725.8,
    "throughput": 19438283528
}