{
    "garbage_collector": "G1",
    "jdk": "HotSpot_21.0.4",
    "benchmark_group": "Renaissance",
    "benchmark_name": "reactors",
    "heap_size": "1024",
    "error": null,
    "avg_cpu_usage": 43.1,
    "avg_cpu_time": 42.6,
    "avg_io_time": 0.0,
    "p90_io": 0.0,
    "number_of_pauses": 248,
    "total_pause_time": 5940049074,
    "avg_pause_time": 23951810.78,
    "pauses_per_category": {
        "ICBufferFull": 7,
        "G1CollectForAllocation": 154,
        "Cleanup": 9,
        "G1PauseRemark": 35,
        "G1PauseCleanup": 35,
        "G1TryInitiateConcMark": 8
    },
    "total_pause_time_per_category": {
        "ICBufferFull": 985727,
        "G1CollectForAllocation": 5396542812,
        "Cleanup": 790895,
        "G1PauseRemark": 40727676,
        "G1PauseCleanup": 9925189,
        "G1TryInitiateConcMark": 491076775
    },
    "avg_pause_time_per_category": {
        "ICBufferFull": 140818.14,
        "G1CollectForAllocation": 35042485.79,
        "Cleanup": 87877.22,
        "G1PauseRemark": 1163647.89,
        "G1PauseCleanup": 283576.83,
        "G1TryInitiateConcMark": 61384596.88
    },
    "p90_pause_time": 58924333.1,
    "throughput": 75542322779
}