{
    "garbage_collector": "Parallel",
    "jdk": "HotSpot_21.0.4",
    "benchmark_group": "Renaissance",
    "benchmark_name": "fj-kmeans",
    "heap_size": "512",
    "error": null,
    "avg_cpu_usage": 85.2,
    "avg_cpu_time": 84.1,
    "avg_io_time": 0.0,
    "p90_io": 0.0,
    "number_of_pauses": 621,
    "total_pause_time": 520616485,
    "avg_pause_time": 838351.83,
    "pauses_per_category": {
        "ICBufferFull": 1,
        "ParallelGCFailedAllocation": 620
    },
    "total_pause_time_per_category": {
        "ICBufferFull": 68637,
        "ParallelGCFailedAllocation": 520547848
    },
    "avg_pause_time_per_category": {
        "ICBufferFull": 68637.0,
        "ParallelGCFailedAllocation": 839593.3
    },
    "p90_pause_time": 851561.0,
    "throughput": 27175242948
}