{
    "garbage_collector": "G1",
    "jdk": "HotSpot_21.0.4",
    "benchmark_group": "Renaissance",
    "benchmark_name": "philosophers",
    "heap_size": "1024",
    "error": null,
    "avg_cpu_usage": 85.8,
    "avg_cpu_time": 86.8,
    "avg_io_time": 0.0,
    "p90_io": 0.0,
    "number_of_pauses": 56,
    "total_pause_time": 99975375,
    "avg_pause_time": 1785274.55,
    "pauses_per_category": {
        "ICBufferFull": 1,
        "G1CollectForAllocation": 55
    },
    "total_pause_time_per_category": {
        "ICBufferFull": 56333,
        "G1CollectForAllocation": 99919042
    },
    "avg_pause_time_per_category": {
        "ICBufferFull": 56333.0,
        "G1CollectForAllocation": 1816709.85
    },
    "p90_pause_time": 1923530.5,
    "throughput": 16905006624
}