{
    "garbage_collector": "Serial",
    "jdk": "HotSpot_21.0.4",
    "benchmark_group": "Renaissance",
    "benchmark_name": "future-genetic",
    "heap_size": "8192",
    "error": null,
    "avg_cpu_usage": 32.2,
    "avg_cpu_time": 29.4,
    "avg_io_time": 0.0,
    "p90_io": 0.0,
    "number_of_pauses": 19,
    "total_pause_time": 40863286,
    "avg_pause_time": 2150699.26,
    "pauses_per_category": {
        "ICBufferFull": 3,
        "Cleanup": 9,
        "GenCollectForAllocation": 7
    },
    "total_pause_time_per_category": {
        "ICBufferFull": 414570,
        "Cleanup": 787339,
        "GenCollectForAllocation": 39661377
    },
    "avg_pause_time_per_category": {
        "ICBufferFull": 138190.0,
        "Cleanup": 87482.11,
        "GenCollectForAllocation": 5665911.0
    },
    "p90_pause_time": 6139283.4,
    "throughput": 19784455782
}