{
    "garbage_collector": "Parallel",
    "jdk": "HotSpot_21.0.4",
    "benchmark_group": "Renaissance",
    "benchmark_name": "fj-kmeans",
    "heap_size": "4096",
    "error": null,
    "avg_cpu_usage": 83.7,
    "avg_cpu_time": 82.3,
    "avg_io_time": 0.0,
    "p90_io": 0.0,
    "number_of_pauses": 79,
    "total_pause_time": 357434432,
    "avg_pause_time": 4524486.48,
    "pauses_per_category": {
        "ICBufferFull": 1,
        "ParallelGCFailedAllocation": 78
    },
    "total_pause_time_per_category": {
        "ICBufferFull": 55320,
        "ParallelGCFailedAllocation": 357379112
    },
    "avg_pause_time_per_category": {
        "ICBufferFull": 55320.0,
        "ParallelGCFailedAllocation": 4581783.49
    },
    "p90_pause_time": 1075383.4,
    "throughput": 27856515547
}