{
    "garbage_collector": "Serial",
    "jdk": "HotSpot_21.0.4",
    "benchmark_group": "Renaissance",
    "benchmark_name": "dec-tree",
    "heap_size": "512",
    "error": null,
    "avg_cpu_usage": 39.0,
    "avg_cpu_time": 39.3,
    "avg_io_time": 0.0,
    "p90_io": 0.0,
    "number_of_pauses": 150,
    "total_pause_time": 831931199,
    "avg_pause_time": 5546207.99,
    "pauses_per_category": {
        "ICBufferFull": 31,
        "CollectForMetadataAllocation": 8,
        "GenCollectForAllocation": 110,
        "GenCollectFull": 1
    },
    "total_pause_time_per_category": {
        "ICBufferFull": 2933719,
        "CollectForMetadataAllocation": 144747903,
        "GenCollectForAllocation": 588168432,
        "GenCollectFull": 96081145
    },
    "avg_pause_time_per_category": {
        "ICBufferFull": 94636.1,
        "CollectForMetadataAllocation": 18093487.88,
        "GenCollectForAllocation": 5346985.75,
        "GenCollectFull": 96081145.0
    },
    "p90_pause_time": 9166344.7,
    "throughput": 16132549483
}