{
    "garbage_collector": "Z",
    "jdk": "HotSpot_21.0.4",
    "benchmark_group": "Renaissance",
    "benchmark_name": "gauss-mix",
    "heap_size": "1024",
    "error": null,
    "avg_cpu_usage": 30.1,
    "avg_cpu_time": 28.3,
    "avg_io_time": 0.1,
    "p90_io": 0.0,
    "number_of_pauses": 105,
    "total_pause_time": 10020145,
    "avg_pause_time": 95429.95,
    "pauses_per_category": {
        "ICBufferFull": 8,
        "Cleanup": 1,
        "XMarkStart": 32,
        "XMarkEnd": 28,
        "CleanClassLoaderDataMetaspaces": 5,
        "XRelocateStart": 31
    },
    "total_pause_time_per_category": {
        "ICBufferFull": 623161,
        "Cleanup": 85618,
        "XMarkStart": 3096906,
        "XMarkEnd": 1900587,
        "CleanClassLoaderDataMetaspaces": 2164846,
        "XRelocateStart": 2149027
    },
    "avg_pause_time_per_category": {
        "ICBufferFull": 77895.12,
        "Cleanup": 85618.0,
        "XMarkStart": 96778.31,
        "XMarkEnd": 67878.11,
        "CleanClassLoaderDataMetaspaces": 432969.2,
        "XRelocateStart": 69323.45
    },
    "p90_pause_time": 134952.8,
    "throughput": 13999608651
}