{
    "garbage_collector": "Serial",
    "jdk": "HotSpot_21.0.4",
    "benchmark_group": "Renaissance",
    "benchmark_name": "chi-square",
    "heap_size": "2048",
    "error": null,
    "avg_cpu_usage": 27.6,
    "avg_cpu_time": 26.5,
    "avg_io_time": 0.0,
    "p90_io": 0.0,
    "number_of_pauses": 55,
    "total_pause_time": 994558319,
    "avg_pause_time": 18082878.53,
    "pauses_per_category": {
        "ICBufferFull": 4,
        "Cleanup": 1,
        "CollectForMetadataAllocation": 3,
        "GenCollectForAllocation": 47
    },
    "total_pause_time_per_category": {
        "ICBufferFull": 398604,
        "Cleanup": 91501,
        "CollectForMetadataAllocation": 141035048,
        "GenCollectForAllocation": 853033166
    },
    "avg_pause_time_per_category": {
        "ICBufferFull": 99651.0,
        "Cleanup": 91501.0,
        "CollectForMetadataAllocation": 47011682.67,
        "GenCollectForAllocation": 18149641.83
    },
    "p90_pause_time": 61590705.8,
    "throughput": 12165550771
}