{
    "garbage_collector": "Serial",
    "jdk": "HotSpot_21.0.4",
    "benchmark_group": "Renaissance",
    "benchmark_name": "finagle-http",
    "heap_size": "8192",
    "error": null,
    "avg_cpu_usage": 80.9,
    "avg_cpu_time": 64.2,
    "avg_io_time": 0.0,
    "p90_io": 0.0,
    "number_of_pauses": 94,
    "total_pause_time": 273946519,
    "avg_pause_time": 2914324.67,
    "pauses_per_category": {
        "ICBufferFull": 60,
        "CollectForMetadataAllocation": 2,
        "GenCollectForAllocation": 16,
        "Cleanup": 16
    },
    "total_pause_time_per_category": {
        "ICBufferFull": 9532326,
        "CollectForMetadataAllocation": 41887813,
        "GenCollectForAllocation": 220972155,
        "Cleanup": 1554225
    },
    "avg_pause_time_per_category": {
        "ICBufferFull": 158872.1,
        "CollectForMetadataAllocation": 20943906.5,
        "GenCollectForAllocation": 13810759.69,
        "Cleanup": 97139.06
    },
    "p90_pause_time": 13489040.6,
    "throughput": 38733036579
}