{
    "garbage_collector": "Z",
    "jdk": "HotSpot_21.0.4",
    "benchmark_group": "Renaissance",
    "benchmark_name": "finagle-http",
    "heap_size": "2048",
    "error": null,
    "avg_cpu_usage": 79.4,
    "avg_cpu_time": 61.8,
    "avg_io_time": 0.0,
    "p90_io": 0.0,
    "number_of_pauses": 162,
    "total_pause_time": 24966279,
    "avg_pause_time": 154112.83,
    "pauses_per_category": {
        "ICBufferFull": 43,
        "XMarkStart": 33,
        "XMarkEnd": 33,
        "CleanClassLoaderDataMetaspaces": 3,
        "XRelocateStart": 33,
        "Cleanup": 17
    },
    "total_pause_time_per_category": {
        "ICBufferFull": 6850709,
        "XMarkStart": 5852042,
        "XMarkEnd": 4552021,
        "CleanClassLoaderDataMetaspaces": 1421437,
        "XRelocateStart": 4568350,
        "Cleanup": 1721720
    },
    "avg_pause_time_per_category": {
        "ICBufferFull": 159318.81,
        "XMarkStart": 177334.61,
        "XMarkEnd": 137940.03,
        "CleanClassLoaderDataMetaspaces": 473812.33,
        "XRelocateStart": 138434.85,
        "Cleanup": 101277.65
    },
    "p90_pause_time": 281070.5,
    "throughput": 41413503580
}