{
    "garbage_collector": "Parallel",
    "jdk": "HotSpot_21.0.4",
    "benchmark_group": "Renaissance",
    "benchmark_name": "log-regression",
    "heap_size": "2048",
    "error": null,
    "avg_cpu_usage": 48.0,
    "avg_cpu_time": 45.8,
    "avg_io_time": 0.0,
    "p90_io": 0.0,
    "number_of_pauses": 95,
    "total_pause_time": 705861695,
    "avg_pause_time": 7430123.11,
    "pauses_per_category": {
        "ICBufferFull": 37,
        "Cleanup": 1,
        "CollectForMetadataAllocation": 4,
        "ParallelGCFailedAllocation": 52,
        "ParallelGCSystemGC": 1
    },
    "total_pause_time_per_category": {
        "ICBufferFull": 3791734,
        "Cleanup": 465090,
        "CollectForMetadataAllocation": 126348322,
        "ParallelGCFailedAllocation": 476740850,
        "ParallelGCSystemGC": 98515699
    },
    "avg_pause_time_per_category": {
        "ICBufferFull": 102479.3,
        "Cleanup": 465090.0,
        "CollectForMetadataAllocation": 31587080.5,
        "ParallelGCFailedAllocation": 9168093.27,
        "ParallelGCSystemGC": 98515699.0
    },
    "p90_pause_time": 18064236.4,
    "throughput": 19017845379
}