{
    "garbage_collector": "Parallel",
    "jdk": "HotSpot_21.0.4",
    "benchmark_group": "Renaissance",
    "benchmark_name": "dotty",
    "heap_size": "8192",
    "error": null,
    "avg_cpu_usage": 40.0,
    "avg_cpu_time": 39.3,
    "avg_io_time": 0.2,
    "p90_io": 0.0,
    "number_of_pauses": 89,
    "total_pause_time": 410274505,
    "avg_pause_time": 4609825.9,
    "pauses_per_category": {
        "ICBufferFull": 75,
        "CollectForMetadataAllocation": 3,
        "ParallelGCSystemGC": 3,
        "Cleanup": 8
    },
    "total_pause_time_per_category": {
        "ICBufferFull": 36707920,
        "CollectForMetadataAllocation": 60560121,
        "ParallelGCSystemGC": 311988772,
        "Cleanup": 1017692
    },
    "avg_pause_time_per_category": {
        "ICBufferFull": 489438.93,
        "CollectForMetadataAllocation": 20186707.0,
        "ParallelGCSystemGC": 103996257.33,
        "Cleanup": 127211.5
    },
    "p90_pause_time": 3221512.6,
    "throughput": 27719846997
}