{
    "garbage_collector": "G1",
    "jdk": "HotSpot_21.0.4",
    "benchmark_group": "Renaissance",
    "benchmark_name": "philosophers",
    "heap_size": "4096",
    "error": null,
    "avg_cpu_usage": 86.4,
    "avg_cpu_time": 86.0,
    "avg_io_time": 0.0,
    "p90_io": 0.0,
    "number_of_pauses": 20,
    "total_pause_time": 55640142,
    "avg_pause_time": 2782007.1,
    "pauses_per_category": {
        "ICBufferFull": 2,
        "G1CollectForAllocation": 14,
        "Cleanup": 4
    },
    "total_pause_time_per_category": {
        "ICBufferFull": 213647,
        "G1CollectForAllocation": 55080918,
        "Cleanup": 345577
    },
    "avg_pause_time_per_category": {
        "ICBufferFull": 106823.5,
        "G1CollectForAllocation": 3934351.29,
        "Cleanup": 86394.25
    },
    "p90_pause_time": 4667101.8,
    "throughput": 16915220511
}