{
    "garbage_collector": "Z",
    "jdk": "HotSpot_21.0.4",
    "benchmark_group": "Renaissance",
    "benchmark_name": "fj-kmeans",
    "heap_size": "4096",
    "error": null,
    "avg_cpu_usage": 80.0,
    "avg_cpu_time": 77.5,
    "avg_io_time": 0.0,
    "p90_io": 0.0,
    "number_of_pauses": 214,
    "total_pause_time": 25651341,
    "avg_pause_time": 119866.08,
    "pauses_per_category": {
        "ICBufferFull": 1,
        "XMarkStart": 71,
        "XMarkEnd": 71,
        "CleanClassLoaderDataMetaspaces": 1,
        "XRelocateStart": 70
    },
    "total_pause_time_per_category": {
        "ICBufferFull": 59966,
        "XMarkStart": 7950537,
        "XMarkEnd": 9641158,
        "CleanClassLoaderDataMetaspaces": 662750,
        "XRelocateStart": 7336930
    },
    "avg_pause_time_per_category": {
        "ICBufferFull": 59966.0,
        "XMarkStart": 111979.39,
        "XMarkEnd": 135790.96,
        "CleanClassLoaderDataMetaspaces": 662750.0,
        "XRelocateStart": 104813.29
    },
    "p90_pause_time": 135752.0,
    "throughput": 39012369183
}