{
    "garbage_collector": "Serial",
    "jdk": "HotSpot_21.0.4",
    "benchmark_group": "Renaissance",
    "benchmark_name": "par-mnemonics",
    "heap_size": "2048",
    "error": null,
    "avg_cpu_usage": 16.3,
    "avg_cpu_time": 16.5,
    "avg_io_time": 0.1,
    "p90_io": 0.0,
    "number_of_pauses": 131,
    "total_pause_time": 1118555193,
    "avg_pause_time": 8538589.26,
    "pauses_per_category": {
        "ICBufferFull": 1,
        "GenCollectForAllocation": 130
    },
    "total_pause_time_per_category": {
        "ICBufferFull": 63899,
        "GenCollectForAllocation": 1118491294
    },
    "avg_pause_time_per_category": {
        "ICBufferFull": 63899.0,
        "GenCollectForAllocation": 8603779.18
    },
    "p90_pause_time": 13516371.0,
    "throughput": 22503107940
}