{
    "garbage_collector": "Parallel",
    "jdk": "HotSpot_21.0.4",
    "benchmark_group": "Renaissance",
    "benchmark_name": "akka-uct",
    "heap_size": "4096",
    "error": null,
    "avg_cpu_usage": 84.4,
    "avg_cpu_time": 80.4,
    "avg_io_time": 0.0,
    "p90_io": 0.0,
    "number_of_pauses": 187,
    "total_pause_time": 11925004566,
    "avg_pause_time": 63770077.89,
    "pauses_per_category": {
        "ICBufferFull": 9,
        "ParallelGCFailedAllocation": 177,
        "CollectForMetadataAllocation": 1
    },
    "total_pause_time_per_category": {
        "ICBufferFull": 3736827,
        "ParallelGCFailedAllocation": 11654622454,
        "CollectForMetadataAllocation": 266645285
    },
    "avg_pause_time_per_category": {
        "ICBufferFull": 415203.0,
        "ParallelGCFailedAllocation": 65845324.6,
        "CollectForMetadataAllocation": 266645285.0
    },
    "p90_pause_time": 85156932.8,
    "throughput": 70492516957
}