{
    "garbage_collector": "Serial",
    "jdk": "HotSpot_21.0.4",
    "benchmark_group": "Renaissance",
    "benchmark_name": "dotty",
    "heap_size": "256",
    "error": null,
    "avg_cpu_usage": 39.8,
    "avg_cpu_time": 37.6,
    "avg_io_time": 0.0,
    "p90_io": 0.0,
    "number_of_pauses": 106,
    "total_pause_time": 1552837274,
    "avg_pause_time": 14649408.25,
    "pauses_per_category": {
        "ICBufferFull": 66,
        "CollectForMetadataAllocation": 2,
        "GenCollectForAllocation": 32,
        "GenCollectFull": 2,
        "Cleanup": 4
    },
    "total_pause_time_per_category": {
        "ICBufferFull": 21161890,
        "CollectForMetadataAllocation": 46459078,
        "GenCollectForAllocation": 1295239446,
        "GenCollectFull": 189430227,
        "Cleanup": 546633
    },
    "avg_pause_time_per_category": {
        "ICBufferFull": 320634.7,
        "CollectForMetadataAllocation": 23229539.0,
        "GenCollectForAllocation": 40476232.69,
        "GenCollectFull": 94715113.5,
        "Cleanup": 136658.25
    },
    "p90_pause_time": 39944552.5,
    "throughput": 28928747731
}