{
    "garbage_collector": "Z",
    "jdk": "HotSpot_21.0.4",
    "benchmark_group": "Renaissance",
    "benchmark_name": "page-rank",
    "heap_size": "1024",
    "error": null,
    "avg_cpu_usage": 47.4,
    "avg_cpu_time": 46.9,
    "avg_io_time": 0.0,
    "p90_io": 0.0,
    "number_of_pauses": 1043,
    "total_pause_time": 86234350,
    "avg_pause_time": 82679.15,
    "pauses_per_category": {
        "ICBufferFull": 5,
        "Cleanup": 1,
        "XMarkStart": 343,
        "XMarkEnd": 340,
        "CleanClassLoaderDataMetaspaces": 13,
        "XRelocateStart": 341
    },
    "total_pause_time_per_category": {
        "ICBufferFull": 377395,
        "Cleanup": 24650,
        "XMarkStart": 25181183,
        "XMarkEnd": 22899038,
        "CleanClassLoaderDataMetaspaces": 3016361,
        "XRelocateStart": 34735723
    },
    "avg_pause_time_per_category": {
        "ICBufferFull": 75479.0,
        "Cleanup": 24650.0,
        "XMarkStart": 73414.53,
        "XMarkEnd": 67350.11,
        "CleanClassLoaderDataMetaspaces": 232027.77,
        "XRelocateStart": 101864.29
    },
    "p90_pause_time": 116925.8,
    "throughput": 120953815035
}