{
    "garbage_collector": "Z",
    "jdk": "HotSpot_21.0.4",
    "benchmark_group": "Renaissance",
    "benchmark_name": "rx-scrabble",
    "heap_size": "8192",
    "error": null,
    "avg_cpu_usage": 23.7,
    "avg_cpu_time": 16.4,
    "avg_io_time": 0.0,
    "p90_io": 0.0,
    "number_of_pauses": 11,
    "total_pause_time": 1491066,
    "avg_pause_time": 135551.45,
    "pauses_per_category": {
        "ICBufferFull": 3,
        "XMarkStart": 2,
        "XMarkEnd": 2,
        "CleanClassLoaderDataMetaspaces": 1,
        "XRelocateStart": 2,
        "Cleanup": 1
    },
    "total_pause_time_per_category": {
        "ICBufferFull": 267163,
        "XMarkStart": 226783,
        "XMarkEnd": 225461,
        "CleanClassLoaderDataMetaspaces": 450382,
        "XRelocateStart": 201271,
        "Cleanup": 120006
    },
    "avg_pause_time_per_category": {
        "ICBufferFull": 89054.33,
        "XMarkStart": 113391.5,
        "XMarkEnd": 112730.5,
        "CleanClassLoaderDataMetaspaces": 450382.0,
        "XRelocateStart": 100635.5,
        "Cleanup": 120006.0
    },
    "p90_pause_time": 150403.0,
    "throughput": 4868350932
}