{
    "garbage_collector": "Z",
    "jdk": "HotSpot_21.0.4",
    "benchmark_group": "Renaissance",
    "benchmark_name": "dotty",
    "heap_size": "512",
    "error": null,
    "avg_cpu_usage": 37.6,
    "avg_cpu_time": 36.0,
    "avg_io_time": 0.0,
    "p90_io": 0.0,
    "number_of_pauses": 118,
    "total_pause_time": 42589430,
    "avg_pause_time": 360927.37,
    "pauses_per_category": {
        "ICBufferFull": 59,
        "XMarkStart": 15,
        "XMarkEnd": 15,
        "CleanClassLoaderDataMetaspaces": 6,
        "XRelocateStart": 15,
        "Cleanup": 8
    },
    "total_pause_time_per_category": {
        "ICBufferFull": 23110884,
        "XMarkStart": 8277539,
        "XMarkEnd": 1884589,
        "CleanClassLoaderDataMetaspaces": 3953345,
        "XRelocateStart": 4596968,
        "Cleanup": 766105
    },
    "avg_pause_time_per_category": {
        "ICBufferFull": 391709.9,
        "XMarkStart": 551835.93,
        "XMarkEnd": 125639.27,
        "CleanClassLoaderDataMetaspaces": 658890.83,
        "XRelocateStart": 306464.53,
        "Cleanup": 95763.12
    },
    "p90_pause_time": 433413.9,
    "throughput": 28615487176
}