{
    "garbage_collector": "Z",
    "jdk": "HotSpot_21.0.4",
    "benchmark_group": "Renaissance",
    "benchmark_name": "movie-lens",
    "heap_size": "2048",
    "error": null,
    "avg_cpu_usage": 58.7,
    "avg_cpu_time": 51.9,
    "avg_io_time": 0.1,
    "p90_io": 0.0,
    "number_of_pauses": 1108,
    "total_pause_time": 97858382,
    "avg_pause_time": 88319.84,
    "pauses_per_category": {
        "ICBufferFull": 26,
        "Cleanup": 1,
        "XMarkStart": 386,
        "XMarkEnd": 299,
        "CleanClassLoaderDataMetaspaces": 8,
        "XRelocateStart": 388
    },
    "total_pause_time_per_category": {
        "ICBufferFull": 3314355,
        "Cleanup": 20626,
        "XMarkStart": 31769856,
        "XMarkEnd": 25203769,
        "CleanClassLoaderDataMetaspaces": 2759377,
        "XRelocateStart": 34790399
    },
    "avg_pause_time_per_category": {
        "ICBufferFull": 127475.19,
        "Cleanup": 20626.0,
        "XMarkStart": 82305.33,
        "XMarkEnd": 84293.54,
        "CleanClassLoaderDataMetaspaces": 344922.12,
        "XRelocateStart": 89665.98
    },
    "p90_pause_time": 116804.3,
    "throughput": 103447344182
}