{
    "garbage_collector": "G1",
    "jdk": "HotSpot_21.0.4",
    "benchmark_group": "Renaissance",
    "benchmark_name": "scala-doku",
    "heap_size": "4096",
    "error": null,
    "avg_cpu_usage": 14.3,
    "avg_cpu_time": 14.0,
    "avg_io_time": 0.0,
    "p90_io": 0.0,
    "number_of_pauses": 19,
    "total_pause_time": 45755752,
    "avg_pause_time": 2408197.47,
    "pauses_per_category": {
        "ICBufferFull": 2,
        "Cleanup": 13,
        "G1CollectForAllocation": 4
    },
    "total_pause_time_per_category": {
        "ICBufferFull": 267280,
        "Cleanup": 1200646,
        "G1CollectForAllocation": 44287826
    },
    "avg_pause_time_per_category": {
        "ICBufferFull": 133640.0,
        "Cleanup": 92357.38,
        "G1CollectForAllocation": 11071956.5
    },
    "p90_pause_time": 7557899.2,
    "throughput": 20043294116
}