{
    "garbage_collector": "G1",
    "jdk": "HotSpot_21.0.4",
    "benchmark_group": "Renaissance",
    "benchmark_name": "reactors",
    "heap_size": "2048",
    "error": null,
    "avg_cpu_usage": 42.3,
    "avg_cpu_time": 41.8,
    "avg_io_time": 0.0,
    "p90_io": 0.0,
    "number_of_pauses": 135,
    "total_pause_time": 4894840189,
    "avg_pause_time": 36258075.47,
    "pauses_per_category": {
        "ICBufferFull": 9,
        "Cleanup": 17,
        "G1CollectForAllocation": 78,
        "G1PauseRemark": 13,
        "G1PauseCleanup": 13,
        "G1TryInitiateConcMark": 5
    },
    "total_pause_time_per_category": {
        "ICBufferFull": 1238450,
        "Cleanup": 1442607,
        "G1CollectForAllocation": 4146007588,
        "G1PauseRemark": 18287482,
        "G1PauseCleanup": 6032285,
        "G1TryInitiateConcMark": 721831777
    },
    "avg_pause_time_per_category": {
        "ICBufferFull": 137605.56,
        "Cleanup": 84859.24,
        "G1CollectForAllocation": 53153943.44,
        "G1PauseRemark": 1406729.38,
        "G1PauseCleanup": 464021.92,
        "G1TryInitiateConcMark": 144366355.4
    },
    "p90_pause_time": 138755688.0,
    "throughput": 78204268889
}