{
    "garbage_collector": "Z",
    "jdk": "HotSpot_21.0.4",
    "benchmark_group": "Renaissance",
    "benchmark_name": "finagle-chirper",
    "heap_size": "8192",
    "error": null,
    "avg_cpu_usage": 72.6,
    "avg_cpu_time": 64.1,
    "avg_io_time": 0.0,
    "p90_io": 0.0,
    "number_of_pauses": 128,
    "total_pause_time": 23060908,
    "avg_pause_time": 180163.34,
    "pauses_per_category": {
        "ICBufferFull": 73,
        "XMarkStart": 10,
        "XMarkEnd": 10,
        "CleanClassLoaderDataMetaspaces": 3,
        "XRelocateStart": 10,
        "Cleanup": 22
    },
    "total_pause_time_per_category": {
        "ICBufferFull": 14035854,
        "XMarkStart": 1704651,
        "XMarkEnd": 1273219,
        "CleanClassLoaderDataMetaspaces": 1908833,
        "XRelocateStart": 1089570,
        "Cleanup": 3048781
    },
    "avg_pause_time_per_category": {
        "ICBufferFull": 192271.97,
        "XMarkStart": 170465.1,
        "XMarkEnd": 127321.9,
        "CleanClassLoaderDataMetaspaces": 636277.67,
        "XRelocateStart": 108957.0,
        "Cleanup": 138580.95
    },
    "p90_pause_time": 240413.9,
    "throughput": 39536689676
}