{
    "garbage_collector": "Parallel",
    "jdk": "HotSpot_21.0.4",
    "benchmark_group": "Renaissance",
    "benchmark_name": "scala-doku",
    "heap_size": "2048",
    "error": null,
    "avg_cpu_usage": 13.8,
    "avg_cpu_time": 13.8,
    "avg_io_time": 0.1,
    "p90_io": 0.0,
    "number_of_pauses": 18,
    "total_pause_time": 41518081,
    "avg_pause_time": 2306560.06,
    "pauses_per_category": {
        "ICBufferFull": 2,
        "Cleanup": 13,
        "ParallelGCFailedAllocation": 3
    },
    "total_pause_time_per_category": {
        "ICBufferFull": 195839,
        "Cleanup": 2239465,
        "ParallelGCFailedAllocation": 39082777
    },
    "avg_pause_time_per_category": {
        "ICBufferFull": 97919.5,
        "Cleanup": 172266.54,
        "ParallelGCFailedAllocation": 13027592.33
    },
    "p90_pause_time": 8559120.7,
    "throughput": 19436818384
}