{
    "garbage_collector": "Serial",
    "jdk": "HotSpot_21.0.4",
    "benchmark_group": "Renaissance",
    "benchmark_name": "rx-scrabble",
    "heap_size": "2048",
    "error": null,
    "avg_cpu_usage": 27.8,
    "avg_cpu_time": 30.3,
    "avg_io_time": 0.0,
    "p90_io": 0.0,
    "number_of_pauses": 6,
    "total_pause_time": 142174806,
    "avg_pause_time": 23695801.0,
    "pauses_per_category": {
        "ICBufferFull": 3,
        "GenCollectForAllocation": 3
    },
    "total_pause_time_per_category": {
        "ICBufferFull": 242899,
        "GenCollectForAllocation": 141931907
    },
    "avg_pause_time_per_category": {
        "ICBufferFull": 80966.33,
        "GenCollectForAllocation": 47310635.67
    },
    "p90_pause_time": 56745135.0,
    "throughput": 2448489429
}