{
    "garbage_collector": "Serial",
    "jdk": "HotSpot_21.0.4",
    "benchmark_group": "Renaissance",
    "benchmark_name": "par-mnemonics",
    "heap_size": "4096",
    "error": null,
    "avg_cpu_usage": 16.3,
    "avg_cpu_time": 16.2,
    "avg_io_time": 0.0,
    "p90_io": 0.0,
    "number_of_pauses": 68,
    "total_pause_time": 671230073,
    "avg_pause_time": 9871030.49,
    "pauses_per_category": {
        "ICBufferFull": 3,
        "GenCollectForAllocation": 65
    },
    "total_pause_time_per_category": {
        "ICBufferFull": 202931,
        "GenCollectForAllocation": 671027142
    },
    "avg_pause_time_per_category": {
        "ICBufferFull": 67643.67,
        "GenCollectForAllocation": 10323494.49
    },
    "p90_pause_time": 16089177.3,
    "throughput": 22499801269
}