{
    "garbage_collector": "G1",
    "jdk": "HotSpot_21.0.4",
    "benchmark_group": "Renaissance",
    "benchmark_name": "reactors",
    "heap_size": "256",
    "error": "Error code not found: 1\nException in thread \"reactors-io-scheduler-reanimator\" java.lang.NullPointerException: Cannot invoke \"java.lang.Thread$UncaughtExceptionHandler.uncaughtException(java.lang.Thread, java.lang.Throwable)\" because the return value of \"io.reactors.JvmScheduler$ReactorForkJoinPool.getUncaughtExceptionHandler()\" is null\n\tat io.reactors.JvmScheduler$ReactorForkJoinReanimatorThread.run(JvmScheduler.scala:51)\njava.lang.reflect.InvocationTargetException\n\tat java.base/jdk.internal.reflect.DirectConstructorHandleAccessor.newInstance(DirectConstructorHandleAccessor.java:74)\n\tat java.base/java.lang.reflect.Constructor.newInstanceWithCaller(Constructor.java:502)\n\tat java.base/java.lang.reflect.Constructor.newInstance(Constructor.java:486)\n\tat io.reactors.Platform$Reflect$.instantiate(Platform.scala:193)\n\tat io.reactors.Proto.create(Proto.scala:25)\n\tat io.reactors.concurrent.Frame.checkFresh(Frame.scala:237)\n\tat io.reactors.concurrent.Frame.processBatch(Frame.scala:491)\n\tat io.reactors.concurrent.Frame.isolateAndProcessBatch(Frame.scala:210)\n\tat io.reactors.concurrent.Frame.executeBatch(Frame.scala:183)\n\tat io.reactors.JvmScheduler$Executed$$anon$5.run(JvmScheduler.scala:255)\n\tat java.base/java.util.concurrent.ForkJoinTask$RunnableExecuteAction.exec(ForkJoinTask.java:1423)\n\tat java.base/java.util.concurrent.ForkJoinTask.doExec(ForkJoinTask.java:387)\n\tat java.base/java.util.concurrent.ForkJoinPool$WorkQueue.topLevelExec(ForkJoinPool.java:1312)\n\tat java.base/java.util.concurrent.ForkJoinPool.scan(ForkJoinPool.java:1843)\n\tat java.base/java.util.concurrent.ForkJoinPool.runWorker(ForkJoinPool.java:1808)\n\tat java.base/java.util.concurrent.ForkJoinWorkerThread.run(ForkJoinWorkerThread.java:188)\nCaused by: java.lang.OutOfMemoryError: Java heap space\n\tat java.base/java.lang.invoke.InvokerBytecodeGenerator.resolveInvokerMember(InvokerBytecodeGenerator.java:254)\n\tat java.base/java.lang.invoke.InvokerBytecodeGenerator.loadMethod(InvokerBytecodeGenerator.java:250)\n\tat java.base/java.lang.invoke.InvokerBytecodeGenerator.generateCustomizedCode(InvokerBytecodeGenerator.java:712)\n\tat java.base/java.lang.invoke.LambdaForm.compileToBytecode(LambdaForm.java:849)\n\tat java.base/java.lang.invoke.LambdaForm.customize(LambdaForm.java:468)\n\tat java.base/java.lang.invoke.MethodHandle$1.apply(MethodHandle.java:1858)\n\tat java.base/java.lang.invoke.MethodHandle$1.apply(MethodHandle.java:1856)\n\tat java.base/java.lang.invoke.MethodHandle.updateForm(MethodHandle.java:1878)\n\tat java.base/java.lang.invoke.MethodHandle.customize(MethodHandle.java:1856)\n\tat java.base/java.lang.invoke.MethodHandle.maybeCustomize(MethodHandle.java:1846)\n\tat java.base/java.lang.invoke.Invokers.maybeCustomize(Invokers.java:633)\n\tat java.base/java.lang.invoke.Invokers.checkCustomized(Invokers.java:627)\n\tat java.base/java.lang.invoke.Invokers$Holder.invokeExact_MT(Invokers$Holder)\n\tat java.base/jdk.internal.reflect.DirectConstructorHandleAccessor.invokeImpl(DirectConstructorHandleAccessor.java:87)\n\tat java.base/jdk.internal.reflect.DirectConstructorHandleAccessor.newInstance(DirectConstructorHandleAccessor.java:62)\n\t... 15 more\nBenchmark 'reactors' failed with exception:\njava.lang.OutOfMemoryError: Java heap space\n\tat scala.collection.concurrent.CNode.removedAt(TrieMap.scala:498)\n\tat scala.collection.concurrent.INode.rec_remove(TrieMap.scala:303)\n\tat scala.collection.concurrent.INode.rec_remove(TrieMap.scala:296)\n\tat scala.collection.concurrent.INode.rec_remove(TrieMap.scala:296)\n\tat scala.collection.concurrent.INode.rec_remove(TrieMap.scala:296)\n\tat scala.collection.concurrent.TrieMap.removehc(TrieMap.scala:761)\n\tat scala.collection.concurrent.TrieMap.remove(TrieMap.scala:857)\n\tat io.reactors.concurrent.ScalableUniqueStore.tryRelease(ScalableUniqueStore.scala:92)\n\tat io.reactors.ReactorSystem.trySpawnReactor(ReactorSystem.scala:173)\n\tat io.reactors.ReactorSystem.spawn(ReactorSystem.scala:91)\n\tat org.renaissance.actors.ForkJoinCreation$.$anonfun$run$17(Reactors.scala:314)\n\tat org.renaissance.actors.ForkJoinCreation$.$anonfun$run$17$adapted(Reactors.scala:313)\n\tat org.renaissance.actors.ForkJoinCreation$$$Lambda/0x000079a904287148.apply(Unknown Source)\n\tat scala.collection.TraversableLike.$anonfun$map$1(TraversableLike.scala:286)\n\tat scala.collection.TraversableLike$$Lambda/0x000079a9041ceef0.apply(Unknown Source)\n\tat scala.collection.immutable.Range.foreach(Range.scala:158)\n\tat scala.collection.TraversableLike.map(TraversableLike.scala:286)\n\tat scala.collection.TraversableLike.map$(TraversableLike.scala:279)\n\tat scala.collection.AbstractTraversable.map(Traversable.scala:108)\n\tat org.renaissance.actors.ForkJoinCreation$.run(Reactors.scala:313)\n\tat org.renaissance.actors.Reactors.run(Reactors.scala:68)\n\tat org.renaissance.harness.ExecutionDriver.executeOperation(ExecutionDriver.java:137)\n\tat org.renaissance.harness.ExecutionDriver.executeBenchmark(ExecutionDriver.java:93)\n\tat org.renaissance.harness.RenaissanceSuite$.runBenchmarks$$anonfun$1(RenaissanceSuite.scala:172)\n\tat org.renaissance.harness.RenaissanceSuite$$$Lambda/0x000079a90411c4c0.applyVoid(Unknown Source)\n\tat scala.runtime.function.JProcedure1.apply(JProcedure1.java:15)\n\tat scala.runtime.function.JProcedure1.apply(JProcedure1.java:10)\n\tat scala.collection.immutable.List.foreach(List.scala:333)\n\tat org.renaissance.harness.RenaissanceSuite$.runBenchmarks(RenaissanceSuite.scala:205)\n\tat org.renaissance.harness.RenaissanceSuite$.main(RenaissanceSuite.scala:130)\n\tat org.renaissance.harness.RenaissanceSuite.main(RenaissanceSuite.scala)\n\tat java.base/java.lang.invoke.LambdaForm$DMH/0x000079a904004000.invokeStatic(LambdaForm$DMH)\n",
    "avg_cpu_usage": 63.3,
    "avg_cpu_time": 63.3,
    "avg_io_time": 0.3,
    "p90_io": 0.0,
    "number_of_pauses": 0,
    "total_pause_time": 0,
    "avg_pause_time": 0,
    "pauses_per_category": {},
    "total_pause_time_per_category": {},
    "avg_pause_time_per_category": {},
    "p90_pause_time": 0,
    "throughput": 0
}