{
    "garbage_collector": "Z",
    "jdk": "HotSpot_21.0.4",
    "benchmark_group": "Renaissance",
    "benchmark_name": "future-genetic",
    "heap_size": "256",
    "error": null,
    "avg_cpu_usage": 31.2,
    "avg_cpu_time": 29.8,
    "avg_io_time": 0.1,
    "p90_io": 0.0,
    "number_of_pauses": 362,
    "total_pause_time": 35345155,
    "avg_pause_time": 97638.55,
    "pauses_per_category": {
        "XMarkStart": 119,
        "XMarkEnd": 119,
        "CleanClassLoaderDataMetaspaces": 3,
        "XRelocateStart": 120,
        "ICBufferFull": 1
    },
    "total_pause_time_per_category": {
        "XMarkStart": 12063254,
        "XMarkEnd": 11343768,
        "CleanClassLoaderDataMetaspaces": 658789,
        "XRelocateStart": 11142258,
        "ICBufferFull": 137086
    },
    "avg_pause_time_per_category": {
        "XMarkStart": 101371.88,
        "XMarkEnd": 95325.78,
        "CleanClassLoaderDataMetaspaces": 219596.33,
        "XRelocateStart": 92852.15,
        "ICBufferFull": 137086.0
    },
    "p90_pause_time": 100747.9,
    "throughput": 22526819335
}