{
    "garbage_collector": "Serial",
    "jdk": "HotSpot_21.0.4",
    "benchmark_group": "Renaissance",
    "benchmark_name": "naive-bayes",
    "heap_size": "1024",
    "error": null,
    "avg_cpu_usage": 52.9,
    "avg_cpu_time": 41.1,
    "avg_io_time": 0.1,
    "p90_io": 0.0,
    "number_of_pauses": 2104,
    "total_pause_time": 61956972534,
    "avg_pause_time": 29447230.29,
    "pauses_per_category": {
        "ICBufferFull": 26,
        "CollectForMetadataAllocation": 4,
        "GenCollectForAllocation": 2074
    },
    "total_pause_time_per_category": {
        "ICBufferFull": 2449655,
        "CollectForMetadataAllocation": 157516268,
        "GenCollectForAllocation": 61797006611
    },
    "avg_pause_time_per_category": {
        "ICBufferFull": 94217.5,
        "CollectForMetadataAllocation": 39379067.0,
        "GenCollectForAllocation": 29796049.47
    },
    "p90_pause_time": 106097877.4,
    "throughput": 207611394832
}