{
    "garbage_collector": "Z",
    "jdk": "HotSpot_21.0.4",
    "benchmark_group": "Renaissance",
    "benchmark_name": "dotty",
    "heap_size": "8192",
    "error": null,
    "avg_cpu_usage": 36.7,
    "avg_cpu_time": 34.3,
    "avg_io_time": 0.0,
    "p90_io": 0.0,
    "number_of_pauses": 97,
    "total_pause_time": 49132728,
    "avg_pause_time": 506522.97,
    "pauses_per_category": {
        "ICBufferFull": 68,
        "XMarkStart": 5,
        "XMarkEnd": 5,
        "CleanClassLoaderDataMetaspaces": 4,
        "XRelocateStart": 5,
        "Cleanup": 10
    },
    "total_pause_time_per_category": {
        "ICBufferFull": 35841312,
        "XMarkStart": 3041333,
        "XMarkEnd": 753530,
        "CleanClassLoaderDataMetaspaces": 1705506,
        "XRelocateStart": 1398384,
        "Cleanup": 6392663
    },
    "avg_pause_time_per_category": {
        "ICBufferFull": 527078.12,
        "XMarkStart": 608266.6,
        "XMarkEnd": 150706.0,
        "CleanClassLoaderDataMetaspaces": 426376.5,
        "XRelocateStart": 279676.8,
        "Cleanup": 639266.3
    },
    "p90_pause_time": 1596769.0,
    "throughput": 30462275037
}