{
    "garbage_collector": "Parallel",
    "jdk": "HotSpot_21.0.4",
    "benchmark_group": "Renaissance",
    "benchmark_name": "finagle-http",
    "heap_size": "1024",
    "error": null,
    "avg_cpu_usage": 79.9,
    "avg_cpu_time": 64.1,
    "avg_io_time": 0.0,
    "p90_io": 0.0,
    "number_of_pauses": 154,
    "total_pause_time": 156932633,
    "avg_pause_time": 1019043.07,
    "pauses_per_category": {
        "ICBufferFull": 43,
        "CollectForMetadataAllocation": 2,
        "ParallelGCFailedAllocation": 109
    },
    "total_pause_time_per_category": {
        "ICBufferFull": 7322835,
        "CollectForMetadataAllocation": 41224050,
        "ParallelGCFailedAllocation": 108385748
    },
    "avg_pause_time_per_category": {
        "ICBufferFull": 170298.49,
        "CollectForMetadataAllocation": 20612025.0,
        "ParallelGCFailedAllocation": 994364.66
    },
    "p90_pause_time": 1280983.3,
    "throughput": 38080347315
}