{
    "garbage_collector": "Parallel",
    "jdk": "HotSpot_21.0.4",
    "benchmark_group": "Renaissance",
    "benchmark_name": "als",
    "heap_size": "1024",
    "error": null,
    "avg_cpu_usage": 66.9,
    "avg_cpu_time": 64.8,
    "avg_io_time": 0.2,
    "p90_io": 0.0,
    "number_of_pauses": 257,
    "total_pause_time": 1232549257,
    "avg_pause_time": 4795911.51,
    "pauses_per_category": {
        "ICBufferFull": 37,
        "CollectForMetadataAllocation": 5,
        "ParallelGCFailedAllocation": 186,
        "ParallelGCSystemGC": 29
    },
    "total_pause_time_per_category": {
        "ICBufferFull": 3526886,
        "CollectForMetadataAllocation": 129177387,
        "ParallelGCFailedAllocation": 938832641,
        "ParallelGCSystemGC": 161012343
    },
    "avg_pause_time_per_category": {
        "ICBufferFull": 95321.24,
        "CollectForMetadataAllocation": 25835477.4,
        "ParallelGCFailedAllocation": 5047487.32,
        "ParallelGCSystemGC": 5552149.76
    },
    "p90_pause_time": 8477718.6,
    "throughput": 53852916468
}