{
    "garbage_collector": "G1",
    "jdk": "HotSpot_21.0.4",
    "benchmark_group": "Renaissance",
    "benchmark_name": "neo4j-analytics",
    "heap_size": "4096",
    "error": null,
    "avg_cpu_usage": 35.3,
    "avg_cpu_time": 36.5,
    "avg_io_time": 0.4,
    "p90_io": 0.75,
    "number_of_pauses": 104,
    "total_pause_time": 1560108401,
    "avg_pause_time": 15001042.32,
    "pauses_per_category": {
        "ICBufferFull": 45,
        "CollectForMetadataAllocation": 7,
        "G1PauseRemark": 5,
        "G1PauseCleanup": 5,
        "G1CollectForAllocation": 31,
        "G1TryInitiateConcMark": 2,
        "Cleanup": 9
    },
    "total_pause_time_per_category": {
        "ICBufferFull": 7194995,
        "CollectForMetadataAllocation": 44305481,
        "G1PauseRemark": 15967630,
        "G1PauseCleanup": 1830356,
        "G1CollectForAllocation": 1446424062,
        "G1TryInitiateConcMark": 43413788,
        "Cleanup": 972089
    },
    "avg_pause_time_per_category": {
        "ICBufferFull": 159888.78,
        "CollectForMetadataAllocation": 6329354.43,
        "G1PauseRemark": 3193526.0,
        "G1PauseCleanup": 366071.2,
        "G1CollectForAllocation": 46658840.71,
        "G1TryInitiateConcMark": 21706894.0,
        "Cleanup": 108009.89
    },
    "p90_pause_time": 61509762.6,
    "throughput": 36040240974
}