{
    "garbage_collector": "Serial",
    "jdk": "HotSpot_21.0.4",
    "benchmark_group": "Renaissance",
    "benchmark_name": "reactors",
    "heap_size": "8192",
    "error": null,
    "avg_cpu_usage": 34.8,
    "avg_cpu_time": 33.9,
    "avg_io_time": 0.0,
    "p90_io": 0.0,
    "number_of_pauses": 51,
    "total_pause_time": 6187341544,
    "avg_pause_time": 121320422.43,
    "pauses_per_category": {
        "ICBufferFull": 8,
        "Cleanup": 19,
        "GenCollectForAllocation": 24
    },
    "total_pause_time_per_category": {
        "ICBufferFull": 594654,
        "Cleanup": 1690024,
        "GenCollectForAllocation": 6185056866
    },
    "avg_pause_time_per_category": {
        "ICBufferFull": 74331.75,
        "Cleanup": 88948.63,
        "GenCollectForAllocation": 257710702.75
    },
    "p90_pause_time": 496081766.0,
    "throughput": 74742375777
}