{
    "garbage_collector": "Serial",
    "jdk": "HotSpot_21.0.4",
    "benchmark_group": "Renaissance",
    "benchmark_name": "finagle-http",
    "heap_size": "2048",
    "error": null,
    "avg_cpu_usage": 79.3,
    "avg_cpu_time": 63.1,
    "avg_io_time": 0.0,
    "p90_io": 0.0,
    "number_of_pauses": 130,
    "total_pause_time": 448576792,
    "avg_pause_time": 3450590.71,
    "pauses_per_category": {
        "ICBufferFull": 62,
        "CollectForMetadataAllocation": 2,
        "GenCollectForAllocation": 66
    },
    "total_pause_time_per_category": {
        "ICBufferFull": 10575822,
        "CollectForMetadataAllocation": 43313577,
        "GenCollectForAllocation": 394687393
    },
    "avg_pause_time_per_category": {
        "ICBufferFull": 170577.77,
        "CollectForMetadataAllocation": 21656788.5,
        "GenCollectForAllocation": 5980112.02
    },
    "p90_pause_time": 10371607.1,
    "throughput": 39031674066
}