{
    "garbage_collector": "Parallel",
    "jdk": "HotSpot_21.0.4",
    "benchmark_group": "Renaissance",
    "benchmark_name": "movie-lens",
    "heap_size": "4096",
    "error": null,
    "avg_cpu_usage": 55.9,
    "avg_cpu_time": 51.2,
    "avg_io_time": 0.2,
    "p90_io": 0.0,
    "number_of_pauses": 209,
    "total_pause_time": 807844574,
    "avg_pause_time": 3865285.04,
    "pauses_per_category": {
        "ICBufferFull": 33,
        "CollectForMetadataAllocation": 3,
        "ParallelGCFailedAllocation": 157,
        "ParallelGCSystemGC": 15,
        "Cleanup": 1
    },
    "total_pause_time_per_category": {
        "ICBufferFull": 3719560,
        "CollectForMetadataAllocation": 83231622,
        "ParallelGCFailedAllocation": 606469199,
        "ParallelGCSystemGC": 114373781,
        "Cleanup": 50412
    },
    "avg_pause_time_per_category": {
        "ICBufferFull": 112713.94,
        "CollectForMetadataAllocation": 27743874.0,
        "ParallelGCFailedAllocation": 3862861.14,
        "ParallelGCSystemGC": 7624918.73,
        "Cleanup": 50412.0
    },
    "p90_pause_time": 5271679.8,
    "throughput": 89553425146
}