{
    "garbage_collector": "Z",
    "jdk": "HotSpot_21.0.4",
    "benchmark_group": "Renaissance",
    "benchmark_name": "dotty",
    "heap_size": "2048",
    "error": null,
    "avg_cpu_usage": 37.4,
    "avg_cpu_time": 36.0,
    "avg_io_time": 0.1,
    "p90_io": 0.0,
    "number_of_pauses": 97,
    "total_pause_time": 38310014,
    "avg_pause_time": 394948.6,
    "pauses_per_category": {
        "ICBufferFull": 65,
        "XMarkStart": 6,
        "XMarkEnd": 6,
        "CleanClassLoaderDataMetaspaces": 4,
        "XRelocateStart": 6,
        "Cleanup": 10
    },
    "total_pause_time_per_category": {
        "ICBufferFull": 27240409,
        "XMarkStart": 2420191,
        "XMarkEnd": 864384,
        "CleanClassLoaderDataMetaspaces": 1634619,
        "XRelocateStart": 4962310,
        "Cleanup": 1188101
    },
    "avg_pause_time_per_category": {
        "ICBufferFull": 419083.22,
        "XMarkStart": 403365.17,
        "XMarkEnd": 144064.0,
        "CleanClassLoaderDataMetaspaces": 408654.75,
        "XRelocateStart": 827051.67,
        "Cleanup": 118810.1
    },
    "p90_pause_time": 682985.6,
    "throughput": 29536012781
}