{
    "garbage_collector": "Serial",
    "jdk": "HotSpot_21.0.4",
    "benchmark_group": "Renaissance",
    "benchmark_name": "log-regression",
    "heap_size": "4096",
    "error": null,
    "avg_cpu_usage": 44.0,
    "avg_cpu_time": 46.8,
    "avg_io_time": 0.2,
    "p90_io": 0.0,
    "number_of_pauses": 68,
    "total_pause_time": 629265924,
    "avg_pause_time": 9253910.65,
    "pauses_per_category": {
        "ICBufferFull": 33,
        "CollectForMetadataAllocation": 5,
        "GenCollectForAllocation": 27,
        "Cleanup": 1,
        "GenCollectFull": 2
    },
    "total_pause_time_per_category": {
        "ICBufferFull": 3365351,
        "CollectForMetadataAllocation": 168902126,
        "GenCollectForAllocation": 452339308,
        "Cleanup": 134177,
        "GenCollectFull": 4524962
    },
    "avg_pause_time_per_category": {
        "ICBufferFull": 101980.33,
        "CollectForMetadataAllocation": 33780425.2,
        "GenCollectForAllocation": 16753307.7,
        "Cleanup": 134177.0,
        "GenCollectFull": 2262481.0
    },
    "p90_pause_time": 24078439.0,
    "throughput": 18983785494
}