{
    "garbage_collector": "Parallel",
    "jdk": "HotSpot_21.0.4",
    "benchmark_group": "Renaissance",
    "benchmark_name": "philosophers",
    "heap_size": "2048",
    "error": null,
    "avg_cpu_usage": 88.6,
    "avg_cpu_time": 84.9,
    "avg_io_time": 0.0,
    "p90_io": 0.0,
    "number_of_pauses": 51,
    "total_pause_time": 76528160,
    "avg_pause_time": 1500552.16,
    "pauses_per_category": {
        "ICBufferFull": 2,
        "ParallelGCFailedAllocation": 49
    },
    "total_pause_time_per_category": {
        "ICBufferFull": 192986,
        "ParallelGCFailedAllocation": 76335174
    },
    "avg_pause_time_per_category": {
        "ICBufferFull": 96493.0,
        "ParallelGCFailedAllocation": 1557860.69
    },
    "p90_pause_time": 2600814.0,
    "throughput": 17524846281
}