{
    "garbage_collector": "Z",
    "jdk": "HotSpot_21.0.4",
    "benchmark_group": "Renaissance",
    "benchmark_name": "par-mnemonics",
    "heap_size": "8192",
    "error": null,
    "avg_cpu_usage": 16.2,
    "avg_cpu_time": 14.7,
    "avg_io_time": 0.0,
    "p90_io": 0.0,
    "number_of_pauses": 61,
    "total_pause_time": 6323395,
    "avg_pause_time": 103662.21,
    "pauses_per_category": {
        "ICBufferFull": 1,
        "XMarkStart": 17,
        "XMarkEnd": 17,
        "CleanClassLoaderDataMetaspaces": 2,
        "XRelocateStart": 17,
        "Cleanup": 7
    },
    "total_pause_time_per_category": {
        "ICBufferFull": 123240,
        "XMarkStart": 1743990,
        "XMarkEnd": 1771966,
        "CleanClassLoaderDataMetaspaces": 520812,
        "XRelocateStart": 1615782,
        "Cleanup": 547605
    },
    "avg_pause_time_per_category": {
        "ICBufferFull": 123240.0,
        "XMarkStart": 102587.65,
        "XMarkEnd": 104233.29,
        "CleanClassLoaderDataMetaspaces": 260406.0,
        "XRelocateStart": 95046.0,
        "Cleanup": 78229.29
    },
    "p90_pause_time": 120369.0,
    "throughput": 31923477502
}