{
    "garbage_collector": "G1",
    "jdk": "HotSpot_21.0.4",
    "benchmark_group": "Renaissance",
    "benchmark_name": "reactors",
    "heap_size": "4096",
    "error": null,
    "avg_cpu_usage": 39.4,
    "avg_cpu_time": 36.6,
    "avg_io_time": 0.0,
    "p90_io": 0.0,
    "number_of_pauses": 72,
    "total_pause_time": 2868625978,
    "avg_pause_time": 39842027.47,
    "pauses_per_category": {
        "ICBufferFull": 9,
        "Cleanup": 15,
        "G1CollectForAllocation": 44,
        "G1PauseRemark": 2,
        "G1PauseCleanup": 2
    },
    "total_pause_time_per_category": {
        "ICBufferFull": 648485,
        "Cleanup": 1266551,
        "G1CollectForAllocation": 2860235586,
        "G1PauseRemark": 5548245,
        "G1PauseCleanup": 927111
    },
    "avg_pause_time_per_category": {
        "ICBufferFull": 72053.89,
        "Cleanup": 84436.73,
        "G1CollectForAllocation": 65005354.23,
        "G1PauseRemark": 2774122.5,
        "G1PauseCleanup": 463555.5
    },
    "p90_pause_time": 131247541.0,
    "throughput": 72085857962
}