{
    "garbage_collector": "Parallel",
    "jdk": "HotSpot_21.0.4",
    "benchmark_group": "Renaissance",
    "benchmark_name": "reactors",
    "heap_size": "1024",
    "error": null,
    "avg_cpu_usage": 44.5,
    "avg_cpu_time": 42.9,
    "avg_io_time": 0.1,
    "p90_io": 0.0,
    "number_of_pauses": 390,
    "total_pause_time": 11121604300,
    "avg_pause_time": 28516934.1,
    "pauses_per_category": {
        "ICBufferFull": 9,
        "Cleanup": 8,
        "ParallelGCFailedAllocation": 373
    },
    "total_pause_time_per_category": {
        "ICBufferFull": 603434,
        "Cleanup": 675900,
        "ParallelGCFailedAllocation": 11120324966
    },
    "avg_pause_time_per_category": {
        "ICBufferFull": 67048.22,
        "Cleanup": 84487.5,
        "ParallelGCFailedAllocation": 29813203.66
    },
    "p90_pause_time": 57912792.1,
    "throughput": 76164865046
}