{
    "garbage_collector": "Serial",
    "jdk": "HotSpot_21.0.4",
    "benchmark_group": "Renaissance",
    "benchmark_name": "future-genetic",
    "heap_size": "1024",
    "error": null,
    "avg_cpu_usage": 31.8,
    "avg_cpu_time": 28.8,
    "avg_io_time": 0.0,
    "p90_io": 0.0,
    "number_of_pauses": 61,
    "total_pause_time": 172817164,
    "avg_pause_time": 2833068.26,
    "pauses_per_category": {
        "ICBufferFull": 4,
        "GenCollectForAllocation": 57
    },
    "total_pause_time_per_category": {
        "ICBufferFull": 421746,
        "GenCollectForAllocation": 172395418
    },
    "avg_pause_time_per_category": {
        "ICBufferFull": 105436.5,
        "GenCollectForAllocation": 3024481.02
    },
    "p90_pause_time": 6043577.0,
    "throughput": 20391282906
}