{
    "garbage_collector": "Z",
    "jdk": "HotSpot_21.0.4",
    "benchmark_group": "Renaissance",
    "benchmark_name": "als",
    "heap_size": "1024",
    "error": null,
    "avg_cpu_usage": 66.3,
    "avg_cpu_time": 63.4,
    "avg_io_time": 0.0,
    "p90_io": 0.0,
    "number_of_pauses": 891,
    "total_pause_time": 97951358,
    "avg_pause_time": 109934.18,
    "pauses_per_category": {
        "ICBufferFull": 28,
        "Cleanup": 13,
        "XMarkStart": 314,
        "XMarkEnd": 216,
        "CleanClassLoaderDataMetaspaces": 15,
        "XRelocateStart": 305
    },
    "total_pause_time_per_category": {
        "ICBufferFull": 2361120,
        "Cleanup": 2765490,
        "XMarkStart": 37812772,
        "XMarkEnd": 18197315,
        "CleanClassLoaderDataMetaspaces": 6855813,
        "XRelocateStart": 29958848
    },
    "avg_pause_time_per_category": {
        "ICBufferFull": 84325.71,
        "Cleanup": 212730.0,
        "XMarkStart": 120422.84,
        "XMarkEnd": 84246.83,
        "CleanClassLoaderDataMetaspaces": 457054.2,
        "XRelocateStart": 98225.73
    },
    "p90_pause_time": 129724.0,
    "throughput": 62835002828
}