{
    "garbage_collector": "Z",
    "jdk": "HotSpot_21.0.4",
    "benchmark_group": "Renaissance",
    "benchmark_name": "akka-uct",
    "heap_size": "512",
    "error": null,
    "avg_cpu_usage": 35.9,
    "avg_cpu_time": 35.1,
    "avg_io_time": 0.0,
    "p90_io": 0.0,
    "number_of_pauses": 3572,
    "total_pause_time": 455251904,
    "avg_pause_time": 127450.14,
    "pauses_per_category": {
        "ICBufferFull": 2,
        "XMarkStart": 1190,
        "XMarkEnd": 1189,
        "CleanClassLoaderDataMetaspaces": 3,
        "XRelocateStart": 1188
    },
    "total_pause_time_per_category": {
        "ICBufferFull": 219053,
        "XMarkStart": 339382474,
        "XMarkEnd": 44123542,
        "CleanClassLoaderDataMetaspaces": 1210703,
        "XRelocateStart": 70316132
    },
    "avg_pause_time_per_category": {
        "ICBufferFull": 109526.5,
        "XMarkStart": 285195.36,
        "XMarkEnd": 37109.79,
        "CleanClassLoaderDataMetaspaces": 403567.67,
        "XRelocateStart": 59188.66
    },
    "p90_pause_time": 138224.8,
    "throughput": 449838408733
}