{
    "garbage_collector": "G1",
    "jdk": "HotSpot_21.0.4",
    "benchmark_group": "Renaissance",
    "benchmark_name": "chi-square",
    "heap_size": "2048",
    "error": null,
    "avg_cpu_usage": 32.1,
    "avg_cpu_time": 34.4,
    "avg_io_time": 0.0,
    "p90_io": 0.0,
    "number_of_pauses": 43,
    "total_pause_time": 386445586,
    "avg_pause_time": 8987106.65,
    "pauses_per_category": {
        "ICBufferFull": 4,
        "Cleanup": 1,
        "CollectForMetadataAllocation": 5,
        "G1PauseRemark": 3,
        "G1PauseCleanup": 3,
        "G1CollectForAllocation": 27
    },
    "total_pause_time_per_category": {
        "ICBufferFull": 351891,
        "Cleanup": 84994,
        "CollectForMetadataAllocation": 37278130,
        "G1PauseRemark": 5989546,
        "G1PauseCleanup": 809892,
        "G1CollectForAllocation": 341931133
    },
    "avg_pause_time_per_category": {
        "ICBufferFull": 87972.75,
        "Cleanup": 84994.0,
        "CollectForMetadataAllocation": 7455626.0,
        "G1PauseRemark": 1996515.33,
        "G1PauseCleanup": 269964.0,
        "G1CollectForAllocation": 12664116.04
    },
    "p90_pause_time": 18504594.8,
    "throughput": 11868728798
}