{
    "garbage_collector": "Parallel",
    "jdk": "HotSpot_21.0.4",
    "benchmark_group": "Renaissance",
    "benchmark_name": "dec-tree",
    "heap_size": "8192",
    "error": null,
    "avg_cpu_usage": 41.6,
    "avg_cpu_time": 38.4,
    "avg_io_time": 0.0,
    "p90_io": 0.0,
    "number_of_pauses": 60,
    "total_pause_time": 300367793,
    "avg_pause_time": 5006129.88,
    "pauses_per_category": {
        "ICBufferFull": 48,
        "Cleanup": 1,
        "CollectForMetadataAllocation": 4,
        "ParallelGCFailedAllocation": 6,
        "ParallelGCSystemGC": 1
    },
    "total_pause_time_per_category": {
        "ICBufferFull": 4782245,
        "Cleanup": 212912,
        "CollectForMetadataAllocation": 132731983,
        "ParallelGCFailedAllocation": 70405773,
        "ParallelGCSystemGC": 92234880
    },
    "avg_pause_time_per_category": {
        "ICBufferFull": 99630.1,
        "Cleanup": 212912.0,
        "CollectForMetadataAllocation": 33182995.75,
        "ParallelGCFailedAllocation": 11734295.5,
        "ParallelGCSystemGC": 92234880.0
    },
    "p90_pause_time": 20342504.6,
    "throughput": 15832927709
}