{
    "garbage_collector": "Parallel",
    "jdk": "HotSpot_21.0.4",
    "benchmark_group": "Renaissance",
    "benchmark_name": "rx-scrabble",
    "heap_size": "256",
    "error": null,
    "avg_cpu_usage": 35.1,
    "avg_cpu_time": 25.1,
    "avg_io_time": 0.0,
    "p90_io": 0.0,
    "number_of_pauses": 43,
    "total_pause_time": 87206168,
    "avg_pause_time": 2028050.42,
    "pauses_per_category": {
        "ICBufferFull": 8,
        "ParallelGCFailedAllocation": 35
    },
    "total_pause_time_per_category": {
        "ICBufferFull": 589694,
        "ParallelGCFailedAllocation": 86616474
    },
    "avg_pause_time_per_category": {
        "ICBufferFull": 73711.75,
        "ParallelGCFailedAllocation": 2474756.4
    },
    "p90_pause_time": 7506650.0,
    "throughput": 2443985028
}