{
    "garbage_collector": "Serial",
    "jdk": "HotSpot_21.0.4",
    "benchmark_group": "Renaissance",
    "benchmark_name": "fj-kmeans",
    "heap_size": "512",
    "error": null,
    "avg_cpu_usage": 83.5,
    "avg_cpu_time": 83.0,
    "avg_io_time": 0.0,
    "p90_io": 0.0,
    "number_of_pauses": 722,
    "total_pause_time": 739031669,
    "avg_pause_time": 1023589.57,
    "pauses_per_category": {
        "ICBufferFull": 1,
        "GenCollectForAllocation": 721
    },
    "total_pause_time_per_category": {
        "ICBufferFull": 63682,
        "GenCollectForAllocation": 738967987
    },
    "avg_pause_time_per_category": {
        "ICBufferFull": 63682.0,
        "GenCollectForAllocation": 1024920.93
    },
    "p90_pause_time": 1092658.6,
    "throughput": 25663429734
}