{
    "garbage_collector": "Parallel",
    "jdk": "HotSpot_21.0.4",
    "benchmark_group": "Renaissance",
    "benchmark_name": "neo4j-analytics",
    "heap_size": "2048",
    "error": null,
    "avg_cpu_usage": 37.2,
    "avg_cpu_time": 36.0,
    "avg_io_time": 0.6,
    "p90_io": 2.0,
    "number_of_pauses": 138,
    "total_pause_time": 5207683618,
    "avg_pause_time": 37736837.81,
    "pauses_per_category": {
        "ICBufferFull": 41,
        "CollectForMetadataAllocation": 3,
        "ParallelGCFailedAllocation": 91,
        "Cleanup": 3
    },
    "total_pause_time_per_category": {
        "ICBufferFull": 4862895,
        "CollectForMetadataAllocation": 101673413,
        "ParallelGCFailedAllocation": 5100955769,
        "Cleanup": 191541
    },
    "avg_pause_time_per_category": {
        "ICBufferFull": 118607.2,
        "CollectForMetadataAllocation": 33891137.67,
        "ParallelGCFailedAllocation": 56054459.0,
        "Cleanup": 63847.0
    },
    "p90_pause_time": 87579827.1,
    "throughput": 38609938699
}