{
    "garbage_collector": "G1",
    "jdk": "HotSpot_21.0.4",
    "benchmark_group": "Renaissance",
    "benchmark_name": "par-mnemonics",
    "heap_size": "1024",
    "error": null,
    "avg_cpu_usage": 20.8,
    "avg_cpu_time": 19.2,
    "avg_io_time": 0.0,
    "p90_io": 0.0,
    "number_of_pauses": 129,
    "total_pause_time": 1226048261,
    "avg_pause_time": 9504250.09,
    "pauses_per_category": {
        "ICBufferFull": 1,
        "G1CollectForAllocation": 124,
        "G1PauseRemark": 2,
        "G1PauseCleanup": 2
    },
    "total_pause_time_per_category": {
        "ICBufferFull": 57233,
        "G1CollectForAllocation": 1222550820,
        "G1PauseRemark": 2818563,
        "G1PauseCleanup": 621645
    },
    "avg_pause_time_per_category": {
        "ICBufferFull": 57233.0,
        "G1CollectForAllocation": 9859280.81,
        "G1PauseRemark": 1409281.5,
        "G1PauseCleanup": 310822.5
    },
    "p90_pause_time": 22873229.6,
    "throughput": 24346469450
}