{
    "garbage_collector": "Z",
    "jdk": "HotSpot_21.0.4",
    "benchmark_group": "Renaissance",
    "benchmark_name": "chi-square",
    "heap_size": "2048",
    "error": null,
    "avg_cpu_usage": 33.5,
    "avg_cpu_time": 34.7,
    "avg_io_time": 0.0,
    "p90_io": 0.0,
    "number_of_pauses": 124,
    "total_pause_time": 11274535,
    "avg_pause_time": 90923.67,
    "pauses_per_category": {
        "ICBufferFull": 4,
        "XMarkStart": 37,
        "XMarkEnd": 37,
        "CleanClassLoaderDataMetaspaces": 8,
        "XRelocateStart": 38
    },
    "total_pause_time_per_category": {
        "ICBufferFull": 354769,
        "XMarkStart": 3157952,
        "XMarkEnd": 2712544,
        "CleanClassLoaderDataMetaspaces": 2136744,
        "XRelocateStart": 2912526
    },
    "avg_pause_time_per_category": {
        "ICBufferFull": 88692.25,
        "XMarkStart": 85350.05,
        "XMarkEnd": 73312.0,
        "CleanClassLoaderDataMetaspaces": 267093.0,
        "XRelocateStart": 76645.42
    },
    "p90_pause_time": 140995.8,
    "throughput": 13392671944
}