{
    "garbage_collector": "Z",
    "jdk": "HotSpot_21.0.4",
    "benchmark_group": "Renaissance",
    "benchmark_name": "reactors",
    "heap_size": "4096",
    "error": null,
    "avg_cpu_usage": 37.4,
    "avg_cpu_time": 35.9,
    "avg_io_time": 0.0,
    "p90_io": 0.0,
    "number_of_pauses": 299,
    "total_pause_time": 30259599,
    "avg_pause_time": 101202.67,
    "pauses_per_category": {
        "ICBufferFull": 8,
        "Cleanup": 11,
        "XMarkStart": 93,
        "XMarkEnd": 93,
        "CleanClassLoaderDataMetaspaces": 1,
        "XRelocateStart": 93
    },
    "total_pause_time_per_category": {
        "ICBufferFull": 623551,
        "Cleanup": 933036,
        "XMarkStart": 9438693,
        "XMarkEnd": 9020025,
        "CleanClassLoaderDataMetaspaces": 1113728,
        "XRelocateStart": 9130566
    },
    "avg_pause_time_per_category": {
        "ICBufferFull": 77943.88,
        "Cleanup": 84821.45,
        "XMarkStart": 101491.32,
        "XMarkEnd": 96989.52,
        "CleanClassLoaderDataMetaspaces": 1113728.0,
        "XRelocateStart": 98178.13
    },
    "p90_pause_time": 114274.4,
    "throughput": 76642620597
}