{
    "garbage_collector": "Z",
    "jdk": "HotSpot_21.0.4",
    "benchmark_group": "Renaissance",
    "benchmark_name": "scala-doku",
    "heap_size": "2048",
    "error": null,
    "avg_cpu_usage": 13.8,
    "avg_cpu_time": 13.7,
    "avg_io_time": 0.0,
    "p90_io": 0.0,
    "number_of_pauses": 32,
    "total_pause_time": 3799573,
    "avg_pause_time": 118736.66,
    "pauses_per_category": {
        "ICBufferFull": 2,
        "Cleanup": 11,
        "XMarkStart": 6,
        "XMarkEnd": 6,
        "CleanClassLoaderDataMetaspaces": 1,
        "XRelocateStart": 6
    },
    "total_pause_time_per_category": {
        "ICBufferFull": 197674,
        "Cleanup": 1040430,
        "XMarkStart": 687314,
        "XMarkEnd": 586231,
        "CleanClassLoaderDataMetaspaces": 644003,
        "XRelocateStart": 643921
    },
    "avg_pause_time_per_category": {
        "ICBufferFull": 98837.0,
        "Cleanup": 94584.55,
        "XMarkStart": 114552.33,
        "XMarkEnd": 97705.17,
        "CleanClassLoaderDataMetaspaces": 644003.0,
        "XRelocateStart": 107320.17
    },
    "p90_pause_time": 136508.3,
    "throughput": 23078389887
}