{
    "garbage_collector": "G1",
    "jdk": "HotSpot_21.0.4",
    "benchmark_group": "Renaissance",
    "benchmark_name": "dec-tree",
    "heap_size": "2048",
    "error": null,
    "avg_cpu_usage": 42.2,
    "avg_cpu_time": 41.4,
    "avg_io_time": 0.0,
    "p90_io": 0.0,
    "number_of_pauses": 74,
    "total_pause_time": 271405985,
    "avg_pause_time": 3667648.45,
    "pauses_per_category": {
        "ICBufferFull": 42,
        "CollectForMetadataAllocation": 9,
        "G1PauseRemark": 5,
        "G1PauseCleanup": 5,
        "G1CollectForAllocation": 12,
        "G1TryInitiateConcMark": 1
    },
    "total_pause_time_per_category": {
        "ICBufferFull": 4144343,
        "CollectForMetadataAllocation": 56283298,
        "G1PauseRemark": 16338604,
        "G1PauseCleanup": 4477097,
        "G1CollectForAllocation": 174996186,
        "G1TryInitiateConcMark": 15166457
    },
    "avg_pause_time_per_category": {
        "ICBufferFull": 98674.83,
        "CollectForMetadataAllocation": 6253699.78,
        "G1PauseRemark": 3267720.8,
        "G1PauseCleanup": 895419.4,
        "G1CollectForAllocation": 14583015.5,
        "G1TryInitiateConcMark": 15166457.0
    },
    "p90_pause_time": 13668354.3,
    "throughput": 16453592252
}