{
    "garbage_collector": "G1",
    "jdk": "HotSpot_21.0.4",
    "benchmark_group": "Renaissance",
    "benchmark_name": "movie-lens",
    "heap_size": "512",
    "error": null,
    "avg_cpu_usage": 58.0,
    "avg_cpu_time": 54.4,
    "avg_io_time": 0.1,
    "p90_io": 0.0,
    "number_of_pauses": 2281,
    "total_pause_time": 4357309139,
    "avg_pause_time": 1910262.67,
    "pauses_per_category": {
        "ICBufferFull": 16,
        "G1CollectForAllocation": 1300,
        "CollectForMetadataAllocation": 5,
        "G1PauseRemark": 225,
        "G1PauseCleanup": 225,
        "G1TryInitiateConcMark": 510
    },
    "total_pause_time_per_category": {
        "ICBufferFull": 1938700,
        "G1CollectForAllocation": 2712051679,
        "CollectForMetadataAllocation": 29267143,
        "G1PauseRemark": 864903986,
        "G1PauseCleanup": 69945052,
        "G1TryInitiateConcMark": 679202579
    },
    "avg_pause_time_per_category": {
        "ICBufferFull": 121168.75,
        "G1CollectForAllocation": 2086193.6,
        "CollectForMetadataAllocation": 5853428.6,
        "G1PauseRemark": 3844017.72,
        "G1PauseCleanup": 310866.9,
        "G1TryInitiateConcMark": 1331769.76
    },
    "p90_pause_time": 3682321.0,
    "throughput": 99036817429
}