{
    "garbage_collector": "Parallel",
    "jdk": "HotSpot_21.0.4",
    "benchmark_group": "Renaissance",
    "benchmark_name": "philosophers",
    "heap_size": "4096",
    "error": null,
    "avg_cpu_usage": 88.4,
    "avg_cpu_time": 87.2,
    "avg_io_time": 0.0,
    "p90_io": 0.0,
    "number_of_pauses": 34,
    "total_pause_time": 57770702,
    "avg_pause_time": 1699138.29,
    "pauses_per_category": {
        "ICBufferFull": 5,
        "ParallelGCFailedAllocation": 29
    },
    "total_pause_time_per_category": {
        "ICBufferFull": 425885,
        "ParallelGCFailedAllocation": 57344817
    },
    "avg_pause_time_per_category": {
        "ICBufferFull": 85177.0,
        "ParallelGCFailedAllocation": 1977407.48
    },
    "p90_pause_time": 3867239.3,
    "throughput": 17856805304
}