{
    "garbage_collector": "Parallel",
    "jdk": "HotSpot_21.0.4",
    "benchmark_group": "Renaissance",
    "benchmark_name": "movie-lens",
    "heap_size": "512",
    "error": null,
    "avg_cpu_usage": 56.4,
    "avg_cpu_time": 50.8,
    "avg_io_time": 0.0,
    "p90_io": 0.0,
    "number_of_pauses": 1592,
    "total_pause_time": 2902539029,
    "avg_pause_time": 1823202.91,
    "pauses_per_category": {
        "ICBufferFull": 10,
        "Cleanup": 1,
        "CollectForMetadataAllocation": 4,
        "ParallelGCFailedAllocation": 1420,
        "ParallelGCSystemGC": 157
    },
    "total_pause_time_per_category": {
        "ICBufferFull": 1004111,
        "Cleanup": 19815,
        "CollectForMetadataAllocation": 77493101,
        "ParallelGCFailedAllocation": 2598955362,
        "ParallelGCSystemGC": 225066640
    },
    "avg_pause_time_per_category": {
        "ICBufferFull": 100411.1,
        "Cleanup": 19815.0,
        "CollectForMetadataAllocation": 19373275.25,
        "ParallelGCFailedAllocation": 1830250.25,
        "ParallelGCSystemGC": 1433545.48
    },
    "p90_pause_time": 2243046.5,
    "throughput": 90459707234
}