{
    "garbage_collector": "Z",
    "jdk": "HotSpot_21.0.4",
    "benchmark_group": "Renaissance",
    "benchmark_name": "movie-lens",
    "heap_size": "4096",
    "error": null,
    "avg_cpu_usage": 56.9,
    "avg_cpu_time": 52.2,
    "avg_io_time": 0.1,
    "p90_io": 0.0,
    "number_of_pauses": 429,
    "total_pause_time": 38003003,
    "avg_pause_time": 88585.09,
    "pauses_per_category": {
        "ICBufferFull": 27,
        "Cleanup": 12,
        "XMarkStart": 135,
        "XMarkEnd": 108,
        "CleanClassLoaderDataMetaspaces": 7,
        "XRelocateStart": 140
    },
    "total_pause_time_per_category": {
        "ICBufferFull": 3887091,
        "Cleanup": 927602,
        "XMarkStart": 11531144,
        "XMarkEnd": 7805830,
        "CleanClassLoaderDataMetaspaces": 3351493,
        "XRelocateStart": 10499843
    },
    "avg_pause_time_per_category": {
        "ICBufferFull": 143966.33,
        "Cleanup": 77300.17,
        "XMarkStart": 85415.88,
        "XMarkEnd": 72276.2,
        "CleanClassLoaderDataMetaspaces": 478784.71,
        "XRelocateStart": 74998.88
    },
    "p90_pause_time": 121127.8,
    "throughput": 96953990052
}