{
    "garbage_collector": "Parallel",
    "jdk": "HotSpot_21.0.4",
    "benchmark_group": "Renaissance",
    "benchmark_name": "reactors",
    "heap_size": "4096",
    "error": null,
    "avg_cpu_usage": 40.2,
    "avg_cpu_time": 39.0,
    "avg_io_time": 0.0,
    "p90_io": 0.0,
    "number_of_pauses": 104,
    "total_pause_time": 5041920097,
    "avg_pause_time": 48480000.93,
    "pauses_per_category": {
        "ICBufferFull": 8,
        "Cleanup": 14,
        "ParallelGCFailedAllocation": 82
    },
    "total_pause_time_per_category": {
        "ICBufferFull": 619303,
        "Cleanup": 1116459,
        "ParallelGCFailedAllocation": 5040184335
    },
    "avg_pause_time_per_category": {
        "ICBufferFull": 77412.88,
        "Cleanup": 79747.07,
        "ParallelGCFailedAllocation": 61465662.62
    },
    "p90_pause_time": 164242547.3,
    "throughput": 73694686805
}