{
    "garbage_collector": "Parallel",
    "jdk": "HotSpot_21.0.4",
    "benchmark_group": "Renaissance",
    "benchmark_name": "log-regression",
    "heap_size": "512",
    "error": null,
    "avg_cpu_usage": 47.2,
    "avg_cpu_time": 46.9,
    "avg_io_time": 0.2,
    "p90_io": 0.0,
    "number_of_pauses": 334,
    "total_pause_time": 1448960833,
    "avg_pause_time": 4338206.09,
    "pauses_per_category": {
        "ICBufferFull": 28,
        "Cleanup": 1,
        "CollectForMetadataAllocation": 4,
        "ParallelGCFailedAllocation": 300,
        "ParallelGCSystemGC": 1
    },
    "total_pause_time_per_category": {
        "ICBufferFull": 2595185,
        "Cleanup": 87569,
        "CollectForMetadataAllocation": 123690598,
        "ParallelGCFailedAllocation": 1320848878,
        "ParallelGCSystemGC": 1738603
    },
    "avg_pause_time_per_category": {
        "ICBufferFull": 92685.18,
        "Cleanup": 87569.0,
        "CollectForMetadataAllocation": 30922649.5,
        "ParallelGCFailedAllocation": 4402829.59,
        "ParallelGCSystemGC": 1738603.0
    },
    "p90_pause_time": 4494977.9,
    "throughput": 20517742642
}