{
    "garbage_collector": "Serial",
    "jdk": "HotSpot_21.0.4",
    "benchmark_group": "Renaissance",
    "benchmark_name": "par-mnemonics",
    "heap_size": "512",
    "error": null,
    "avg_cpu_usage": 15.8,
    "avg_cpu_time": 15.8,
    "avg_io_time": 0.0,
    "p90_io": 0.0,
    "number_of_pauses": 522,
    "total_pause_time": 3590262025,
    "avg_pause_time": 6877896.6,
    "pauses_per_category": {
        "ICBufferFull": 3,
        "GenCollectForAllocation": 519
    },
    "total_pause_time_per_category": {
        "ICBufferFull": 721032,
        "GenCollectForAllocation": 3589540993
    },
    "avg_pause_time_per_category": {
        "ICBufferFull": 240344.0,
        "GenCollectForAllocation": 6916263.96
    },
    "p90_pause_time": 11487193.9,
    "throughput": 24326560581
}