{
    "garbage_collector": "Serial",
    "jdk": "HotSpot_21.0.4",
    "benchmark_group": "Renaissance",
    "benchmark_name": "philosophers",
    "heap_size": "8192",
    "error": null,
    "avg_cpu_usage": 85.1,
    "avg_cpu_time": 81.3,
    "avg_io_time": 0.0,
    "p90_io": 0.0,
    "number_of_pauses": 21,
    "total_pause_time": 136219135,
    "avg_pause_time": 6486625.48,
    "pauses_per_category": {
        "ICBufferFull": 2,
        "Cleanup": 4,
        "GenCollectForAllocation": 15
    },
    "total_pause_time_per_category": {
        "ICBufferFull": 202604,
        "Cleanup": 365074,
        "GenCollectForAllocation": 135651457
    },
    "avg_pause_time_per_category": {
        "ICBufferFull": 101302.0,
        "Cleanup": 91268.5,
        "GenCollectForAllocation": 9043430.47
    },
    "p90_pause_time": 12783053.0,
    "throughput": 21502599507
}