{
    "garbage_collector": "Z",
    "jdk": "HotSpot_21.0.4",
    "benchmark_group": "Renaissance",
    "benchmark_name": "gauss-mix",
    "heap_size": "8192",
    "error": null,
    "avg_cpu_usage": 26.8,
    "avg_cpu_time": 24.3,
    "avg_io_time": 0.1,
    "p90_io": 0.0,
    "number_of_pauses": 44,
    "total_pause_time": 7225261,
    "avg_pause_time": 164210.48,
    "pauses_per_category": {
        "ICBufferFull": 11,
        "Cleanup": 6,
        "XMarkStart": 8,
        "XMarkEnd": 7,
        "CleanClassLoaderDataMetaspaces": 5,
        "XRelocateStart": 7
    },
    "total_pause_time_per_category": {
        "ICBufferFull": 797077,
        "Cleanup": 495628,
        "XMarkStart": 900979,
        "XMarkEnd": 447652,
        "CleanClassLoaderDataMetaspaces": 3836972,
        "XRelocateStart": 746953
    },
    "avg_pause_time_per_category": {
        "ICBufferFull": 72461.55,
        "Cleanup": 82604.67,
        "XMarkStart": 112622.38,
        "XMarkEnd": 63950.29,
        "CleanClassLoaderDataMetaspaces": 767394.4,
        "XRelocateStart": 106707.57
    },
    "p90_pause_time": 205483.0,
    "throughput": 15816253144
}