{
    "garbage_collector": "Serial",
    "jdk": "HotSpot_21.0.4",
    "benchmark_group": "Renaissance",
    "benchmark_name": "page-rank",
    "heap_size": "8192",
    "error": null,
    "avg_cpu_usage": 34.9,
    "avg_cpu_time": 35.0,
    "avg_io_time": 0.1,
    "p90_io": 0.0,
    "number_of_pauses": 68,
    "total_pause_time": 4031404872,
    "avg_pause_time": 59285365.76,
    "pauses_per_category": {
        "ICBufferFull": 9,
        "Cleanup": 25,
        "CollectForMetadataAllocation": 3,
        "GenCollectForAllocation": 31
    },
    "total_pause_time_per_category": {
        "ICBufferFull": 813078,
        "Cleanup": 2887443,
        "CollectForMetadataAllocation": 188222665,
        "GenCollectForAllocation": 3839481686
    },
    "avg_pause_time_per_category": {
        "ICBufferFull": 90342.0,
        "Cleanup": 115497.72,
        "CollectForMetadataAllocation": 62740888.33,
        "GenCollectForAllocation": 123854247.94
    },
    "p90_pause_time": 199720799.5,
    "throughput": 47459768923
}