{
    "garbage_collector": "Serial",
    "jdk": "HotSpot_21.0.4",
    "benchmark_group": "Renaissance",
    "benchmark_name": "mnemonics",
    "heap_size": "4096",
    "error": null,
    "avg_cpu_usage": 13.0,
    "avg_cpu_time": 12.9,
    "avg_io_time": 0.0,
    "p90_io": 0.0,
    "number_of_pauses": 59,
    "total_pause_time": 628629008,
    "avg_pause_time": 10654728.95,
    "pauses_per_category": {
        "ICBufferFull": 2,
        "GenCollectForAllocation": 57
    },
    "total_pause_time_per_category": {
        "ICBufferFull": 197532,
        "GenCollectForAllocation": 628431476
    },
    "avg_pause_time_per_category": {
        "ICBufferFull": 98766.0,
        "GenCollectForAllocation": 11025113.61
    },
    "p90_pause_time": 16954985.2,
    "throughput": 24319795220
}