{
    "garbage_collector": "G1",
    "jdk": "HotSpot_21.0.4",
    "benchmark_group": "Renaissance",
    "benchmark_name": "log-regression",
    "heap_size": "512",
    "error": null,
    "avg_cpu_usage": 49.4,
    "avg_cpu_time": 48.4,
    "avg_io_time": 0.0,
    "p90_io": 0.0,
    "number_of_pauses": 445,
    "total_pause_time": 1798974947,
    "avg_pause_time": 4042640.33,
    "pauses_per_category": {
        "ICBufferFull": 28,
        "G1CollectForAllocation": 244,
        "CollectForMetadataAllocation": 10,
        "G1PauseRemark": 49,
        "G1PauseCleanup": 47,
        "Cleanup": 1,
        "G1TryInitiateConcMark": 66
    },
    "total_pause_time_per_category": {
        "ICBufferFull": 2842297,
        "G1CollectForAllocation": 1392349702,
        "CollectForMetadataAllocation": 59910635,
        "G1PauseRemark": 214672791,
        "G1PauseCleanup": 12323818,
        "Cleanup": 179183,
        "G1TryInitiateConcMark": 116696521
    },
    "avg_pause_time_per_category": {
        "ICBufferFull": 101510.61,
        "G1CollectForAllocation": 5706351.24,
        "CollectForMetadataAllocation": 5991063.5,
        "G1PauseRemark": 4381077.37,
        "G1PauseCleanup": 262208.89,
        "Cleanup": 179183.0,
        "G1TryInitiateConcMark": 1768129.11
    },
    "p90_pause_time": 5036375.4,
    "throughput": 22672788710
}