{
    "garbage_collector": "Z",
    "jdk": "HotSpot_21.0.4",
    "benchmark_group": "Renaissance",
    "benchmark_name": "dec-tree",
    "heap_size": "1024",
    "error": null,
    "avg_cpu_usage": 42.2,
    "avg_cpu_time": 42.9,
    "avg_io_time": 0.0,
    "p90_io": 0.0,
    "number_of_pauses": 202,
    "total_pause_time": 23708617,
    "avg_pause_time": 117369.39,
    "pauses_per_category": {
        "ICBufferFull": 26,
        "Cleanup": 1,
        "XMarkStart": 55,
        "XMarkEnd": 55,
        "CleanClassLoaderDataMetaspaces": 10,
        "XRelocateStart": 55
    },
    "total_pause_time_per_category": {
        "ICBufferFull": 2358448,
        "Cleanup": 85507,
        "XMarkStart": 5842902,
        "XMarkEnd": 4184630,
        "CleanClassLoaderDataMetaspaces": 5539794,
        "XRelocateStart": 5697336
    },
    "avg_pause_time_per_category": {
        "ICBufferFull": 90709.54,
        "Cleanup": 85507.0,
        "XMarkStart": 106234.58,
        "XMarkEnd": 76084.18,
        "CleanClassLoaderDataMetaspaces": 553979.4,
        "XRelocateStart": 103587.93
    },
    "p90_pause_time": 163712.5,
    "throughput": 17674470004
}