{
    "garbage_collector": "Serial",
    "jdk": "HotSpot_21.0.4",
    "benchmark_group": "Renaissance",
    "benchmark_name": "future-genetic",
    "heap_size": "4096",
    "error": null,
    "avg_cpu_usage": 31.7,
    "avg_cpu_time": 29.6,
    "avg_io_time": 0.0,
    "p90_io": 0.0,
    "number_of_pauses": 26,
    "total_pause_time": 84934420,
    "avg_pause_time": 3266708.46,
    "pauses_per_category": {
        "ICBufferFull": 4,
        "Cleanup": 8,
        "GenCollectForAllocation": 14
    },
    "total_pause_time_per_category": {
        "ICBufferFull": 462173,
        "Cleanup": 693320,
        "GenCollectForAllocation": 83778927
    },
    "avg_pause_time_per_category": {
        "ICBufferFull": 115543.25,
        "Cleanup": 86665.0,
        "GenCollectForAllocation": 5984209.07
    },
    "p90_pause_time": 6825568.5,
    "throughput": 19783410444
}