{
    "garbage_collector": "Parallel",
    "jdk": "HotSpot_21.0.4",
    "benchmark_group": "Renaissance",
    "benchmark_name": "akka-uct",
    "heap_size": "512",
    "error": null,
    "avg_cpu_usage": 86.4,
    "avg_cpu_time": 85.0,
    "avg_io_time": 0.0,
    "p90_io": 0.0,
    "number_of_pauses": 1610,
    "total_pause_time": 38892476849,
    "avg_pause_time": 24156817.92,
    "pauses_per_category": {
        "ICBufferFull": 1,
        "ParallelGCFailedAllocation": 1608,
        "CollectForMetadataAllocation": 1
    },
    "total_pause_time_per_category": {
        "ICBufferFull": 55602,
        "ParallelGCFailedAllocation": 38703950469,
        "CollectForMetadataAllocation": 188470778
    },
    "avg_pause_time_per_category": {
        "ICBufferFull": 55602.0,
        "ParallelGCFailedAllocation": 24069620.94,
        "CollectForMetadataAllocation": 188470778.0
    },
    "p90_pause_time": 24116374.0,
    "throughput": 91236536236
}