{
    "garbage_collector": "Serial",
    "jdk": "HotSpot_21.0.4",
    "benchmark_group": "Renaissance",
    "benchmark_name": "mnemonics",
    "heap_size": "512",
    "error": null,
    "avg_cpu_usage": 13.1,
    "avg_cpu_time": 13.1,
    "avg_io_time": 0.0,
    "p90_io": 0.0,
    "number_of_pauses": 462,
    "total_pause_time": 3291166729,
    "avg_pause_time": 7123737.51,
    "pauses_per_category": {
        "ICBufferFull": 1,
        "GenCollectForAllocation": 461
    },
    "total_pause_time_per_category": {
        "ICBufferFull": 61979,
        "GenCollectForAllocation": 3291104750
    },
    "avg_pause_time_per_category": {
        "ICBufferFull": 61979.0,
        "GenCollectForAllocation": 7139055.86
    },
    "p90_pause_time": 9435265.2,
    "throughput": 27051133437
}