{
    "garbage_collector": "Z",
    "jdk": "HotSpot_21.0.4",
    "benchmark_group": "Renaissance",
    "benchmark_name": "log-regression",
    "heap_size": "2048",
    "error": null,
    "avg_cpu_usage": 49.1,
    "avg_cpu_time": 46.3,
    "avg_io_time": 0.1,
    "p90_io": 0.0,
    "number_of_pauses": 224,
    "total_pause_time": 187373961,
    "avg_pause_time": 836490.9,
    "pauses_per_category": {
        "ICBufferFull": 29,
        "Cleanup": 1,
        "XMarkStart": 60,
        "XMarkEnd": 57,
        "CleanClassLoaderDataMetaspaces": 17,
        "XRelocateStart": 60
    },
    "total_pause_time_per_category": {
        "ICBufferFull": 3044027,
        "Cleanup": 21707,
        "XMarkStart": 36998824,
        "XMarkEnd": 102601227,
        "CleanClassLoaderDataMetaspaces": 28641801,
        "XRelocateStart": 16066375
    },
    "avg_pause_time_per_category": {
        "ICBufferFull": 104966.45,
        "Cleanup": 21707.0,
        "XMarkStart": 616647.07,
        "XMarkEnd": 1800021.53,
        "CleanClassLoaderDataMetaspaces": 1684811.82,
        "XRelocateStart": 267772.92
    },
    "p90_pause_time": 281037.1,
    "throughput": 21729269872
}