{
    "garbage_collector": "G1",
    "jdk": "HotSpot_21.0.4",
    "benchmark_group": "Renaissance",
    "benchmark_name": "par-mnemonics",
    "heap_size": "512",
    "error": null,
    "avg_cpu_usage": 20.1,
    "avg_cpu_time": 19.0,
    "avg_io_time": 0.0,
    "p90_io": 0.0,
    "number_of_pauses": 260,
    "total_pause_time": 1300573360,
    "avg_pause_time": 5002205.23,
    "pauses_per_category": {
        "G1CollectForAllocation": 246,
        "G1PauseRemark": 6,
        "G1PauseCleanup": 6,
        "G1TryInitiateConcMark": 2
    },
    "total_pause_time_per_category": {
        "G1CollectForAllocation": 1243860087,
        "G1PauseRemark": 6692263,
        "G1PauseCleanup": 1146545,
        "G1TryInitiateConcMark": 48874465
    },
    "avg_pause_time_per_category": {
        "G1CollectForAllocation": 5056341.82,
        "G1PauseRemark": 1115377.17,
        "G1PauseCleanup": 191090.83,
        "G1TryInitiateConcMark": 24437232.5
    },
    "p90_pause_time": 8023387.4,
    "throughput": 24654433970
}