{
    "garbage_collector": "Parallel",
    "jdk": "HotSpot_21.0.4",
    "benchmark_group": "Renaissance",
    "benchmark_name": "movie-lens",
    "heap_size": "1024",
    "error": null,
    "avg_cpu_usage": 56.7,
    "avg_cpu_time": 51.4,
    "avg_io_time": 0.2,
    "p90_io": 0.0,
    "number_of_pauses": 773,
    "total_pause_time": 1787769958,
    "avg_pause_time": 2312768.38,
    "pauses_per_category": {
        "ICBufferFull": 25,
        "Cleanup": 1,
        "CollectForMetadataAllocation": 3,
        "ParallelGCFailedAllocation": 671,
        "ParallelGCSystemGC": 73
    },
    "total_pause_time_per_category": {
        "ICBufferFull": 2088910,
        "Cleanup": 148291,
        "CollectForMetadataAllocation": 80398432,
        "ParallelGCFailedAllocation": 1498722050,
        "ParallelGCSystemGC": 206412275
    },
    "avg_pause_time_per_category": {
        "ICBufferFull": 83556.4,
        "Cleanup": 148291.0,
        "CollectForMetadataAllocation": 26799477.33,
        "ParallelGCFailedAllocation": 2233564.9,
        "ParallelGCSystemGC": 2827565.41
    },
    "p90_pause_time": 3038433.8,
    "throughput": 90124405114
}