{
    "garbage_collector": "Z",
    "jdk": "HotSpot_21.0.4",
    "benchmark_group": "Renaissance",
    "benchmark_name": "mnemonics",
    "heap_size": "256",
    "error": null,
    "avg_cpu_usage": 18.5,
    "avg_cpu_time": 18.2,
    "avg_io_time": 0.0,
    "p90_io": 0.0,
    "number_of_pauses": 1822,
    "total_pause_time": 138206993,
    "avg_pause_time": 75854.55,
    "pauses_per_category": {
        "XMarkStart": 607,
        "XMarkEnd": 606,
        "CleanClassLoaderDataMetaspaces": 3,
        "XRelocateStart": 606
    },
    "total_pause_time_per_category": {
        "XMarkStart": 41969214,
        "XMarkEnd": 40700337,
        "CleanClassLoaderDataMetaspaces": 608755,
        "XRelocateStart": 54928687
    },
    "avg_pause_time_per_category": {
        "XMarkStart": 69142.03,
        "XMarkEnd": 67162.27,
        "CleanClassLoaderDataMetaspaces": 202918.33,
        "XRelocateStart": 90641.4
    },
    "p90_pause_time": 101164.6,
    "throughput": 33440722773
}