{
    "garbage_collector": "Parallel",
    "jdk": "HotSpot_21.0.4",
    "benchmark_group": "Renaissance",
    "benchmark_name": "rx-scrabble",
    "heap_size": "4096",
    "error": null,
    "avg_cpu_usage": 36.4,
    "avg_cpu_time": 27.5,
    "avg_io_time": 0.0,
    "p90_io": 0.0,
    "number_of_pauses": 5,
    "total_pause_time": 58432360,
    "avg_pause_time": 11686472.0,
    "pauses_per_category": {
        "ICBufferFull": 3,
        "ParallelGCFailedAllocation": 2
    },
    "total_pause_time_per_category": {
        "ICBufferFull": 273001,
        "ParallelGCFailedAllocation": 58159359
    },
    "avg_pause_time_per_category": {
        "ICBufferFull": 91000.33,
        "ParallelGCFailedAllocation": 29079679.5
    },
    "p90_pause_time": 29386775.2,
    "throughput": 2447275792
}