{
    "garbage_collector": "Z",
    "jdk": "HotSpot_21.0.4",
    "benchmark_group": "Renaissance",
    "benchmark_name": "finagle-http",
    "heap_size": "1024",
    "error": null,
    "avg_cpu_usage": 79.5,
    "avg_cpu_time": 63.5,
    "avg_io_time": 0.0,
    "p90_io": 0.0,
    "number_of_pauses": 264,
    "total_pause_time": 44242144,
    "avg_pause_time": 167583.88,
    "pauses_per_category": {
        "ICBufferFull": 41,
        "XMarkStart": 73,
        "XMarkEnd": 73,
        "CleanClassLoaderDataMetaspaces": 3,
        "XRelocateStart": 74
    },
    "total_pause_time_per_category": {
        "ICBufferFull": 6197506,
        "XMarkStart": 13525849,
        "XMarkEnd": 8862921,
        "CleanClassLoaderDataMetaspaces": 1807388,
        "XRelocateStart": 13848480
    },
    "avg_pause_time_per_category": {
        "ICBufferFull": 151158.68,
        "XMarkStart": 185285.6,
        "XMarkEnd": 121409.88,
        "CleanClassLoaderDataMetaspaces": 602462.67,
        "XRelocateStart": 187141.62
    },
    "p90_pause_time": 327034.5,
    "throughput": 42051155313
}