{
    "garbage_collector": "G1",
    "jdk": "HotSpot_21.0.4",
    "benchmark_group": "Renaissance",
    "benchmark_name": "rx-scrabble",
    "heap_size": "2048",
    "error": null,
    "avg_cpu_usage": 35.6,
    "avg_cpu_time": 23.9,
    "avg_io_time": 0.0,
    "p90_io": 0.0,
    "number_of_pauses": 15,
    "total_pause_time": 52403587,
    "avg_pause_time": 3493572.47,
    "pauses_per_category": {
        "ICBufferFull": 9,
        "G1CollectForAllocation": 6
    },
    "total_pause_time_per_category": {
        "ICBufferFull": 755497,
        "G1CollectForAllocation": 51648090
    },
    "avg_pause_time_per_category": {
        "ICBufferFull": 83944.11,
        "G1CollectForAllocation": 8608015.0
    },
    "p90_pause_time": 10392186.2,
    "throughput": 2445835567
}