{
    "garbage_collector": "G1",
    "jdk": "HotSpot_21.0.4",
    "benchmark_group": "Renaissance",
    "benchmark_name": "als",
    "heap_size": "4096",
    "error": null,
    "avg_cpu_usage": 66.5,
    "avg_cpu_time": 65.2,
    "avg_io_time": 0.1,
    "p90_io": 0.0,
    "number_of_pauses": 146,
    "total_pause_time": 669061351,
    "avg_pause_time": 4582611.99,
    "pauses_per_category": {
        "ICBufferFull": 44,
        "Cleanup": 34,
        "CollectForMetadataAllocation": 13,
        "G1PauseRemark": 8,
        "G1PauseCleanup": 8,
        "G1CollectForAllocation": 18,
        "G1TryInitiateConcMark": 21
    },
    "total_pause_time_per_category": {
        "ICBufferFull": 4891631,
        "Cleanup": 2695946,
        "CollectForMetadataAllocation": 63006638,
        "G1PauseRemark": 39084652,
        "G1PauseCleanup": 3511614,
        "G1CollectForAllocation": 381693464,
        "G1TryInitiateConcMark": 174177406
    },
    "avg_pause_time_per_category": {
        "ICBufferFull": 111173.43,
        "Cleanup": 79292.53,
        "CollectForMetadataAllocation": 4846664.46,
        "G1PauseRemark": 4885581.5,
        "G1PauseCleanup": 438951.75,
        "G1CollectForAllocation": 21205192.44,
        "G1TryInitiateConcMark": 8294162.19
    },
    "p90_pause_time": 13952166.5,
    "throughput": 55121500352
}