{
    "garbage_collector": "Parallel",
    "jdk": "HotSpot_21.0.4",
    "benchmark_group": "Renaissance",
    "benchmark_name": "future-genetic",
    "heap_size": "256",
    "error": null,
    "avg_cpu_usage": 31.8,
    "avg_cpu_time": 29.8,
    "avg_io_time": 0.0,
    "p90_io": 0.0,
    "number_of_pauses": 196,
    "total_pause_time": 126045683,
    "avg_pause_time": 643090.22,
    "pauses_per_category": {
        "ICBufferFull": 2,
        "ParallelGCFailedAllocation": 194
    },
    "total_pause_time_per_category": {
        "ICBufferFull": 196206,
        "ParallelGCFailedAllocation": 125849477
    },
    "avg_pause_time_per_category": {
        "ICBufferFull": 98103.0,
        "ParallelGCFailedAllocation": 648708.64
    },
    "p90_pause_time": 825048.0,
    "throughput": 19484686408
}