{
    "garbage_collector": "Z",
    "jdk": "HotSpot_21.0.4",
    "benchmark_group": "Renaissance",
    "benchmark_name": "neo4j-analytics",
    "heap_size": "4096",
    "error": null,
    "avg_cpu_usage": 33.2,
    "avg_cpu_time": 33.6,
    "avg_io_time": 0.7,
    "p90_io": 1.2,
    "number_of_pauses": 146,
    "total_pause_time": 24475708,
    "avg_pause_time": 167641.84,
    "pauses_per_category": {
        "ICBufferFull": 38,
        "XMarkStart": 29,
        "XMarkEnd": 28,
        "CleanClassLoaderDataMetaspaces": 7,
        "XRelocateStart": 28,
        "Cleanup": 16
    },
    "total_pause_time_per_category": {
        "ICBufferFull": 5024256,
        "XMarkStart": 3054791,
        "XMarkEnd": 7888308,
        "CleanClassLoaderDataMetaspaces": 3928315,
        "XRelocateStart": 2902364,
        "Cleanup": 1677674
    },
    "avg_pause_time_per_category": {
        "ICBufferFull": 132217.26,
        "XMarkStart": 105337.62,
        "XMarkEnd": 281725.29,
        "CleanClassLoaderDataMetaspaces": 561187.86,
        "XRelocateStart": 103655.86,
        "Cleanup": 104854.62
    },
    "p90_pause_time": 164663.0,
    "throughput": 39936520013
}