{
    "garbage_collector": "Z",
    "jdk": "HotSpot_21.0.4",
    "benchmark_group": "Renaissance",
    "benchmark_name": "log-regression",
    "heap_size": "1024",
    "error": null,
    "avg_cpu_usage": 53.2,
    "avg_cpu_time": 50.4,
    "avg_io_time": 0.2,
    "p90_io": 0.0,
    "number_of_pauses": 562,
    "total_pause_time": 322408534,
    "avg_pause_time": 573680.67,
    "pauses_per_category": {
        "ICBufferFull": 17,
        "Cleanup": 1,
        "XMarkStart": 181,
        "XMarkEnd": 166,
        "CleanClassLoaderDataMetaspaces": 21,
        "XRelocateStart": 176
    },
    "total_pause_time_per_category": {
        "ICBufferFull": 1641145,
        "Cleanup": 88374,
        "XMarkStart": 32535722,
        "XMarkEnd": 63227540,
        "CleanClassLoaderDataMetaspaces": 84828269,
        "XRelocateStart": 140087484
    },
    "avg_pause_time_per_category": {
        "ICBufferFull": 96537.94,
        "Cleanup": 88374.0,
        "XMarkStart": 179755.37,
        "XMarkEnd": 380888.8,
        "CleanClassLoaderDataMetaspaces": 4039441.38,
        "XRelocateStart": 795951.61
    },
    "p90_pause_time": 174664.3,
    "throughput": 25117472871
}