{
    "garbage_collector": "G1",
    "jdk": "HotSpot_21.0.4",
    "benchmark_group": "Renaissance",
    "benchmark_name": "mnemonics",
    "heap_size": "512",
    "error": null,
    "avg_cpu_usage": 16.1,
    "avg_cpu_time": 16.0,
    "avg_io_time": 0.0,
    "p90_io": 0.0,
    "number_of_pauses": 248,
    "total_pause_time": 1279819041,
    "avg_pause_time": 5160560.65,
    "pauses_per_category": {
        "ICBufferFull": 1,
        "G1CollectForAllocation": 234,
        "G1PauseRemark": 6,
        "G1PauseCleanup": 6,
        "G1TryInitiateConcMark": 1
    },
    "total_pause_time_per_category": {
        "ICBufferFull": 70663,
        "G1CollectForAllocation": 1252705391,
        "G1PauseRemark": 6054343,
        "G1PauseCleanup": 1175842,
        "G1TryInitiateConcMark": 19812802
    },
    "avg_pause_time_per_category": {
        "ICBufferFull": 70663.0,
        "G1CollectForAllocation": 5353441.84,
        "G1PauseRemark": 1009057.17,
        "G1PauseCleanup": 195973.67,
        "G1TryInitiateConcMark": 19812802.0
    },
    "p90_pause_time": 7875252.8,
    "throughput": 27067502882
}