{
    "garbage_collector": "Serial",
    "jdk": "HotSpot_21.0.4",
    "benchmark_group": "Renaissance",
    "benchmark_name": "finagle-chirper",
    "heap_size": "2048",
    "error": null,
    "avg_cpu_usage": 75.8,
    "avg_cpu_time": 68.8,
    "avg_io_time": 0.0,
    "p90_io": 0.0,
    "number_of_pauses": 132,
    "total_pause_time": 1197442534,
    "avg_pause_time": 9071534.35,
    "pauses_per_category": {
        "ICBufferFull": 69,
        "CollectForMetadataAllocation": 2,
        "GenCollectForAllocation": 60,
        "GenCollectFull": 1
    },
    "total_pause_time_per_category": {
        "ICBufferFull": 19386333,
        "CollectForMetadataAllocation": 42400316,
        "GenCollectForAllocation": 1057419078,
        "GenCollectFull": 78236807
    },
    "avg_pause_time_per_category": {
        "ICBufferFull": 280961.35,
        "CollectForMetadataAllocation": 21200158.0,
        "GenCollectForAllocation": 17623651.3,
        "GenCollectFull": 78236807.0
    },
    "p90_pause_time": 22047316.9,
    "throughput": 33717769063
}