{
    "garbage_collector": "Z",
    "jdk": "HotSpot_21.0.4",
    "benchmark_group": "Renaissance",
    "benchmark_name": "chi-square",
    "heap_size": "8192",
    "error": null,
    "avg_cpu_usage": 26.3,
    "avg_cpu_time": 22.8,
    "avg_io_time": 0.2,
    "p90_io": 0.0,
    "number_of_pauses": 42,
    "total_pause_time": 5796849,
    "avg_pause_time": 138020.21,
    "pauses_per_category": {
        "ICBufferFull": 5,
        "Cleanup": 3,
        "XMarkStart": 9,
        "XMarkEnd": 9,
        "CleanClassLoaderDataMetaspaces": 6,
        "XRelocateStart": 10
    },
    "total_pause_time_per_category": {
        "ICBufferFull": 443619,
        "Cleanup": 372361,
        "XMarkStart": 1035622,
        "XMarkEnd": 783762,
        "CleanClassLoaderDataMetaspaces": 2201056,
        "XRelocateStart": 960429
    },
    "avg_pause_time_per_category": {
        "ICBufferFull": 88723.8,
        "Cleanup": 124120.33,
        "XMarkStart": 115069.11,
        "XMarkEnd": 87084.67,
        "CleanClassLoaderDataMetaspaces": 366842.67,
        "XRelocateStart": 96042.9
    },
    "p90_pause_time": 208974.6,
    "throughput": 15820917573
}