{
    "garbage_collector": "G1",
    "jdk": "HotSpot_21.0.4",
    "benchmark_group": "Renaissance",
    "benchmark_name": "scala-doku",
    "heap_size": "1024",
    "error": null,
    "avg_cpu_usage": 13.8,
    "avg_cpu_time": 14.4,
    "avg_io_time": 0.1,
    "p90_io": 0.0,
    "number_of_pauses": 20,
    "total_pause_time": 70299510,
    "avg_pause_time": 3514975.5,
    "pauses_per_category": {
        "ICBufferFull": 1,
        "G1CollectForAllocation": 6,
        "Cleanup": 13
    },
    "total_pause_time_per_category": {
        "ICBufferFull": 76173,
        "G1CollectForAllocation": 69063705,
        "Cleanup": 1159632
    },
    "avg_pause_time_per_category": {
        "ICBufferFull": 76173.0,
        "G1CollectForAllocation": 11510617.5,
        "Cleanup": 89202.46
    },
    "p90_pause_time": 11185936.0,
    "throughput": 19438556316
}