{
    "garbage_collector": "Z",
    "jdk": "HotSpot_21.0.4",
    "benchmark_group": "Renaissance",
    "benchmark_name": "neo4j-analytics",
    "heap_size": "2048",
    "error": null,
    "avg_cpu_usage": 33.6,
    "avg_cpu_time": 33.3,
    "avg_io_time": 0.4,
    "p90_io": 0.0,
    "number_of_pauses": 284,
    "total_pause_time": 58664344,
    "avg_pause_time": 206564.59,
    "pauses_per_category": {
        "ICBufferFull": 41,
        "XMarkStart": 77,
        "XMarkEnd": 78,
        "CleanClassLoaderDataMetaspaces": 10,
        "XRelocateStart": 78
    },
    "total_pause_time_per_category": {
        "ICBufferFull": 4229368,
        "XMarkStart": 31270659,
        "XMarkEnd": 6559305,
        "CleanClassLoaderDataMetaspaces": 8918720,
        "XRelocateStart": 7686292
    },
    "avg_pause_time_per_category": {
        "ICBufferFull": 103155.32,
        "XMarkStart": 406112.45,
        "XMarkEnd": 84093.65,
        "CleanClassLoaderDataMetaspaces": 891872.0,
        "XRelocateStart": 98542.21
    },
    "p90_pause_time": 155878.1,
    "throughput": 56358253005
}