{
    "garbage_collector": "G1",
    "jdk": "HotSpot_21.0.4",
    "benchmark_group": "Renaissance",
    "benchmark_name": "movie-lens",
    "heap_size": "1024",
    "error": null,
    "avg_cpu_usage": 57.3,
    "avg_cpu_time": 53.3,
    "avg_io_time": 0.0,
    "p90_io": 0.0,
    "number_of_pauses": 978,
    "total_pause_time": 2242969504,
    "avg_pause_time": 2293424.85,
    "pauses_per_category": {
        "ICBufferFull": 27,
        "Cleanup": 1,
        "G1CollectForAllocation": 453,
        "CollectForMetadataAllocation": 9,
        "G1PauseRemark": 112,
        "G1PauseCleanup": 112,
        "G1TryInitiateConcMark": 264
    },
    "total_pause_time_per_category": {
        "ICBufferFull": 4163997,
        "Cleanup": 213707,
        "G1CollectForAllocation": 1326243773,
        "CollectForMetadataAllocation": 31365520,
        "G1PauseRemark": 462619470,
        "G1PauseCleanup": 52455559,
        "G1TryInitiateConcMark": 365907478
    },
    "avg_pause_time_per_category": {
        "ICBufferFull": 154222.11,
        "Cleanup": 213707.0,
        "G1CollectForAllocation": 2927690.45,
        "CollectForMetadataAllocation": 3485057.78,
        "G1PauseRemark": 4130530.98,
        "G1PauseCleanup": 468353.21,
        "G1TryInitiateConcMark": 1386013.17
    },
    "p90_pause_time": 4265850.8,
    "throughput": 95368854888
}