{
    "garbage_collector": "Serial",
    "jdk": "HotSpot_21.0.4",
    "benchmark_group": "Renaissance",
    "benchmark_name": "als",
    "heap_size": "8192",
    "error": null,
    "avg_cpu_usage": 65.6,
    "avg_cpu_time": 65.1,
    "avg_io_time": 0.3,
    "p90_io": 0.0,
    "number_of_pauses": 99,
    "total_pause_time": 878319713,
    "avg_pause_time": 8871916.29,
    "pauses_per_category": {
        "ICBufferFull": 43,
        "Cleanup": 30,
        "CollectForMetadataAllocation": 5,
        "GenCollectForAllocation": 19,
        "GenCollectFull": 2
    },
    "total_pause_time_per_category": {
        "ICBufferFull": 3903119,
        "Cleanup": 2135041,
        "CollectForMetadataAllocation": 321413821,
        "GenCollectForAllocation": 337197786,
        "GenCollectFull": 213669946
    },
    "avg_pause_time_per_category": {
        "ICBufferFull": 90770.21,
        "Cleanup": 71168.03,
        "CollectForMetadataAllocation": 64282764.2,
        "GenCollectForAllocation": 17747251.89,
        "GenCollectFull": 106834973.0
    },
    "p90_pause_time": 22493615.2,
    "throughput": 53567539253
}