{
    "garbage_collector": "Serial",
    "jdk": "HotSpot_21.0.4",
    "benchmark_group": "Renaissance",
    "benchmark_name": "movie-lens",
    "heap_size": "4096",
    "error": null,
    "avg_cpu_usage": 55.9,
    "avg_cpu_time": 50.3,
    "avg_io_time": 0.1,
    "p90_io": 0.0,
    "number_of_pauses": 237,
    "total_pause_time": 2216054647,
    "avg_pause_time": 9350441.55,
    "pauses_per_category": {
        "ICBufferFull": 21,
        "CollectForMetadataAllocation": 4,
        "GenCollectForAllocation": 202,
        "GenCollectFull": 10
    },
    "total_pause_time_per_category": {
        "ICBufferFull": 2287504,
        "CollectForMetadataAllocation": 89303475,
        "GenCollectForAllocation": 1930712091,
        "GenCollectFull": 193751577
    },
    "avg_pause_time_per_category": {
        "ICBufferFull": 108928.76,
        "CollectForMetadataAllocation": 22325868.75,
        "GenCollectForAllocation": 9557980.65,
        "GenCollectFull": 19375157.7
    },
    "p90_pause_time": 16053525.4,
    "throughput": 90471171291
}