{
    "garbage_collector": "Z",
    "jdk": "HotSpot_21.0.4",
    "benchmark_group": "Renaissance",
    "benchmark_name": "philosophers",
    "heap_size": "512",
    "error": null,
    "avg_cpu_usage": 87.3,
    "avg_cpu_time": 86.0,
    "avg_io_time": 0.0,
    "p90_io": 0.0,
    "number_of_pauses": 431,
    "total_pause_time": 42949406,
    "avg_pause_time": 99650.59,
    "pauses_per_category": {
        "ICBufferFull": 1,
        "XMarkStart": 143,
        "XMarkEnd": 143,
        "CleanClassLoaderDataMetaspaces": 1,
        "XRelocateStart": 143
    },
    "total_pause_time_per_category": {
        "ICBufferFull": 69570,
        "XMarkStart": 14173931,
        "XMarkEnd": 13989026,
        "CleanClassLoaderDataMetaspaces": 759638,
        "XRelocateStart": 13957241
    },
    "avg_pause_time_per_category": {
        "ICBufferFull": 69570.0,
        "XMarkStart": 99118.4,
        "XMarkEnd": 97825.36,
        "CleanClassLoaderDataMetaspaces": 759638.0,
        "XRelocateStart": 97603.08
    },
    "p90_pause_time": 104195.0,
    "throughput": 15648196853
}