{
    "garbage_collector": "Z",
    "jdk": "HotSpot_21.0.4",
    "benchmark_group": "Renaissance",
    "benchmark_name": "neo4j-analytics",
    "heap_size": "1024",
    "error": "Return code -9: Process was killed due to timeout\nException in thread \"neo4j.StorageMaintenance-2\" java.lang.OutOfMemoryError: Java heap space\nBenchmark 'neo4j-analytics' failed with exception:\njava.lang.OutOfMemoryError: Java heap space\n",
    "avg_cpu_usage": 1.1,
    "avg_cpu_time": 1.1,
    "avg_io_time": 0.0,
    "p90_io": 0.0,
    "number_of_pauses": 0,
    "total_pause_time": 0,
    "avg_pause_time": 0,
    "pauses_per_category": {},
    "total_pause_time_per_category": {},
    "avg_pause_time_per_category": {},
    "p90_pause_time": 0,
    "throughput": 0
}