{
    "garbage_collector": "G1",
    "jdk": "HotSpot_21.0.4",
    "benchmark_group": "Renaissance",
    "benchmark_name": "scala-doku",
    "heap_size": "8192",
    "error": null,
    "avg_cpu_usage": 14.1,
    "avg_cpu_time": 14.1,
    "avg_io_time": 0.1,
    "p90_io": 0.0,
    "number_of_pauses": 20,
    "total_pause_time": 29338802,
    "avg_pause_time": 1466940.1,
    "pauses_per_category": {
        "ICBufferFull": 2,
        "Cleanup": 15,
        "G1CollectForAllocation": 3
    },
    "total_pause_time_per_category": {
        "ICBufferFull": 133519,
        "Cleanup": 1384476,
        "G1CollectForAllocation": 27820807
    },
    "avg_pause_time_per_category": {
        "ICBufferFull": 66759.5,
        "Cleanup": 92298.4,
        "G1CollectForAllocation": 9273602.33
    },
    "p90_pause_time": 6809820.1,
    "throughput": 20648882574
}