{
    "garbage_collector": "G1",
    "jdk": "HotSpot_21.0.4",
    "benchmark_group": "Renaissance",
    "benchmark_name": "movie-lens",
    "heap_size": "8192",
    "error": null,
    "avg_cpu_usage": 56.5,
    "avg_cpu_time": 52.7,
    "avg_io_time": 0.1,
    "p90_io": 0.0,
    "number_of_pauses": 237,
    "total_pause_time": 674230341,
    "avg_pause_time": 2844853.76,
    "pauses_per_category": {
        "ICBufferFull": 41,
        "Cleanup": 29,
        "CollectForMetadataAllocation": 5,
        "G1PauseRemark": 4,
        "G1PauseCleanup": 4,
        "G1CollectForAllocation": 7,
        "G1TryInitiateConcMark": 147
    },
    "total_pause_time_per_category": {
        "ICBufferFull": 7437487,
        "Cleanup": 2242364,
        "CollectForMetadataAllocation": 44469132,
        "G1PauseRemark": 11358514,
        "G1PauseCleanup": 1855115,
        "G1CollectForAllocation": 107589285,
        "G1TryInitiateConcMark": 499278444
    },
    "avg_pause_time_per_category": {
        "ICBufferFull": 181402.12,
        "Cleanup": 77322.9,
        "CollectForMetadataAllocation": 8893826.4,
        "G1PauseRemark": 2839628.5,
        "G1PauseCleanup": 463778.75,
        "G1CollectForAllocation": 15369897.86,
        "G1TryInitiateConcMark": 3396452.0
    },
    "p90_pause_time": 5458307.6,
    "throughput": 92589278610
}