{
    "garbage_collector": "G1",
    "jdk": "HotSpot_21.0.4",
    "benchmark_group": "Renaissance",
    "benchmark_name": "par-mnemonics",
    "heap_size": "4096",
    "error": null,
    "avg_cpu_usage": 20.1,
    "avg_cpu_time": 19.2,
    "avg_io_time": 0.0,
    "p90_io": 0.0,
    "number_of_pauses": 35,
    "total_pause_time": 1112729808,
    "avg_pause_time": 31792280.23,
    "pauses_per_category": {
        "ICBufferFull": 2,
        "G1CollectForAllocation": 33
    },
    "total_pause_time_per_category": {
        "ICBufferFull": 211569,
        "G1CollectForAllocation": 1112518239
    },
    "avg_pause_time_per_category": {
        "ICBufferFull": 105784.5,
        "G1CollectForAllocation": 33712673.91
    },
    "p90_pause_time": 50142164.4,
    "throughput": 23758692463
}