{
    "garbage_collector": "Z",
    "jdk": "HotSpot_21.0.4",
    "benchmark_group": "Renaissance",
    "benchmark_name": "future-genetic",
    "heap_size": "8192",
    "error": null,
    "avg_cpu_usage": 28.8,
    "avg_cpu_time": 25.9,
    "avg_io_time": 0.0,
    "p90_io": 0.0,
    "number_of_pauses": 68,
    "total_pause_time": 7000911,
    "avg_pause_time": 102954.57,
    "pauses_per_category": {
        "ICBufferFull": 3,
        "XMarkStart": 20,
        "XMarkEnd": 20,
        "CleanClassLoaderDataMetaspaces": 2,
        "XRelocateStart": 20,
        "Cleanup": 3
    },
    "total_pause_time_per_category": {
        "ICBufferFull": 343217,
        "XMarkStart": 2017931,
        "XMarkEnd": 1944871,
        "CleanClassLoaderDataMetaspaces": 534259,
        "XRelocateStart": 1901414,
        "Cleanup": 259219
    },
    "avg_pause_time_per_category": {
        "ICBufferFull": 114405.67,
        "XMarkStart": 100896.55,
        "XMarkEnd": 97243.55,
        "CleanClassLoaderDataMetaspaces": 267129.5,
        "XRelocateStart": 95070.7,
        "Cleanup": 86406.33
    },
    "p90_pause_time": 104754.2,
    "throughput": 24964110134
}