{
    "garbage_collector": "Parallel",
    "jdk": "HotSpot_21.0.4",
    "benchmark_group": "Renaissance",
    "benchmark_name": "par-mnemonics",
    "heap_size": "1024",
    "error": null,
    "avg_cpu_usage": 19.2,
    "avg_cpu_time": 18.9,
    "avg_io_time": 0.1,
    "p90_io": 0.0,
    "number_of_pauses": 220,
    "total_pause_time": 1112909505,
    "avg_pause_time": 5058679.57,
    "pauses_per_category": {
        "ICBufferFull": 1,
        "ParallelGCFailedAllocation": 219
    },
    "total_pause_time_per_category": {
        "ICBufferFull": 54509,
        "ParallelGCFailedAllocation": 1112854996
    },
    "avg_pause_time_per_category": {
        "ICBufferFull": 54509.0,
        "ParallelGCFailedAllocation": 5081529.66
    },
    "p90_pause_time": 11515653.9,
    "throughput": 21910300290
}