{
    "garbage_collector": "Parallel",
    "jdk": "HotSpot_21.0.4",
    "benchmark_group": "Renaissance",
    "benchmark_name": "finagle-http",
    "heap_size": "8192",
    "error": null,
    "avg_cpu_usage": 79.9,
    "avg_cpu_time": 63.2,
    "avg_io_time": 0.0,
    "p90_io": 0.0,
    "number_of_pauses": 96,
    "total_pause_time": 106981010,
    "avg_pause_time": 1114385.52,
    "pauses_per_category": {
        "ICBufferFull": 56,
        "CollectForMetadataAllocation": 2,
        "Cleanup": 24,
        "ParallelGCFailedAllocation": 14
    },
    "total_pause_time_per_category": {
        "ICBufferFull": 6820584,
        "CollectForMetadataAllocation": 40176052,
        "Cleanup": 2534397,
        "ParallelGCFailedAllocation": 57449977
    },
    "avg_pause_time_per_category": {
        "ICBufferFull": 121796.14,
        "CollectForMetadataAllocation": 20088026.0,
        "Cleanup": 105599.88,
        "ParallelGCFailedAllocation": 4103569.79
    },
    "p90_pause_time": 1176977.5,
    "throughput": 38710854144
}