{
    "garbage_collector": "G1",
    "jdk": "HotSpot_21.0.4",
    "benchmark_group": "Renaissance",
    "benchmark_name": "als",
    "heap_size": "2048",
    "error": null,
    "avg_cpu_usage": 64.7,
    "avg_cpu_time": 66.2,
    "avg_io_time": 0.1,
    "p90_io": 0.0,
    "number_of_pauses": 162,
    "total_pause_time": 563196815,
    "avg_pause_time": 3476523.55,
    "pauses_per_category": {
        "ICBufferFull": 36,
        "CollectForMetadataAllocation": 8,
        "G1PauseRemark": 14,
        "G1PauseCleanup": 14,
        "G1CollectForAllocation": 53,
        "G1TryInitiateConcMark": 13,
        "Cleanup": 24
    },
    "total_pause_time_per_category": {
        "ICBufferFull": 3785659,
        "CollectForMetadataAllocation": 43072551,
        "G1PauseRemark": 64011631,
        "G1PauseCleanup": 8889802,
        "G1CollectForAllocation": 402541085,
        "G1TryInitiateConcMark": 39262974,
        "Cleanup": 1633113
    },
    "avg_pause_time_per_category": {
        "ICBufferFull": 105157.19,
        "CollectForMetadataAllocation": 5384068.88,
        "G1PauseRemark": 4572259.36,
        "G1PauseCleanup": 634985.86,
        "G1CollectForAllocation": 7595114.81,
        "G1TryInitiateConcMark": 3020228.77,
        "Cleanup": 68046.38
    },
    "p90_pause_time": 8004907.2,
    "throughput": 54509163254
}