{
    "garbage_collector": "Z",
    "jdk": "HotSpot_21.0.4",
    "benchmark_group": "Renaissance",
    "benchmark_name": "als",
    "heap_size": "2048",
    "error": null,
    "avg_cpu_usage": 66.7,
    "avg_cpu_time": 63.5,
    "avg_io_time": 0.1,
    "p90_io": 0.0,
    "number_of_pauses": 526,
    "total_pause_time": 50772760,
    "avg_pause_time": 96526.16,
    "pauses_per_category": {
        "ICBufferFull": 32,
        "Cleanup": 21,
        "XMarkStart": 171,
        "XMarkEnd": 121,
        "CleanClassLoaderDataMetaspaces": 10,
        "XRelocateStart": 171
    },
    "total_pause_time_per_category": {
        "ICBufferFull": 3316267,
        "Cleanup": 1723384,
        "XMarkStart": 14699505,
        "XMarkEnd": 11429107,
        "CleanClassLoaderDataMetaspaces": 8577251,
        "XRelocateStart": 11027246
    },
    "avg_pause_time_per_category": {
        "ICBufferFull": 103633.34,
        "Cleanup": 82065.9,
        "XMarkStart": 85962.02,
        "XMarkEnd": 94455.43,
        "CleanClassLoaderDataMetaspaces": 857725.1,
        "XRelocateStart": 64486.82
    },
    "p90_pause_time": 138138.5,
    "throughput": 59726179896
}