{
    "garbage_collector": "Z",
    "jdk": "HotSpot_21.0.4",
    "benchmark_group": "Renaissance",
    "benchmark_name": "par-mnemonics",
    "heap_size": "4096",
    "error": null,
    "avg_cpu_usage": 15.6,
    "avg_cpu_time": 15.7,
    "avg_io_time": 0.1,
    "p90_io": 0.0,
    "number_of_pauses": 107,
    "total_pause_time": 11051279,
    "avg_pause_time": 103282.98,
    "pauses_per_category": {
        "ICBufferFull": 1,
        "XMarkStart": 33,
        "XMarkEnd": 33,
        "CleanClassLoaderDataMetaspaces": 2,
        "XRelocateStart": 33,
        "Cleanup": 5
    },
    "total_pause_time_per_category": {
        "ICBufferFull": 66540,
        "XMarkStart": 3395800,
        "XMarkEnd": 3444147,
        "CleanClassLoaderDataMetaspaces": 580503,
        "XRelocateStart": 3178379,
        "Cleanup": 385910
    },
    "avg_pause_time_per_category": {
        "ICBufferFull": 66540.0,
        "XMarkStart": 102903.03,
        "XMarkEnd": 104368.09,
        "CleanClassLoaderDataMetaspaces": 290251.5,
        "XRelocateStart": 96314.52,
        "Cleanup": 77182.0
    },
    "p90_pause_time": 111797.0,
    "throughput": 29794941028
}