{
    "garbage_collector": "Serial",
    "jdk": "HotSpot_21.0.4",
    "benchmark_group": "Renaissance",
    "benchmark_name": "gauss-mix",
    "heap_size": "2048",
    "error": null,
    "avg_cpu_usage": 29.9,
    "avg_cpu_time": 28.9,
    "avg_io_time": 0.0,
    "p90_io": 0.0,
    "number_of_pauses": 35,
    "total_pause_time": 251364162,
    "avg_pause_time": 7181833.2,
    "pauses_per_category": {
        "ICBufferFull": 9,
        "Cleanup": 1,
        "CollectForMetadataAllocation": 4,
        "GenCollectForAllocation": 21
    },
    "total_pause_time_per_category": {
        "ICBufferFull": 685375,
        "Cleanup": 87862,
        "CollectForMetadataAllocation": 98988523,
        "GenCollectForAllocation": 151602402
    },
    "avg_pause_time_per_category": {
        "ICBufferFull": 76152.78,
        "Cleanup": 87862.0,
        "CollectForMetadataAllocation": 24747130.75,
        "GenCollectForAllocation": 7219162.0
    },
    "p90_pause_time": 10926027.4,
    "throughput": 12477194511
}