{
    "garbage_collector": "Serial",
    "jdk": "HotSpot_21.0.4",
    "benchmark_group": "Renaissance",
    "benchmark_name": "fj-kmeans",
    "heap_size": "1024",
    "error": null,
    "avg_cpu_usage": 83.7,
    "avg_cpu_time": 83.2,
    "avg_io_time": 0.0,
    "p90_io": 0.0,
    "number_of_pauses": 361,
    "total_pause_time": 408925041,
    "avg_pause_time": 1132756.35,
    "pauses_per_category": {
        "ICBufferFull": 1,
        "GenCollectForAllocation": 360
    },
    "total_pause_time_per_category": {
        "ICBufferFull": 62559,
        "GenCollectForAllocation": 408862482
    },
    "avg_pause_time_per_category": {
        "ICBufferFull": 62559.0,
        "GenCollectForAllocation": 1135729.12
    },
    "p90_pause_time": 1088551.0,
    "throughput": 25728065540
}