{
    "garbage_collector": "Serial",
    "jdk": "HotSpot_21.0.4",
    "benchmark_group": "Renaissance",
    "benchmark_name": "dotty",
    "heap_size": "512",
    "error": null,
    "avg_cpu_usage": 38.0,
    "avg_cpu_time": 38.8,
    "avg_io_time": 0.1,
    "p90_io": 0.0,
    "number_of_pauses": 100,
    "total_pause_time": 1354942635,
    "avg_pause_time": 13549426.35,
    "pauses_per_category": {
        "ICBufferFull": 74,
        "CollectForMetadataAllocation": 2,
        "GenCollectForAllocation": 15,
        "GenCollectFull": 3,
        "Cleanup": 6
    },
    "total_pause_time_per_category": {
        "ICBufferFull": 22560191,
        "CollectForMetadataAllocation": 55970367,
        "GenCollectForAllocation": 929407013,
        "GenCollectFull": 346377113,
        "Cleanup": 627951
    },
    "avg_pause_time_per_category": {
        "ICBufferFull": 304867.45,
        "CollectForMetadataAllocation": 27985183.5,
        "GenCollectForAllocation": 61960467.53,
        "GenCollectFull": 115459037.67,
        "Cleanup": 104658.5
    },
    "p90_pause_time": 62692774.8,
    "throughput": 28621347565
}