{
    "garbage_collector": "Parallel",
    "jdk": "HotSpot_21.0.4",
    "benchmark_group": "Renaissance",
    "benchmark_name": "dec-tree",
    "heap_size": "4096",
    "error": null,
    "avg_cpu_usage": 39.3,
    "avg_cpu_time": 40.5,
    "avg_io_time": 0.0,
    "p90_io": 0.0,
    "number_of_pauses": 59,
    "total_pause_time": 308683082,
    "avg_pause_time": 5231916.64,
    "pauses_per_category": {
        "ICBufferFull": 40,
        "Cleanup": 1,
        "CollectForMetadataAllocation": 5,
        "ParallelGCFailedAllocation": 12,
        "ParallelGCSystemGC": 1
    },
    "total_pause_time_per_category": {
        "ICBufferFull": 4342535,
        "Cleanup": 340123,
        "CollectForMetadataAllocation": 134984290,
        "ParallelGCFailedAllocation": 90539079,
        "ParallelGCSystemGC": 78477055
    },
    "avg_pause_time_per_category": {
        "ICBufferFull": 108563.38,
        "Cleanup": 340123.0,
        "CollectForMetadataAllocation": 26996858.0,
        "ParallelGCFailedAllocation": 7544923.25,
        "ParallelGCSystemGC": 78477055.0
    },
    "p90_pause_time": 16071542.2,
    "throughput": 15843153699
}