{
    "garbage_collector": "Parallel",
    "jdk": "HotSpot_21.0.4",
    "benchmark_group": "Renaissance",
    "benchmark_name": "philosophers",
    "heap_size": "256",
    "error": null,
    "avg_cpu_usage": 86.3,
    "avg_cpu_time": 85.4,
    "avg_io_time": 0.0,
    "p90_io": 0.0,
    "number_of_pauses": 415,
    "total_pause_time": 329873316,
    "avg_pause_time": 794875.46,
    "pauses_per_category": {
        "ICBufferFull": 1,
        "ParallelGCFailedAllocation": 414
    },
    "total_pause_time_per_category": {
        "ICBufferFull": 55671,
        "ParallelGCFailedAllocation": 329817645
    },
    "avg_pause_time_per_category": {
        "ICBufferFull": 55671.0,
        "ParallelGCFailedAllocation": 796660.98
    },
    "p90_pause_time": 1033864.8,
    "throughput": 18422687244
}