{
    "garbage_collector": "Parallel",
    "jdk": "HotSpot_21.0.4",
    "benchmark_group": "Renaissance",
    "benchmark_name": "scala-doku",
    "heap_size": "8192",
    "error": null,
    "avg_cpu_usage": 13.7,
    "avg_cpu_time": 13.9,
    "avg_io_time": 0.1,
    "p90_io": 0.0,
    "number_of_pauses": 14,
    "total_pause_time": 1283716,
    "avg_pause_time": 91694.0,
    "pauses_per_category": {
        "ICBufferFull": 2,
        "Cleanup": 12
    },
    "total_pause_time_per_category": {
        "ICBufferFull": 258841,
        "Cleanup": 1024875
    },
    "avg_pause_time_per_category": {
        "ICBufferFull": 129420.5,
        "Cleanup": 85406.25
    },
    "p90_pause_time": 133099.8,
    "throughput": 20040883043
}