{
    "garbage_collector": "Parallel",
    "jdk": "HotSpot_21.0.4",
    "benchmark_group": "Renaissance",
    "benchmark_name": "naive-bayes",
    "heap_size": "4096",
    "error": null,
    "avg_cpu_usage": 72.3,
    "avg_cpu_time": 70.8,
    "avg_io_time": 0.1,
    "p90_io": 0.0,
    "number_of_pauses": 158,
    "total_pause_time": 966368965,
    "avg_pause_time": 6116259.27,
    "pauses_per_category": {
        "ICBufferFull": 28,
        "Cleanup": 2,
        "CollectForMetadataAllocation": 4,
        "ParallelGCFailedAllocation": 123,
        "ParallelGCSystemGC": 1
    },
    "total_pause_time_per_category": {
        "ICBufferFull": 3157828,
        "Cleanup": 108935,
        "CollectForMetadataAllocation": 127758605,
        "ParallelGCFailedAllocation": 832821867,
        "ParallelGCSystemGC": 2521730
    },
    "avg_pause_time_per_category": {
        "ICBufferFull": 112779.57,
        "Cleanup": 54467.5,
        "CollectForMetadataAllocation": 31939651.25,
        "ParallelGCFailedAllocation": 6770909.49,
        "ParallelGCSystemGC": 2521730.0
    },
    "p90_pause_time": 14250862.5,
    "throughput": 23578557574
}