{
    "garbage_collector": "Z",
    "jdk": "HotSpot_21.0.4",
    "benchmark_group": "Renaissance",
    "benchmark_name": "philosophers",
    "heap_size": "4096",
    "error": null,
    "avg_cpu_usage": 82.3,
    "avg_cpu_time": 82.0,
    "avg_io_time": 0.0,
    "p90_io": 0.0,
    "number_of_pauses": 44,
    "total_pause_time": 4989630,
    "avg_pause_time": 113400.68,
    "pauses_per_category": {
        "ICBufferFull": 2,
        "XMarkStart": 13,
        "XMarkEnd": 13,
        "CleanClassLoaderDataMetaspaces": 1,
        "XRelocateStart": 13,
        "Cleanup": 2
    },
    "total_pause_time_per_category": {
        "ICBufferFull": 216846,
        "XMarkStart": 1360193,
        "XMarkEnd": 1255945,
        "CleanClassLoaderDataMetaspaces": 726427,
        "XRelocateStart": 1243113,
        "Cleanup": 187106
    },
    "avg_pause_time_per_category": {
        "ICBufferFull": 108423.0,
        "XMarkStart": 104630.23,
        "XMarkEnd": 96611.15,
        "CleanClassLoaderDataMetaspaces": 726427.0,
        "XRelocateStart": 95624.08,
        "Cleanup": 93553.0
    },
    "p90_pause_time": 112436.6,
    "throughput": 15943440989
}