{
    "garbage_collector": "Z",
    "jdk": "HotSpot_21.0.4",
    "benchmark_group": "Renaissance",
    "benchmark_name": "future-genetic",
    "heap_size": "4096",
    "error": null,
    "avg_cpu_usage": 29.6,
    "avg_cpu_time": 27.3,
    "avg_io_time": 0.0,
    "p90_io": 0.0,
    "number_of_pauses": 77,
    "total_pause_time": 7867890,
    "avg_pause_time": 102180.39,
    "pauses_per_category": {
        "ICBufferFull": 3,
        "XMarkStart": 24,
        "XMarkEnd": 24,
        "CleanClassLoaderDataMetaspaces": 2,
        "XRelocateStart": 24
    },
    "total_pause_time_per_category": {
        "ICBufferFull": 405874,
        "XMarkStart": 2433434,
        "XMarkEnd": 2230277,
        "CleanClassLoaderDataMetaspaces": 557629,
        "XRelocateStart": 2240676
    },
    "avg_pause_time_per_category": {
        "ICBufferFull": 135291.33,
        "XMarkStart": 101393.08,
        "XMarkEnd": 92928.21,
        "CleanClassLoaderDataMetaspaces": 278814.5,
        "XRelocateStart": 93361.5
    },
    "p90_pause_time": 108693.6,
    "throughput": 23733303053
}