{
    "garbage_collector": "Z",
    "jdk": "HotSpot_21.0.4",
    "benchmark_group": "Renaissance",
    "benchmark_name": "chi-square",
    "heap_size": "4096",
    "error": null,
    "avg_cpu_usage": 27.8,
    "avg_cpu_time": 26.8,
    "avg_io_time": 0.3,
    "p90_io": 0.0,
    "number_of_pauses": 60,
    "total_pause_time": 7019609,
    "avg_pause_time": 116993.48,
    "pauses_per_category": {
        "ICBufferFull": 4,
        "Cleanup": 1,
        "XMarkStart": 16,
        "XMarkEnd": 16,
        "CleanClassLoaderDataMetaspaces": 7,
        "XRelocateStart": 16
    },
    "total_pause_time_per_category": {
        "ICBufferFull": 436957,
        "Cleanup": 197646,
        "XMarkStart": 1890100,
        "XMarkEnd": 1277220,
        "CleanClassLoaderDataMetaspaces": 2125603,
        "XRelocateStart": 1092083
    },
    "avg_pause_time_per_category": {
        "ICBufferFull": 109239.25,
        "Cleanup": 197646.0,
        "XMarkStart": 118131.25,
        "XMarkEnd": 79826.25,
        "CleanClassLoaderDataMetaspaces": 303657.57,
        "XRelocateStart": 68255.19
    },
    "p90_pause_time": 178773.0,
    "throughput": 14907339270
}