{
    "garbage_collector": "Z",
    "jdk": "HotSpot_21.0.4",
    "benchmark_group": "Renaissance",
    "benchmark_name": "finagle-chirper",
    "heap_size": "512",
    "error": null,
    "avg_cpu_usage": 80.9,
    "avg_cpu_time": 74.9,
    "avg_io_time": 0.0,
    "p90_io": 0.0,
    "number_of_pauses": 826,
    "total_pause_time": 117172529,
    "avg_pause_time": 141855.36,
    "pauses_per_category": {
        "ICBufferFull": 36,
        "XMarkStart": 262,
        "XMarkEnd": 262,
        "CleanClassLoaderDataMetaspaces": 4,
        "XRelocateStart": 262
    },
    "total_pause_time_per_category": {
        "ICBufferFull": 13202089,
        "XMarkStart": 33787175,
        "XMarkEnd": 30707296,
        "CleanClassLoaderDataMetaspaces": 2569375,
        "XRelocateStart": 36906594
    },
    "avg_pause_time_per_category": {
        "ICBufferFull": 366724.69,
        "XMarkStart": 128958.68,
        "XMarkEnd": 117203.42,
        "CleanClassLoaderDataMetaspaces": 642343.75,
        "XRelocateStart": 140864.86
    },
    "p90_pause_time": 152423.5,
    "throughput": 40858701885
}