{
    "garbage_collector": "Parallel",
    "jdk": "HotSpot_21.0.4",
    "benchmark_group": "Renaissance",
    "benchmark_name": "dotty",
    "heap_size": "256",
    "error": null,
    "avg_cpu_usage": 40.8,
    "avg_cpu_time": 38.4,
    "avg_io_time": 0.0,
    "p90_io": 0.0,
    "number_of_pauses": 112,
    "total_pause_time": 846889883,
    "avg_pause_time": 7561516.81,
    "pauses_per_category": {
        "ICBufferFull": 61,
        "CollectForMetadataAllocation": 2,
        "ParallelGCFailedAllocation": 44,
        "ParallelGCSystemGC": 2,
        "Cleanup": 3
    },
    "total_pause_time_per_category": {
        "ICBufferFull": 28658299,
        "CollectForMetadataAllocation": 47643300,
        "ParallelGCFailedAllocation": 564297583,
        "ParallelGCSystemGC": 205919733,
        "Cleanup": 370968
    },
    "avg_pause_time_per_category": {
        "ICBufferFull": 469808.18,
        "CollectForMetadataAllocation": 23821650.0,
        "ParallelGCFailedAllocation": 12824945.07,
        "ParallelGCSystemGC": 102959866.5,
        "Cleanup": 123656.0
    },
    "p90_pause_time": 10609220.2,
    "throughput": 28318042100
}