{
    "garbage_collector": "Z",
    "jdk": "HotSpot_21.0.4",
    "benchmark_group": "Renaissance",
    "benchmark_name": "finagle-chirper",
    "heap_size": "256",
    "error": null,
    "avg_cpu_usage": 80.1,
    "avg_cpu_time": 74.0,
    "avg_io_time": 0.0,
    "p90_io": 0.0,
    "number_of_pauses": 1197,
    "total_pause_time": 139594731,
    "avg_pause_time": 116620.49,
    "pauses_per_category": {
        "ICBufferFull": 20,
        "XMarkStart": 392,
        "XMarkEnd": 390,
        "CleanClassLoaderDataMetaspaces": 5,
        "XRelocateStart": 390
    },
    "total_pause_time_per_category": {
        "ICBufferFull": 6193748,
        "XMarkStart": 55362305,
        "XMarkEnd": 40435629,
        "CleanClassLoaderDataMetaspaces": 2191431,
        "XRelocateStart": 35411618
    },
    "avg_pause_time_per_category": {
        "ICBufferFull": 309687.4,
        "XMarkStart": 141230.37,
        "XMarkEnd": 103681.1,
        "CleanClassLoaderDataMetaspaces": 438286.2,
        "XRelocateStart": 90799.02
    },
    "p90_pause_time": 141246.4,
    "throughput": 44864144812
}