{
    "garbage_collector": "G1",
    "jdk": "HotSpot_21.0.4",
    "benchmark_group": "Renaissance",
    "benchmark_name": "naive-bayes",
    "heap_size": "4096",
    "error": null,
    "avg_cpu_usage": 72.9,
    "avg_cpu_time": 71.0,
    "avg_io_time": 0.0,
    "p90_io": 0.0,
    "number_of_pauses": 265,
    "total_pause_time": 700052766,
    "avg_pause_time": 2641708.55,
    "pauses_per_category": {
        "ICBufferFull": 44,
        "Cleanup": 1,
        "CollectForMetadataAllocation": 10,
        "G1PauseRemark": 56,
        "G1PauseCleanup": 56,
        "G1CollectForAllocation": 49,
        "G1TryInitiateConcMark": 49
    },
    "total_pause_time_per_category": {
        "ICBufferFull": 6948643,
        "Cleanup": 87838,
        "CollectForMetadataAllocation": 68706274,
        "G1PauseRemark": 206772021,
        "G1PauseCleanup": 17904494,
        "G1CollectForAllocation": 238018889,
        "G1TryInitiateConcMark": 161614607
    },
    "avg_pause_time_per_category": {
        "ICBufferFull": 157923.7,
        "Cleanup": 87838.0,
        "CollectForMetadataAllocation": 6870627.4,
        "G1PauseRemark": 3692357.52,
        "G1PauseCleanup": 319723.11,
        "G1CollectForAllocation": 4857528.35,
        "G1TryInitiateConcMark": 3298257.29
    },
    "p90_pause_time": 5423019.6,
    "throughput": 25104401700
}