{
    "garbage_collector": "Parallel",
    "jdk": "HotSpot_21.0.4",
    "benchmark_group": "Renaissance",
    "benchmark_name": "als",
    "heap_size": "2048",
    "error": null,
    "avg_cpu_usage": 65.7,
    "avg_cpu_time": 64.5,
    "avg_io_time": 0.2,
    "p90_io": 0.0,
    "number_of_pauses": 154,
    "total_pause_time": 797198319,
    "avg_pause_time": 5176612.46,
    "pauses_per_category": {
        "ICBufferFull": 40,
        "Cleanup": 23,
        "CollectForMetadataAllocation": 4,
        "ParallelGCFailedAllocation": 77,
        "ParallelGCSystemGC": 10
    },
    "total_pause_time_per_category": {
        "ICBufferFull": 3443357,
        "Cleanup": 4906378,
        "CollectForMetadataAllocation": 123920740,
        "ParallelGCFailedAllocation": 618402886,
        "ParallelGCSystemGC": 46524958
    },
    "avg_pause_time_per_category": {
        "ICBufferFull": 86083.93,
        "Cleanup": 213320.78,
        "CollectForMetadataAllocation": 30980185.0,
        "ParallelGCFailedAllocation": 8031206.31,
        "ParallelGCSystemGC": 4652495.8
    },
    "p90_pause_time": 13439896.8,
    "throughput": 53811876895
}