{
    "garbage_collector": "G1",
    "jdk": "HotSpot_21.0.4",
    "benchmark_group": "Renaissance",
    "benchmark_name": "philosophers",
    "heap_size": "2048",
    "error": null,
    "avg_cpu_usage": 88.7,
    "avg_cpu_time": 86.9,
    "avg_io_time": 0.0,
    "p90_io": 0.0,
    "number_of_pauses": 29,
    "total_pause_time": 98526611,
    "avg_pause_time": 3397469.34,
    "pauses_per_category": {
        "ICBufferFull": 1,
        "G1CollectForAllocation": 28
    },
    "total_pause_time_per_category": {
        "ICBufferFull": 56412,
        "G1CollectForAllocation": 98470199
    },
    "avg_pause_time_per_category": {
        "ICBufferFull": 56412.0,
        "G1CollectForAllocation": 3516792.82
    },
    "p90_pause_time": 4470760.6,
    "throughput": 16925423142
}