{
    "garbage_collector": "Serial",
    "jdk": "HotSpot_21.0.4",
    "benchmark_group": "Renaissance",
    "benchmark_name": "gauss-mix",
    "heap_size": "1024",
    "error": null,
    "avg_cpu_usage": 28.8,
    "avg_cpu_time": 28.2,
    "avg_io_time": 0.0,
    "p90_io": 0.0,
    "number_of_pauses": 59,
    "total_pause_time": 301870796,
    "avg_pause_time": 5116454.17,
    "pauses_per_category": {
        "ICBufferFull": 7,
        "Cleanup": 2,
        "CollectForMetadataAllocation": 3,
        "GenCollectForAllocation": 47
    },
    "total_pause_time_per_category": {
        "ICBufferFull": 634759,
        "Cleanup": 299382,
        "CollectForMetadataAllocation": 92380257,
        "GenCollectForAllocation": 208556398
    },
    "avg_pause_time_per_category": {
        "ICBufferFull": 90679.86,
        "Cleanup": 149691.0,
        "CollectForMetadataAllocation": 30793419.0,
        "GenCollectForAllocation": 4437370.17
    },
    "p90_pause_time": 8023006.4,
    "throughput": 12471962623
}