{
    "garbage_collector": "Z",
    "jdk": "HotSpot_21.0.4",
    "benchmark_group": "Renaissance",
    "benchmark_name": "finagle-http",
    "heap_size": "8192",
    "error": null,
    "avg_cpu_usage": 77.7,
    "avg_cpu_time": 61.3,
    "avg_io_time": 0.0,
    "p90_io": 0.0,
    "number_of_pauses": 121,
    "total_pause_time": 21999980,
    "avg_pause_time": 181818.02,
    "pauses_per_category": {
        "ICBufferFull": 58,
        "XMarkStart": 13,
        "XMarkEnd": 13,
        "CleanClassLoaderDataMetaspaces": 3,
        "XRelocateStart": 13,
        "Cleanup": 21
    },
    "total_pause_time_per_category": {
        "ICBufferFull": 11674819,
        "XMarkStart": 2622468,
        "XMarkEnd": 1633315,
        "CleanClassLoaderDataMetaspaces": 1673784,
        "XRelocateStart": 2004143,
        "Cleanup": 2391451
    },
    "avg_pause_time_per_category": {
        "ICBufferFull": 201289.98,
        "XMarkStart": 201728.31,
        "XMarkEnd": 125639.62,
        "CleanClassLoaderDataMetaspaces": 557928.0,
        "XRelocateStart": 154164.85,
        "Cleanup": 113878.62
    },
    "p90_pause_time": 313894.0,
    "throughput": 43606019827
}