{
    "garbage_collector": "G1",
    "jdk": "HotSpot_21.0.4",
    "benchmark_group": "Renaissance",
    "benchmark_name": "dotty",
    "heap_size": "8192",
    "error": null,
    "avg_cpu_usage": 39.1,
    "avg_cpu_time": 39.9,
    "avg_io_time": 0.0,
    "p90_io": 0.0,
    "number_of_pauses": 103,
    "total_pause_time": 184680424,
    "avg_pause_time": 1793013.83,
    "pauses_per_category": {
        "ICBufferFull": 76,
        "CollectForMetadataAllocation": 4,
        "G1PauseRemark": 5,
        "G1PauseCleanup": 5,
        "G1TryInitiateConcMark": 3,
        "Cleanup": 9,
        "G1CollectForAllocation": 1
    },
    "total_pause_time_per_category": {
        "ICBufferFull": 50479956,
        "CollectForMetadataAllocation": 36067129,
        "G1PauseRemark": 28107109,
        "G1PauseCleanup": 1403059,
        "G1TryInitiateConcMark": 50712639,
        "Cleanup": 1381760,
        "G1CollectForAllocation": 16528772
    },
    "avg_pause_time_per_category": {
        "ICBufferFull": 664209.95,
        "CollectForMetadataAllocation": 9016782.25,
        "G1PauseRemark": 5621421.8,
        "G1PauseCleanup": 280611.8,
        "G1TryInitiateConcMark": 16904213.0,
        "Cleanup": 153528.89,
        "G1CollectForAllocation": 16528772.0
    },
    "p90_pause_time": 4628101.2,
    "throughput": 28945751709
}