{
    "garbage_collector": "G1",
    "jdk": "HotSpot_21.0.4",
    "benchmark_group": "Renaissance",
    "benchmark_name": "rx-scrabble",
    "heap_size": "4096",
    "error": null,
    "avg_cpu_usage": 29.6,
    "avg_cpu_time": 27.7,
    "avg_io_time": 0.0,
    "p90_io": 0.0,
    "number_of_pauses": 12,
    "total_pause_time": 54750244,
    "avg_pause_time": 4562520.33,
    "pauses_per_category": {
        "ICBufferFull": 7,
        "G1CollectForAllocation": 5
    },
    "total_pause_time_per_category": {
        "ICBufferFull": 586949,
        "G1CollectForAllocation": 54163295
    },
    "avg_pause_time_per_category": {
        "ICBufferFull": 83849.86,
        "G1CollectForAllocation": 10832659.0
    },
    "p90_pause_time": 15376570.6,
    "throughput": 2757794608
}