{
    "garbage_collector": "Parallel",
    "jdk": "HotSpot_21.0.4",
    "benchmark_group": "Renaissance",
    "benchmark_name": "page-rank",
    "heap_size": "2048",
    "error": null,
    "avg_cpu_usage": 43.0,
    "avg_cpu_time": 41.4,
    "avg_io_time": 0.1,
    "p90_io": 0.0,
    "number_of_pauses": 176,
    "total_pause_time": 7146578034,
    "avg_pause_time": 40605557.01,
    "pauses_per_category": {
        "ICBufferFull": 12,
        "Cleanup": 1,
        "CollectForMetadataAllocation": 4,
        "ParallelGCFailedAllocation": 159
    },
    "total_pause_time_per_category": {
        "ICBufferFull": 954557,
        "Cleanup": 26201,
        "CollectForMetadataAllocation": 478825839,
        "ParallelGCFailedAllocation": 6666771437
    },
    "avg_pause_time_per_category": {
        "ICBufferFull": 79546.42,
        "Cleanup": 26201.0,
        "CollectForMetadataAllocation": 119706459.75,
        "ParallelGCFailedAllocation": 41929380.11
    },
    "p90_pause_time": 51848350.0,
    "throughput": 49479241673
}