{
    "garbage_collector": "Serial",
    "jdk": "HotSpot_21.0.4",
    "benchmark_group": "Renaissance",
    "benchmark_name": "movie-lens",
    "heap_size": "1024",
    "error": null,
    "avg_cpu_usage": 53.8,
    "avg_cpu_time": 49.3,
    "avg_io_time": 0.1,
    "p90_io": 0.0,
    "number_of_pauses": 875,
    "total_pause_time": 4924298923,
    "avg_pause_time": 5627770.2,
    "pauses_per_category": {
        "ICBufferFull": 17,
        "Cleanup": 1,
        "CollectForMetadataAllocation": 4,
        "GenCollectForAllocation": 818,
        "GenCollectFull": 35
    },
    "total_pause_time_per_category": {
        "ICBufferFull": 1642884,
        "Cleanup": 87521,
        "CollectForMetadataAllocation": 86771256,
        "GenCollectForAllocation": 4600041947,
        "GenCollectFull": 235755315
    },
    "avg_pause_time_per_category": {
        "ICBufferFull": 96640.24,
        "Cleanup": 87521.0,
        "CollectForMetadataAllocation": 21692814.0,
        "GenCollectForAllocation": 5623523.16,
        "GenCollectFull": 6735866.14
    },
    "p90_pause_time": 9452193.6,
    "throughput": 93491917900
}