{
    "garbage_collector": "Parallel",
    "jdk": "HotSpot_21.0.4",
    "benchmark_group": "Renaissance",
    "benchmark_name": "scala-doku",
    "heap_size": "4096",
    "error": null,
    "avg_cpu_usage": 13.7,
    "avg_cpu_time": 13.9,
    "avg_io_time": 0.0,
    "p90_io": 0.0,
    "number_of_pauses": 16,
    "total_pause_time": 25968533,
    "avg_pause_time": 1623033.31,
    "pauses_per_category": {
        "ICBufferFull": 2,
        "Cleanup": 13,
        "ParallelGCFailedAllocation": 1
    },
    "total_pause_time_per_category": {
        "ICBufferFull": 188249,
        "Cleanup": 1277774,
        "ParallelGCFailedAllocation": 24502510
    },
    "avg_pause_time_per_category": {
        "ICBufferFull": 94124.5,
        "Cleanup": 98290.31,
        "ParallelGCFailedAllocation": 24502510.0
    },
    "p90_pause_time": 131009.5,
    "throughput": 20349418336
}