{
    "garbage_collector": "Serial",
    "jdk": "HotSpot_21.0.4",
    "benchmark_group": "Renaissance",
    "benchmark_name": "reactors",
    "heap_size": "2048",
    "error": null,
    "avg_cpu_usage": 29.9,
    "avg_cpu_time": 29.6,
    "avg_io_time": 0.0,
    "p90_io": 0.0,
    "number_of_pauses": 115,
    "total_pause_time": 20503837293,
    "avg_pause_time": 178294237.33,
    "pauses_per_category": {
        "ICBufferFull": 6,
        "Cleanup": 12,
        "GenCollectForAllocation": 97
    },
    "total_pause_time_per_category": {
        "ICBufferFull": 515974,
        "Cleanup": 1029156,
        "GenCollectForAllocation": 20502292163
    },
    "avg_pause_time_per_category": {
        "ICBufferFull": 85995.67,
        "Cleanup": 85763.0,
        "GenCollectForAllocation": 211363836.73
    },
    "p90_pause_time": 558055693.8,
    "throughput": 86879365726
}