{
    "garbage_collector": "Serial",
    "jdk": "HotSpot_21.0.4",
    "benchmark_group": "Renaissance",
    "benchmark_name": "scala-doku",
    "heap_size": "2048",
    "error": null,
    "avg_cpu_usage": 13.3,
    "avg_cpu_time": 13.4,
    "avg_io_time": 0.1,
    "p90_io": 0.0,
    "number_of_pauses": 16,
    "total_pause_time": 73952458,
    "avg_pause_time": 4622028.62,
    "pauses_per_category": {
        "ICBufferFull": 2,
        "Cleanup": 11,
        "GenCollectForAllocation": 3
    },
    "total_pause_time_per_category": {
        "ICBufferFull": 201842,
        "Cleanup": 1107077,
        "GenCollectForAllocation": 72643539
    },
    "avg_pause_time_per_category": {
        "ICBufferFull": 100921.0,
        "Cleanup": 100643.36,
        "GenCollectForAllocation": 24214513.0
    },
    "p90_pause_time": 21095336.0,
    "throughput": 19435190274
}