{
    "garbage_collector": "G1",
    "jdk": "HotSpot_21.0.4",
    "benchmark_group": "Renaissance",
    "benchmark_name": "finagle-chirper",
    "heap_size": "512",
    "error": null,
    "avg_cpu_usage": 78.9,
    "avg_cpu_time": 71.4,
    "avg_io_time": 0.0,
    "p90_io": 0.0,
    "number_of_pauses": 178,
    "total_pause_time": 675421921,
    "avg_pause_time": 3794505.17,
    "pauses_per_category": {
        "ICBufferFull": 53,
        "G1CollectForAllocation": 114,
        "CollectForMetadataAllocation": 4,
        "G1PauseRemark": 3,
        "G1PauseCleanup": 3,
        "G1TryInitiateConcMark": 1
    },
    "total_pause_time_per_category": {
        "ICBufferFull": 19158553,
        "G1CollectForAllocation": 625269490,
        "CollectForMetadataAllocation": 15998500,
        "G1PauseRemark": 9927737,
        "G1PauseCleanup": 748183,
        "G1TryInitiateConcMark": 4319458
    },
    "avg_pause_time_per_category": {
        "ICBufferFull": 361482.13,
        "G1CollectForAllocation": 5484820.09,
        "CollectForMetadataAllocation": 3999625.0,
        "G1PauseRemark": 3309245.67,
        "G1PauseCleanup": 249394.33,
        "G1TryInitiateConcMark": 4319458.0
    },
    "p90_pause_time": 6688762.7,
    "throughput": 36227010970
}