{
    "garbage_collector": "Parallel",
    "jdk": "HotSpot_21.0.4",
    "benchmark_group": "Renaissance",
    "benchmark_name": "rx-scrabble",
    "heap_size": "8192",
    "error": null,
    "avg_cpu_usage": 31.7,
    "avg_cpu_time": 35.3,
    "avg_io_time": 0.0,
    "p90_io": 0.0,
    "number_of_pauses": 9,
    "total_pause_time": 30663341,
    "avg_pause_time": 3407037.89,
    "pauses_per_category": {
        "ICBufferFull": 8,
        "ParallelGCFailedAllocation": 1
    },
    "total_pause_time_per_category": {
        "ICBufferFull": 758233,
        "ParallelGCFailedAllocation": 29905108
    },
    "avg_pause_time_per_category": {
        "ICBufferFull": 94779.12,
        "ParallelGCFailedAllocation": 29905108.0
    },
    "p90_pause_time": 6101680.8,
    "throughput": 2447090455
}