{
    "garbage_collector": "G1",
    "jdk": "HotSpot_21.0.4",
    "benchmark_group": "Renaissance",
    "benchmark_name": "neo4j-analytics",
    "heap_size": "8192",
    "error": null,
    "avg_cpu_usage": 34.7,
    "avg_cpu_time": 33.6,
    "avg_io_time": 0.7,
    "p90_io": 1.72,
    "number_of_pauses": 92,
    "total_pause_time": 1370528543,
    "avg_pause_time": 14897049.38,
    "pauses_per_category": {
        "ICBufferFull": 43,
        "CollectForMetadataAllocation": 6,
        "G1PauseRemark": 4,
        "G1PauseCleanup": 4,
        "Cleanup": 11,
        "G1CollectForAllocation": 24
    },
    "total_pause_time_per_category": {
        "ICBufferFull": 4833236,
        "CollectForMetadataAllocation": 65790657,
        "G1PauseRemark": 10948272,
        "G1PauseCleanup": 1380033,
        "Cleanup": 1101358,
        "G1CollectForAllocation": 1286474987
    },
    "avg_pause_time_per_category": {
        "ICBufferFull": 112400.84,
        "CollectForMetadataAllocation": 10965109.5,
        "G1PauseRemark": 2737068.0,
        "G1PauseCleanup": 345008.25,
        "Cleanup": 100123.45,
        "G1CollectForAllocation": 53603124.46
    },
    "p90_pause_time": 54593441.0,
    "throughput": 35707328513
}