{
    "garbage_collector": "Parallel",
    "jdk": "HotSpot_21.0.4",
    "benchmark_group": "Renaissance",
    "benchmark_name": "chi-square",
    "heap_size": "512",
    "error": null,
    "avg_cpu_usage": 27.5,
    "avg_cpu_time": 27.1,
    "avg_io_time": 0.0,
    "p90_io": 0.0,
    "number_of_pauses": 249,
    "total_pause_time": 979233498,
    "avg_pause_time": 3932664.65,
    "pauses_per_category": {
        "ICBufferFull": 3,
        "Cleanup": 1,
        "CollectForMetadataAllocation": 3,
        "ParallelGCFailedAllocation": 242
    },
    "total_pause_time_per_category": {
        "ICBufferFull": 347937,
        "Cleanup": 87894,
        "CollectForMetadataAllocation": 82568075,
        "ParallelGCFailedAllocation": 896229592
    },
    "avg_pause_time_per_category": {
        "ICBufferFull": 115979.0,
        "Cleanup": 87894.0,
        "CollectForMetadataAllocation": 27522691.67,
        "ParallelGCFailedAllocation": 3703428.07
    },
    "p90_pause_time": 7540886.4,
    "throughput": 15529530344
}