{
    "garbage_collector": "Serial",
    "jdk": "HotSpot_21.0.4",
    "benchmark_group": "Renaissance",
    "benchmark_name": "akka-uct",
    "heap_size": "8192",
    "error": null,
    "avg_cpu_usage": 57.6,
    "avg_cpu_time": 56.2,
    "avg_io_time": 0.0,
    "p90_io": 0.0,
    "number_of_pauses": 104,
    "total_pause_time": 28716348036,
    "avg_pause_time": 276118731.12,
    "pauses_per_category": {
        "ICBufferFull": 13,
        "GenCollectForAllocation": 90,
        "CollectForMetadataAllocation": 1
    },
    "total_pause_time_per_category": {
        "ICBufferFull": 8142159,
        "GenCollectForAllocation": 28465074839,
        "CollectForMetadataAllocation": 243131038
    },
    "avg_pause_time_per_category": {
        "ICBufferFull": 626319.92,
        "GenCollectForAllocation": 316278609.32,
        "CollectForMetadataAllocation": 243131038.0
    },
    "p90_pause_time": 396973471.6,
    "throughput": 92010846114
}