{
    "garbage_collector": "G1",
    "jdk": "HotSpot_21.0.4",
    "benchmark_group": "Renaissance",
    "benchmark_name": "rx-scrabble",
    "heap_size": "256",
    "error": null,
    "avg_cpu_usage": 25.6,
    "avg_cpu_time": 27.4,
    "avg_io_time": 0.1,
    "p90_io": 0.24,
    "number_of_pauses": 22,
    "total_pause_time": 67516127,
    "avg_pause_time": 3068914.86,
    "pauses_per_category": {
        "ICBufferFull": 7,
        "G1CollectForAllocation": 15
    },
    "total_pause_time_per_category": {
        "ICBufferFull": 606112,
        "G1CollectForAllocation": 66910015
    },
    "avg_pause_time_per_category": {
        "ICBufferFull": 86587.43,
        "G1CollectForAllocation": 4460667.67
    },
    "p90_pause_time": 6457117.6,
    "throughput": 2755715356
}