{
    "garbage_collector": "G1",
    "jdk": "HotSpot_21.0.4",
    "benchmark_group": "Renaissance",
    "benchmark_name": "dotty",
    "heap_size": "512",
    "error": null,
    "avg_cpu_usage": 41.8,
    "avg_cpu_time": 40.9,
    "avg_io_time": 0.0,
    "p90_io": 0.0,
    "number_of_pauses": 103,
    "total_pause_time": 293067126,
    "avg_pause_time": 2845311.9,
    "pauses_per_category": {
        "ICBufferFull": 69,
        "G1CollectForAllocation": 8,
        "CollectForMetadataAllocation": 4,
        "G1PauseRemark": 6,
        "G1PauseCleanup": 6,
        "G1TryInitiateConcMark": 4,
        "Cleanup": 6
    },
    "total_pause_time_per_category": {
        "ICBufferFull": 44232295,
        "G1CollectForAllocation": 121133782,
        "CollectForMetadataAllocation": 30903565,
        "G1PauseRemark": 37977306,
        "G1PauseCleanup": 1521822,
        "G1TryInitiateConcMark": 53284606,
        "Cleanup": 4013750
    },
    "avg_pause_time_per_category": {
        "ICBufferFull": 641047.75,
        "G1CollectForAllocation": 15141722.75,
        "CollectForMetadataAllocation": 7725891.25,
        "G1PauseRemark": 6329551.0,
        "G1PauseCleanup": 253637.0,
        "G1TryInitiateConcMark": 13321151.5,
        "Cleanup": 668958.33
    },
    "p90_pause_time": 10889930.4,
    "throughput": 28635350249
}