{
    "garbage_collector": "G1",
    "jdk": "HotSpot_21.0.4",
    "benchmark_group": "Renaissance",
    "benchmark_name": "reactors",
    "heap_size": "512",
    "error": null,
    "avg_cpu_usage": 46.3,
    "avg_cpu_time": 45.2,
    "avg_io_time": 0.0,
    "p90_io": 0.0,
    "number_of_pauses": 829,
    "total_pause_time": 9073788524,
    "avg_pause_time": 10945462.63,
    "pauses_per_category": {
        "ICBufferFull": 2,
        "G1CollectForAllocation": 624,
        "G1PauseRemark": 89,
        "G1PauseCleanup": 88,
        "Cleanup": 9,
        "G1TryInitiateConcMark": 17
    },
    "total_pause_time_per_category": {
        "ICBufferFull": 202096,
        "G1CollectForAllocation": 8791508857,
        "G1PauseRemark": 98886065,
        "G1PauseCleanup": 20428465,
        "Cleanup": 742922,
        "G1TryInitiateConcMark": 162020119
    },
    "avg_pause_time_per_category": {
        "ICBufferFull": 101048.0,
        "G1CollectForAllocation": 14088956.5,
        "G1PauseRemark": 1111079.38,
        "G1PauseCleanup": 232141.65,
        "Cleanup": 82546.89,
        "G1TryInitiateConcMark": 9530595.24
    },
    "p90_pause_time": 26014555.0,
    "throughput": 83472889454
}