{
    "garbage_collector": "Z",
    "jdk": "HotSpot_21.0.4",
    "benchmark_group": "Renaissance",
    "benchmark_name": "par-mnemonics",
    "heap_size": "256",
    "error": null,
    "avg_cpu_usage": 22.1,
    "avg_cpu_time": 21.7,
    "avg_io_time": 0.0,
    "p90_io": 0.0,
    "number_of_pauses": 1927,
    "total_pause_time": 142935950,
    "avg_pause_time": 74175.38,
    "pauses_per_category": {
        "XMarkStart": 642,
        "XMarkEnd": 641,
        "CleanClassLoaderDataMetaspaces": 3,
        "XRelocateStart": 641
    },
    "total_pause_time_per_category": {
        "XMarkStart": 42618280,
        "XMarkEnd": 40213439,
        "CleanClassLoaderDataMetaspaces": 557299,
        "XRelocateStart": 59546932
    },
    "avg_pause_time_per_category": {
        "XMarkStart": 66383.61,
        "XMarkEnd": 62735.47,
        "CleanClassLoaderDataMetaspaces": 185766.33,
        "XRelocateStart": 92896.93
    },
    "p90_pause_time": 102847.8,
    "throughput": 31932812216
}