{
    "garbage_collector": "Parallel",
    "jdk": "HotSpot_21.0.4",
    "benchmark_group": "Renaissance",
    "benchmark_name": "neo4j-analytics",
    "heap_size": "8192",
    "error": null,
    "avg_cpu_usage": 34.9,
    "avg_cpu_time": 31.8,
    "avg_io_time": 0.8,
    "p90_io": 3.49,
    "number_of_pauses": 87,
    "total_pause_time": 1535356675,
    "avg_pause_time": 17647777.87,
    "pauses_per_category": {
        "ICBufferFull": 53,
        "CollectForMetadataAllocation": 6,
        "ParallelGCFailedAllocation": 23,
        "Cleanup": 5
    },
    "total_pause_time_per_category": {
        "ICBufferFull": 5521536,
        "CollectForMetadataAllocation": 270685364,
        "ParallelGCFailedAllocation": 1258571727,
        "Cleanup": 578048
    },
    "avg_pause_time_per_category": {
        "ICBufferFull": 104179.92,
        "CollectForMetadataAllocation": 45114227.33,
        "ParallelGCFailedAllocation": 54720509.87,
        "Cleanup": 115609.6
    },
    "p90_pause_time": 16138160.6,
    "throughput": 34210290407
}