{
    "garbage_collector": "G1",
    "jdk": "HotSpot_21.0.4",
    "benchmark_group": "Renaissance",
    "benchmark_name": "akka-uct",
    "heap_size": "512",
    "error": null,
    "avg_cpu_usage": 84.4,
    "avg_cpu_time": 83.1,
    "avg_io_time": 0.0,
    "p90_io": 0.0,
    "number_of_pauses": 2232,
    "total_pause_time": 36691157233,
    "avg_pause_time": 16438690.52,
    "pauses_per_category": {
        "ICBufferFull": 2,
        "G1CollectForAllocation": 2055,
        "CollectForMetadataAllocation": 1,
        "G1PauseRemark": 96,
        "G1PauseCleanup": 78
    },
    "total_pause_time_per_category": {
        "ICBufferFull": 200489,
        "G1CollectForAllocation": 36392173680,
        "CollectForMetadataAllocation": 11294531,
        "G1PauseRemark": 262911281,
        "G1PauseCleanup": 24577252
    },
    "avg_pause_time_per_category": {
        "ICBufferFull": 100244.5,
        "G1CollectForAllocation": 17709086.95,
        "CollectForMetadataAllocation": 11294531.0,
        "G1PauseRemark": 2738659.18,
        "G1PauseCleanup": 315092.97
    },
    "p90_pause_time": 26757793.0,
    "throughput": 98409928538
}