{
    "garbage_collector": "Parallel",
    "jdk": "HotSpot_21.0.4",
    "benchmark_group": "Renaissance",
    "benchmark_name": "future-genetic",
    "heap_size": "1024",
    "error": null,
    "avg_cpu_usage": 32.0,
    "avg_cpu_time": 29.7,
    "avg_io_time": 0.0,
    "p90_io": 0.0,
    "number_of_pauses": 52,
    "total_pause_time": 60972308,
    "avg_pause_time": 1172544.38,
    "pauses_per_category": {
        "ICBufferFull": 4,
        "ParallelGCFailedAllocation": 48
    },
    "total_pause_time_per_category": {
        "ICBufferFull": 335519,
        "ParallelGCFailedAllocation": 60636789
    },
    "avg_pause_time_per_category": {
        "ICBufferFull": 83879.75,
        "ParallelGCFailedAllocation": 1263266.44
    },
    "p90_pause_time": 1959874.0,
    "throughput": 20094174711
}