{
    "garbage_collector": "G1",
    "jdk": "HotSpot_21.0.4",
    "benchmark_group": "Renaissance",
    "benchmark_name": "log-regression",
    "heap_size": "2048",
    "error": null,
    "avg_cpu_usage": 48.9,
    "avg_cpu_time": 48.1,
    "avg_io_time": 0.0,
    "p90_io": 0.0,
    "number_of_pauses": 111,
    "total_pause_time": 467579870,
    "avg_pause_time": 4212431.26,
    "pauses_per_category": {
        "ICBufferFull": 38,
        "Cleanup": 2,
        "CollectForMetadataAllocation": 11,
        "G1PauseRemark": 5,
        "G1PauseCleanup": 5,
        "G1CollectForAllocation": 6,
        "G1TryInitiateConcMark": 44
    },
    "total_pause_time_per_category": {
        "ICBufferFull": 7620262,
        "Cleanup": 290695,
        "CollectForMetadataAllocation": 70621816,
        "G1PauseRemark": 20171558,
        "G1PauseCleanup": 1552167,
        "G1CollectForAllocation": 69878757,
        "G1TryInitiateConcMark": 297444615
    },
    "avg_pause_time_per_category": {
        "ICBufferFull": 200533.21,
        "Cleanup": 145347.5,
        "CollectForMetadataAllocation": 6420165.09,
        "G1PauseRemark": 4034311.6,
        "G1PauseCleanup": 310433.4,
        "G1CollectForAllocation": 11646459.5,
        "G1TryInitiateConcMark": 6760104.89
    },
    "p90_pause_time": 12414649.0,
    "throughput": 19923840080
}