{
    "garbage_collector": "Serial",
    "jdk": "HotSpot_21.0.4",
    "benchmark_group": "Renaissance",
    "benchmark_name": "dotty",
    "heap_size": "8192",
    "error": null,
    "avg_cpu_usage": 40.2,
    "avg_cpu_time": 39.0,
    "avg_io_time": 0.0,
    "p90_io": 0.0,
    "number_of_pauses": 92,
    "total_pause_time": 278271249,
    "avg_pause_time": 3024687.49,
    "pauses_per_category": {
        "ICBufferFull": 80,
        "CollectForMetadataAllocation": 2,
        "GenCollectFull": 3,
        "Cleanup": 7
    },
    "total_pause_time_per_category": {
        "ICBufferFull": 33087663,
        "CollectForMetadataAllocation": 58663055,
        "GenCollectFull": 185705129,
        "Cleanup": 815402
    },
    "avg_pause_time_per_category": {
        "ICBufferFull": 413595.79,
        "CollectForMetadataAllocation": 29331527.5,
        "GenCollectFull": 61901709.67,
        "Cleanup": 116486.0
    },
    "p90_pause_time": 627988.0,
    "throughput": 28020953062
}