{
    "garbage_collector": "Serial",
    "jdk": "HotSpot_21.0.4",
    "benchmark_group": "Renaissance",
    "benchmark_name": "rx-scrabble",
    "heap_size": "1024",
    "error": null,
    "avg_cpu_usage": 21.8,
    "avg_cpu_time": 26.7,
    "avg_io_time": 0.0,
    "p90_io": 0.0,
    "number_of_pauses": 15,
    "total_pause_time": 174517800,
    "avg_pause_time": 11634520.0,
    "pauses_per_category": {
        "ICBufferFull": 8,
        "GenCollectForAllocation": 7
    },
    "total_pause_time_per_category": {
        "ICBufferFull": 632239,
        "GenCollectForAllocation": 173885561
    },
    "avg_pause_time_per_category": {
        "ICBufferFull": 79029.88,
        "GenCollectForAllocation": 24840794.43
    },
    "p90_pause_time": 33199955.2,
    "throughput": 2757045451
}