{
    "garbage_collector": "Serial",
    "jdk": "HotSpot_21.0.4",
    "benchmark_group": "Renaissance",
    "benchmark_name": "log-regression",
    "heap_size": "8192",
    "error": null,
    "avg_cpu_usage": 44.7,
    "avg_cpu_time": 46.6,
    "avg_io_time": 0.3,
    "p90_io": 0.0,
    "number_of_pauses": 74,
    "total_pause_time": 696301040,
    "avg_pause_time": 9409473.51,
    "pauses_per_category": {
        "ICBufferFull": 52,
        "Cleanup": 2,
        "CollectForMetadataAllocation": 5,
        "GenCollectForAllocation": 14,
        "GenCollectFull": 1
    },
    "total_pause_time_per_category": {
        "ICBufferFull": 6439952,
        "Cleanup": 266029,
        "CollectForMetadataAllocation": 167541813,
        "GenCollectForAllocation": 273242556,
        "GenCollectFull": 248810690
    },
    "avg_pause_time_per_category": {
        "ICBufferFull": 123845.23,
        "Cleanup": 133014.5,
        "CollectForMetadataAllocation": 33508362.6,
        "GenCollectForAllocation": 19517325.43,
        "GenCollectFull": 248810690.0
    },
    "p90_pause_time": 23458899.3,
    "throughput": 19307977436
}