{
    "garbage_collector": "Parallel",
    "jdk": "HotSpot_21.0.4",
    "benchmark_group": "Renaissance",
    "benchmark_name": "fj-kmeans",
    "heap_size": "8192",
    "error": null,
    "avg_cpu_usage": 84.9,
    "avg_cpu_time": 83.3,
    "avg_io_time": 0.0,
    "p90_io": 0.0,
    "number_of_pauses": 40,
    "total_pause_time": 354394432,
    "avg_pause_time": 8859860.8,
    "pauses_per_category": {
        "ICBufferFull": 1,
        "ParallelGCFailedAllocation": 39
    },
    "total_pause_time_per_category": {
        "ICBufferFull": 57496,
        "ParallelGCFailedAllocation": 354336936
    },
    "avg_pause_time_per_category": {
        "ICBufferFull": 57496.0,
        "ParallelGCFailedAllocation": 9085562.46
    },
    "p90_pause_time": 25221055.8,
    "throughput": 27808625253
}