{
    "garbage_collector": "G1",
    "jdk": "HotSpot_21.0.4",
    "benchmark_group": "Renaissance",
    "benchmark_name": "neo4j-analytics",
    "heap_size": "2048",
    "error": null,
    "avg_cpu_usage": 37.7,
    "avg_cpu_time": 36.3,
    "avg_io_time": 0.8,
    "p90_io": 2.76,
    "number_of_pauses": 142,
    "total_pause_time": 1877848430,
    "avg_pause_time": 13224284.72,
    "pauses_per_category": {
        "ICBufferFull": 45,
        "G1CollectForAllocation": 50,
        "CollectForMetadataAllocation": 8,
        "G1PauseRemark": 16,
        "G1PauseCleanup": 16,
        "Cleanup": 3,
        "G1TryInitiateConcMark": 4
    },
    "total_pause_time_per_category": {
        "ICBufferFull": 4808584,
        "G1CollectForAllocation": 1708984404,
        "CollectForMetadataAllocation": 20751936,
        "G1PauseRemark": 75901484,
        "G1PauseCleanup": 6930617,
        "Cleanup": 342825,
        "G1TryInitiateConcMark": 60128580
    },
    "avg_pause_time_per_category": {
        "ICBufferFull": 106857.42,
        "G1CollectForAllocation": 34179688.08,
        "CollectForMetadataAllocation": 2593992.0,
        "G1PauseRemark": 4743842.75,
        "G1PauseCleanup": 433163.56,
        "Cleanup": 114275.0,
        "G1TryInitiateConcMark": 15032145.0
    },
    "p90_pause_time": 35193687.5,
    "throughput": 36353265955
}