{
    "garbage_collector": "Parallel",
    "jdk": "HotSpot_21.0.4",
    "benchmark_group": "Renaissance",
    "benchmark_name": "mnemonics",
    "heap_size": "512",
    "error": null,
    "avg_cpu_usage": 16.6,
    "avg_cpu_time": 15.6,
    "avg_io_time": 0.0,
    "p90_io": 0.0,
    "number_of_pauses": 450,
    "total_pause_time": 1310272339,
    "avg_pause_time": 2911716.31,
    "pauses_per_category": {
        "ICBufferFull": 1,
        "ParallelGCFailedAllocation": 449
    },
    "total_pause_time_per_category": {
        "ICBufferFull": 55627,
        "ParallelGCFailedAllocation": 1310216712
    },
    "avg_pause_time_per_category": {
        "ICBufferFull": 55627.0,
        "ParallelGCFailedAllocation": 2918077.31
    },
    "p90_pause_time": 4142068.1,
    "throughput": 24643791517
}