{
    "garbage_collector": "Z",
    "jdk": "HotSpot_21.0.4",
    "benchmark_group": "Renaissance",
    "benchmark_name": "mnemonics",
    "heap_size": "512",
    "error": null,
    "avg_cpu_usage": 16.7,
    "avg_cpu_time": 16.7,
    "avg_io_time": 0.0,
    "p90_io": 0.0,
    "number_of_pauses": 997,
    "total_pause_time": 94081592,
    "avg_pause_time": 94364.69,
    "pauses_per_category": {
        "ICBufferFull": 1,
        "XMarkStart": 331,
        "XMarkEnd": 331,
        "CleanClassLoaderDataMetaspaces": 4,
        "XRelocateStart": 330
    },
    "total_pause_time_per_category": {
        "ICBufferFull": 57641,
        "XMarkStart": 31886385,
        "XMarkEnd": 31733383,
        "CleanClassLoaderDataMetaspaces": 676975,
        "XRelocateStart": 29727208
    },
    "avg_pause_time_per_category": {
        "ICBufferFull": 57641.0,
        "XMarkStart": 96333.49,
        "XMarkEnd": 95871.25,
        "CleanClassLoaderDataMetaspaces": 169243.75,
        "XRelocateStart": 90082.45
    },
    "p90_pause_time": 103660.0,
    "throughput": 33740727994
}