{
    "garbage_collector": "Parallel",
    "jdk": "HotSpot_21.0.4",
    "benchmark_group": "Renaissance",
    "benchmark_name": "finagle-chirper",
    "heap_size": "256",
    "error": null,
    "avg_cpu_usage": 78.6,
    "avg_cpu_time": 71.7,
    "avg_io_time": 0.0,
    "p90_io": 0.0,
    "number_of_pauses": 498,
    "total_pause_time": 832180303,
    "avg_pause_time": 1671044.79,
    "pauses_per_category": {
        "ICBufferFull": 58,
        "ParallelGCFailedAllocation": 437,
        "CollectForMetadataAllocation": 2,
        "ParallelGCSystemGC": 1
    },
    "total_pause_time_per_category": {
        "ICBufferFull": 16507569,
        "ParallelGCFailedAllocation": 704575906,
        "CollectForMetadataAllocation": 39806571,
        "ParallelGCSystemGC": 71290257
    },
    "avg_pause_time_per_category": {
        "ICBufferFull": 284613.26,
        "ParallelGCFailedAllocation": 1612301.84,
        "CollectForMetadataAllocation": 19903285.5,
        "ParallelGCSystemGC": 71290257.0
    },
    "p90_pause_time": 2097170.7,
    "throughput": 34366785054
}