{
    "garbage_collector": "G1",
    "jdk": "HotSpot_21.0.4",
    "benchmark_group": "Renaissance",
    "benchmark_name": "finagle-chirper",
    "heap_size": "256",
    "error": null,
    "avg_cpu_usage": 78.2,
    "avg_cpu_time": 71.8,
    "avg_io_time": 0.0,
    "p90_io": 0.0,
    "number_of_pauses": 296,
    "total_pause_time": 784300424,
    "avg_pause_time": 2649663.59,
    "pauses_per_category": {
        "ICBufferFull": 58,
        "G1CollectForAllocation": 227,
        "CollectForMetadataAllocation": 4,
        "G1PauseRemark": 3,
        "G1PauseCleanup": 3,
        "G1TryInitiateConcMark": 1
    },
    "total_pause_time_per_category": {
        "ICBufferFull": 24668562,
        "G1CollectForAllocation": 730511631,
        "CollectForMetadataAllocation": 17077415,
        "G1PauseRemark": 9486652,
        "G1PauseCleanup": 427253,
        "G1TryInitiateConcMark": 2128911
    },
    "avg_pause_time_per_category": {
        "ICBufferFull": 425320.03,
        "G1CollectForAllocation": 3218112.91,
        "CollectForMetadataAllocation": 4269353.75,
        "G1PauseRemark": 3162217.33,
        "G1PauseCleanup": 142417.67,
        "G1TryInitiateConcMark": 2128911.0
    },
    "p90_pause_time": 4868389.0,
    "throughput": 37152572057
}