{
    "garbage_collector": "Serial",
    "jdk": "HotSpot_21.0.4",
    "benchmark_group": "Renaissance",
    "benchmark_name": "scala-doku",
    "heap_size": "8192",
    "error": null,
    "avg_cpu_usage": 13.6,
    "avg_cpu_time": 13.8,
    "avg_io_time": 0.0,
    "p90_io": 0.0,
    "number_of_pauses": 15,
    "total_pause_time": 27106985,
    "avg_pause_time": 1807132.33,
    "pauses_per_category": {
        "ICBufferFull": 2,
        "Cleanup": 13
    },
    "total_pause_time_per_category": {
        "ICBufferFull": 119149,
        "Cleanup": 26987836
    },
    "avg_pause_time_per_category": {
        "ICBufferFull": 59574.5,
        "Cleanup": 2075987.38
    },
    "p90_pause_time": 116011.6,
    "throughput": 22467651272
}