{
    "garbage_collector": "Parallel",
    "jdk": "HotSpot_21.0.4",
    "benchmark_group": "Renaissance",
    "benchmark_name": "mnemonics",
    "heap_size": "4096",
    "error": null,
    "avg_cpu_usage": 15.8,
    "avg_cpu_time": 14.0,
    "avg_io_time": 0.0,
    "p90_io": 0.0,
    "number_of_pauses": 51,
    "total_pause_time": 676896925,
    "avg_pause_time": 13272488.73,
    "pauses_per_category": {
        "ICBufferFull": 1,
        "ParallelGCFailedAllocation": 50
    },
    "total_pause_time_per_category": {
        "ICBufferFull": 68687,
        "ParallelGCFailedAllocation": 676828238
    },
    "avg_pause_time_per_category": {
        "ICBufferFull": 68687.0,
        "ParallelGCFailedAllocation": 13536564.76
    },
    "p90_pause_time": 29423778.0,
    "throughput": 24947958134
}