{
    "garbage_collector": "G1",
    "jdk": "HotSpot_21.0.4",
    "benchmark_group": "Renaissance",
    "benchmark_name": "future-genetic",
    "heap_size": "8192",
    "error": null,
    "avg_cpu_usage": 31.8,
    "avg_cpu_time": 30.0,
    "avg_io_time": 0.0,
    "p90_io": 0.0,
    "number_of_pauses": 23,
    "total_pause_time": 25086419,
    "avg_pause_time": 1090713.87,
    "pauses_per_category": {
        "ICBufferFull": 7,
        "G1CollectForAllocation": 5,
        "Cleanup": 11
    },
    "total_pause_time_per_category": {
        "ICBufferFull": 634357,
        "G1CollectForAllocation": 23581150,
        "Cleanup": 870912
    },
    "avg_pause_time_per_category": {
        "ICBufferFull": 90622.43,
        "G1CollectForAllocation": 4716230.0,
        "Cleanup": 79173.82
    },
    "p90_pause_time": 4561372.6,
    "throughput": 21311206794
}