{
    "garbage_collector": "Serial",
    "jdk": "HotSpot_21.0.4",
    "benchmark_group": "Renaissance",
    "benchmark_name": "page-rank",
    "heap_size": "2048",
    "error": null,
    "avg_cpu_usage": 29.9,
    "avg_cpu_time": 29.9,
    "avg_io_time": 0.1,
    "p90_io": 0.0,
    "number_of_pauses": 137,
    "total_pause_time": 16334285947,
    "avg_pause_time": 119228364.58,
    "pauses_per_category": {
        "ICBufferFull": 8,
        "CollectForMetadataAllocation": 4,
        "GenCollectForAllocation": 125
    },
    "total_pause_time_per_category": {
        "ICBufferFull": 600408,
        "CollectForMetadataAllocation": 182244084,
        "GenCollectForAllocation": 16151441455
    },
    "avg_pause_time_per_category": {
        "ICBufferFull": 75051.0,
        "CollectForMetadataAllocation": 45561021.0,
        "GenCollectForAllocation": 129211531.64
    },
    "p90_pause_time": 186248762.4,
    "throughput": 59933336231
}