{
    "garbage_collector": "G1",
    "jdk": "HotSpot_21.0.4",
    "benchmark_group": "Renaissance",
    "benchmark_name": "finagle-http",
    "heap_size": "1024",
    "error": null,
    "avg_cpu_usage": 81.0,
    "avg_cpu_time": 66.0,
    "avg_io_time": 0.0,
    "p90_io": 0.0,
    "number_of_pauses": 136,
    "total_pause_time": 188538158,
    "avg_pause_time": 1386309.99,
    "pauses_per_category": {
        "ICBufferFull": 64,
        "G1CollectForAllocation": 61,
        "CollectForMetadataAllocation": 6,
        "G1PauseRemark": 2,
        "G1PauseCleanup": 2,
        "Cleanup": 1
    },
    "total_pause_time_per_category": {
        "ICBufferFull": 11063595,
        "G1CollectForAllocation": 159378250,
        "CollectForMetadataAllocation": 14486473,
        "G1PauseRemark": 3002832,
        "G1PauseCleanup": 471485,
        "Cleanup": 135523
    },
    "avg_pause_time_per_category": {
        "ICBufferFull": 172868.67,
        "G1CollectForAllocation": 2612758.2,
        "CollectForMetadataAllocation": 2414412.17,
        "G1PauseRemark": 1501416.0,
        "G1PauseCleanup": 235742.5,
        "Cleanup": 135523.0
    },
    "p90_pause_time": 4967489.0,
    "throughput": 41801785894
}