{
    "garbage_collector": "Parallel",
    "jdk": "HotSpot_21.0.4",
    "benchmark_group": "Renaissance",
    "benchmark_name": "rx-scrabble",
    "heap_size": "2048",
    "error": null,
    "avg_cpu_usage": 33.5,
    "avg_cpu_time": 23.9,
    "avg_io_time": 0.6,
    "p90_io": 1.47,
    "number_of_pauses": 6,
    "total_pause_time": 68142111,
    "avg_pause_time": 11357018.5,
    "pauses_per_category": {
        "ICBufferFull": 3,
        "ParallelGCFailedAllocation": 3
    },
    "total_pause_time_per_category": {
        "ICBufferFull": 308400,
        "ParallelGCFailedAllocation": 67833711
    },
    "avg_pause_time_per_category": {
        "ICBufferFull": 102800.0,
        "ParallelGCFailedAllocation": 22611237.0
    },
    "p90_pause_time": 28442115.0,
    "throughput": 2444509858
}