{
    "garbage_collector": "Z",
    "jdk": "HotSpot_21.0.4",
    "benchmark_group": "Renaissance",
    "benchmark_name": "par-mnemonics",
    "heap_size": "512",
    "error": null,
    "avg_cpu_usage": 20.8,
    "avg_cpu_time": 20.5,
    "avg_io_time": 0.0,
    "p90_io": 0.0,
    "number_of_pauses": 955,
    "total_pause_time": 87748729,
    "avg_pause_time": 91883.49,
    "pauses_per_category": {
        "ICBufferFull": 1,
        "XMarkStart": 317,
        "XMarkEnd": 317,
        "CleanClassLoaderDataMetaspaces": 3,
        "XRelocateStart": 317
    },
    "total_pause_time_per_category": {
        "ICBufferFull": 56656,
        "XMarkStart": 30723785,
        "XMarkEnd": 26172896,
        "CleanClassLoaderDataMetaspaces": 588167,
        "XRelocateStart": 30207225
    },
    "avg_pause_time_per_category": {
        "ICBufferFull": 56656.0,
        "XMarkStart": 96920.46,
        "XMarkEnd": 82564.34,
        "CleanClassLoaderDataMetaspaces": 196055.67,
        "XRelocateStart": 95290.93
    },
    "p90_pause_time": 106085.0,
    "throughput": 27066343097
}