{
    "garbage_collector": "Parallel",
    "jdk": "HotSpot_21.0.4",
    "benchmark_group": "Renaissance",
    "benchmark_name": "naive-bayes",
    "heap_size": "8192",
    "error": null,
    "avg_cpu_usage": 72.0,
    "avg_cpu_time": 70.7,
    "avg_io_time": 0.1,
    "p90_io": 0.0,
    "number_of_pauses": 107,
    "total_pause_time": 787886474,
    "avg_pause_time": 7363424.99,
    "pauses_per_category": {
        "ICBufferFull": 40,
        "CollectForMetadataAllocation": 4,
        "Cleanup": 1,
        "ParallelGCFailedAllocation": 62
    },
    "total_pause_time_per_category": {
        "ICBufferFull": 4357538,
        "CollectForMetadataAllocation": 127755625,
        "Cleanup": 50162,
        "ParallelGCFailedAllocation": 655723149
    },
    "avg_pause_time_per_category": {
        "ICBufferFull": 108938.45,
        "CollectForMetadataAllocation": 31938906.25,
        "Cleanup": 50162.0,
        "ParallelGCFailedAllocation": 10576179.82
    },
    "p90_pause_time": 22403535.2,
    "throughput": 23300098180
}