{
    "garbage_collector": "G1",
    "jdk": "HotSpot_21.0.4",
    "benchmark_group": "Renaissance",
    "benchmark_name": "naive-bayes",
    "heap_size": "2048",
    "error": null,
    "avg_cpu_usage": 62.7,
    "avg_cpu_time": 61.3,
    "avg_io_time": 0.2,
    "p90_io": 0.0,
    "number_of_pauses": 1031,
    "total_pause_time": 2258968109,
    "avg_pause_time": 2191045.69,
    "pauses_per_category": {
        "ICBufferFull": 26,
        "CollectForMetadataAllocation": 10,
        "G1PauseRemark": 196,
        "G1PauseCleanup": 196,
        "G1CollectForAllocation": 404,
        "G1TryInitiateConcMark": 199
    },
    "total_pause_time_per_category": {
        "ICBufferFull": 3490081,
        "CollectForMetadataAllocation": 66914871,
        "G1PauseRemark": 674532673,
        "G1PauseCleanup": 88442716,
        "G1CollectForAllocation": 1016756049,
        "G1TryInitiateConcMark": 408831719
    },
    "avg_pause_time_per_category": {
        "ICBufferFull": 134233.88,
        "CollectForMetadataAllocation": 6691487.1,
        "G1PauseRemark": 3441493.23,
        "G1PauseCleanup": 451238.35,
        "G1CollectForAllocation": 2516722.89,
        "G1TryInitiateConcMark": 2054430.75
    },
    "p90_pause_time": 3657998.0,
    "throughput": 55926571564
}