{
    "garbage_collector": "G1",
    "jdk": "HotSpot_21.0.4",
    "benchmark_group": "Renaissance",
    "benchmark_name": "log-regression",
    "heap_size": "8192",
    "error": null,
    "avg_cpu_usage": 49.7,
    "avg_cpu_time": 47.2,
    "avg_io_time": 0.0,
    "p90_io": 0.0,
    "number_of_pauses": 74,
    "total_pause_time": 225000695,
    "avg_pause_time": 3040549.93,
    "pauses_per_category": {
        "ICBufferFull": 39,
        "Cleanup": 4,
        "CollectForMetadataAllocation": 12,
        "G1PauseRemark": 5,
        "G1PauseCleanup": 5,
        "G1CollectForAllocation": 7,
        "G1TryInitiateConcMark": 2
    },
    "total_pause_time_per_category": {
        "ICBufferFull": 4262437,
        "Cleanup": 448550,
        "CollectForMetadataAllocation": 59110584,
        "G1PauseRemark": 14443889,
        "G1PauseCleanup": 2476264,
        "G1CollectForAllocation": 132376592,
        "G1TryInitiateConcMark": 11882379
    },
    "avg_pause_time_per_category": {
        "ICBufferFull": 109293.26,
        "Cleanup": 112137.5,
        "CollectForMetadataAllocation": 4925882.0,
        "G1PauseRemark": 2888777.8,
        "G1PauseCleanup": 495252.8,
        "G1CollectForAllocation": 18910941.71,
        "G1TryInitiateConcMark": 5941189.5
    },
    "p90_pause_time": 12485834.6,
    "throughput": 19926480226
}