{
    "garbage_collector": "Serial",
    "jdk": "HotSpot_21.0.4",
    "benchmark_group": "Renaissance",
    "benchmark_name": "finagle-http",
    "heap_size": "4096",
    "error": null,
    "avg_cpu_usage": 80.2,
    "avg_cpu_time": 63.5,
    "avg_io_time": 0.0,
    "p90_io": 0.0,
    "number_of_pauses": 97,
    "total_pause_time": 334152008,
    "avg_pause_time": 3444866.06,
    "pauses_per_category": {
        "ICBufferFull": 58,
        "CollectForMetadataAllocation": 2,
        "GenCollectForAllocation": 33,
        "Cleanup": 4
    },
    "total_pause_time_per_category": {
        "ICBufferFull": 12822111,
        "CollectForMetadataAllocation": 40963428,
        "GenCollectForAllocation": 279826653,
        "Cleanup": 539816
    },
    "avg_pause_time_per_category": {
        "ICBufferFull": 221070.88,
        "CollectForMetadataAllocation": 20481714.0,
        "GenCollectForAllocation": 8479595.55,
        "Cleanup": 134954.0
    },
    "p90_pause_time": 12339029.6,
    "throughput": 38708544349
}