{
    "garbage_collector": "Parallel",
    "jdk": "HotSpot_21.0.4",
    "benchmark_group": "Renaissance",
    "benchmark_name": "akka-uct",
    "heap_size": "8192",
    "error": null,
    "avg_cpu_usage": 81.3,
    "avg_cpu_time": 76.8,
    "avg_io_time": 0.0,
    "p90_io": 0.0,
    "number_of_pauses": 94,
    "total_pause_time": 5720643618,
    "avg_pause_time": 60857910.83,
    "pauses_per_category": {
        "ICBufferFull": 8,
        "ParallelGCFailedAllocation": 85,
        "CollectForMetadataAllocation": 1
    },
    "total_pause_time_per_category": {
        "ICBufferFull": 2924196,
        "ParallelGCFailedAllocation": 5456357663,
        "CollectForMetadataAllocation": 261361759
    },
    "avg_pause_time_per_category": {
        "ICBufferFull": 365524.5,
        "ParallelGCFailedAllocation": 64192443.09,
        "CollectForMetadataAllocation": 261361759.0
    },
    "p90_pause_time": 84350029.5,
    "throughput": 66729365981
}