{
    "garbage_collector": "G1",
    "jdk": "HotSpot_21.0.4",
    "benchmark_group": "Renaissance",
    "benchmark_name": "fj-kmeans",
    "heap_size": "4096",
    "error": null,
    "avg_cpu_usage": 84.8,
    "avg_cpu_time": 84.6,
    "avg_io_time": 0.0,
    "p90_io": 0.0,
    "number_of_pauses": 46,
    "total_pause_time": 148376876,
    "avg_pause_time": 3225584.26,
    "pauses_per_category": {
        "ICBufferFull": 1,
        "G1CollectForAllocation": 45
    },
    "total_pause_time_per_category": {
        "ICBufferFull": 122578,
        "G1CollectForAllocation": 148254298
    },
    "avg_pause_time_per_category": {
        "ICBufferFull": 122578.0,
        "G1CollectForAllocation": 3294539.96
    },
    "p90_pause_time": 2618110.0,
    "throughput": 29083925956
}