{
    "garbage_collector": "Serial",
    "jdk": "HotSpot_21.0.4",
    "benchmark_group": "Renaissance",
    "benchmark_name": "future-genetic",
    "heap_size": "512",
    "error": null,
    "avg_cpu_usage": 31.2,
    "avg_cpu_time": 28.7,
    "avg_io_time": 0.0,
    "p90_io": 0.0,
    "number_of_pauses": 122,
    "total_pause_time": 267685243,
    "avg_pause_time": 2194141.34,
    "pauses_per_category": {
        "ICBufferFull": 8,
        "GenCollectForAllocation": 114
    },
    "total_pause_time_per_category": {
        "ICBufferFull": 681578,
        "GenCollectForAllocation": 267003665
    },
    "avg_pause_time_per_category": {
        "ICBufferFull": 85197.25,
        "GenCollectForAllocation": 2342137.41
    },
    "p90_pause_time": 4871679.0,
    "throughput": 20391984376
}