{
    "garbage_collector": "Serial",
    "jdk": "HotSpot_21.0.4",
    "benchmark_group": "Renaissance",
    "benchmark_name": "gauss-mix",
    "heap_size": "8192",
    "error": null,
    "avg_cpu_usage": 31.4,
    "avg_cpu_time": 30.6,
    "avg_io_time": 0.0,
    "p90_io": 0.0,
    "number_of_pauses": 27,
    "total_pause_time": 153473855,
    "avg_pause_time": 5684216.85,
    "pauses_per_category": {
        "ICBufferFull": 14,
        "CollectForMetadataAllocation": 3,
        "GenCollectForAllocation": 6,
        "Cleanup": 3,
        "GenCollectFull": 1
    },
    "total_pause_time_per_category": {
        "ICBufferFull": 1330138,
        "CollectForMetadataAllocation": 92856242,
        "GenCollectForAllocation": 49269672,
        "Cleanup": 298636,
        "GenCollectFull": 9719167
    },
    "avg_pause_time_per_category": {
        "ICBufferFull": 95009.86,
        "CollectForMetadataAllocation": 30952080.67,
        "GenCollectForAllocation": 8211612.0,
        "Cleanup": 99545.33,
        "GenCollectFull": 9719167.0
    },
    "p90_pause_time": 15975667.2,
    "throughput": 12168245835
}