{
    "garbage_collector": "Parallel",
    "jdk": "HotSpot_21.0.4",
    "benchmark_group": "Renaissance",
    "benchmark_name": "finagle-chirper",
    "heap_size": "4096",
    "error": null,
    "avg_cpu_usage": 77.8,
    "avg_cpu_time": 70.5,
    "avg_io_time": 0.0,
    "p90_io": 0.0,
    "number_of_pauses": 118,
    "total_pause_time": 296124570,
    "avg_pause_time": 2509530.25,
    "pauses_per_category": {
        "ICBufferFull": 73,
        "CollectForMetadataAllocation": 2,
        "ParallelGCFailedAllocation": 26,
        "Cleanup": 16,
        "ParallelGCSystemGC": 1
    },
    "total_pause_time_per_category": {
        "ICBufferFull": 14740771,
        "CollectForMetadataAllocation": 43415274,
        "ParallelGCFailedAllocation": 169158480,
        "Cleanup": 1231961,
        "ParallelGCSystemGC": 67578084
    },
    "avg_pause_time_per_category": {
        "ICBufferFull": 201928.37,
        "CollectForMetadataAllocation": 21707637.0,
        "ParallelGCFailedAllocation": 6506095.38,
        "Cleanup": 76997.56,
        "ParallelGCSystemGC": 67578084.0
    },
    "p90_pause_time": 7426988.4,
    "throughput": 33772012993
}