{
    "garbage_collector": "Serial",
    "jdk": "HotSpot_21.0.4",
    "benchmark_group": "Renaissance",
    "benchmark_name": "philosophers",
    "heap_size": "512",
    "error": null,
    "avg_cpu_usage": 86.0,
    "avg_cpu_time": 77.9,
    "avg_io_time": 0.0,
    "p90_io": 0.0,
    "number_of_pauses": 256,
    "total_pause_time": 538409009,
    "avg_pause_time": 2103160.19,
    "pauses_per_category": {
        "ICBufferFull": 2,
        "GenCollectForAllocation": 254
    },
    "total_pause_time_per_category": {
        "ICBufferFull": 219019,
        "GenCollectForAllocation": 538189990
    },
    "avg_pause_time_per_category": {
        "ICBufferFull": 109509.5,
        "GenCollectForAllocation": 2118858.23
    },
    "p90_pause_time": 3014456.5,
    "throughput": 22716560962
}