{
    "garbage_collector": "Parallel",
    "jdk": "HotSpot_21.0.4",
    "benchmark_group": "Renaissance",
    "benchmark_name": "chi-square",
    "heap_size": "2048",
    "error": null,
    "avg_cpu_usage": 30.4,
    "avg_cpu_time": 28.7,
    "avg_io_time": 0.3,
    "p90_io": 0.0,
    "number_of_pauses": 56,
    "total_pause_time": 410338313,
    "avg_pause_time": 7327469.88,
    "pauses_per_category": {
        "ICBufferFull": 4,
        "Cleanup": 1,
        "CollectForMetadataAllocation": 4,
        "ParallelGCFailedAllocation": 47
    },
    "total_pause_time_per_category": {
        "ICBufferFull": 352780,
        "Cleanup": 478297,
        "CollectForMetadataAllocation": 83628240,
        "ParallelGCFailedAllocation": 325878996
    },
    "avg_pause_time_per_category": {
        "ICBufferFull": 88195.0,
        "Cleanup": 478297.0,
        "CollectForMetadataAllocation": 20907060.0,
        "ParallelGCFailedAllocation": 6933595.66
    },
    "p90_pause_time": 27516985.5,
    "throughput": 11574946591
}