{
    "garbage_collector": "Z",
    "jdk": "HotSpot_21.0.4",
    "benchmark_group": "Renaissance",
    "benchmark_name": "dotty",
    "heap_size": "256",
    "error": null,
    "avg_cpu_usage": 41.4,
    "avg_cpu_time": 39.0,
    "avg_io_time": 0.0,
    "p90_io": 0.0,
    "number_of_pauses": 202,
    "total_pause_time": 77591779,
    "avg_pause_time": 384117.72,
    "pauses_per_category": {
        "XMarkStart": 48,
        "XMarkEnd": 47,
        "CleanClassLoaderDataMetaspaces": 5,
        "XRelocateStart": 48,
        "ICBufferFull": 54
    },
    "total_pause_time_per_category": {
        "XMarkStart": 24840144,
        "XMarkEnd": 6294219,
        "CleanClassLoaderDataMetaspaces": 1737536,
        "XRelocateStart": 19655861,
        "ICBufferFull": 25064019
    },
    "avg_pause_time_per_category": {
        "XMarkStart": 517503.0,
        "XMarkEnd": 133919.55,
        "CleanClassLoaderDataMetaspaces": 347507.2,
        "XRelocateStart": 409497.1,
        "ICBufferFull": 464148.5
    },
    "p90_pause_time": 498904.7,
    "throughput": 29229016969
}