{
    "garbage_collector": "Parallel",
    "jdk": "HotSpot_21.0.4",
    "benchmark_group": "Renaissance",
    "benchmark_name": "finagle-http",
    "heap_size": "2048",
    "error": null,
    "avg_cpu_usage": 80.7,
    "avg_cpu_time": 64.1,
    "avg_io_time": 0.0,
    "p90_io": 0.0,
    "number_of_pauses": 110,
    "total_pause_time": 125675177,
    "avg_pause_time": 1142501.61,
    "pauses_per_category": {
        "ICBufferFull": 53,
        "CollectForMetadataAllocation": 2,
        "ParallelGCFailedAllocation": 54,
        "Cleanup": 1
    },
    "total_pause_time_per_category": {
        "ICBufferFull": 6610209,
        "CollectForMetadataAllocation": 40851348,
        "ParallelGCFailedAllocation": 78018127,
        "Cleanup": 195493
    },
    "avg_pause_time_per_category": {
        "ICBufferFull": 124720.92,
        "CollectForMetadataAllocation": 20425674.0,
        "ParallelGCFailedAllocation": 1444780.13,
        "Cleanup": 195493.0
    },
    "p90_pause_time": 1675886.7,
    "throughput": 37477944279
}