{
    "garbage_collector": "Serial",
    "jdk": "HotSpot_21.0.4",
    "benchmark_group": "Renaissance",
    "benchmark_name": "finagle-chirper",
    "heap_size": "1024",
    "error": null,
    "avg_cpu_usage": 75.6,
    "avg_cpu_time": 69.0,
    "avg_io_time": 0.0,
    "p90_io": 0.0,
    "number_of_pauses": 182,
    "total_pause_time": 1830153519,
    "avg_pause_time": 10055788.57,
    "pauses_per_category": {
        "ICBufferFull": 60,
        "CollectForMetadataAllocation": 2,
        "GenCollectForAllocation": 119,
        "GenCollectFull": 1
    },
    "total_pause_time_per_category": {
        "ICBufferFull": 19247563,
        "CollectForMetadataAllocation": 42029211,
        "GenCollectForAllocation": 1654872354,
        "GenCollectFull": 114004391
    },
    "avg_pause_time_per_category": {
        "ICBufferFull": 320792.72,
        "CollectForMetadataAllocation": 21014605.5,
        "GenCollectForAllocation": 13906490.37,
        "GenCollectFull": 114004391.0
    },
    "p90_pause_time": 17442199.7,
    "throughput": 34341106649
}