{
    "garbage_collector": "G1",
    "jdk": "HotSpot_21.0.4",
    "benchmark_group": "Renaissance",
    "benchmark_name": "dotty",
    "heap_size": "2048",
    "error": null,
    "avg_cpu_usage": 42.1,
    "avg_cpu_time": 39.9,
    "avg_io_time": 0.1,
    "p90_io": 0.0,
    "number_of_pauses": 105,
    "total_pause_time": 205317297,
    "avg_pause_time": 1955402.83,
    "pauses_per_category": {
        "ICBufferFull": 77,
        "CollectForMetadataAllocation": 4,
        "G1PauseRemark": 5,
        "G1PauseCleanup": 5,
        "G1TryInitiateConcMark": 3,
        "G1CollectForAllocation": 4,
        "Cleanup": 7
    },
    "total_pause_time_per_category": {
        "ICBufferFull": 33191740,
        "CollectForMetadataAllocation": 29493263,
        "G1PauseRemark": 29043928,
        "G1PauseCleanup": 1827607,
        "G1TryInitiateConcMark": 40281071,
        "G1CollectForAllocation": 70667279,
        "Cleanup": 812409
    },
    "avg_pause_time_per_category": {
        "ICBufferFull": 431061.56,
        "CollectForMetadataAllocation": 7373315.75,
        "G1PauseRemark": 5808785.6,
        "G1PauseCleanup": 365521.4,
        "G1TryInitiateConcMark": 13427023.67,
        "G1CollectForAllocation": 17666819.75,
        "Cleanup": 116058.43
    },
    "p90_pause_time": 8093870.6,
    "throughput": 28631080513
}