{
    "garbage_collector": "G1",
    "jdk": "HotSpot_21.0.4",
    "benchmark_group": "Renaissance",
    "benchmark_name": "chi-square",
    "heap_size": "8192",
    "error": null,
    "avg_cpu_usage": 30.7,
    "avg_cpu_time": 30.5,
    "avg_io_time": 0.6,
    "p90_io": 0.12,
    "number_of_pauses": 32,
    "total_pause_time": 338703167,
    "avg_pause_time": 10584473.97,
    "pauses_per_category": {
        "ICBufferFull": 5,
        "Cleanup": 4,
        "CollectForMetadataAllocation": 5,
        "G1PauseRemark": 3,
        "G1PauseCleanup": 3,
        "G1CollectForAllocation": 12
    },
    "total_pause_time_per_category": {
        "ICBufferFull": 475509,
        "Cleanup": 367936,
        "CollectForMetadataAllocation": 45128207,
        "G1PauseRemark": 5698698,
        "G1PauseCleanup": 848023,
        "G1CollectForAllocation": 286184794
    },
    "avg_pause_time_per_category": {
        "ICBufferFull": 95101.8,
        "Cleanup": 91984.0,
        "CollectForMetadataAllocation": 9025641.4,
        "G1PauseRemark": 1899566.0,
        "G1PauseCleanup": 282674.33,
        "G1CollectForAllocation": 23848732.83
    },
    "p90_pause_time": 30309735.2,
    "throughput": 12182508756
}