{
    "garbage_collector": "Serial",
    "jdk": "HotSpot_21.0.4",
    "benchmark_group": "Renaissance",
    "benchmark_name": "finagle-http",
    "heap_size": "1024",
    "error": null,
    "avg_cpu_usage": 78.9,
    "avg_cpu_time": 62.7,
    "avg_io_time": 0.0,
    "p90_io": 0.0,
    "number_of_pauses": 189,
    "total_pause_time": 684695836,
    "avg_pause_time": 3622729.29,
    "pauses_per_category": {
        "ICBufferFull": 55,
        "CollectForMetadataAllocation": 2,
        "GenCollectForAllocation": 132
    },
    "total_pause_time_per_category": {
        "ICBufferFull": 9294094,
        "CollectForMetadataAllocation": 39774777,
        "GenCollectForAllocation": 635626965
    },
    "avg_pause_time_per_category": {
        "ICBufferFull": 168983.53,
        "CollectForMetadataAllocation": 19887388.5,
        "GenCollectForAllocation": 4815355.8
    },
    "p90_pause_time": 5148803.4,
    "throughput": 39618227778
}