{
    "garbage_collector": "Serial",
    "jdk": "HotSpot_21.0.4",
    "benchmark_group": "Renaissance",
    "benchmark_name": "chi-square",
    "heap_size": "8192",
    "error": null,
    "avg_cpu_usage": 26.7,
    "avg_cpu_time": 26.8,
    "avg_io_time": 0.2,
    "p90_io": 0.0,
    "number_of_pauses": 22,
    "total_pause_time": 808647394,
    "avg_pause_time": 36756699.73,
    "pauses_per_category": {
        "ICBufferFull": 6,
        "CollectForMetadataAllocation": 4,
        "Cleanup": 1,
        "GenCollectForAllocation": 11
    },
    "total_pause_time_per_category": {
        "ICBufferFull": 625527,
        "CollectForMetadataAllocation": 265377870,
        "Cleanup": 155405,
        "GenCollectForAllocation": 542488592
    },
    "avg_pause_time_per_category": {
        "ICBufferFull": 104254.5,
        "CollectForMetadataAllocation": 66344467.5,
        "Cleanup": 155405.0,
        "GenCollectForAllocation": 49317144.73
    },
    "p90_pause_time": 113149343.3,
    "throughput": 12169522026
}