{
    "garbage_collector": "Serial",
    "jdk": "HotSpot_21.0.4",
    "benchmark_group": "Renaissance",
    "benchmark_name": "movie-lens",
    "heap_size": "8192",
    "error": null,
    "avg_cpu_usage": 55.4,
    "avg_cpu_time": 50.4,
    "avg_io_time": 0.1,
    "p90_io": 0.0,
    "number_of_pauses": 170,
    "total_pause_time": 1588957806,
    "avg_pause_time": 9346810.62,
    "pauses_per_category": {
        "ICBufferFull": 52,
        "Cleanup": 9,
        "CollectForMetadataAllocation": 4,
        "GenCollectForAllocation": 102,
        "GenCollectFull": 3
    },
    "total_pause_time_per_category": {
        "ICBufferFull": 11086142,
        "Cleanup": 739814,
        "CollectForMetadataAllocation": 89824521,
        "GenCollectForAllocation": 1312002330,
        "GenCollectFull": 175304999
    },
    "avg_pause_time_per_category": {
        "ICBufferFull": 213195.04,
        "Cleanup": 82201.56,
        "CollectForMetadataAllocation": 22456130.25,
        "GenCollectForAllocation": 12862767.94,
        "GenCollectFull": 58434999.67
    },
    "p90_pause_time": 20312500.8,
    "throughput": 90436666811
}