{
    "garbage_collector": "Serial",
    "jdk": "HotSpot_21.0.4",
    "benchmark_group": "Renaissance",
    "benchmark_name": "finagle-chirper",
    "heap_size": "256",
    "error": null,
    "avg_cpu_usage": 74.1,
    "avg_cpu_time": 66.8,
    "avg_io_time": 0.0,
    "p90_io": 0.0,
    "number_of_pauses": 543,
    "total_pause_time": 3382666236,
    "avg_pause_time": 6229587.91,
    "pauses_per_category": {
        "ICBufferFull": 50,
        "GenCollectForAllocation": 490,
        "CollectForMetadataAllocation": 2,
        "GenCollectFull": 1
    },
    "total_pause_time_per_category": {
        "ICBufferFull": 18387788,
        "GenCollectForAllocation": 3241384424,
        "CollectForMetadataAllocation": 40207146,
        "GenCollectFull": 82686878
    },
    "avg_pause_time_per_category": {
        "ICBufferFull": 367755.76,
        "GenCollectForAllocation": 6615070.25,
        "CollectForMetadataAllocation": 20103573.0,
        "GenCollectFull": 82686878.0
    },
    "p90_pause_time": 9084108.2,
    "throughput": 35868410866
}