{
    "garbage_collector": "Serial",
    "jdk": "HotSpot_21.0.4",
    "benchmark_group": "Renaissance",
    "benchmark_name": "mnemonics",
    "heap_size": "8192",
    "error": null,
    "avg_cpu_usage": 13.0,
    "avg_cpu_time": 13.0,
    "avg_io_time": 0.0,
    "p90_io": 0.0,
    "number_of_pauses": 30,
    "total_pause_time": 364498442,
    "avg_pause_time": 12149948.07,
    "pauses_per_category": {
        "ICBufferFull": 1,
        "GenCollectForAllocation": 29
    },
    "total_pause_time_per_category": {
        "ICBufferFull": 65246,
        "GenCollectForAllocation": 364433196
    },
    "avg_pause_time_per_category": {
        "ICBufferFull": 65246.0,
        "GenCollectForAllocation": 12566661.93
    },
    "p90_pause_time": 20418198.4,
    "throughput": 25535538104
}