{
    "garbage_collector": "Z",
    "jdk": "HotSpot_21.0.4",
    "benchmark_group": "Renaissance",
    "benchmark_name": "naive-bayes",
    "heap_size": "8192",
    "error": null,
    "avg_cpu_usage": 70.2,
    "avg_cpu_time": 65.4,
    "avg_io_time": 0.1,
    "p90_io": 0.0,
    "number_of_pauses": 278,
    "total_pause_time": 62911803,
    "avg_pause_time": 226301.45,
    "pauses_per_category": {
        "ICBufferFull": 22,
        "Cleanup": 2,
        "XMarkStart": 82,
        "XMarkEnd": 81,
        "CleanClassLoaderDataMetaspaces": 10,
        "XRelocateStart": 81
    },
    "total_pause_time_per_category": {
        "ICBufferFull": 2259917,
        "Cleanup": 889076,
        "XMarkStart": 22085959,
        "XMarkEnd": 12539251,
        "CleanClassLoaderDataMetaspaces": 6276331,
        "XRelocateStart": 18861269
    },
    "avg_pause_time_per_category": {
        "ICBufferFull": 102723.5,
        "Cleanup": 444538.0,
        "XMarkStart": 269340.96,
        "XMarkEnd": 154805.57,
        "CleanClassLoaderDataMetaspaces": 627633.1,
        "XRelocateStart": 232855.17
    },
    "p90_pause_time": 224307.7,
    "throughput": 31343206873
}