{
    "garbage_collector": "Z",
    "jdk": "HotSpot_21.0.4",
    "benchmark_group": "Renaissance",
    "benchmark_name": "mnemonics",
    "heap_size": "8192",
    "error": null,
    "avg_cpu_usage": 13.1,
    "avg_cpu_time": 11.3,
    "avg_io_time": 0.0,
    "p90_io": 0.0,
    "number_of_pauses": 59,
    "total_pause_time": 6128723,
    "avg_pause_time": 103876.66,
    "pauses_per_category": {
        "ICBufferFull": 2,
        "XMarkStart": 17,
        "XMarkEnd": 17,
        "CleanClassLoaderDataMetaspaces": 2,
        "XRelocateStart": 17,
        "Cleanup": 4
    },
    "total_pause_time_per_category": {
        "ICBufferFull": 182076,
        "XMarkStart": 1606550,
        "XMarkEnd": 1782962,
        "CleanClassLoaderDataMetaspaces": 643658,
        "XRelocateStart": 1558880,
        "Cleanup": 354597
    },
    "avg_pause_time_per_category": {
        "ICBufferFull": 91038.0,
        "XMarkStart": 94502.94,
        "XMarkEnd": 104880.12,
        "CleanClassLoaderDataMetaspaces": 321829.0,
        "XRelocateStart": 91698.82,
        "Cleanup": 88649.25
    },
    "p90_pause_time": 117727.0,
    "throughput": 32224020779
}