{
    "garbage_collector": "G1",
    "jdk": "HotSpot_21.0.4",
    "benchmark_group": "Renaissance",
    "benchmark_name": "movie-lens",
    "heap_size": "4096",
    "error": null,
    "avg_cpu_usage": 57.0,
    "avg_cpu_time": 52.0,
    "avg_io_time": 0.0,
    "p90_io": 0.0,
    "number_of_pauses": 350,
    "total_pause_time": 1141332468,
    "avg_pause_time": 3260949.91,
    "pauses_per_category": {
        "ICBufferFull": 48,
        "Cleanup": 6,
        "CollectForMetadataAllocation": 8,
        "G1PauseRemark": 29,
        "G1PauseCleanup": 29,
        "G1CollectForAllocation": 164,
        "G1TryInitiateConcMark": 66
    },
    "total_pause_time_per_category": {
        "ICBufferFull": 7157484,
        "Cleanup": 416077,
        "CollectForMetadataAllocation": 42696049,
        "G1PauseRemark": 115381061,
        "G1PauseCleanup": 24238302,
        "G1CollectForAllocation": 885146083,
        "G1TryInitiateConcMark": 66297412
    },
    "avg_pause_time_per_category": {
        "ICBufferFull": 149114.25,
        "Cleanup": 69346.17,
        "CollectForMetadataAllocation": 5337006.12,
        "G1PauseRemark": 3978657.28,
        "G1PauseCleanup": 835803.52,
        "G1CollectForAllocation": 5397232.21,
        "G1TryInitiateConcMark": 1004506.24
    },
    "p90_pause_time": 8389026.2,
    "throughput": 93885471916
}