{
    "garbage_collector": "Serial",
    "jdk": "HotSpot_21.0.4",
    "benchmark_group": "Renaissance",
    "benchmark_name": "future-genetic",
    "heap_size": "256",
    "error": null,
    "avg_cpu_usage": 31.4,
    "avg_cpu_time": 28.7,
    "avg_io_time": 0.0,
    "p90_io": 0.0,
    "number_of_pauses": 230,
    "total_pause_time": 490564487,
    "avg_pause_time": 2132889.07,
    "pauses_per_category": {
        "ICBufferFull": 2,
        "GenCollectForAllocation": 228
    },
    "total_pause_time_per_category": {
        "ICBufferFull": 215353,
        "GenCollectForAllocation": 490349134
    },
    "avg_pause_time_per_category": {
        "ICBufferFull": 107676.5,
        "GenCollectForAllocation": 2150654.1
    },
    "p90_pause_time": 3188124.8,
    "throughput": 20697672538
}