{
    "garbage_collector": "Serial",
    "jdk": "HotSpot_21.0.4",
    "benchmark_group": "Renaissance",
    "benchmark_name": "log-regression",
    "heap_size": "2048",
    "error": null,
    "avg_cpu_usage": 45.2,
    "avg_cpu_time": 43.1,
    "avg_io_time": 0.0,
    "p90_io": 0.0,
    "number_of_pauses": 106,
    "total_pause_time": 853012555,
    "avg_pause_time": 8047288.25,
    "pauses_per_category": {
        "ICBufferFull": 45,
        "Cleanup": 2,
        "CollectForMetadataAllocation": 4,
        "GenCollectForAllocation": 54,
        "GenCollectFull": 1
    },
    "total_pause_time_per_category": {
        "ICBufferFull": 4423007,
        "Cleanup": 275254,
        "CollectForMetadataAllocation": 174264804,
        "GenCollectForAllocation": 569960952,
        "GenCollectFull": 104088538
    },
    "avg_pause_time_per_category": {
        "ICBufferFull": 98289.04,
        "Cleanup": 137627.0,
        "CollectForMetadataAllocation": 43566201.0,
        "GenCollectForAllocation": 10554832.44,
        "GenCollectFull": 104088538.0
    },
    "p90_pause_time": 14725682.0,
    "throughput": 18976366351
}