{
    "garbage_collector": "Serial",
    "jdk": "HotSpot_21.0.4",
    "benchmark_group": "Renaissance",
    "benchmark_name": "naive-bayes",
    "heap_size": "4096",
    "error": null,
    "avg_cpu_usage": 67.8,
    "avg_cpu_time": 66.3,
    "avg_io_time": 0.2,
    "p90_io": 0.0,
    "number_of_pauses": 176,
    "total_pause_time": 1363873871,
    "avg_pause_time": 7749283.36,
    "pauses_per_category": {
        "ICBufferFull": 30,
        "CollectForMetadataAllocation": 4,
        "Cleanup": 1,
        "GenCollectForAllocation": 141
    },
    "total_pause_time_per_category": {
        "ICBufferFull": 6280010,
        "CollectForMetadataAllocation": 180473314,
        "Cleanup": 54748,
        "GenCollectForAllocation": 1177065799
    },
    "avg_pause_time_per_category": {
        "ICBufferFull": 209333.67,
        "CollectForMetadataAllocation": 45118328.5,
        "Cleanup": 54748.0,
        "GenCollectForAllocation": 8347984.39
    },
    "p90_pause_time": 14038186.0,
    "throughput": 23894185674
}