{
    "garbage_collector": "Z",
    "jdk": "HotSpot_21.0.4",
    "benchmark_group": "Renaissance",
    "benchmark_name": "als",
    "heap_size": "4096",
    "error": null,
    "avg_cpu_usage": 63.6,
    "avg_cpu_time": 62.6,
    "avg_io_time": 0.1,
    "p90_io": 0.0,
    "number_of_pauses": 189,
    "total_pause_time": 35203984,
    "avg_pause_time": 186264.47,
    "pauses_per_category": {
        "ICBufferFull": 36,
        "Cleanup": 37,
        "XMarkStart": 35,
        "XMarkEnd": 34,
        "CleanClassLoaderDataMetaspaces": 7,
        "XRelocateStart": 40
    },
    "total_pause_time_per_category": {
        "ICBufferFull": 3577126,
        "Cleanup": 2965675,
        "XMarkStart": 4476831,
        "XMarkEnd": 2836444,
        "CleanClassLoaderDataMetaspaces": 7224220,
        "XRelocateStart": 14123688
    },
    "avg_pause_time_per_category": {
        "ICBufferFull": 99364.61,
        "Cleanup": 80153.38,
        "XMarkStart": 127909.46,
        "XMarkEnd": 83424.82,
        "CleanClassLoaderDataMetaspaces": 1032031.43,
        "XRelocateStart": 353092.2
    },
    "p90_pause_time": 195078.6,
    "throughput": 58109433750
}