{
    "garbage_collector": "Parallel",
    "jdk": "HotSpot_21.0.4",
    "benchmark_group": "Renaissance",
    "benchmark_name": "scala-doku",
    "heap_size": "512",
    "error": null,
    "avg_cpu_usage": 15.4,
    "avg_cpu_time": 13.9,
    "avg_io_time": 0.0,
    "p90_io": 0.0,
    "number_of_pauses": 20,
    "total_pause_time": 170501852,
    "avg_pause_time": 8525092.6,
    "pauses_per_category": {
        "ICBufferFull": 2,
        "ParallelGCFailedAllocation": 16,
        "Cleanup": 2
    },
    "total_pause_time_per_category": {
        "ICBufferFull": 257418,
        "ParallelGCFailedAllocation": 170062776,
        "Cleanup": 181658
    },
    "avg_pause_time_per_category": {
        "ICBufferFull": 128709.0,
        "ParallelGCFailedAllocation": 10628923.5,
        "Cleanup": 90829.0
    },
    "p90_pause_time": 15082970.4,
    "throughput": 19129430217
}