{
    "garbage_collector": "Z",
    "jdk": "HotSpot_21.0.4",
    "benchmark_group": "Renaissance",
    "benchmark_name": "mnemonics",
    "heap_size": "1024",
    "error": null,
    "avg_cpu_usage": 16.0,
    "avg_cpu_time": 16.0,
    "avg_io_time": 0.0,
    "p90_io": 0.0,
    "number_of_pauses": 760,
    "total_pause_time": 71680993,
    "avg_pause_time": 94317.1,
    "pauses_per_category": {
        "ICBufferFull": 1,
        "XMarkStart": 252,
        "XMarkEnd": 252,
        "CleanClassLoaderDataMetaspaces": 3,
        "XRelocateStart": 252
    },
    "total_pause_time_per_category": {
        "ICBufferFull": 55354,
        "XMarkStart": 24174497,
        "XMarkEnd": 23943267,
        "CleanClassLoaderDataMetaspaces": 739536,
        "XRelocateStart": 22768339
    },
    "avg_pause_time_per_category": {
        "ICBufferFull": 55354.0,
        "XMarkStart": 95930.54,
        "XMarkEnd": 95012.96,
        "CleanClassLoaderDataMetaspaces": 246512.0,
        "XRelocateStart": 90350.55
    },
    "p90_pause_time": 102772.3,
    "throughput": 29795334558
}