{
    "garbage_collector": "Z",
    "jdk": "HotSpot_21.0.4",
    "benchmark_group": "Renaissance",
    "benchmark_name": "par-mnemonics",
    "heap_size": "2048",
    "error": null,
    "avg_cpu_usage": 17.3,
    "avg_cpu_time": 17.2,
    "avg_io_time": 0.0,
    "p90_io": 0.0,
    "number_of_pauses": 290,
    "total_pause_time": 28085512,
    "avg_pause_time": 96846.59,
    "pauses_per_category": {
        "ICBufferFull": 3,
        "XMarkStart": 95,
        "XMarkEnd": 95,
        "CleanClassLoaderDataMetaspaces": 2,
        "XRelocateStart": 95
    },
    "total_pause_time_per_category": {
        "ICBufferFull": 186687,
        "XMarkStart": 9363141,
        "XMarkEnd": 9206227,
        "CleanClassLoaderDataMetaspaces": 562468,
        "XRelocateStart": 8766989
    },
    "avg_pause_time_per_category": {
        "ICBufferFull": 62229.0,
        "XMarkStart": 98559.38,
        "XMarkEnd": 96907.65,
        "CleanClassLoaderDataMetaspaces": 281234.0,
        "XRelocateStart": 92284.09
    },
    "p90_pause_time": 105234.5,
    "throughput": 28881915604
}