{
    "garbage_collector": "G1",
    "jdk": "HotSpot_21.0.4",
    "benchmark_group": "Renaissance",
    "benchmark_name": "finagle-chirper",
    "heap_size": "4096",
    "error": null,
    "avg_cpu_usage": 78.3,
    "avg_cpu_time": 71.7,
    "avg_io_time": 0.0,
    "p90_io": 0.0,
    "number_of_pauses": 100,
    "total_pause_time": 189741132,
    "avg_pause_time": 1897411.32,
    "pauses_per_category": {
        "ICBufferFull": 55,
        "CollectForMetadataAllocation": 5,
        "G1PauseRemark": 3,
        "G1PauseCleanup": 3,
        "G1CollectForAllocation": 15,
        "Cleanup": 18,
        "G1TryInitiateConcMark": 1
    },
    "total_pause_time_per_category": {
        "ICBufferFull": 14943049,
        "CollectForMetadataAllocation": 23774851,
        "G1PauseRemark": 10430976,
        "G1PauseCleanup": 1158986,
        "G1CollectForAllocation": 130320246,
        "Cleanup": 1657370,
        "G1TryInitiateConcMark": 7455654
    },
    "avg_pause_time_per_category": {
        "ICBufferFull": 271691.8,
        "CollectForMetadataAllocation": 4754970.2,
        "G1PauseRemark": 3476992.0,
        "G1PauseCleanup": 386328.67,
        "G1CollectForAllocation": 8688016.4,
        "Cleanup": 92076.11,
        "G1TryInitiateConcMark": 7455654.0
    },
    "p90_pause_time": 6917352.8,
    "throughput": 36820359534
}