{
    "garbage_collector": "G1",
    "jdk": "HotSpot_21.0.4",
    "benchmark_group": "Renaissance",
    "benchmark_name": "dec-tree",
    "heap_size": "512",
    "error": null,
    "avg_cpu_usage": 44.7,
    "avg_cpu_time": 41.4,
    "avg_io_time": 0.0,
    "p90_io": 0.0,
    "number_of_pauses": 100,
    "total_pause_time": 277370815,
    "avg_pause_time": 2773708.15,
    "pauses_per_category": {
        "ICBufferFull": 32,
        "G1CollectForAllocation": 49,
        "CollectForMetadataAllocation": 8,
        "G1PauseRemark": 5,
        "G1PauseCleanup": 5,
        "G1TryInitiateConcMark": 1
    },
    "total_pause_time_per_category": {
        "ICBufferFull": 2889286,
        "G1CollectForAllocation": 203983651,
        "CollectForMetadataAllocation": 47728246,
        "G1PauseRemark": 19062091,
        "G1PauseCleanup": 1667925,
        "G1TryInitiateConcMark": 2039616
    },
    "avg_pause_time_per_category": {
        "ICBufferFull": 90290.19,
        "G1CollectForAllocation": 4162931.65,
        "CollectForMetadataAllocation": 5966030.75,
        "G1PauseRemark": 3812418.2,
        "G1PauseCleanup": 333585.0,
        "G1TryInitiateConcMark": 2039616.0
    },
    "p90_pause_time": 8633890.4,
    "throughput": 16139279543
}