{
    "garbage_collector": "G1",
    "jdk": "HotSpot_21.0.4",
    "benchmark_group": "Renaissance",
    "benchmark_name": "scala-doku",
    "heap_size": "2048",
    "error": null,
    "avg_cpu_usage": 14.2,
    "avg_cpu_time": 14.4,
    "avg_io_time": 0.1,
    "p90_io": 0.0,
    "number_of_pauses": 16,
    "total_pause_time": 61805285,
    "avg_pause_time": 3862830.31,
    "pauses_per_category": {
        "ICBufferFull": 2,
        "G1CollectForAllocation": 5,
        "Cleanup": 9
    },
    "total_pause_time_per_category": {
        "ICBufferFull": 194251,
        "G1CollectForAllocation": 60757839,
        "Cleanup": 853195
    },
    "avg_pause_time_per_category": {
        "ICBufferFull": 97125.5,
        "G1CollectForAllocation": 12151567.8,
        "Cleanup": 94799.44
    },
    "p90_pause_time": 11052583.0,
    "throughput": 19433281717
}