{
    "garbage_collector": "Z",
    "jdk": "HotSpot_21.0.4",
    "benchmark_group": "Renaissance",
    "benchmark_name": "movie-lens",
    "heap_size": "1024",
    "error": null,
    "avg_cpu_usage": 62.3,
    "avg_cpu_time": 53.9,
    "avg_io_time": 0.0,
    "p90_io": 0.0,
    "number_of_pauses": 3863,
    "total_pause_time": 376730551,
    "avg_pause_time": 97522.79,
    "pauses_per_category": {
        "ICBufferFull": 14,
        "XMarkStart": 1375,
        "XMarkEnd": 1053,
        "CleanClassLoaderDataMetaspaces": 9,
        "XRelocateStart": 1412
    },
    "total_pause_time_per_category": {
        "ICBufferFull": 1518671,
        "XMarkStart": 132895195,
        "XMarkEnd": 83330713,
        "CleanClassLoaderDataMetaspaces": 2816269,
        "XRelocateStart": 156169703
    },
    "avg_pause_time_per_category": {
        "ICBufferFull": 108476.5,
        "XMarkStart": 96651.05,
        "XMarkEnd": 79136.48,
        "CleanClassLoaderDataMetaspaces": 312918.78,
        "XRelocateStart": 110601.77
    },
    "p90_pause_time": 117614.8,
    "throughput": 123978933385
}