{
    "garbage_collector": "Parallel",
    "jdk": "HotSpot_21.0.4",
    "benchmark_group": "Renaissance",
    "benchmark_name": "finagle-http",
    "heap_size": "256",
    "error": null,
    "avg_cpu_usage": 79.4,
    "avg_cpu_time": 63.5,
    "avg_io_time": 0.0,
    "p90_io": 0.0,
    "number_of_pauses": 478,
    "total_pause_time": 374417231,
    "avg_pause_time": 783299.65,
    "pauses_per_category": {
        "ICBufferFull": 35,
        "ParallelGCFailedAllocation": 441,
        "CollectForMetadataAllocation": 2
    },
    "total_pause_time_per_category": {
        "ICBufferFull": 6672239,
        "ParallelGCFailedAllocation": 332330219,
        "CollectForMetadataAllocation": 35414773
    },
    "avg_pause_time_per_category": {
        "ICBufferFull": 190635.4,
        "ParallelGCFailedAllocation": 753583.26,
        "CollectForMetadataAllocation": 17707386.5
    },
    "p90_pause_time": 1041778.9,
    "throughput": 38693585828
}