{
    "garbage_collector": "Z",
    "jdk": "HotSpot_21.0.4",
    "benchmark_group": "Renaissance",
    "benchmark_name": "chi-square",
    "heap_size": "512",
    "error": null,
    "avg_cpu_usage": 33.5,
    "avg_cpu_time": 32.6,
    "avg_io_time": 0.4,
    "p90_io": 0.0,
    "number_of_pauses": 552,
    "total_pause_time": 49571604,
    "avg_pause_time": 89803.63,
    "pauses_per_category": {
        "ICBufferFull": 2,
        "Cleanup": 1,
        "XMarkStart": 180,
        "XMarkEnd": 178,
        "CleanClassLoaderDataMetaspaces": 12,
        "XRelocateStart": 179
    },
    "total_pause_time_per_category": {
        "ICBufferFull": 187421,
        "Cleanup": 21750,
        "XMarkStart": 22820162,
        "XMarkEnd": 9990042,
        "CleanClassLoaderDataMetaspaces": 2746732,
        "XRelocateStart": 13805497
    },
    "avg_pause_time_per_category": {
        "ICBufferFull": 93710.5,
        "Cleanup": 21750.0,
        "XMarkStart": 126778.68,
        "XMarkEnd": 56123.83,
        "CleanClassLoaderDataMetaspaces": 228894.33,
        "XRelocateStart": 77125.68
    },
    "p90_pause_time": 118462.7,
    "throughput": 24036893093
}