{
    "garbage_collector": "Parallel",
    "jdk": "HotSpot_21.0.4",
    "benchmark_group": "Renaissance",
    "benchmark_name": "finagle-chirper",
    "heap_size": "1024",
    "error": null,
    "avg_cpu_usage": 77.5,
    "avg_cpu_time": 71.0,
    "avg_io_time": 0.0,
    "p90_io": 0.0,
    "number_of_pauses": 161,
    "total_pause_time": 413625584,
    "avg_pause_time": 2569103.01,
    "pauses_per_category": {
        "ICBufferFull": 55,
        "CollectForMetadataAllocation": 2,
        "ParallelGCFailedAllocation": 103,
        "ParallelGCSystemGC": 1
    },
    "total_pause_time_per_category": {
        "ICBufferFull": 13196817,
        "CollectForMetadataAllocation": 43181407,
        "ParallelGCFailedAllocation": 287882734,
        "ParallelGCSystemGC": 69364626
    },
    "avg_pause_time_per_category": {
        "ICBufferFull": 239942.13,
        "CollectForMetadataAllocation": 21590703.5,
        "ParallelGCFailedAllocation": 2794978.0,
        "ParallelGCSystemGC": 69364626.0
    },
    "p90_pause_time": 5501944.0,
    "throughput": 33413441600
}