{
    "garbage_collector": "Z",
    "jdk": "HotSpot_21.0.4",
    "benchmark_group": "Renaissance",
    "benchmark_name": "future-genetic",
    "heap_size": "2048",
    "error": null,
    "avg_cpu_usage": 29.6,
    "avg_cpu_time": 28.2,
    "avg_io_time": 0.0,
    "p90_io": 0.0,
    "number_of_pauses": 86,
    "total_pause_time": 8690353,
    "avg_pause_time": 101050.62,
    "pauses_per_category": {
        "ICBufferFull": 3,
        "XMarkStart": 27,
        "XMarkEnd": 27,
        "CleanClassLoaderDataMetaspaces": 2,
        "XRelocateStart": 27
    },
    "total_pause_time_per_category": {
        "ICBufferFull": 321020,
        "XMarkStart": 2702626,
        "XMarkEnd": 2604875,
        "CleanClassLoaderDataMetaspaces": 517465,
        "XRelocateStart": 2544367
    },
    "avg_pause_time_per_category": {
        "ICBufferFull": 107006.67,
        "XMarkStart": 100097.26,
        "XMarkEnd": 96476.85,
        "CleanClassLoaderDataMetaspaces": 258732.5,
        "XRelocateStart": 94235.81
    },
    "p90_pause_time": 104542.0,
    "throughput": 23130722526
}