{
    "garbage_collector": "G1",
    "jdk": "HotSpot_21.0.4",
    "benchmark_group": "Renaissance",
    "benchmark_name": "rx-scrabble",
    "heap_size": "1024",
    "error": null,
    "avg_cpu_usage": 27.3,
    "avg_cpu_time": 29.6,
    "avg_io_time": 0.1,
    "p90_io": 0.24,
    "number_of_pauses": 15,
    "total_pause_time": 65939809,
    "avg_pause_time": 4395987.27,
    "pauses_per_category": {
        "ICBufferFull": 8,
        "G1CollectForAllocation": 7
    },
    "total_pause_time_per_category": {
        "ICBufferFull": 883814,
        "G1CollectForAllocation": 65055995
    },
    "avg_pause_time_per_category": {
        "ICBufferFull": 110476.75,
        "G1CollectForAllocation": 9293713.57
    },
    "p90_pause_time": 11751788.6,
    "throughput": 2744518047
}