{
    "garbage_collector": "Serial",
    "jdk": "HotSpot_21.0.4",
    "benchmark_group": "Renaissance",
    "benchmark_name": "dotty",
    "heap_size": "1024",
    "error": null,
    "avg_cpu_usage": 40.0,
    "avg_cpu_time": 37.9,
    "avg_io_time": 0.1,
    "p90_io": 0.0,
    "number_of_pauses": 93,
    "total_pause_time": 904916359,
    "avg_pause_time": 9730283.43,
    "pauses_per_category": {
        "ICBufferFull": 74,
        "CollectForMetadataAllocation": 2,
        "GenCollectFull": 3,
        "GenCollectForAllocation": 6,
        "Cleanup": 8
    },
    "total_pause_time_per_category": {
        "ICBufferFull": 29216027,
        "CollectForMetadataAllocation": 56622501,
        "GenCollectFull": 400145551,
        "GenCollectForAllocation": 414715526,
        "Cleanup": 4216754
    },
    "avg_pause_time_per_category": {
        "ICBufferFull": 394811.18,
        "CollectForMetadataAllocation": 28311250.5,
        "GenCollectFull": 133381850.33,
        "GenCollectForAllocation": 69119254.33,
        "Cleanup": 527094.25
    },
    "p90_pause_time": 16449076.8,
    "throughput": 28624393371
}