{
    "garbage_collector": "Z",
    "jdk": "HotSpot_21.0.4",
    "benchmark_group": "Renaissance",
    "benchmark_name": "par-mnemonics",
    "heap_size": "1024",
    "error": null,
    "avg_cpu_usage": 20.7,
    "avg_cpu_time": 20.5,
    "avg_io_time": 0.0,
    "p90_io": 0.0,
    "number_of_pauses": 700,
    "total_pause_time": 66647030,
    "avg_pause_time": 95210.04,
    "pauses_per_category": {
        "ICBufferFull": 2,
        "XMarkStart": 232,
        "XMarkEnd": 232,
        "CleanClassLoaderDataMetaspaces": 2,
        "XRelocateStart": 232
    },
    "total_pause_time_per_category": {
        "ICBufferFull": 171997,
        "XMarkStart": 22525928,
        "XMarkEnd": 22366853,
        "CleanClassLoaderDataMetaspaces": 552716,
        "XRelocateStart": 21029536
    },
    "avg_pause_time_per_category": {
        "ICBufferFull": 85998.5,
        "XMarkStart": 97094.52,
        "XMarkEnd": 96408.85,
        "CleanClassLoaderDataMetaspaces": 276358.0,
        "XRelocateStart": 90644.55
    },
    "p90_pause_time": 104338.6,
    "throughput": 25546504356
}