{
    "garbage_collector": "G1",
    "jdk": "HotSpot_21.0.4",
    "benchmark_group": "Renaissance",
    "benchmark_name": "akka-uct",
    "heap_size": "2048",
    "error": null,
    "avg_cpu_usage": 82.8,
    "avg_cpu_time": 80.9,
    "avg_io_time": 0.0,
    "p90_io": 0.0,
    "number_of_pauses": 241,
    "total_pause_time": 11059172383,
    "avg_pause_time": 45888682.09,
    "pauses_per_category": {
        "ICBufferFull": 7,
        "G1CollectForAllocation": 185,
        "CollectForMetadataAllocation": 1,
        "G1PauseRemark": 24,
        "G1PauseCleanup": 24
    },
    "total_pause_time_per_category": {
        "ICBufferFull": 795651,
        "G1CollectForAllocation": 10982064536,
        "CollectForMetadataAllocation": 26394520,
        "G1PauseRemark": 38985439,
        "G1PauseCleanup": 10932237
    },
    "avg_pause_time_per_category": {
        "ICBufferFull": 113664.43,
        "G1CollectForAllocation": 59362511.01,
        "CollectForMetadataAllocation": 26394520.0,
        "G1PauseRemark": 1624393.29,
        "G1PauseCleanup": 455509.88
    },
    "p90_pause_time": 69811221.0,
    "throughput": 71284134201
}