{
    "garbage_collector": "Z",
    "jdk": "HotSpot_21.0.4",
    "benchmark_group": "Renaissance",
    "benchmark_name": "rx-scrabble",
    "heap_size": "4096",
    "error": null,
    "avg_cpu_usage": 21.0,
    "avg_cpu_time": 24.1,
    "avg_io_time": 0.0,
    "p90_io": 0.0,
    "number_of_pauses": 14,
    "total_pause_time": 1800017,
    "avg_pause_time": 128572.64,
    "pauses_per_category": {
        "ICBufferFull": 3,
        "XMarkStart": 3,
        "XMarkEnd": 3,
        "CleanClassLoaderDataMetaspaces": 2,
        "XRelocateStart": 3
    },
    "total_pause_time_per_category": {
        "ICBufferFull": 330557,
        "XMarkStart": 376786,
        "XMarkEnd": 287672,
        "CleanClassLoaderDataMetaspaces": 504403,
        "XRelocateStart": 300599
    },
    "avg_pause_time_per_category": {
        "ICBufferFull": 110185.67,
        "XMarkStart": 125595.33,
        "XMarkEnd": 95890.67,
        "CleanClassLoaderDataMetaspaces": 252201.5,
        "XRelocateStart": 100199.67
    },
    "p90_pause_time": 140317.0,
    "throughput": 3961389756
}