{
    "garbage_collector": "G1",
    "jdk": "HotSpot_21.0.4",
    "benchmark_group": "Renaissance",
    "benchmark_name": "philosophers",
    "heap_size": "8192",
    "error": null,
    "avg_cpu_usage": 87.1,
    "avg_cpu_time": 87.1,
    "avg_io_time": 0.0,
    "p90_io": 0.0,
    "number_of_pauses": 15,
    "total_pause_time": 39548981,
    "avg_pause_time": 2636598.73,
    "pauses_per_category": {
        "ICBufferFull": 2,
        "G1CollectForAllocation": 9,
        "Cleanup": 4
    },
    "total_pause_time_per_category": {
        "ICBufferFull": 139964,
        "G1CollectForAllocation": 39015196,
        "Cleanup": 393821
    },
    "avg_pause_time_per_category": {
        "ICBufferFull": 69982.0,
        "G1CollectForAllocation": 4335021.78,
        "Cleanup": 98455.25
    },
    "p90_pause_time": 5180503.0,
    "throughput": 16904486504
}