{
    "garbage_collector": "Serial",
    "jdk": "HotSpot_21.0.4",
    "benchmark_group": "Renaissance",
    "benchmark_name": "rx-scrabble",
    "heap_size": "256",
    "error": null,
    "avg_cpu_usage": 23.6,
    "avg_cpu_time": 24.7,
    "avg_io_time": 0.0,
    "p90_io": 0.0,
    "number_of_pauses": 32,
    "total_pause_time": 227203747,
    "avg_pause_time": 7100117.09,
    "pauses_per_category": {
        "ICBufferFull": 4,
        "GenCollectForAllocation": 28
    },
    "total_pause_time_per_category": {
        "ICBufferFull": 351475,
        "GenCollectForAllocation": 226852272
    },
    "avg_pause_time_per_category": {
        "ICBufferFull": 87868.75,
        "GenCollectForAllocation": 8101866.86
    },
    "p90_pause_time": 22599022.5,
    "throughput": 2753852016
}