{
    "garbage_collector": "Parallel",
    "jdk": "HotSpot_21.0.4",
    "benchmark_group": "Renaissance",
    "benchmark_name": "als",
    "heap_size": "4096",
    "error": null,
    "avg_cpu_usage": 65.9,
    "avg_cpu_time": 63.6,
    "avg_io_time": 0.2,
    "p90_io": 0.0,
    "number_of_pauses": 111,
    "total_pause_time": 989012945,
    "avg_pause_time": 8910026.53,
    "pauses_per_category": {
        "ICBufferFull": 34,
        "CollectForMetadataAllocation": 4,
        "ParallelGCFailedAllocation": 40,
        "Cleanup": 26,
        "ParallelGCSystemGC": 7
    },
    "total_pause_time_per_category": {
        "ICBufferFull": 3524460,
        "CollectForMetadataAllocation": 295403656,
        "ParallelGCFailedAllocation": 635589447,
        "Cleanup": 1906190,
        "ParallelGCSystemGC": 52589192
    },
    "avg_pause_time_per_category": {
        "ICBufferFull": 103660.59,
        "CollectForMetadataAllocation": 73850914.0,
        "ParallelGCFailedAllocation": 15889736.18,
        "Cleanup": 73315.0,
        "ParallelGCSystemGC": 7512741.71
    },
    "p90_pause_time": 20618285.0,
    "throughput": 53915754799
}