{
    "garbage_collector": "G1",
    "jdk": "HotSpot_21.0.4",
    "benchmark_group": "Renaissance",
    "benchmark_name": "akka-uct",
    "heap_size": "4096",
    "error": null,
    "avg_cpu_usage": 83.2,
    "avg_cpu_time": 78.0,
    "avg_io_time": 0.0,
    "p90_io": 0.0,
    "number_of_pauses": 118,
    "total_pause_time": 5913949250,
    "avg_pause_time": 50118213.98,
    "pauses_per_category": {
        "ICBufferFull": 15,
        "G1CollectForAllocation": 100,
        "CollectForMetadataAllocation": 1,
        "G1PauseRemark": 1,
        "G1PauseCleanup": 1
    },
    "total_pause_time_per_category": {
        "ICBufferFull": 23792057,
        "G1CollectForAllocation": 5860360550,
        "CollectForMetadataAllocation": 26457635,
        "G1PauseRemark": 2930039,
        "G1PauseCleanup": 408969
    },
    "avg_pause_time_per_category": {
        "ICBufferFull": 1586137.13,
        "G1CollectForAllocation": 58603605.5,
        "CollectForMetadataAllocation": 26457635.0,
        "G1PauseRemark": 2930039.0,
        "G1PauseCleanup": 408969.0
    },
    "p90_pause_time": 72383494.1,
    "throughput": 66606029164
}