{
    "garbage_collector": "Serial",
    "jdk": "HotSpot_21.0.4",
    "benchmark_group": "Renaissance",
    "benchmark_name": "fj-kmeans",
    "heap_size": "2048",
    "error": null,
    "avg_cpu_usage": 81.3,
    "avg_cpu_time": 83.0,
    "avg_io_time": 0.0,
    "p90_io": 0.0,
    "number_of_pauses": 181,
    "total_pause_time": 295554983,
    "avg_pause_time": 1632900.46,
    "pauses_per_category": {
        "ICBufferFull": 1,
        "GenCollectForAllocation": 180
    },
    "total_pause_time_per_category": {
        "ICBufferFull": 62474,
        "GenCollectForAllocation": 295492509
    },
    "avg_pause_time_per_category": {
        "ICBufferFull": 62474.0,
        "GenCollectForAllocation": 1641625.05
    },
    "p90_pause_time": 1122438.0,
    "throughput": 23489938147
}