{
    "garbage_collector": "Serial",
    "jdk": "HotSpot_21.0.4",
    "benchmark_group": "Renaissance",
    "benchmark_name": "chi-square",
    "heap_size": "4096",
    "error": null,
    "avg_cpu_usage": 27.2,
    "avg_cpu_time": 27.7,
    "avg_io_time": 0.1,
    "p90_io": 0.0,
    "number_of_pauses": 29,
    "total_pause_time": 762673316,
    "avg_pause_time": 26299079.86,
    "pauses_per_category": {
        "ICBufferFull": 5,
        "Cleanup": 1,
        "CollectForMetadataAllocation": 3,
        "GenCollectForAllocation": 20
    },
    "total_pause_time_per_category": {
        "ICBufferFull": 384349,
        "Cleanup": 79649,
        "CollectForMetadataAllocation": 147201716,
        "GenCollectForAllocation": 615007602
    },
    "avg_pause_time_per_category": {
        "ICBufferFull": 76869.8,
        "Cleanup": 79649.0,
        "CollectForMetadataAllocation": 49067238.67,
        "GenCollectForAllocation": 30750380.1
    },
    "p90_pause_time": 97892824.0,
    "throughput": 11565204380
}