{
    "garbage_collector": "Serial",
    "jdk": "HotSpot_21.0.4",
    "benchmark_group": "Renaissance",
    "benchmark_name": "rx-scrabble",
    "heap_size": "512",
    "error": null,
    "avg_cpu_usage": 35.6,
    "avg_cpu_time": 24.4,
    "avg_io_time": 0.0,
    "p90_io": 0.0,
    "number_of_pauses": 22,
    "total_pause_time": 265239266,
    "avg_pause_time": 12056330.27,
    "pauses_per_category": {
        "ICBufferFull": 8,
        "GenCollectForAllocation": 14
    },
    "total_pause_time_per_category": {
        "ICBufferFull": 665216,
        "GenCollectForAllocation": 264574050
    },
    "avg_pause_time_per_category": {
        "ICBufferFull": 83152.0,
        "GenCollectForAllocation": 18898146.43
    },
    "p90_pause_time": 30011760.5,
    "throughput": 2438984454
}