{
    "garbage_collector": "G1",
    "jdk": "HotSpot_21.0.4",
    "benchmark_group": "Renaissance",
    "benchmark_name": "future-genetic",
    "heap_size": "1024",
    "error": null,
    "avg_cpu_usage": 31.3,
    "avg_cpu_time": 29.8,
    "avg_io_time": 0.0,
    "p90_io": 0.0,
    "number_of_pauses": 30,
    "total_pause_time": 62154440,
    "avg_pause_time": 2071814.67,
    "pauses_per_category": {
        "ICBufferFull": 3,
        "G1CollectForAllocation": 27
    },
    "total_pause_time_per_category": {
        "ICBufferFull": 281186,
        "G1CollectForAllocation": 61873254
    },
    "avg_pause_time_per_category": {
        "ICBufferFull": 93728.67,
        "G1CollectForAllocation": 2291602.0
    },
    "p90_pause_time": 4051492.3,
    "throughput": 20697771673
}