{
    "garbage_collector": "Z",
    "jdk": "HotSpot_21.0.4",
    "benchmark_group": "Renaissance",
    "benchmark_name": "fj-kmeans",
    "heap_size": "8192",
    "error": null,
    "avg_cpu_usage": 77.3,
    "avg_cpu_time": 74.3,
    "avg_io_time": 0.0,
    "p90_io": 0.0,
    "number_of_pauses": 106,
    "total_pause_time": 11817127,
    "avg_pause_time": 111482.33,
    "pauses_per_category": {
        "ICBufferFull": 1,
        "XMarkStart": 32,
        "XMarkEnd": 32,
        "CleanClassLoaderDataMetaspaces": 1,
        "XRelocateStart": 32,
        "Cleanup": 8
    },
    "total_pause_time_per_category": {
        "ICBufferFull": 124850,
        "XMarkStart": 3492840,
        "XMarkEnd": 3342124,
        "CleanClassLoaderDataMetaspaces": 726764,
        "XRelocateStart": 3396837,
        "Cleanup": 733712
    },
    "avg_pause_time_per_category": {
        "ICBufferFull": 124850.0,
        "XMarkStart": 109151.25,
        "XMarkEnd": 104441.38,
        "CleanClassLoaderDataMetaspaces": 726764.0,
        "XRelocateStart": 106151.16,
        "Cleanup": 91714.0
    },
    "p90_pause_time": 124659.0,
    "throughput": 42076471163
}