{
    "garbage_collector": "G1",
    "jdk": "HotSpot_21.0.4",
    "benchmark_group": "Renaissance",
    "benchmark_name": "dotty",
    "heap_size": "256",
    "error": null,
    "avg_cpu_usage": 40.6,
    "avg_cpu_time": 41.4,
    "avg_io_time": 0.1,
    "p90_io": 0.0,
    "number_of_pauses": 122,
    "total_pause_time": 479061737,
    "avg_pause_time": 3926735.55,
    "pauses_per_category": {
        "ICBufferFull": 65,
        "G1CollectForAllocation": 26,
        "CollectForMetadataAllocation": 3,
        "G1PauseRemark": 9,
        "G1PauseCleanup": 9,
        "G1TryInitiateConcMark": 4,
        "Cleanup": 6
    },
    "total_pause_time_per_category": {
        "ICBufferFull": 12322860,
        "G1CollectForAllocation": 339657352,
        "CollectForMetadataAllocation": 15621726,
        "G1PauseRemark": 70091856,
        "G1PauseCleanup": 4185460,
        "G1TryInitiateConcMark": 36300290,
        "Cleanup": 882193
    },
    "avg_pause_time_per_category": {
        "ICBufferFull": 189582.46,
        "G1CollectForAllocation": 13063744.31,
        "CollectForMetadataAllocation": 5207242.0,
        "G1PauseRemark": 7787984.0,
        "G1PauseCleanup": 465051.11,
        "G1TryInitiateConcMark": 9075072.5,
        "Cleanup": 147032.17
    },
    "p90_pause_time": 13692566.1,
    "throughput": 29244512690
}