{
    "garbage_collector": "Serial",
    "jdk": "HotSpot_21.0.4",
    "benchmark_group": "Renaissance",
    "benchmark_name": "chi-square",
    "heap_size": "512",
    "error": null,
    "avg_cpu_usage": 24.0,
    "avg_cpu_time": 22.7,
    "avg_io_time": 0.3,
    "p90_io": 0.0,
    "number_of_pauses": 260,
    "total_pause_time": 2545535770,
    "avg_pause_time": 9790522.19,
    "pauses_per_category": {
        "ICBufferFull": 4,
        "CollectForMetadataAllocation": 4,
        "GenCollectForAllocation": 252
    },
    "total_pause_time_per_category": {
        "ICBufferFull": 383532,
        "CollectForMetadataAllocation": 94640038,
        "GenCollectForAllocation": 2450512200
    },
    "avg_pause_time_per_category": {
        "ICBufferFull": 95883.0,
        "CollectForMetadataAllocation": 23660009.5,
        "GenCollectForAllocation": 9724254.76
    },
    "p90_pause_time": 18218597.1,
    "throughput": 17033346218
}