{
    "garbage_collector": "Parallel",
    "jdk": "HotSpot_21.0.4",
    "benchmark_group": "Renaissance",
    "benchmark_name": "neo4j-analytics",
    "heap_size": "4096",
    "error": null,
    "avg_cpu_usage": 35.0,
    "avg_cpu_time": 34.4,
    "avg_io_time": 0.5,
    "p90_io": 1.5,
    "number_of_pauses": 101,
    "total_pause_time": 2587088556,
    "avg_pause_time": 25614738.18,
    "pauses_per_category": {
        "ICBufferFull": 47,
        "CollectForMetadataAllocation": 4,
        "ParallelGCFailedAllocation": 47,
        "Cleanup": 3
    },
    "total_pause_time_per_category": {
        "ICBufferFull": 5094024,
        "CollectForMetadataAllocation": 199445951,
        "ParallelGCFailedAllocation": 2382291243,
        "Cleanup": 257338
    },
    "avg_pause_time_per_category": {
        "ICBufferFull": 108383.49,
        "CollectForMetadataAllocation": 49861487.75,
        "ParallelGCFailedAllocation": 50687047.72,
        "Cleanup": 85779.33
    },
    "p90_pause_time": 109239778.0,
    "throughput": 35518801371
}