{
    "garbage_collector": "Parallel",
    "jdk": "HotSpot_21.0.4",
    "benchmark_group": "Renaissance",
    "benchmark_name": "par-mnemonics",
    "heap_size": "8192",
    "error": null,
    "avg_cpu_usage": 17.3,
    "avg_cpu_time": 16.5,
    "avg_io_time": 0.0,
    "p90_io": 0.0,
    "number_of_pauses": 32,
    "total_pause_time": 449804168,
    "avg_pause_time": 14056380.25,
    "pauses_per_category": {
        "ICBufferFull": 2,
        "ParallelGCFailedAllocation": 28,
        "Cleanup": 2
    },
    "total_pause_time_per_category": {
        "ICBufferFull": 134459,
        "ParallelGCFailedAllocation": 449505807,
        "Cleanup": 163902
    },
    "avg_pause_time_per_category": {
        "ICBufferFull": 67229.5,
        "ParallelGCFailedAllocation": 16053778.82,
        "Cleanup": 81951.0
    },
    "p90_pause_time": 32369226.7,
    "throughput": 26470102294
}