{
    "garbage_collector": "G1",
    "jdk": "HotSpot_21.0.4",
    "benchmark_group": "Renaissance",
    "benchmark_name": "mnemonics",
    "heap_size": "8192",
    "error": null,
    "avg_cpu_usage": 13.2,
    "avg_cpu_time": 13.4,
    "avg_io_time": 0.0,
    "p90_io": 0.0,
    "number_of_pauses": 22,
    "total_pause_time": 111245923,
    "avg_pause_time": 5056632.86,
    "pauses_per_category": {
        "ICBufferFull": 1,
        "G1CollectForAllocation": 17,
        "Cleanup": 4
    },
    "total_pause_time_per_category": {
        "ICBufferFull": 58000,
        "G1CollectForAllocation": 110829626,
        "Cleanup": 358297
    },
    "avg_pause_time_per_category": {
        "ICBufferFull": 58000.0,
        "G1CollectForAllocation": 6519389.76,
        "Cleanup": 89574.25
    },
    "p90_pause_time": 7645225.3,
    "throughput": 27666649382
}