{
    "garbage_collector": "Serial",
    "jdk": "HotSpot_21.0.4",
    "benchmark_group": "Renaissance",
    "benchmark_name": "dec-tree",
    "heap_size": "8192",
    "error": null,
    "avg_cpu_usage": 39.3,
    "avg_cpu_time": 38.5,
    "avg_io_time": 0.1,
    "p90_io": 0.0,
    "number_of_pauses": 62,
    "total_pause_time": 460419718,
    "avg_pause_time": 7426124.48,
    "pauses_per_category": {
        "ICBufferFull": 49,
        "Cleanup": 1,
        "CollectForMetadataAllocation": 4,
        "GenCollectForAllocation": 7,
        "GenCollectFull": 1
    },
    "total_pause_time_per_category": {
        "ICBufferFull": 5949011,
        "Cleanup": 91435,
        "CollectForMetadataAllocation": 161117660,
        "GenCollectForAllocation": 127829837,
        "GenCollectFull": 165431775
    },
    "avg_pause_time_per_category": {
        "ICBufferFull": 121408.39,
        "Cleanup": 91435.0,
        "CollectForMetadataAllocation": 40279415.0,
        "GenCollectForAllocation": 18261405.29,
        "GenCollectFull": 165431775.0
    },
    "p90_pause_time": 24157616.3,
    "throughput": 15829883753
}