{
    "garbage_collector": "Z",
    "jdk": "HotSpot_21.0.4",
    "benchmark_group": "Renaissance",
    "benchmark_name": "naive-bayes",
    "heap_size": "2048",
    "error": null,
    "avg_cpu_usage": 61.3,
    "avg_cpu_time": 57.0,
    "avg_io_time": 0.1,
    "p90_io": 0.0,
    "number_of_pauses": 2326,
    "total_pause_time": 322939046,
    "avg_pause_time": 138838.8,
    "pauses_per_category": {
        "ICBufferFull": 14,
        "Cleanup": 2,
        "XMarkStart": 767,
        "XMarkEnd": 763,
        "CleanClassLoaderDataMetaspaces": 16,
        "XRelocateStart": 764
    },
    "total_pause_time_per_category": {
        "ICBufferFull": 1298982,
        "Cleanup": 469910,
        "XMarkStart": 102422585,
        "XMarkEnd": 40908210,
        "CleanClassLoaderDataMetaspaces": 11453961,
        "XRelocateStart": 166385398
    },
    "avg_pause_time_per_category": {
        "ICBufferFull": 92784.43,
        "Cleanup": 234955.0,
        "XMarkStart": 133536.62,
        "XMarkEnd": 53614.95,
        "CleanClassLoaderDataMetaspaces": 715872.56,
        "XRelocateStart": 217781.93
    },
    "p90_pause_time": 183111.5,
    "throughput": 91408413697
}