{
    "garbage_collector": "Z",
    "jdk": "HotSpot_21.0.4",
    "benchmark_group": "Renaissance",
    "benchmark_name": "philosophers",
    "heap_size": "1024",
    "error": null,
    "avg_cpu_usage": 86.4,
    "avg_cpu_time": 85.2,
    "avg_io_time": 0.0,
    "p90_io": 0.0,
    "number_of_pauses": 179,
    "total_pause_time": 19153903,
    "avg_pause_time": 107005.04,
    "pauses_per_category": {
        "ICBufferFull": 1,
        "XMarkStart": 59,
        "XMarkEnd": 59,
        "CleanClassLoaderDataMetaspaces": 1,
        "XRelocateStart": 59
    },
    "total_pause_time_per_category": {
        "ICBufferFull": 70686,
        "XMarkStart": 6321038,
        "XMarkEnd": 5688663,
        "CleanClassLoaderDataMetaspaces": 706506,
        "XRelocateStart": 6367010
    },
    "avg_pause_time_per_category": {
        "ICBufferFull": 70686.0,
        "XMarkStart": 107136.24,
        "XMarkEnd": 96418.02,
        "CleanClassLoaderDataMetaspaces": 706506.0,
        "XRelocateStart": 107915.42
    },
    "p90_pause_time": 104935.8,
    "throughput": 16252719763
}