{
    "garbage_collector": "Parallel",
    "jdk": "HotSpot_21.0.4",
    "benchmark_group": "Renaissance",
    "benchmark_name": "philosophers",
    "heap_size": "8192",
    "error": null,
    "avg_cpu_usage": 86.3,
    "avg_cpu_time": 84.7,
    "avg_io_time": 0.0,
    "p90_io": 0.0,
    "number_of_pauses": 16,
    "total_pause_time": 43035554,
    "avg_pause_time": 2689722.12,
    "pauses_per_category": {
        "ICBufferFull": 2,
        "ParallelGCFailedAllocation": 14
    },
    "total_pause_time_per_category": {
        "ICBufferFull": 214483,
        "ParallelGCFailedAllocation": 42821071
    },
    "avg_pause_time_per_category": {
        "ICBufferFull": 107241.5,
        "ParallelGCFailedAllocation": 3058647.93
    },
    "p90_pause_time": 5188750.0,
    "throughput": 17531707875
}