{
    "garbage_collector": "Serial",
    "jdk": "HotSpot_21.0.4",
    "benchmark_group": "Renaissance",
    "benchmark_name": "fj-kmeans",
    "heap_size": "256",
    "error": null,
    "avg_cpu_usage": 82.1,
    "avg_cpu_time": 81.0,
    "avg_io_time": 0.0,
    "p90_io": 0.0,
    "number_of_pauses": 1444,
    "total_pause_time": 1266954288,
    "avg_pause_time": 877392.17,
    "pauses_per_category": {
        "ICBufferFull": 1,
        "GenCollectForAllocation": 1443
    },
    "total_pause_time_per_category": {
        "ICBufferFull": 126706,
        "GenCollectForAllocation": 1266827582
    },
    "avg_pause_time_per_category": {
        "ICBufferFull": 126706.0,
        "GenCollectForAllocation": 877912.39
    },
    "p90_pause_time": 1050282.4,
    "throughput": 27821281637
}