{
    "garbage_collector": "G1",
    "jdk": "HotSpot_21.0.4",
    "benchmark_group": "Renaissance",
    "benchmark_name": "finagle-http",
    "heap_size": "2048",
    "error": null,
    "avg_cpu_usage": 80.9,
    "avg_cpu_time": 66.2,
    "avg_io_time": 0.0,
    "p90_io": 0.0,
    "number_of_pauses": 125,
    "total_pause_time": 162718625,
    "avg_pause_time": 1301749.0,
    "pauses_per_category": {
        "ICBufferFull": 56,
        "CollectForMetadataAllocation": 13,
        "G1PauseRemark": 2,
        "G1PauseCleanup": 2,
        "G1CollectForAllocation": 31,
        "Cleanup": 21
    },
    "total_pause_time_per_category": {
        "ICBufferFull": 8493709,
        "CollectForMetadataAllocation": 20635241,
        "G1PauseRemark": 3550136,
        "G1PauseCleanup": 721113,
        "G1CollectForAllocation": 127268655,
        "Cleanup": 2049771
    },
    "avg_pause_time_per_category": {
        "ICBufferFull": 151673.38,
        "CollectForMetadataAllocation": 1587326.23,
        "G1PauseRemark": 1775068.0,
        "G1PauseCleanup": 360556.5,
        "G1CollectForAllocation": 4105440.48,
        "Cleanup": 97608.14
    },
    "p90_pause_time": 5502552.6,
    "throughput": 41540392987
}