{
    "garbage_collector": "Z",
    "jdk": "HotSpot_21.0.4",
    "benchmark_group": "Renaissance",
    "benchmark_name": "dec-tree",
    "heap_size": "2048",
    "error": null,
    "avg_cpu_usage": 36.3,
    "avg_cpu_time": 39.4,
    "avg_io_time": 0.3,
    "p90_io": 0.0,
    "number_of_pauses": 106,
    "total_pause_time": 16774249,
    "avg_pause_time": 158247.63,
    "pauses_per_category": {
        "ICBufferFull": 38,
        "Cleanup": 1,
        "XMarkStart": 19,
        "XMarkEnd": 19,
        "CleanClassLoaderDataMetaspaces": 8,
        "XRelocateStart": 21
    },
    "total_pause_time_per_category": {
        "ICBufferFull": 3565010,
        "Cleanup": 48094,
        "XMarkStart": 3127885,
        "XMarkEnd": 2440768,
        "CleanClassLoaderDataMetaspaces": 5394084,
        "XRelocateStart": 2198408
    },
    "avg_pause_time_per_category": {
        "ICBufferFull": 93816.05,
        "Cleanup": 48094.0,
        "XMarkStart": 164625.53,
        "XMarkEnd": 128461.47,
        "CleanClassLoaderDataMetaspaces": 674260.5,
        "XRelocateStart": 104686.1
    },
    "p90_pause_time": 236121.0,
    "throughput": 17352353823
}