{
    "garbage_collector": "Parallel",
    "jdk": "HotSpot_21.0.4",
    "benchmark_group": "Renaissance",
    "benchmark_name": "dec-tree",
    "heap_size": "2048",
    "error": null,
    "avg_cpu_usage": 40.6,
    "avg_cpu_time": 40.4,
    "avg_io_time": 0.1,
    "p90_io": 0.0,
    "number_of_pauses": 73,
    "total_pause_time": 317595443,
    "avg_pause_time": 4350622.51,
    "pauses_per_category": {
        "ICBufferFull": 42,
        "Cleanup": 1,
        "CollectForMetadataAllocation": 4,
        "ParallelGCFailedAllocation": 25,
        "ParallelGCSystemGC": 1
    },
    "total_pause_time_per_category": {
        "ICBufferFull": 4253811,
        "Cleanup": 401229,
        "CollectForMetadataAllocation": 129056977,
        "ParallelGCFailedAllocation": 107464729,
        "ParallelGCSystemGC": 76418697
    },
    "avg_pause_time_per_category": {
        "ICBufferFull": 101281.21,
        "Cleanup": 401229.0,
        "CollectForMetadataAllocation": 32264244.25,
        "ParallelGCFailedAllocation": 4298589.16,
        "ParallelGCSystemGC": 76418697.0
    },
    "p90_pause_time": 11435126.8,
    "throughput": 15525522478
}