{
    "garbage_collector": "Serial",
    "jdk": "HotSpot_21.0.4",
    "benchmark_group": "Renaissance",
    "benchmark_name": "neo4j-analytics",
    "heap_size": "2048",
    "error": null,
    "avg_cpu_usage": 26.2,
    "avg_cpu_time": 26.1,
    "avg_io_time": 0.8,
    "p90_io": 2.66,
    "number_of_pauses": 110,
    "total_pause_time": 7948565875,
    "avg_pause_time": 72259689.77,
    "pauses_per_category": {
        "ICBufferFull": 37,
        "CollectForMetadataAllocation": 3,
        "GenCollectForAllocation": 65,
        "Cleanup": 4,
        "GenCollectFull": 1
    },
    "total_pause_time_per_category": {
        "ICBufferFull": 4926895,
        "CollectForMetadataAllocation": 144442155,
        "GenCollectForAllocation": 7621365689,
        "Cleanup": 274474,
        "GenCollectFull": 177556662
    },
    "avg_pause_time_per_category": {
        "ICBufferFull": 133159.32,
        "CollectForMetadataAllocation": 48147385.0,
        "GenCollectForAllocation": 117251779.83,
        "Cleanup": 68618.5,
        "GenCollectFull": 177556662.0
    },
    "p90_pause_time": 218295247.6,
    "throughput": 41821211261
}