{
    "garbage_collector": "Serial",
    "jdk": "HotSpot_21.0.4",
    "benchmark_group": "Renaissance",
    "benchmark_name": "gauss-mix",
    "heap_size": "4096",
    "error": null,
    "avg_cpu_usage": 30.2,
    "avg_cpu_time": 29.0,
    "avg_io_time": 0.0,
    "p90_io": 0.0,
    "number_of_pauses": 29,
    "total_pause_time": 200699606,
    "avg_pause_time": 6920676.07,
    "pauses_per_category": {
        "ICBufferFull": 12,
        "Cleanup": 2,
        "CollectForMetadataAllocation": 3,
        "GenCollectForAllocation": 11,
        "GenCollectFull": 1
    },
    "total_pause_time_per_category": {
        "ICBufferFull": 1025172,
        "Cleanup": 260133,
        "CollectForMetadataAllocation": 98877799,
        "GenCollectForAllocation": 87926809,
        "GenCollectFull": 12609693
    },
    "avg_pause_time_per_category": {
        "ICBufferFull": 85431.0,
        "Cleanup": 130066.5,
        "CollectForMetadataAllocation": 32959266.33,
        "GenCollectForAllocation": 7993346.27,
        "GenCollectFull": 12609693.0
    },
    "p90_pause_time": 14962701.4,
    "throughput": 12470456485
}