{
    "garbage_collector": "Serial",
    "jdk": "HotSpot_21.0.4",
    "benchmark_group": "Renaissance",
    "benchmark_name": "reactors",
    "heap_size": "512",
    "error": null,
    "avg_cpu_usage": 22.2,
    "avg_cpu_time": 21.6,
    "avg_io_time": 0.0,
    "p90_io": 0.0,
    "number_of_pauses": 456,
    "total_pause_time": 93694815038,
    "avg_pause_time": 205471085.61,
    "pauses_per_category": {
        "ICBufferFull": 6,
        "Cleanup": 10,
        "GenCollectForAllocation": 440
    },
    "total_pause_time_per_category": {
        "ICBufferFull": 516119,
        "Cleanup": 861790,
        "GenCollectForAllocation": 93693437129
    },
    "avg_pause_time_per_category": {
        "ICBufferFull": 86019.83,
        "Cleanup": 86179.0,
        "GenCollectForAllocation": 212939629.84
    },
    "p90_pause_time": 626458800.5,
    "throughput": 165910555064
}