{
    "garbage_collector": "Serial",
    "jdk": "HotSpot_21.0.4",
    "benchmark_group": "Renaissance",
    "benchmark_name": "dotty",
    "heap_size": "2048",
    "error": null,
    "avg_cpu_usage": 39.8,
    "avg_cpu_time": 37.9,
    "avg_io_time": 0.0,
    "p90_io": 0.0,
    "number_of_pauses": 90,
    "total_pause_time": 658713630,
    "avg_pause_time": 7319040.33,
    "pauses_per_category": {
        "ICBufferFull": 75,
        "CollectForMetadataAllocation": 2,
        "GenCollectFull": 3,
        "Cleanup": 8,
        "GenCollectForAllocation": 2
    },
    "total_pause_time_per_category": {
        "ICBufferFull": 21344746,
        "CollectForMetadataAllocation": 55649035,
        "GenCollectFull": 450305358,
        "Cleanup": 2923135,
        "GenCollectForAllocation": 128491356
    },
    "avg_pause_time_per_category": {
        "ICBufferFull": 284596.61,
        "CollectForMetadataAllocation": 27824517.5,
        "GenCollectFull": 150101786.0,
        "Cleanup": 365391.88,
        "GenCollectForAllocation": 64245678.0
    },
    "p90_pause_time": 2304861.5,
    "throughput": 28328393464
}