{
    "garbage_collector": "Parallel",
    "jdk": "HotSpot_21.0.4",
    "benchmark_group": "Renaissance",
    "benchmark_name": "par-mnemonics",
    "heap_size": "4096",
    "error": null,
    "avg_cpu_usage": 18.5,
    "avg_cpu_time": 17.5,
    "avg_io_time": 0.1,
    "p90_io": 0.0,
    "number_of_pauses": 60,
    "total_pause_time": 782419333,
    "avg_pause_time": 13040322.22,
    "pauses_per_category": {
        "ICBufferFull": 3,
        "ParallelGCFailedAllocation": 57
    },
    "total_pause_time_per_category": {
        "ICBufferFull": 245354,
        "ParallelGCFailedAllocation": 782173979
    },
    "avg_pause_time_per_category": {
        "ICBufferFull": 81784.67,
        "ParallelGCFailedAllocation": 13722350.51
    },
    "p90_pause_time": 29981915.4,
    "throughput": 22223867967
}