{
    "garbage_collector": "Parallel",
    "jdk": "HotSpot_21.0.4",
    "benchmark_group": "Renaissance",
    "benchmark_name": "movie-lens",
    "heap_size": "2048",
    "error": null,
    "avg_cpu_usage": 55.6,
    "avg_cpu_time": 51.6,
    "avg_io_time": 0.2,
    "p90_io": 0.0,
    "number_of_pauses": 387,
    "total_pause_time": 1215625107,
    "avg_pause_time": 3141150.15,
    "pauses_per_category": {
        "ICBufferFull": 29,
        "CollectForMetadataAllocation": 4,
        "ParallelGCFailedAllocation": 324,
        "ParallelGCSystemGC": 29,
        "Cleanup": 1
    },
    "total_pause_time_per_category": {
        "ICBufferFull": 9595795,
        "CollectForMetadataAllocation": 81842199,
        "ParallelGCFailedAllocation": 983854017,
        "ParallelGCSystemGC": 140289008,
        "Cleanup": 44088
    },
    "avg_pause_time_per_category": {
        "ICBufferFull": 330889.48,
        "CollectForMetadataAllocation": 20460549.75,
        "ParallelGCFailedAllocation": 3036586.47,
        "ParallelGCSystemGC": 4837552.0,
        "Cleanup": 44088.0
    },
    "p90_pause_time": 4058279.8,
    "throughput": 89258338327
}