{
    "garbage_collector": "Serial",
    "jdk": "HotSpot_21.0.4",
    "benchmark_group": "Renaissance",
    "benchmark_name": "dec-tree",
    "heap_size": "4096",
    "error": null,
    "avg_cpu_usage": 37.9,
    "avg_cpu_time": 39.5,
    "avg_io_time": 0.0,
    "p90_io": 0.0,
    "number_of_pauses": 62,
    "total_pause_time": 507371328,
    "avg_pause_time": 8183408.52,
    "pauses_per_category": {
        "ICBufferFull": 43,
        "CollectForMetadataAllocation": 4,
        "GenCollectForAllocation": 14,
        "GenCollectFull": 1
    },
    "total_pause_time_per_category": {
        "ICBufferFull": 4160509,
        "CollectForMetadataAllocation": 161733417,
        "GenCollectForAllocation": 231510487,
        "GenCollectFull": 109966915
    },
    "avg_pause_time_per_category": {
        "ICBufferFull": 96756.02,
        "CollectForMetadataAllocation": 40433354.25,
        "GenCollectForAllocation": 16536463.36,
        "GenCollectFull": 109966915.0
    },
    "p90_pause_time": 23388739.7,
    "throughput": 16139399318
}