{
    "garbage_collector": "G1",
    "jdk": "HotSpot_21.0.4",
    "benchmark_group": "Renaissance",
    "benchmark_name": "mnemonics",
    "heap_size": "256",
    "error": null,
    "avg_cpu_usage": 15.7,
    "avg_cpu_time": 16.1,
    "avg_io_time": 0.0,
    "p90_io": 0.0,
    "number_of_pauses": 478,
    "total_pause_time": 1360808093,
    "avg_pause_time": 2846878.86,
    "pauses_per_category": {
        "ICBufferFull": 1,
        "G1CollectForAllocation": 444,
        "G1PauseRemark": 16,
        "G1PauseCleanup": 16,
        "G1TryInitiateConcMark": 1
    },
    "total_pause_time_per_category": {
        "ICBufferFull": 123779,
        "G1CollectForAllocation": 1339707351,
        "G1PauseRemark": 13217299,
        "G1PauseCleanup": 2554222,
        "G1TryInitiateConcMark": 5205442
    },
    "avg_pause_time_per_category": {
        "ICBufferFull": 123779.0,
        "G1CollectForAllocation": 3017358.9,
        "G1PauseRemark": 826081.19,
        "G1PauseCleanup": 159638.88,
        "G1TryInitiateConcMark": 5205442.0
    },
    "p90_pause_time": 3499556.3,
    "throughput": 27667243803
}