{
    "garbage_collector": "Parallel",
    "jdk": "HotSpot_21.0.4",
    "benchmark_group": "Renaissance",
    "benchmark_name": "fj-kmeans",
    "heap_size": "1024",
    "error": null,
    "avg_cpu_usage": 85.7,
    "avg_cpu_time": 84.2,
    "avg_io_time": 0.0,
    "p90_io": 0.0,
    "number_of_pauses": 309,
    "total_pause_time": 371883999,
    "avg_pause_time": 1203508.09,
    "pauses_per_category": {
        "ICBufferFull": 1,
        "ParallelGCFailedAllocation": 308
    },
    "total_pause_time_per_category": {
        "ICBufferFull": 66901,
        "ParallelGCFailedAllocation": 371817098
    },
    "avg_pause_time_per_category": {
        "ICBufferFull": 66901.0,
        "ParallelGCFailedAllocation": 1207198.37
    },
    "p90_pause_time": 919108.2,
    "throughput": 27801898430
}