{
    "garbage_collector": "Z",
    "jdk": "HotSpot_21.0.4",
    "benchmark_group": "Renaissance",
    "benchmark_name": "movie-lens",
    "heap_size": "512",
    "error": null,
    "avg_cpu_usage": 58.2,
    "avg_cpu_time": 52.2,
    "avg_io_time": 0.1,
    "p90_io": 0.0,
    "number_of_pauses": 4901,
    "total_pause_time": 500446248,
    "avg_pause_time": 102111.05,
    "pauses_per_category": {
        "ICBufferFull": 9,
        "Cleanup": 1,
        "XMarkStart": 1750,
        "XMarkEnd": 1388,
        "CleanClassLoaderDataMetaspaces": 10,
        "XRelocateStart": 1743
    },
    "total_pause_time_per_category": {
        "ICBufferFull": 1045393,
        "Cleanup": 223932,
        "XMarkStart": 163701660,
        "XMarkEnd": 112805816,
        "CleanClassLoaderDataMetaspaces": 2749277,
        "XRelocateStart": 219920170
    },
    "avg_pause_time_per_category": {
        "ICBufferFull": 116154.78,
        "Cleanup": 223932.0,
        "XMarkStart": 93543.81,
        "XMarkEnd": 81272.2,
        "CleanClassLoaderDataMetaspaces": 274927.7,
        "XRelocateStart": 126173.36
    },
    "p90_pause_time": 134095.0,
    "throughput": 145671845975
}