{
    "garbage_collector": "Parallel",
    "jdk": "HotSpot_21.0.4",
    "benchmark_group": "Renaissance",
    "benchmark_name": "chi-square",
    "heap_size": "1024",
    "error": null,
    "avg_cpu_usage": 30.8,
    "avg_cpu_time": 27.9,
    "avg_io_time": 0.0,
    "p90_io": 0.0,
    "number_of_pauses": 98,
    "total_pause_time": 414739141,
    "avg_pause_time": 4232032.05,
    "pauses_per_category": {
        "ICBufferFull": 4,
        "Cleanup": 1,
        "CollectForMetadataAllocation": 3,
        "ParallelGCFailedAllocation": 90
    },
    "total_pause_time_per_category": {
        "ICBufferFull": 307140,
        "Cleanup": 19571,
        "CollectForMetadataAllocation": 84933852,
        "ParallelGCFailedAllocation": 329478578
    },
    "avg_pause_time_per_category": {
        "ICBufferFull": 76785.0,
        "Cleanup": 19571.0,
        "CollectForMetadataAllocation": 28311284.0,
        "ParallelGCFailedAllocation": 3660873.09
    },
    "p90_pause_time": 13091844.8,
    "throughput": 11572138041
}