{
    "garbage_collector": "Z",
    "jdk": "HotSpot_21.0.4",
    "benchmark_group": "Renaissance",
    "benchmark_name": "page-rank",
    "heap_size": "8192",
    "error": null,
    "avg_cpu_usage": 40.2,
    "avg_cpu_time": 38.6,
    "avg_io_time": 0.0,
    "p90_io": 0.0,
    "number_of_pauses": 127,
    "total_pause_time": 12697181,
    "avg_pause_time": 99977.8,
    "pauses_per_category": {
        "ICBufferFull": 8,
        "Cleanup": 29,
        "XMarkStart": 28,
        "XMarkEnd": 28,
        "CleanClassLoaderDataMetaspaces": 6,
        "XRelocateStart": 28
    },
    "total_pause_time_per_category": {
        "ICBufferFull": 756035,
        "Cleanup": 2249156,
        "XMarkStart": 2741285,
        "XMarkEnd": 1902169,
        "CleanClassLoaderDataMetaspaces": 1940590,
        "XRelocateStart": 3107946
    },
    "avg_pause_time_per_category": {
        "ICBufferFull": 94504.38,
        "Cleanup": 77557.1,
        "XMarkStart": 97903.04,
        "XMarkEnd": 67934.61,
        "CleanClassLoaderDataMetaspaces": 323431.67,
        "XRelocateStart": 110998.07
    },
    "p90_pause_time": 145024.0,
    "throughput": 61792817136
}