{
    "garbage_collector": "Parallel",
    "jdk": "HotSpot_21.0.4",
    "benchmark_group": "Renaissance",
    "benchmark_name": "rx-scrabble",
    "heap_size": "1024",
    "error": null,
    "avg_cpu_usage": 36.4,
    "avg_cpu_time": 36.5,
    "avg_io_time": 0.0,
    "p90_io": 0.0,
    "number_of_pauses": 17,
    "total_pause_time": 131587531,
    "avg_pause_time": 7740443.0,
    "pauses_per_category": {
        "ICBufferFull": 10,
        "ParallelGCFailedAllocation": 7
    },
    "total_pause_time_per_category": {
        "ICBufferFull": 847271,
        "ParallelGCFailedAllocation": 130740260
    },
    "avg_pause_time_per_category": {
        "ICBufferFull": 84727.1,
        "ParallelGCFailedAllocation": 18677180.0
    },
    "p90_pause_time": 24785378.2,
    "throughput": 2439038251
}