{
    "garbage_collector": "G1",
    "jdk": "HotSpot_21.0.4",
    "benchmark_group": "Renaissance",
    "benchmark_name": "dec-tree",
    "heap_size": "1024",
    "error": null,
    "avg_cpu_usage": 42.0,
    "avg_cpu_time": 41.3,
    "avg_io_time": 0.3,
    "p90_io": 0.0,
    "number_of_pauses": 88,
    "total_pause_time": 291925131,
    "avg_pause_time": 3317331.03,
    "pauses_per_category": {
        "ICBufferFull": 43,
        "Cleanup": 1,
        "G1CollectForAllocation": 25,
        "CollectForMetadataAllocation": 8,
        "G1PauseRemark": 5,
        "G1PauseCleanup": 5,
        "G1TryInitiateConcMark": 1
    },
    "total_pause_time_per_category": {
        "ICBufferFull": 4384233,
        "Cleanup": 87974,
        "G1CollectForAllocation": 215514432,
        "CollectForMetadataAllocation": 43623145,
        "G1PauseRemark": 19197955,
        "G1PauseCleanup": 1191499,
        "G1TryInitiateConcMark": 7925893
    },
    "avg_pause_time_per_category": {
        "ICBufferFull": 101958.91,
        "Cleanup": 87974.0,
        "G1CollectForAllocation": 8620577.28,
        "CollectForMetadataAllocation": 5452893.12,
        "G1PauseRemark": 3839591.0,
        "G1PauseCleanup": 238299.8,
        "G1TryInitiateConcMark": 7925893.0
    },
    "p90_pause_time": 12180509.1,
    "throughput": 16765052986
}