{
    "garbage_collector": "Serial",
    "jdk": "HotSpot_21.0.4",
    "benchmark_group": "Renaissance",
    "benchmark_name": "philosophers",
    "heap_size": "4096",
    "error": null,
    "avg_cpu_usage": 84.2,
    "avg_cpu_time": 79.4,
    "avg_io_time": 0.1,
    "p90_io": 0.0,
    "number_of_pauses": 32,
    "total_pause_time": 179439751,
    "avg_pause_time": 5607492.22,
    "pauses_per_category": {
        "ICBufferFull": 2,
        "GenCollectForAllocation": 30
    },
    "total_pause_time_per_category": {
        "ICBufferFull": 275996,
        "GenCollectForAllocation": 179163755
    },
    "avg_pause_time_per_category": {
        "ICBufferFull": 137998.0,
        "GenCollectForAllocation": 5972125.17
    },
    "p90_pause_time": 9643732.4,
    "throughput": 20580490262
}