{
    "garbage_collector": "Parallel",
    "jdk": "HotSpot_21.0.4",
    "benchmark_group": "Renaissance",
    "benchmark_name": "reactors",
    "heap_size": "2048",
    "error": null,
    "avg_cpu_usage": 41.9,
    "avg_cpu_time": 40.7,
    "avg_io_time": 0.0,
    "p90_io": 0.0,
    "number_of_pauses": 203,
    "total_pause_time": 8647303962,
    "avg_pause_time": 42597556.46,
    "pauses_per_category": {
        "ICBufferFull": 2,
        "Cleanup": 11,
        "ParallelGCFailedAllocation": 190
    },
    "total_pause_time_per_category": {
        "ICBufferFull": 196746,
        "Cleanup": 916714,
        "ParallelGCFailedAllocation": 8646190502
    },
    "avg_pause_time_per_category": {
        "ICBufferFull": 98373.0,
        "Cleanup": 83337.64,
        "ParallelGCFailedAllocation": 45506265.8
    },
    "p90_pause_time": 92203451.4,
    "throughput": 74665513799
}