{
    "garbage_collector": "Parallel",
    "jdk": "HotSpot_21.0.4",
    "benchmark_group": "Renaissance",
    "benchmark_name": "par-mnemonics",
    "heap_size": "256",
    "error": null,
    "avg_cpu_usage": 18.9,
    "avg_cpu_time": 19.6,
    "avg_io_time": 0.0,
    "p90_io": 0.0,
    "number_of_pauses": 931,
    "total_pause_time": 1696296664,
    "avg_pause_time": 1822015.75,
    "pauses_per_category": {
        "ICBufferFull": 1,
        "ParallelGCFailedAllocation": 930
    },
    "total_pause_time_per_category": {
        "ICBufferFull": 54687,
        "ParallelGCFailedAllocation": 1696241977
    },
    "avg_pause_time_per_category": {
        "ICBufferFull": 54687.0,
        "ParallelGCFailedAllocation": 1823916.1
    },
    "p90_pause_time": 2963676.0,
    "throughput": 21892122513
}