{
    "garbage_collector": "G1",
    "jdk": "HotSpot_21.0.4",
    "benchmark_group": "Renaissance",
    "benchmark_name": "gauss-mix",
    "heap_size": "2048",
    "error": null,
    "avg_cpu_usage": 31.0,
    "avg_cpu_time": 32.7,
    "avg_io_time": 0.0,
    "p90_io": 0.0,
    "number_of_pauses": 35,
    "total_pause_time": 121053996,
    "avg_pause_time": 3458685.6,
    "pauses_per_category": {
        "ICBufferFull": 11,
        "Cleanup": 2,
        "CollectForMetadataAllocation": 6,
        "G1PauseRemark": 3,
        "G1PauseCleanup": 3,
        "G1CollectForAllocation": 10
    },
    "total_pause_time_per_category": {
        "ICBufferFull": 887706,
        "Cleanup": 165136,
        "CollectForMetadataAllocation": 34325212,
        "G1PauseRemark": 6274684,
        "G1PauseCleanup": 869003,
        "G1CollectForAllocation": 78532255
    },
    "avg_pause_time_per_category": {
        "ICBufferFull": 80700.55,
        "Cleanup": 82568.0,
        "CollectForMetadataAllocation": 5720868.67,
        "G1PauseRemark": 2091561.33,
        "G1PauseCleanup": 289667.67,
        "G1CollectForAllocation": 7853225.5
    },
    "p90_pause_time": 8853222.2,
    "throughput": 12782067629
}