{
    "garbage_collector": "Z",
    "jdk": "HotSpot_21.0.4",
    "benchmark_group": "Renaissance",
    "benchmark_name": "dotty",
    "heap_size": "1024",
    "error": null,
    "avg_cpu_usage": 38.1,
    "avg_cpu_time": 35.5,
    "avg_io_time": 0.0,
    "p90_io": 0.0,
    "number_of_pauses": 104,
    "total_pause_time": 38449407,
    "avg_pause_time": 369705.84,
    "pauses_per_category": {
        "ICBufferFull": 64,
        "XMarkStart": 8,
        "XMarkEnd": 8,
        "CleanClassLoaderDataMetaspaces": 5,
        "XRelocateStart": 9,
        "Cleanup": 10
    },
    "total_pause_time_per_category": {
        "ICBufferFull": 30762410,
        "XMarkStart": 1947167,
        "XMarkEnd": 1243531,
        "CleanClassLoaderDataMetaspaces": 1716251,
        "XRelocateStart": 1706564,
        "Cleanup": 1073484
    },
    "avg_pause_time_per_category": {
        "ICBufferFull": 480662.66,
        "XMarkStart": 243395.88,
        "XMarkEnd": 155441.38,
        "CleanClassLoaderDataMetaspaces": 343250.2,
        "XRelocateStart": 189618.22,
        "Cleanup": 107348.4
    },
    "p90_pause_time": 628633.1,
    "throughput": 28618980388
}