{
    "garbage_collector": "Parallel",
    "jdk": "HotSpot_21.0.4",
    "benchmark_group": "Renaissance",
    "benchmark_name": "reactors",
    "heap_size": "512",
    "error": "Error code not found: 1\nBenchmark 'reactors' failed with exception:\njava.lang.OutOfMemoryError: GC overhead limit exceeded\n\tat java.base/java.util.Arrays.copyOf(Arrays.java:3482)\n\tat scala.collection.concurrent.CNode.updatedAt(TrieMap.scala:490)\n\tat scala.collection.concurrent.INode.rec_insertif(TrieMap.scala:192)\n\tat scala.collection.concurrent.TrieMap.insertifhc(TrieMap.scala:734)\n\tat scala.collection.concurrent.TrieMap.replace(TrieMap.scala:915)\n\tat io.reactors.concurrent.ScalableUniqueStore.tryReplace(ScalableUniqueStore.scala:83)\n\tat io.reactors.concurrent.Frame.openConnector(Frame.scala:107)\n\tat io.reactors.ReactorSystem.trySpawnReactor(ReactorSystem.scala:148)\n\tat io.reactors.ReactorSystem.spawn(ReactorSystem.scala:91)\n\tat org.renaissance.actors.ForkJoinCreation$.$anonfun$run$17(Reactors.scala:314)\n\tat org.renaissance.actors.ForkJoinCreation$.$anonfun$run$17$adapted(Reactors.scala:313)\n\tat org.renaissance.actors.ForkJoinCreation$$$Lambda/0x00007a4560287348.apply(Unknown Source)\n\tat scala.collection.TraversableLike.$anonfun$map$1(TraversableLike.scala:286)\n\tat scala.collection.TraversableLike$$Lambda/0x00007a45601ceef0.apply(Unknown Source)\n\tat scala.collection.immutable.Range.foreach(Range.scala:158)\n\tat scala.collection.TraversableLike.map(TraversableLike.scala:286)\n\tat scala.collection.TraversableLike.map$(TraversableLike.scala:279)\n\tat scala.collection.AbstractTraversable.map(Traversable.scala:108)\n\tat org.renaissance.actors.ForkJoinCreation$.run(Reactors.scala:313)\n\tat org.renaissance.actors.Reactors.run(Reactors.scala:68)\n\tat org.renaissance.harness.ExecutionDriver.executeOperation(ExecutionDriver.java:137)\n\tat org.renaissance.harness.ExecutionDriver.executeBenchmark(ExecutionDriver.java:93)\n\tat org.renaissance.harness.RenaissanceSuite$.runBenchmarks$$anonfun$1(RenaissanceSuite.scala:172)\n\tat org.renaissance.harness.RenaissanceSuite$$$Lambda/0x00007a456011c4c0.applyVoid(Unknown Source)\n\tat scala.runtime.function.JProcedure1.apply(JProcedure1.java:15)\n\tat scala.runtime.function.JProcedure1.apply(JProcedure1.java:10)\n\tat scala.collection.immutable.List.foreach(List.scala:333)\n\tat org.renaissance.harness.RenaissanceSuite$.runBenchmarks(RenaissanceSuite.scala:205)\n\tat org.renaissance.harness.RenaissanceSuite$.main(RenaissanceSuite.scala:130)\n\tat org.renaissance.harness.RenaissanceSuite.main(RenaissanceSuite.scala)\n\tat java.base/java.lang.invoke.LambdaForm$DMH/0x00007a4560004000.invokeStatic(LambdaForm$DMH)\n\tat java.base/java.lang.invoke.LambdaForm$MH/0x00007a456000a000.invoke(LambdaForm$MH)\n",
    "avg_cpu_usage": 85.6,
    "avg_cpu_time": 85.6,
    "avg_io_time": 0.0,
    "p90_io": 0.0,
    "number_of_pauses": 0,
    "total_pause_time": 0,
    "avg_pause_time": 0,
    "pauses_per_category": {},
    "total_pause_time_per_category": {},
    "avg_pause_time_per_category": {},
    "p90_pause_time": 0,
    "throughput": 0
}