{
    "garbage_collector": "G1",
    "jdk": "HotSpot_21.0.4",
    "benchmark_group": "Renaissance",
    "benchmark_name": "par-mnemonics",
    "heap_size": "8192",
    "error": null,
    "avg_cpu_usage": 16.5,
    "avg_cpu_time": 15.9,
    "avg_io_time": 0.0,
    "p90_io": 0.0,
    "number_of_pauses": 25,
    "total_pause_time": 105143624,
    "avg_pause_time": 4205744.96,
    "pauses_per_category": {
        "ICBufferFull": 3,
        "G1CollectForAllocation": 17,
        "Cleanup": 5
    },
    "total_pause_time_per_category": {
        "ICBufferFull": 427158,
        "G1CollectForAllocation": 104347396,
        "Cleanup": 369070
    },
    "avg_pause_time_per_category": {
        "ICBufferFull": 142386.0,
        "G1CollectForAllocation": 6138082.12,
        "Cleanup": 73814.0
    },
    "p90_pause_time": 7627419.2,
    "throughput": 23414305089
}