{
    "garbage_collector": "Z",
    "jdk": "HotSpot_21.0.4",
    "benchmark_group": "Renaissance",
    "benchmark_name": "reactors",
    "heap_size": "1024",
    "error": null,
    "avg_cpu_usage": 36.3,
    "avg_cpu_time": 36.2,
    "avg_io_time": 0.0,
    "p90_io": 0.0,
    "number_of_pauses": 687,
    "total_pause_time": 61612347,
    "avg_pause_time": 89683.18,
    "pauses_per_category": {
        "ICBufferFull": 5,
        "XMarkStart": 223,
        "XMarkEnd": 223,
        "CleanClassLoaderDataMetaspaces": 1,
        "XRelocateStart": 223,
        "Cleanup": 12
    },
    "total_pause_time_per_category": {
        "ICBufferFull": 588577,
        "XMarkStart": 23215558,
        "XMarkEnd": 16378307,
        "CleanClassLoaderDataMetaspaces": 735988,
        "XRelocateStart": 19754896,
        "Cleanup": 939021
    },
    "avg_pause_time_per_category": {
        "ICBufferFull": 117715.4,
        "XMarkStart": 104105.64,
        "XMarkEnd": 73445.32,
        "CleanClassLoaderDataMetaspaces": 735988.0,
        "XRelocateStart": 88586.98,
        "Cleanup": 78251.75
    },
    "p90_pause_time": 111841.6,
    "throughput": 95789034221
}