{
    "garbage_collector": "G1",
    "jdk": "HotSpot_21.0.4",
    "benchmark_group": "Renaissance",
    "benchmark_name": "chi-square",
    "heap_size": "4096",
    "error": null,
    "avg_cpu_usage": 32.5,
    "avg_cpu_time": 29.1,
    "avg_io_time": 0.0,
    "p90_io": 0.0,
    "number_of_pauses": 33,
    "total_pause_time": 457863179,
    "avg_pause_time": 13874641.79,
    "pauses_per_category": {
        "ICBufferFull": 4,
        "CollectForMetadataAllocation": 6,
        "G1PauseRemark": 3,
        "G1PauseCleanup": 3,
        "G1CollectForAllocation": 17
    },
    "total_pause_time_per_category": {
        "ICBufferFull": 282978,
        "CollectForMetadataAllocation": 53878186,
        "G1PauseRemark": 5701750,
        "G1PauseCleanup": 1290587,
        "G1CollectForAllocation": 396709678
    },
    "avg_pause_time_per_category": {
        "ICBufferFull": 70744.5,
        "CollectForMetadataAllocation": 8979697.67,
        "G1PauseRemark": 1900583.33,
        "G1PauseCleanup": 430195.67,
        "G1CollectForAllocation": 23335863.41
    },
    "p90_pause_time": 30128764.8,
    "throughput": 11871173428
}