{
    "garbage_collector": "Serial",
    "jdk": "HotSpot_21.0.4",
    "benchmark_group": "Renaissance",
    "benchmark_name": "gauss-mix",
    "heap_size": "512",
    "error": null,
    "avg_cpu_usage": 29.9,
    "avg_cpu_time": 28.8,
    "avg_io_time": 0.0,
    "p90_io": 0.0,
    "number_of_pauses": 102,
    "total_pause_time": 390640166,
    "avg_pause_time": 3829805.55,
    "pauses_per_category": {
        "ICBufferFull": 6,
        "CollectForMetadataAllocation": 3,
        "GenCollectForAllocation": 91,
        "Cleanup": 1,
        "GenCollectFull": 1
    },
    "total_pause_time_per_category": {
        "ICBufferFull": 421418,
        "CollectForMetadataAllocation": 81735265,
        "GenCollectForAllocation": 306023519,
        "Cleanup": 64045,
        "GenCollectFull": 2395919
    },
    "avg_pause_time_per_category": {
        "ICBufferFull": 70236.33,
        "CollectForMetadataAllocation": 27245088.33,
        "GenCollectForAllocation": 3362895.81,
        "Cleanup": 64045.0,
        "GenCollectFull": 2395919.0
    },
    "p90_pause_time": 6911459.3,
    "throughput": 12473916241
}