{
    "garbage_collector": "Serial",
    "jdk": "HotSpot_21.0.4",
    "benchmark_group": "Renaissance",
    "benchmark_name": "scala-doku",
    "heap_size": "256",
    "error": null,
    "avg_cpu_usage": 13.3,
    "avg_cpu_time": 13.6,
    "avg_io_time": 0.0,
    "p90_io": 0.0,
    "number_of_pauses": 26,
    "total_pause_time": 511249668,
    "avg_pause_time": 19663448.77,
    "pauses_per_category": {
        "ICBufferFull": 2,
        "GenCollectForAllocation": 23,
        "Cleanup": 1
    },
    "total_pause_time_per_category": {
        "ICBufferFull": 208759,
        "GenCollectForAllocation": 510945220,
        "Cleanup": 95689
    },
    "avg_pause_time_per_category": {
        "ICBufferFull": 104379.5,
        "GenCollectForAllocation": 22215009.57,
        "Cleanup": 95689.0
    },
    "p90_pause_time": 31779459.5,
    "throughput": 19742126415
}