{
    "garbage_collector": "Parallel",
    "jdk": "HotSpot_21.0.4",
    "benchmark_group": "Renaissance",
    "benchmark_name": "akka-uct",
    "heap_size": "2048",
    "error": null,
    "avg_cpu_usage": 84.0,
    "avg_cpu_time": 82.7,
    "avg_io_time": 0.0,
    "p90_io": 0.0,
    "number_of_pauses": 375,
    "total_pause_time": 16913962370,
    "avg_pause_time": 45103899.65,
    "pauses_per_category": {
        "ICBufferFull": 9,
        "ParallelGCFailedAllocation": 365,
        "CollectForMetadataAllocation": 1
    },
    "total_pause_time_per_category": {
        "ICBufferFull": 3925570,
        "ParallelGCFailedAllocation": 16704445974,
        "CollectForMetadataAllocation": 205590826
    },
    "avg_pause_time_per_category": {
        "ICBufferFull": 436174.44,
        "ParallelGCFailedAllocation": 45765605.41,
        "CollectForMetadataAllocation": 205590826.0
    },
    "p90_pause_time": 51007534.6,
    "throughput": 70889267474
}