{
    "garbage_collector": "Serial",
    "jdk": "HotSpot_21.0.4",
    "benchmark_group": "Renaissance",
    "benchmark_name": "dec-tree",
    "heap_size": "1024",
    "error": null,
    "avg_cpu_usage": 38.4,
    "avg_cpu_time": 39.9,
    "avg_io_time": 0.0,
    "p90_io": 0.0,
    "number_of_pauses": 100,
    "total_pause_time": 630180706,
    "avg_pause_time": 6301807.06,
    "pauses_per_category": {
        "ICBufferFull": 37,
        "CollectForMetadataAllocation": 4,
        "GenCollectForAllocation": 58,
        "GenCollectFull": 1
    },
    "total_pause_time_per_category": {
        "ICBufferFull": 3942747,
        "CollectForMetadataAllocation": 162502882,
        "GenCollectForAllocation": 378676708,
        "GenCollectFull": 85058369
    },
    "avg_pause_time_per_category": {
        "ICBufferFull": 106560.73,
        "CollectForMetadataAllocation": 40625720.5,
        "GenCollectForAllocation": 6528908.76,
        "GenCollectFull": 85058369.0
    },
    "p90_pause_time": 11811479.8,
    "throughput": 16133112006
}