{
    "garbage_collector": "Z",
    "jdk": "HotSpot_21.0.4",
    "benchmark_group": "Renaissance",
    "benchmark_name": "future-genetic",
    "heap_size": "512",
    "error": null,
    "avg_cpu_usage": 30.6,
    "avg_cpu_time": 28.7,
    "avg_io_time": 0.0,
    "p90_io": 0.0,
    "number_of_pauses": 178,
    "total_pause_time": 17509134,
    "avg_pause_time": 98365.92,
    "pauses_per_category": {
        "ICBufferFull": 2,
        "XMarkStart": 58,
        "XMarkEnd": 58,
        "CleanClassLoaderDataMetaspaces": 2,
        "XRelocateStart": 58
    },
    "total_pause_time_per_category": {
        "ICBufferFull": 182031,
        "XMarkStart": 5743678,
        "XMarkEnd": 5552544,
        "CleanClassLoaderDataMetaspaces": 566691,
        "XRelocateStart": 5464190
    },
    "avg_pause_time_per_category": {
        "ICBufferFull": 91015.5,
        "XMarkStart": 99028.93,
        "XMarkEnd": 95733.52,
        "CleanClassLoaderDataMetaspaces": 283345.5,
        "XRelocateStart": 94210.17
    },
    "p90_pause_time": 101122.2,
    "throughput": 22832560022
}