{
    "garbage_collector": "Z",
    "jdk": "HotSpot_21.0.4",
    "benchmark_group": "Renaissance",
    "benchmark_name": "akka-uct",
    "heap_size": "2048",
    "error": null,
    "avg_cpu_usage": 65.8,
    "avg_cpu_time": 61.0,
    "avg_io_time": 0.0,
    "p90_io": 0.0,
    "number_of_pauses": 625,
    "total_pause_time": 208129230,
    "avg_pause_time": 333006.77,
    "pauses_per_category": {
        "ICBufferFull": 3,
        "XMarkStart": 205,
        "XMarkEnd": 210,
        "CleanClassLoaderDataMetaspaces": 3,
        "XRelocateStart": 204
    },
    "total_pause_time_per_category": {
        "ICBufferFull": 370853,
        "XMarkStart": 96965068,
        "XMarkEnd": 39652242,
        "CleanClassLoaderDataMetaspaces": 1072579,
        "XRelocateStart": 70068488
    },
    "avg_pause_time_per_category": {
        "ICBufferFull": 123617.67,
        "XMarkStart": 473000.33,
        "XMarkEnd": 188820.2,
        "CleanClassLoaderDataMetaspaces": 357526.33,
        "XRelocateStart": 343472.98
    },
    "p90_pause_time": 278959.8,
    "throughput": 143821518946
}