{
    "garbage_collector": "Serial",
    "jdk": "HotSpot_21.0.4",
    "benchmark_group": "Renaissance",
    "benchmark_name": "scala-doku",
    "heap_size": "512",
    "error": null,
    "avg_cpu_usage": 13.5,
    "avg_cpu_time": 13.5,
    "avg_io_time": 0.0,
    "p90_io": 0.0,
    "number_of_pauses": 22,
    "total_pause_time": 268349424,
    "avg_pause_time": 12197701.09,
    "pauses_per_category": {
        "ICBufferFull": 2,
        "Cleanup": 8,
        "GenCollectForAllocation": 12
    },
    "total_pause_time_per_category": {
        "ICBufferFull": 299089,
        "Cleanup": 23300027,
        "GenCollectForAllocation": 244750308
    },
    "avg_pause_time_per_category": {
        "ICBufferFull": 149544.5,
        "Cleanup": 2912503.38,
        "GenCollectForAllocation": 20395859.0
    },
    "p90_pause_time": 28148862.5,
    "throughput": 19435018320
}