{
    "garbage_collector": "Serial",
    "jdk": "HotSpot_21.0.4",
    "benchmark_group": "Renaissance",
    "benchmark_name": "als",
    "heap_size": "512",
    "error": null,
    "avg_cpu_usage": 63.6,
    "avg_cpu_time": 61.2,
    "avg_io_time": 0.0,
    "p90_io": 0.0,
    "number_of_pauses": 379,
    "total_pause_time": 3108832570,
    "avg_pause_time": 8202724.46,
    "pauses_per_category": {
        "ICBufferFull": 25,
        "Cleanup": 1,
        "CollectForMetadataAllocation": 5,
        "GenCollectForAllocation": 339,
        "GenCollectFull": 9
    },
    "total_pause_time_per_category": {
        "ICBufferFull": 2557538,
        "Cleanup": 21449,
        "CollectForMetadataAllocation": 161974951,
        "GenCollectForAllocation": 2899309349,
        "GenCollectFull": 44969283
    },
    "avg_pause_time_per_category": {
        "ICBufferFull": 102301.52,
        "Cleanup": 21449.0,
        "CollectForMetadataAllocation": 32394990.2,
        "GenCollectForAllocation": 8552534.95,
        "GenCollectFull": 4996587.0
    },
    "p90_pause_time": 10831393.0,
    "throughput": 55365559354
}