{
    "garbage_collector": "Z",
    "jdk": "HotSpot_21.0.4",
    "benchmark_group": "Renaissance",
    "benchmark_name": "finagle-http",
    "heap_size": "4096",
    "error": null,
    "avg_cpu_usage": 79.4,
    "avg_cpu_time": 62.9,
    "avg_io_time": 0.0,
    "p90_io": 0.0,
    "number_of_pauses": 143,
    "total_pause_time": 23454955,
    "avg_pause_time": 164020.66,
    "pauses_per_category": {
        "ICBufferFull": 64,
        "XMarkStart": 18,
        "XMarkEnd": 18,
        "CleanClassLoaderDataMetaspaces": 3,
        "XRelocateStart": 18,
        "Cleanup": 22
    },
    "total_pause_time_per_category": {
        "ICBufferFull": 11572964,
        "XMarkStart": 2118651,
        "XMarkEnd": 2453899,
        "CleanClassLoaderDataMetaspaces": 1536334,
        "XRelocateStart": 3494645,
        "Cleanup": 2278462
    },
    "avg_pause_time_per_category": {
        "ICBufferFull": 180827.56,
        "XMarkStart": 117702.83,
        "XMarkEnd": 136327.72,
        "CleanClassLoaderDataMetaspaces": 512111.33,
        "XRelocateStart": 194146.94,
        "Cleanup": 103566.45
    },
    "p90_pause_time": 227790.8,
    "throughput": 42623940773
}