{
    "garbage_collector": "Z",
    "jdk": "HotSpot_21.0.4",
    "benchmark_group": "Renaissance",
    "benchmark_name": "neo4j-analytics",
    "heap_size": "8192",
    "error": null,
    "avg_cpu_usage": 28.8,
    "avg_cpu_time": 27.3,
    "avg_io_time": 0.5,
    "p90_io": 1.2,
    "number_of_pauses": 111,
    "total_pause_time": 17998582,
    "avg_pause_time": 162149.39,
    "pauses_per_category": {
        "ICBufferFull": 38,
        "XMarkStart": 16,
        "XMarkEnd": 15,
        "CleanClassLoaderDataMetaspaces": 6,
        "XRelocateStart": 15,
        "Cleanup": 21
    },
    "total_pause_time_per_category": {
        "ICBufferFull": 4511514,
        "XMarkStart": 1625633,
        "XMarkEnd": 1577317,
        "CleanClassLoaderDataMetaspaces": 3103395,
        "XRelocateStart": 4778943,
        "Cleanup": 2401780
    },
    "avg_pause_time_per_category": {
        "ICBufferFull": 118724.05,
        "XMarkStart": 101602.06,
        "XMarkEnd": 105154.47,
        "CleanClassLoaderDataMetaspaces": 517232.5,
        "XRelocateStart": 318596.2,
        "Cleanup": 114370.48
    },
    "p90_pause_time": 171678.0,
    "throughput": 41158350354
}