{
    "garbage_collector": "G1",
    "jdk": "HotSpot_21.0.4",
    "benchmark_group": "Renaissance",
    "benchmark_name": "mnemonics",
    "heap_size": "2048",
    "error": null,
    "avg_cpu_usage": 16.5,
    "avg_cpu_time": 17.1,
    "avg_io_time": 0.0,
    "p90_io": 0.0,
    "number_of_pauses": 65,
    "total_pause_time": 1393742780,
    "avg_pause_time": 21442196.62,
    "pauses_per_category": {
        "ICBufferFull": 1,
        "G1CollectForAllocation": 62,
        "G1PauseRemark": 1,
        "G1PauseCleanup": 1
    },
    "total_pause_time_per_category": {
        "ICBufferFull": 55709,
        "G1CollectForAllocation": 1391671506,
        "G1PauseRemark": 1634379,
        "G1PauseCleanup": 381186
    },
    "avg_pause_time_per_category": {
        "ICBufferFull": 55709.0,
        "G1CollectForAllocation": 22446314.61,
        "G1PauseRemark": 1634379.0,
        "G1PauseCleanup": 381186.0
    },
    "p90_pause_time": 31970773.8,
    "throughput": 27693514978
}