{
    "garbage_collector": "Serial",
    "jdk": "HotSpot_21.0.4",
    "benchmark_group": "Renaissance",
    "benchmark_name": "reactors",
    "heap_size": "1024",
    "error": null,
    "avg_cpu_usage": 29.5,
    "avg_cpu_time": 28.6,
    "avg_io_time": 0.1,
    "p90_io": 0.0,
    "number_of_pauses": 211,
    "total_pause_time": 27661949614,
    "avg_pause_time": 131099287.27,
    "pauses_per_category": {
        "ICBufferFull": 8,
        "Cleanup": 11,
        "GenCollectForAllocation": 192
    },
    "total_pause_time_per_category": {
        "ICBufferFull": 664324,
        "Cleanup": 897176,
        "GenCollectForAllocation": 27660388114
    },
    "avg_pause_time_per_category": {
        "ICBufferFull": 83040.5,
        "Cleanup": 81561.45,
        "GenCollectForAllocation": 144064521.43
    },
    "p90_pause_time": 372483831.0,
    "throughput": 95406654839
}