{
    "garbage_collector": "Parallel",
    "jdk": "HotSpot_21.0.4",
    "benchmark_group": "Renaissance",
    "benchmark_name": "finagle-http",
    "heap_size": "512",
    "error": null,
    "avg_cpu_usage": 79.4,
    "avg_cpu_time": 63.5,
    "avg_io_time": 0.0,
    "p90_io": 0.0,
    "number_of_pauses": 257,
    "total_pause_time": 237614213,
    "avg_pause_time": 924568.92,
    "pauses_per_category": {
        "ICBufferFull": 38,
        "CollectForMetadataAllocation": 2,
        "ParallelGCFailedAllocation": 217
    },
    "total_pause_time_per_category": {
        "ICBufferFull": 9736185,
        "CollectForMetadataAllocation": 38580443,
        "ParallelGCFailedAllocation": 189297585
    },
    "avg_pause_time_per_category": {
        "ICBufferFull": 256215.39,
        "CollectForMetadataAllocation": 19290221.5,
        "ParallelGCFailedAllocation": 872339.1
    },
    "p90_pause_time": 1143997.2,
    "throughput": 38073605672
}