{
    "garbage_collector": "Z",
    "jdk": "HotSpot_21.0.4",
    "benchmark_group": "Renaissance",
    "benchmark_name": "mnemonics",
    "heap_size": "2048",
    "error": null,
    "avg_cpu_usage": 13.5,
    "avg_cpu_time": 13.3,
    "avg_io_time": 0.0,
    "p90_io": 0.0,
    "number_of_pauses": 219,
    "total_pause_time": 21305721,
    "avg_pause_time": 97286.4,
    "pauses_per_category": {
        "ICBufferFull": 1,
        "XMarkStart": 72,
        "XMarkEnd": 72,
        "CleanClassLoaderDataMetaspaces": 2,
        "XRelocateStart": 72
    },
    "total_pause_time_per_category": {
        "ICBufferFull": 55681,
        "XMarkStart": 7042689,
        "XMarkEnd": 6922122,
        "CleanClassLoaderDataMetaspaces": 600827,
        "XRelocateStart": 6684402
    },
    "avg_pause_time_per_category": {
        "ICBufferFull": 55681.0,
        "XMarkStart": 97815.12,
        "XMarkEnd": 96140.58,
        "CleanClassLoaderDataMetaspaces": 300413.5,
        "XRelocateStart": 92838.92
    },
    "p90_pause_time": 102621.2,
    "throughput": 29489769051
}