{
    "garbage_collector": "Z",
    "jdk": "HotSpot_21.0.4",
    "benchmark_group": "Renaissance",
    "benchmark_name": "als",
    "heap_size": "512",
    "error": null,
    "avg_cpu_usage": 65.9,
    "avg_cpu_time": 63.5,
    "avg_io_time": 0.2,
    "p90_io": 0.0,
    "number_of_pauses": 1343,
    "total_pause_time": 126013429,
    "avg_pause_time": 93829.81,
    "pauses_per_category": {
        "ICBufferFull": 19,
        "XMarkStart": 486,
        "XMarkEnd": 339,
        "CleanClassLoaderDataMetaspaces": 19,
        "XRelocateStart": 480
    },
    "total_pause_time_per_category": {
        "ICBufferFull": 1568398,
        "XMarkStart": 38506005,
        "XMarkEnd": 26857599,
        "CleanClassLoaderDataMetaspaces": 11367189,
        "XRelocateStart": 47714238
    },
    "avg_pause_time_per_category": {
        "ICBufferFull": 82547.26,
        "XMarkStart": 79230.46,
        "XMarkEnd": 79225.96,
        "CleanClassLoaderDataMetaspaces": 598273.11,
        "XRelocateStart": 99404.66
    },
    "p90_pause_time": 130062.4,
    "throughput": 67968453154
}