{
    "garbage_collector": "Serial",
    "jdk": "HotSpot_21.0.4",
    "benchmark_group": "Renaissance",
    "benchmark_name": "log-regression",
    "heap_size": "512",
    "error": null,
    "avg_cpu_usage": 41.3,
    "avg_cpu_time": 41.1,
    "avg_io_time": 0.1,
    "p90_io": 0.0,
    "number_of_pauses": 302,
    "total_pause_time": 2087978193,
    "avg_pause_time": 6913835.08,
    "pauses_per_category": {
        "ICBufferFull": 23,
        "Cleanup": 1,
        "CollectForMetadataAllocation": 5,
        "GenCollectForAllocation": 271,
        "GenCollectFull": 2
    },
    "total_pause_time_per_category": {
        "ICBufferFull": 2533020,
        "Cleanup": 42298,
        "CollectForMetadataAllocation": 147574166,
        "GenCollectForAllocation": 1927993699,
        "GenCollectFull": 9835010
    },
    "avg_pause_time_per_category": {
        "ICBufferFull": 110131.3,
        "Cleanup": 42298.0,
        "CollectForMetadataAllocation": 29514833.2,
        "GenCollectForAllocation": 7114367.89,
        "GenCollectFull": 4917505.0
    },
    "p90_pause_time": 7110279.2,
    "throughput": 21437169605
}