{
    "garbage_collector": "Parallel",
    "jdk": "HotSpot_21.0.4",
    "benchmark_group": "Renaissance",
    "benchmark_name": "page-rank",
    "heap_size": "8192",
    "error": null,
    "avg_cpu_usage": 38.9,
    "avg_cpu_time": 37.8,
    "avg_io_time": 0.1,
    "p90_io": 0.0,
    "number_of_pauses": 68,
    "total_pause_time": 1185494883,
    "avg_pause_time": 17433748.28,
    "pauses_per_category": {
        "ICBufferFull": 10,
        "Cleanup": 26,
        "CollectForMetadataAllocation": 3,
        "ParallelGCFailedAllocation": 29
    },
    "total_pause_time_per_category": {
        "ICBufferFull": 759155,
        "Cleanup": 2353653,
        "CollectForMetadataAllocation": 82847121,
        "ParallelGCFailedAllocation": 1099534954
    },
    "avg_pause_time_per_category": {
        "ICBufferFull": 75915.5,
        "Cleanup": 90525.12,
        "CollectForMetadataAllocation": 27615707.0,
        "ParallelGCFailedAllocation": 37914998.41
    },
    "p90_pause_time": 51950152.1,
    "throughput": 44760624975
}