{
    "garbage_collector": "Z",
    "jdk": "HotSpot_21.0.4",
    "benchmark_group": "Renaissance",
    "benchmark_name": "rx-scrabble",
    "heap_size": "1024",
    "error": null,
    "avg_cpu_usage": 35.0,
    "avg_cpu_time": 25.4,
    "avg_io_time": 0.0,
    "p90_io": 0.0,
    "number_of_pauses": 27,
    "total_pause_time": 5687404,
    "avg_pause_time": 210644.59,
    "pauses_per_category": {
        "ICBufferFull": 2,
        "XMarkStart": 8,
        "XMarkEnd": 7,
        "CleanClassLoaderDataMetaspaces": 3,
        "XRelocateStart": 7
    },
    "total_pause_time_per_category": {
        "ICBufferFull": 111409,
        "XMarkStart": 736709,
        "XMarkEnd": 735402,
        "CleanClassLoaderDataMetaspaces": 3447813,
        "XRelocateStart": 656071
    },
    "avg_pause_time_per_category": {
        "ICBufferFull": 55704.5,
        "XMarkStart": 92088.62,
        "XMarkEnd": 105057.43,
        "CleanClassLoaderDataMetaspaces": 1149271.0,
        "XRelocateStart": 93724.43
    },
    "p90_pause_time": 147858.2,
    "throughput": 3049777824
}