{
    "garbage_collector": "Parallel",
    "jdk": "HotSpot_21.0.4",
    "benchmark_group": "Renaissance",
    "benchmark_name": "fj-kmeans",
    "heap_size": "2048",
    "error": null,
    "avg_cpu_usage": 84.2,
    "avg_cpu_time": 84.4,
    "avg_io_time": 0.0,
    "p90_io": 0.0,
    "number_of_pauses": 157,
    "total_pause_time": 371209928,
    "avg_pause_time": 2364394.45,
    "pauses_per_category": {
        "ICBufferFull": 1,
        "ParallelGCFailedAllocation": 156
    },
    "total_pause_time_per_category": {
        "ICBufferFull": 58420,
        "ParallelGCFailedAllocation": 371151508
    },
    "avg_pause_time_per_category": {
        "ICBufferFull": 58420.0,
        "ParallelGCFailedAllocation": 2379176.33
    },
    "p90_pause_time": 869344.4,
    "throughput": 27547211939
}