{
    "garbage_collector": "Parallel",
    "jdk": "HotSpot_21.0.4",
    "benchmark_group": "Renaissance",
    "benchmark_name": "dotty",
    "heap_size": "4096",
    "error": null,
    "avg_cpu_usage": 41.2,
    "avg_cpu_time": 38.7,
    "avg_io_time": 0.1,
    "p90_io": 0.0,
    "number_of_pauses": 89,
    "total_pause_time": 419548250,
    "avg_pause_time": 4714025.28,
    "pauses_per_category": {
        "ICBufferFull": 74,
        "CollectForMetadataAllocation": 2,
        "ParallelGCSystemGC": 3,
        "Cleanup": 9,
        "ParallelGCFailedAllocation": 1
    },
    "total_pause_time_per_category": {
        "ICBufferFull": 33012249,
        "CollectForMetadataAllocation": 61166753,
        "ParallelGCSystemGC": 296917744,
        "Cleanup": 1637360,
        "ParallelGCFailedAllocation": 26814144
    },
    "avg_pause_time_per_category": {
        "ICBufferFull": 446111.47,
        "CollectForMetadataAllocation": 30583376.5,
        "ParallelGCSystemGC": 98972581.33,
        "Cleanup": 181928.89,
        "ParallelGCFailedAllocation": 26814144.0
    },
    "p90_pause_time": 4264558.8,
    "throughput": 28332117266
}