{
    "garbage_collector": "Z",
    "jdk": "HotSpot_21.0.4",
    "benchmark_group": "Renaissance",
    "benchmark_name": "finagle-chirper",
    "heap_size": "2048",
    "error": null,
    "avg_cpu_usage": 78.1,
    "avg_cpu_time": 70.3,
    "avg_io_time": 0.0,
    "p90_io": 0.0,
    "number_of_pauses": 172,
    "total_pause_time": 30555716,
    "avg_pause_time": 177649.51,
    "pauses_per_category": {
        "ICBufferFull": 66,
        "XMarkStart": 34,
        "XMarkEnd": 34,
        "CleanClassLoaderDataMetaspaces": 3,
        "XRelocateStart": 34,
        "Cleanup": 1
    },
    "total_pause_time_per_category": {
        "ICBufferFull": 9370435,
        "XMarkStart": 9955316,
        "XMarkEnd": 4278528,
        "CleanClassLoaderDataMetaspaces": 1778445,
        "XRelocateStart": 4999291,
        "Cleanup": 173701
    },
    "avg_pause_time_per_category": {
        "ICBufferFull": 141976.29,
        "XMarkStart": 292803.41,
        "XMarkEnd": 125839.06,
        "CleanClassLoaderDataMetaspaces": 592815.0,
        "XRelocateStart": 147037.97,
        "Cleanup": 173701.0
    },
    "p90_pause_time": 208595.4,
    "throughput": 37737836123
}