{
    "garbage_collector": "Z",
    "jdk": "HotSpot_21.0.4",
    "benchmark_group": "Renaissance",
    "benchmark_name": "log-regression",
    "heap_size": "512",
    "error": null,
    "avg_cpu_usage": 48.0,
    "avg_cpu_time": 45.6,
    "avg_io_time": 0.1,
    "p90_io": 0.0,
    "number_of_pauses": 790,
    "total_pause_time": 297145317,
    "avg_pause_time": 376133.31,
    "pauses_per_category": {
        "ICBufferFull": 12,
        "Cleanup": 1,
        "XMarkStart": 253,
        "XMarkEnd": 245,
        "CleanClassLoaderDataMetaspaces": 24,
        "XRelocateStart": 255
    },
    "total_pause_time_per_category": {
        "ICBufferFull": 984616,
        "Cleanup": 86099,
        "XMarkStart": 31009721,
        "XMarkEnd": 89099610,
        "CleanClassLoaderDataMetaspaces": 117317564,
        "XRelocateStart": 58647707
    },
    "avg_pause_time_per_category": {
        "ICBufferFull": 82051.33,
        "Cleanup": 86099.0,
        "XMarkStart": 122568.07,
        "XMarkEnd": 363671.88,
        "CleanClassLoaderDataMetaspaces": 4888231.83,
        "XRelocateStart": 229991.01
    },
    "p90_pause_time": 194449.9,
    "throughput": 30900461551
}