{
    "garbage_collector": "Z",
    "jdk": "HotSpot_21.0.4",
    "benchmark_group": "Renaissance",
    "benchmark_name": "fj-kmeans",
    "heap_size": "2048",
    "error": null,
    "avg_cpu_usage": 84.7,
    "avg_cpu_time": 82.9,
    "avg_io_time": 0.0,
    "p90_io": 0.0,
    "number_of_pauses": 666,
    "total_pause_time": 83903139,
    "avg_pause_time": 125980.69,
    "pauses_per_category": {
        "ICBufferFull": 1,
        "XMarkStart": 221,
        "XMarkEnd": 221,
        "CleanClassLoaderDataMetaspaces": 2,
        "XRelocateStart": 221
    },
    "total_pause_time_per_category": {
        "ICBufferFull": 57146,
        "XMarkStart": 31330897,
        "XMarkEnd": 24198968,
        "CleanClassLoaderDataMetaspaces": 4251838,
        "XRelocateStart": 24064290
    },
    "avg_pause_time_per_category": {
        "ICBufferFull": 57146.0,
        "XMarkStart": 141768.76,
        "XMarkEnd": 109497.59,
        "CleanClassLoaderDataMetaspaces": 2125919.0,
        "XRelocateStart": 108888.19
    },
    "p90_pause_time": 127973.5,
    "throughput": 46517664401
}