{
    "garbage_collector": "Serial",
    "jdk": "HotSpot_21.0.4",
    "benchmark_group": "Renaissance",
    "benchmark_name": "par-mnemonics",
    "heap_size": "256",
    "error": null,
    "avg_cpu_usage": 15.6,
    "avg_cpu_time": 15.8,
    "avg_io_time": 0.0,
    "p90_io": 0.0,
    "number_of_pauses": 1039,
    "total_pause_time": 4084105119,
    "avg_pause_time": 3930803.77,
    "pauses_per_category": {
        "ICBufferFull": 2,
        "GenCollectForAllocation": 1037
    },
    "total_pause_time_per_category": {
        "ICBufferFull": 202690,
        "GenCollectForAllocation": 4083902429
    },
    "avg_pause_time_per_category": {
        "ICBufferFull": 101345.0,
        "GenCollectForAllocation": 3938189.42
    },
    "p90_pause_time": 5674366.2,
    "throughput": 25235484027
}