{
    "garbage_collector": "Parallel",
    "jdk": "HotSpot_21.0.4",
    "benchmark_group": "Renaissance",
    "benchmark_name": "par-mnemonics",
    "heap_size": "512",
    "error": null,
    "avg_cpu_usage": 19.9,
    "avg_cpu_time": 19.0,
    "avg_io_time": 0.0,
    "p90_io": 0.0,
    "number_of_pauses": 463,
    "total_pause_time": 1260065394,
    "avg_pause_time": 2721523.53,
    "pauses_per_category": {
        "ICBufferFull": 2,
        "ParallelGCFailedAllocation": 461
    },
    "total_pause_time_per_category": {
        "ICBufferFull": 152820,
        "ParallelGCFailedAllocation": 1259912574
    },
    "avg_pause_time_per_category": {
        "ICBufferFull": 76410.0,
        "ParallelGCFailedAllocation": 2732999.08
    },
    "p90_pause_time": 5599504.4,
    "throughput": 22213622246
}