{
    "garbage_collector": "Z",
    "jdk": "HotSpot_21.0.4",
    "benchmark_group": "Renaissance",
    "benchmark_name": "finagle-chirper",
    "heap_size": "4096",
    "error": null,
    "avg_cpu_usage": 75.3,
    "avg_cpu_time": 67.8,
    "avg_io_time": 0.0,
    "p90_io": 0.0,
    "number_of_pauses": 143,
    "total_pause_time": 31001985,
    "avg_pause_time": 216797.1,
    "pauses_per_category": {
        "ICBufferFull": 71,
        "XMarkStart": 18,
        "XMarkEnd": 17,
        "CleanClassLoaderDataMetaspaces": 3,
        "XRelocateStart": 17,
        "Cleanup": 17
    },
    "total_pause_time_per_category": {
        "ICBufferFull": 18460302,
        "XMarkStart": 3189899,
        "XMarkEnd": 2447300,
        "CleanClassLoaderDataMetaspaces": 1830021,
        "XRelocateStart": 3306327,
        "Cleanup": 1768136
    },
    "avg_pause_time_per_category": {
        "ICBufferFull": 260004.25,
        "XMarkStart": 177216.61,
        "XMarkEnd": 143958.82,
        "CleanClassLoaderDataMetaspaces": 610007.0,
        "XRelocateStart": 194489.82,
        "Cleanup": 104008.0
    },
    "p90_pause_time": 434667.0,
    "throughput": 37699109888
}