{
    "garbage_collector": "Parallel",
    "jdk": "HotSpot_21.0.4",
    "benchmark_group": "Renaissance",
    "benchmark_name": "fj-kmeans",
    "heap_size": "256",
    "error": null,
    "avg_cpu_usage": 83.3,
    "avg_cpu_time": 83.1,
    "avg_io_time": 0.0,
    "p90_io": 0.0,
    "number_of_pauses": 1298,
    "total_pause_time": 921699504,
    "avg_pause_time": 710092.07,
    "pauses_per_category": {
        "ICBufferFull": 1,
        "ParallelGCFailedAllocation": 1297
    },
    "total_pause_time_per_category": {
        "ICBufferFull": 120822,
        "ParallelGCFailedAllocation": 921578682
    },
    "avg_pause_time_per_category": {
        "ICBufferFull": 120822.0,
        "ParallelGCFailedAllocation": 710546.4
    },
    "p90_pause_time": 810350.0,
    "throughput": 28110017273
}