{
    "garbage_collector": "Z",
    "jdk": "HotSpot_21.0.4",
    "benchmark_group": "Renaissance",
    "benchmark_name": "dec-tree",
    "heap_size": "4096",
    "error": null,
    "avg_cpu_usage": 37.4,
    "avg_cpu_time": 36.5,
    "avg_io_time": 0.4,
    "p90_io": 0.0,
    "number_of_pauses": 89,
    "total_pause_time": 15278784,
    "avg_pause_time": 171671.73,
    "pauses_per_category": {
        "ICBufferFull": 46,
        "Cleanup": 2,
        "XMarkStart": 12,
        "XMarkEnd": 11,
        "CleanClassLoaderDataMetaspaces": 7,
        "XRelocateStart": 11
    },
    "total_pause_time_per_category": {
        "ICBufferFull": 4205565,
        "Cleanup": 201700,
        "XMarkStart": 1603408,
        "XMarkEnd": 1066775,
        "CleanClassLoaderDataMetaspaces": 5994785,
        "XRelocateStart": 2206551
    },
    "avg_pause_time_per_category": {
        "ICBufferFull": 91425.33,
        "Cleanup": 100850.0,
        "XMarkStart": 133617.33,
        "XMarkEnd": 96979.55,
        "CleanClassLoaderDataMetaspaces": 856397.86,
        "XRelocateStart": 200595.55
    },
    "p90_pause_time": 268202.8,
    "throughput": 17958639441
}