{
    "garbage_collector": "Serial",
    "jdk": "HotSpot_21.0.4",
    "benchmark_group": "Renaissance",
    "benchmark_name": "page-rank",
    "heap_size": "4096",
    "error": null,
    "avg_cpu_usage": 32.4,
    "avg_cpu_time": 33.0,
    "avg_io_time": 0.1,
    "p90_io": 0.0,
    "number_of_pauses": 87,
    "total_pause_time": 9294468764,
    "avg_pause_time": 106832974.3,
    "pauses_per_category": {
        "ICBufferFull": 17,
        "Cleanup": 4,
        "CollectForMetadataAllocation": 4,
        "GenCollectForAllocation": 62
    },
    "total_pause_time_per_category": {
        "ICBufferFull": 1496864,
        "Cleanup": 311453,
        "CollectForMetadataAllocation": 193860102,
        "GenCollectForAllocation": 9098800345
    },
    "avg_pause_time_per_category": {
        "ICBufferFull": 88050.82,
        "Cleanup": 77863.25,
        "CollectForMetadataAllocation": 48465025.5,
        "GenCollectForAllocation": 146754844.27
    },
    "p90_pause_time": 256864602.0,
    "throughput": 53247072068
}