{
    "garbage_collector": "G1",
    "jdk": "HotSpot_21.0.4",
    "benchmark_group": "Renaissance",
    "benchmark_name": "scala-doku",
    "heap_size": "256",
    "error": null,
    "avg_cpu_usage": 14.5,
    "avg_cpu_time": 14.4,
    "avg_io_time": 0.0,
    "p90_io": 0.0,
    "number_of_pauses": 24,
    "total_pause_time": 99216677,
    "avg_pause_time": 4134028.21,
    "pauses_per_category": {
        "ICBufferFull": 2,
        "G1CollectForAllocation": 14,
        "Cleanup": 8
    },
    "total_pause_time_per_category": {
        "ICBufferFull": 188502,
        "G1CollectForAllocation": 98308253,
        "Cleanup": 719922
    },
    "avg_pause_time_per_category": {
        "ICBufferFull": 94251.0,
        "G1CollectForAllocation": 7022018.07,
        "Cleanup": 89990.25
    },
    "p90_pause_time": 9795891.9,
    "throughput": 19740123923
}