{
    "garbage_collector": "G1",
    "jdk": "HotSpot_21.0.4",
    "benchmark_group": "Renaissance",
    "benchmark_name": "future-genetic",
    "heap_size": "4096",
    "error": null,
    "avg_cpu_usage": 32.4,
    "avg_cpu_time": 30.1,
    "avg_io_time": 0.1,
    "p90_io": 0.0,
    "number_of_pauses": 22,
    "total_pause_time": 31985278,
    "avg_pause_time": 1453876.27,
    "pauses_per_category": {
        "ICBufferFull": 4,
        "G1CollectForAllocation": 8,
        "Cleanup": 10
    },
    "total_pause_time_per_category": {
        "ICBufferFull": 489801,
        "G1CollectForAllocation": 30608322,
        "Cleanup": 887155
    },
    "avg_pause_time_per_category": {
        "ICBufferFull": 122450.25,
        "G1CollectForAllocation": 3826040.25,
        "Cleanup": 88715.5
    },
    "p90_pause_time": 4456542.6,
    "throughput": 21306186472
}