{
    "garbage_collector": "Parallel",
    "jdk": "HotSpot_21.0.4",
    "benchmark_group": "Renaissance",
    "benchmark_name": "future-genetic",
    "heap_size": "2048",
    "error": null,
    "avg_cpu_usage": 31.0,
    "avg_cpu_time": 28.8,
    "avg_io_time": 0.0,
    "p90_io": 0.0,
    "number_of_pauses": 28,
    "total_pause_time": 42472476,
    "avg_pause_time": 1516874.14,
    "pauses_per_category": {
        "ICBufferFull": 4,
        "ParallelGCFailedAllocation": 24
    },
    "total_pause_time_per_category": {
        "ICBufferFull": 336422,
        "ParallelGCFailedAllocation": 42136054
    },
    "avg_pause_time_per_category": {
        "ICBufferFull": 84105.5,
        "ParallelGCFailedAllocation": 1755668.92
    },
    "p90_pause_time": 4210797.8,
    "throughput": 20404589407
}