{
    "garbage_collector": "Serial",
    "jdk": "HotSpot_21.0.4",
    "benchmark_group": "Renaissance",
    "benchmark_name": "scala-doku",
    "heap_size": "1024",
    "error": null,
    "avg_cpu_usage": 13.6,
    "avg_cpu_time": 13.6,
    "avg_io_time": 0.1,
    "p90_io": 0.0,
    "number_of_pauses": 22,
    "total_pause_time": 125368137,
    "avg_pause_time": 5698551.68,
    "pauses_per_category": {
        "ICBufferFull": 2,
        "Cleanup": 14,
        "GenCollectForAllocation": 6
    },
    "total_pause_time_per_category": {
        "ICBufferFull": 141210,
        "Cleanup": 25889839,
        "GenCollectForAllocation": 99337088
    },
    "avg_pause_time_per_category": {
        "ICBufferFull": 70605.0,
        "Cleanup": 1849274.21,
        "GenCollectForAllocation": 16556181.33
    },
    "p90_pause_time": 24294294.0,
    "throughput": 23376912553
}