{
    "garbage_collector": "G1",
    "jdk": "HotSpot_21.0.4",
    "benchmark_group": "Renaissance",
    "benchmark_name": "rx-scrabble",
    "heap_size": "512",
    "error": null,
    "avg_cpu_usage": 38.6,
    "avg_cpu_time": 28.1,
    "avg_io_time": 0.0,
    "p90_io": 0.0,
    "number_of_pauses": 14,
    "total_pause_time": 54757084,
    "avg_pause_time": 3911220.29,
    "pauses_per_category": {
        "ICBufferFull": 5,
        "G1CollectForAllocation": 9
    },
    "total_pause_time_per_category": {
        "ICBufferFull": 3622381,
        "G1CollectForAllocation": 51134703
    },
    "avg_pause_time_per_category": {
        "ICBufferFull": 724476.2,
        "G1CollectForAllocation": 5681633.67
    },
    "p90_pause_time": 9824452.8,
    "throughput": 2436922150
}