{
    "garbage_collector": "Parallel",
    "jdk": "HotSpot_21.0.4",
    "benchmark_group": "Renaissance",
    "benchmark_name": "als",
    "heap_size": "8192",
    "error": null,
    "avg_cpu_usage": 65.4,
    "avg_cpu_time": 65.0,
    "avg_io_time": 0.1,
    "p90_io": 0.0,
    "number_of_pauses": 86,
    "total_pause_time": 444871425,
    "avg_pause_time": 5172923.55,
    "pauses_per_category": {
        "ICBufferFull": 31,
        "Cleanup": 31,
        "CollectForMetadataAllocation": 5,
        "ParallelGCFailedAllocation": 18,
        "ParallelGCSystemGC": 1
    },
    "total_pause_time_per_category": {
        "ICBufferFull": 3463069,
        "Cleanup": 2723195,
        "CollectForMetadataAllocation": 130095880,
        "ParallelGCFailedAllocation": 230837122,
        "ParallelGCSystemGC": 77752159
    },
    "avg_pause_time_per_category": {
        "ICBufferFull": 111711.9,
        "Cleanup": 87845.0,
        "CollectForMetadataAllocation": 26019176.0,
        "ParallelGCFailedAllocation": 12824284.56,
        "ParallelGCSystemGC": 77752159.0
    },
    "p90_pause_time": 14656754.0,
    "throughput": 53507739383
}