{
    "garbage_collector": "Serial",
    "jdk": "HotSpot_21.0.4",
    "benchmark_group": "Renaissance",
    "benchmark_name": "movie-lens",
    "heap_size": "512",
    "error": null,
    "avg_cpu_usage": 52.4,
    "avg_cpu_time": 47.4,
    "avg_io_time": 0.1,
    "p90_io": 0.0,
    "number_of_pauses": 1771,
    "total_pause_time": 8212572293,
    "avg_pause_time": 4637251.44,
    "pauses_per_category": {
        "ICBufferFull": 19,
        "Cleanup": 1,
        "CollectForMetadataAllocation": 4,
        "GenCollectForAllocation": 1668,
        "GenCollectFull": 79
    },
    "total_pause_time_per_category": {
        "ICBufferFull": 1558076,
        "Cleanup": 87168,
        "CollectForMetadataAllocation": 89595107,
        "GenCollectForAllocation": 7599761899,
        "GenCollectFull": 521570043
    },
    "avg_pause_time_per_category": {
        "ICBufferFull": 82004.0,
        "Cleanup": 87168.0,
        "CollectForMetadataAllocation": 22398776.75,
        "GenCollectForAllocation": 4556212.17,
        "GenCollectFull": 6602152.44
    },
    "p90_pause_time": 7644811.0,
    "throughput": 97094062713
}