{
    "garbage_collector": "Serial",
    "jdk": "HotSpot_21.0.4",
    "benchmark_group": "Renaissance",
    "benchmark_name": "par-mnemonics",
    "heap_size": "8192",
    "error": null,
    "avg_cpu_usage": 16.0,
    "avg_cpu_time": 15.6,
    "avg_io_time": 0.0,
    "p90_io": 0.0,
    "number_of_pauses": 34,
    "total_pause_time": 437478683,
    "avg_pause_time": 12867020.09,
    "pauses_per_category": {
        "ICBufferFull": 1,
        "GenCollectForAllocation": 33
    },
    "total_pause_time_per_category": {
        "ICBufferFull": 63208,
        "GenCollectForAllocation": 437415475
    },
    "avg_pause_time_per_category": {
        "ICBufferFull": 63208.0,
        "GenCollectForAllocation": 13255014.39
    },
    "p90_pause_time": 21174173.2,
    "throughput": 22202421839
}