{
    "garbage_collector": "G1",
    "jdk": "HotSpot_21.0.4",
    "benchmark_group": "Renaissance",
    "benchmark_name": "finagle-chirper",
    "heap_size": "2048",
    "error": null,
    "avg_cpu_usage": 78.7,
    "avg_cpu_time": 71.2,
    "avg_io_time": 0.0,
    "p90_io": 0.0,
    "number_of_pauses": 117,
    "total_pause_time": 249826375,
    "avg_pause_time": 2135268.16,
    "pauses_per_category": {
        "ICBufferFull": 68,
        "CollectForMetadataAllocation": 4,
        "G1PauseRemark": 3,
        "G1PauseCleanup": 3,
        "G1CollectForAllocation": 28,
        "Cleanup": 10,
        "G1TryInitiateConcMark": 1
    },
    "total_pause_time_per_category": {
        "ICBufferFull": 15628848,
        "CollectForMetadataAllocation": 19634220,
        "G1PauseRemark": 11653379,
        "G1PauseCleanup": 2103336,
        "G1CollectForAllocation": 193676203,
        "Cleanup": 959051,
        "G1TryInitiateConcMark": 6171338
    },
    "avg_pause_time_per_category": {
        "ICBufferFull": 229836.0,
        "CollectForMetadataAllocation": 4908555.0,
        "G1PauseRemark": 3884459.67,
        "G1PauseCleanup": 701112.0,
        "G1CollectForAllocation": 6917007.25,
        "Cleanup": 95905.1,
        "G1TryInitiateConcMark": 6171338.0
    },
    "p90_pause_time": 7052633.6,
    "throughput": 36187529945
}