{
    "garbage_collector": "Serial",
    "jdk": "HotSpot_21.0.4",
    "benchmark_group": "Renaissance",
    "benchmark_name": "naive-bayes",
    "heap_size": "2048",
    "error": null,
    "avg_cpu_usage": 49.1,
    "avg_cpu_time": 48.8,
    "avg_io_time": 0.2,
    "p90_io": 0.0,
    "number_of_pauses": 685,
    "total_pause_time": 6488735843,
    "avg_pause_time": 9472607.07,
    "pauses_per_category": {
        "ICBufferFull": 21,
        "Cleanup": 2,
        "CollectForMetadataAllocation": 5,
        "GenCollectForAllocation": 657
    },
    "total_pause_time_per_category": {
        "ICBufferFull": 2026451,
        "Cleanup": 130086,
        "CollectForMetadataAllocation": 160981633,
        "GenCollectForAllocation": 6325597673
    },
    "avg_pause_time_per_category": {
        "ICBufferFull": 96497.67,
        "Cleanup": 65043.0,
        "CollectForMetadataAllocation": 32196326.6,
        "GenCollectForAllocation": 9628002.55
    },
    "p90_pause_time": 9767057.6,
    "throughput": 49725663636
}