{
    "garbage_collector": "G1",
    "jdk": "HotSpot_21.0.4",
    "benchmark_group": "Renaissance",
    "benchmark_name": "future-genetic",
    "heap_size": "512",
    "error": null,
    "avg_cpu_usage": 31.8,
    "avg_cpu_time": 29.9,
    "avg_io_time": 0.0,
    "p90_io": 0.0,
    "number_of_pauses": 55,
    "total_pause_time": 72238028,
    "avg_pause_time": 1313418.69,
    "pauses_per_category": {
        "ICBufferFull": 2,
        "G1CollectForAllocation": 53
    },
    "total_pause_time_per_category": {
        "ICBufferFull": 265342,
        "G1CollectForAllocation": 71972686
    },
    "avg_pause_time_per_category": {
        "ICBufferFull": 132671.0,
        "G1CollectForAllocation": 1357975.21
    },
    "p90_pause_time": 1671170.2,
    "throughput": 20699957199
}