{
    "garbage_collector": "Z",
    "jdk": "HotSpot_21.0.4",
    "benchmark_group": "Renaissance",
    "benchmark_name": "fj-kmeans",
    "heap_size": "256",
    "error": null,
    "avg_cpu_usage": 45.9,
    "avg_cpu_time": 45.5,
    "avg_io_time": 0.0,
    "p90_io": 0.0,
    "number_of_pauses": 4760,
    "total_pause_time": 470479581,
    "avg_pause_time": 98840.25,
    "pauses_per_category": {
        "XMarkStart": 1587,
        "XMarkEnd": 1585,
        "CleanClassLoaderDataMetaspaces": 3,
        "XRelocateStart": 1585
    },
    "total_pause_time_per_category": {
        "XMarkStart": 179589706,
        "XMarkEnd": 54813796,
        "CleanClassLoaderDataMetaspaces": 802622,
        "XRelocateStart": 235273457
    },
    "avg_pause_time_per_category": {
        "XMarkStart": 113163.02,
        "XMarkEnd": 34582.84,
        "CleanClassLoaderDataMetaspaces": 267540.67,
        "XRelocateStart": 148437.51
    },
    "p90_pause_time": 163278.7,
    "throughput": 166818655618
}