{
    "garbage_collector": "G1",
    "jdk": "HotSpot_21.0.4",
    "benchmark_group": "Renaissance",
    "benchmark_name": "par-mnemonics",
    "heap_size": "256",
    "error": null,
    "avg_cpu_usage": 19.1,
    "avg_cpu_time": 19.1,
    "avg_io_time": 0.0,
    "p90_io": 0.0,
    "number_of_pauses": 597,
    "total_pause_time": 1404055660,
    "avg_pause_time": 2351852.03,
    "pauses_per_category": {
        "G1CollectForAllocation": 455,
        "ICBufferFull": 2,
        "G1TryInitiateConcMark": 14,
        "G1PauseRemark": 63,
        "G1PauseCleanup": 63
    },
    "total_pause_time_per_category": {
        "G1CollectForAllocation": 1225088577,
        "ICBufferFull": 148612,
        "G1TryInitiateConcMark": 122206022,
        "G1PauseRemark": 47041775,
        "G1PauseCleanup": 9570674
    },
    "avg_pause_time_per_category": {
        "G1CollectForAllocation": 2692502.37,
        "ICBufferFull": 74306.0,
        "G1TryInitiateConcMark": 8729001.57,
        "G1PauseRemark": 746694.84,
        "G1PauseCleanup": 151915.46
    },
    "p90_pause_time": 4048733.4,
    "throughput": 24933164535
}