{
    "garbage_collector": "G1",
    "jdk": "HotSpot_21.0.4",
    "benchmark_group": "Renaissance",
    "benchmark_name": "als",
    "heap_size": "1024",
    "error": null,
    "avg_cpu_usage": 65.7,
    "avg_cpu_time": 65.7,
    "avg_io_time": 0.2,
    "p90_io": 0.0,
    "number_of_pauses": 247,
    "total_pause_time": 877952444,
    "avg_pause_time": 3554463.34,
    "pauses_per_category": {
        "ICBufferFull": 26,
        "Cleanup": 22,
        "G1CollectForAllocation": 98,
        "CollectForMetadataAllocation": 13,
        "G1PauseRemark": 27,
        "G1PauseCleanup": 27,
        "G1TryInitiateConcMark": 34
    },
    "total_pause_time_per_category": {
        "ICBufferFull": 2370128,
        "Cleanup": 1505458,
        "G1CollectForAllocation": 513633444,
        "CollectForMetadataAllocation": 152088700,
        "G1PauseRemark": 124181890,
        "G1PauseCleanup": 11442097,
        "G1TryInitiateConcMark": 72730727
    },
    "avg_pause_time_per_category": {
        "ICBufferFull": 91158.77,
        "Cleanup": 68429.91,
        "G1CollectForAllocation": 5241157.59,
        "CollectForMetadataAllocation": 11699130.77,
        "G1PauseRemark": 4599329.26,
        "G1PauseCleanup": 423781.37,
        "G1TryInitiateConcMark": 2139139.03
    },
    "p90_pause_time": 6269694.8,
    "throughput": 54772620569
}