{
    "garbage_collector": "G1",
    "jdk": "HotSpot_21.0.4",
    "benchmark_group": "Renaissance",
    "benchmark_name": "mnemonics",
    "heap_size": "1024",
    "error": null,
    "avg_cpu_usage": 16.1,
    "avg_cpu_time": 16.0,
    "avg_io_time": 0.0,
    "p90_io": 0.0,
    "number_of_pauses": 115,
    "total_pause_time": 1076760112,
    "avg_pause_time": 9363131.41,
    "pauses_per_category": {
        "ICBufferFull": 1,
        "G1CollectForAllocation": 110,
        "G1PauseRemark": 2,
        "G1PauseCleanup": 2
    },
    "total_pause_time_per_category": {
        "ICBufferFull": 55636,
        "G1CollectForAllocation": 1073733733,
        "G1PauseRemark": 2595482,
        "G1PauseCleanup": 375261
    },
    "avg_pause_time_per_category": {
        "ICBufferFull": 55636.0,
        "G1CollectForAllocation": 9761215.75,
        "G1PauseRemark": 1297741.0,
        "G1PauseCleanup": 187630.5
    },
    "p90_pause_time": 27261930.0,
    "throughput": 25851706063
}