{
    "garbage_collector": "G1",
    "jdk": "HotSpot_21.0.4",
    "benchmark_group": "Renaissance",
    "benchmark_name": "chi-square",
    "heap_size": "1024",
    "error": null,
    "avg_cpu_usage": 31.3,
    "avg_cpu_time": 32.2,
    "avg_io_time": 0.1,
    "p90_io": 0.0,
    "number_of_pauses": 62,
    "total_pause_time": 470556639,
    "avg_pause_time": 7589623.21,
    "pauses_per_category": {
        "ICBufferFull": 4,
        "G1CollectForAllocation": 40,
        "CollectForMetadataAllocation": 6,
        "G1PauseRemark": 5,
        "G1PauseCleanup": 5,
        "G1TryInitiateConcMark": 2
    },
    "total_pause_time_per_category": {
        "ICBufferFull": 311244,
        "G1CollectForAllocation": 406206970,
        "CollectForMetadataAllocation": 47313981,
        "G1PauseRemark": 12143683,
        "G1PauseCleanup": 1449388,
        "G1TryInitiateConcMark": 3131373
    },
    "avg_pause_time_per_category": {
        "ICBufferFull": 77811.0,
        "G1CollectForAllocation": 10155174.25,
        "CollectForMetadataAllocation": 7885663.5,
        "G1PauseRemark": 2428736.6,
        "G1PauseCleanup": 289877.6,
        "G1TryInitiateConcMark": 1565686.5
    },
    "p90_pause_time": 22461925.3,
    "throughput": 11559580569
}