{
    "garbage_collector": "Parallel",
    "jdk": "HotSpot_21.0.4",
    "benchmark_group": "Renaissance",
    "benchmark_name": "future-genetic",
    "heap_size": "4096",
    "error": null,
    "avg_cpu_usage": 31.8,
    "avg_cpu_time": 29.5,
    "avg_io_time": 0.0,
    "p90_io": 0.0,
    "number_of_pauses": 21,
    "total_pause_time": 29305531,
    "avg_pause_time": 1395501.48,
    "pauses_per_category": {
        "ICBufferFull": 3,
        "ParallelGCFailedAllocation": 13,
        "Cleanup": 5
    },
    "total_pause_time_per_category": {
        "ICBufferFull": 353457,
        "ParallelGCFailedAllocation": 28511720,
        "Cleanup": 440354
    },
    "avg_pause_time_per_category": {
        "ICBufferFull": 117819.0,
        "ParallelGCFailedAllocation": 2193209.23,
        "Cleanup": 88070.8
    },
    "p90_pause_time": 4789303.0,
    "throughput": 19785554581
}