{
    "garbage_collector": "Parallel",
    "jdk": "HotSpot_21.0.4",
    "benchmark_group": "Renaissance",
    "benchmark_name": "finagle-chirper",
    "heap_size": "512",
    "error": null,
    "avg_cpu_usage": 77.7,
    "avg_cpu_time": 70.6,
    "avg_io_time": 0.0,
    "p90_io": 0.0,
    "number_of_pauses": 253,
    "total_pause_time": 555306544,
    "avg_pause_time": 2194887.53,
    "pauses_per_category": {
        "ICBufferFull": 40,
        "CollectForMetadataAllocation": 2,
        "ParallelGCFailedAllocation": 210,
        "ParallelGCSystemGC": 1
    },
    "total_pause_time_per_category": {
        "ICBufferFull": 5432128,
        "CollectForMetadataAllocation": 42180376,
        "ParallelGCFailedAllocation": 437984297,
        "ParallelGCSystemGC": 69709743
    },
    "avg_pause_time_per_category": {
        "ICBufferFull": 135803.2,
        "CollectForMetadataAllocation": 21090188.0,
        "ParallelGCFailedAllocation": 2085639.51,
        "ParallelGCSystemGC": 69709743.0
    },
    "p90_pause_time": 2735183.8,
    "throughput": 33148118010
}