{
    "garbage_collector": "G1",
    "jdk": "HotSpot_21.0.4",
    "benchmark_group": "Renaissance",
    "benchmark_name": "finagle-http",
    "heap_size": "256",
    "error": null,
    "avg_cpu_usage": 81.2,
    "avg_cpu_time": 65.8,
    "avg_io_time": 0.0,
    "p90_io": 0.0,
    "number_of_pauses": 278,
    "total_pause_time": 380527115,
    "avg_pause_time": 1368802.57,
    "pauses_per_category": {
        "G1CollectForAllocation": 242,
        "CollectForMetadataAllocation": 4,
        "G1PauseRemark": 2,
        "G1PauseCleanup": 2,
        "ICBufferFull": 28
    },
    "total_pause_time_per_category": {
        "G1CollectForAllocation": 351586209,
        "CollectForMetadataAllocation": 20398244,
        "G1PauseRemark": 3144510,
        "G1PauseCleanup": 404803,
        "ICBufferFull": 4993349
    },
    "avg_pause_time_per_category": {
        "G1CollectForAllocation": 1452835.57,
        "CollectForMetadataAllocation": 5099561.0,
        "G1PauseRemark": 1572255.0,
        "G1PauseCleanup": 202401.5,
        "ICBufferFull": 178333.89
    },
    "p90_pause_time": 1859333.4,
    "throughput": 41775594558
}