{
    "garbage_collector": "G1",
    "jdk": "HotSpot_21.0.4",
    "benchmark_group": "Renaissance",
    "benchmark_name": "gauss-mix",
    "heap_size": "8192",
    "error": null,
    "avg_cpu_usage": 31.6,
    "avg_cpu_time": 30.5,
    "avg_io_time": 0.2,
    "p90_io": 0.0,
    "number_of_pauses": 33,
    "total_pause_time": 88678627,
    "avg_pause_time": 2687231.12,
    "pauses_per_category": {
        "ICBufferFull": 15,
        "Cleanup": 4,
        "CollectForMetadataAllocation": 5,
        "G1PauseRemark": 3,
        "G1PauseCleanup": 3,
        "G1CollectForAllocation": 3
    },
    "total_pause_time_per_category": {
        "ICBufferFull": 1340298,
        "Cleanup": 308967,
        "CollectForMetadataAllocation": 39181426,
        "G1PauseRemark": 5493082,
        "G1PauseCleanup": 792968,
        "G1CollectForAllocation": 41561886
    },
    "avg_pause_time_per_category": {
        "ICBufferFull": 89353.2,
        "Cleanup": 77241.75,
        "CollectForMetadataAllocation": 7836285.2,
        "G1PauseRemark": 1831027.33,
        "G1PauseCleanup": 264322.67,
        "G1CollectForAllocation": 13853962.0
    },
    "p90_pause_time": 11126167.8,
    "throughput": 13087476148
}