{
    "garbage_collector": "Z",
    "jdk": "HotSpot_21.0.4",
    "benchmark_group": "Renaissance",
    "benchmark_name": "philosophers",
    "heap_size": "2048",
    "error": null,
    "avg_cpu_usage": 86.5,
    "avg_cpu_time": 82.9,
    "avg_io_time": 0.0,
    "p90_io": 0.0,
    "number_of_pauses": 80,
    "total_pause_time": 8698310,
    "avg_pause_time": 108728.88,
    "pauses_per_category": {
        "ICBufferFull": 1,
        "XMarkStart": 26,
        "XMarkEnd": 26,
        "CleanClassLoaderDataMetaspaces": 1,
        "XRelocateStart": 26
    },
    "total_pause_time_per_category": {
        "ICBufferFull": 57339,
        "XMarkStart": 2896521,
        "XMarkEnd": 2501938,
        "CleanClassLoaderDataMetaspaces": 716764,
        "XRelocateStart": 2525748
    },
    "avg_pause_time_per_category": {
        "ICBufferFull": 57339.0,
        "XMarkStart": 111404.65,
        "XMarkEnd": 96228.38,
        "CleanClassLoaderDataMetaspaces": 716764.0,
        "XRelocateStart": 97144.15
    },
    "p90_pause_time": 106515.0,
    "throughput": 16588829794
}