{
    "garbage_collector": "G1",
    "jdk": "HotSpot_21.0.4",
    "benchmark_group": "Renaissance",
    "benchmark_name": "naive-bayes",
    "heap_size": "8192",
    "error": null,
    "avg_cpu_usage": 73.7,
    "avg_cpu_time": 72.0,
    "avg_io_time": 0.1,
    "p90_io": 0.0,
    "number_of_pauses": 100,
    "total_pause_time": 307175180,
    "avg_pause_time": 3071751.8,
    "pauses_per_category": {
        "ICBufferFull": 46,
        "Cleanup": 3,
        "CollectForMetadataAllocation": 7,
        "G1PauseRemark": 4,
        "G1PauseCleanup": 4,
        "G1CollectForAllocation": 36
    },
    "total_pause_time_per_category": {
        "ICBufferFull": 4368539,
        "Cleanup": 2381250,
        "CollectForMetadataAllocation": 55768888,
        "G1PauseRemark": 9718752,
        "G1PauseCleanup": 1144541,
        "G1CollectForAllocation": 233793210
    },
    "avg_pause_time_per_category": {
        "ICBufferFull": 94968.24,
        "Cleanup": 793750.0,
        "CollectForMetadataAllocation": 7966984.0,
        "G1PauseRemark": 2429688.0,
        "G1PauseCleanup": 286135.25,
        "G1CollectForAllocation": 6494255.83
    },
    "p90_pause_time": 8418747.8,
    "throughput": 26106203492
}