{
    "garbage_collector": "G1",
    "jdk": "HotSpot_21.0.4",
    "benchmark_group": "Renaissance",
    "benchmark_name": "log-regression",
    "heap_size": "4096",
    "error": null,
    "avg_cpu_usage": 49.9,
    "avg_cpu_time": 45.3,
    "avg_io_time": 0.1,
    "p90_io": 0.0,
    "number_of_pauses": 79,
    "total_pause_time": 318329710,
    "avg_pause_time": 4029490.0,
    "pauses_per_category": {
        "ICBufferFull": 42,
        "Cleanup": 2,
        "CollectForMetadataAllocation": 12,
        "G1PauseRemark": 5,
        "G1PauseCleanup": 5,
        "G1CollectForAllocation": 2,
        "G1TryInitiateConcMark": 11
    },
    "total_pause_time_per_category": {
        "ICBufferFull": 5414376,
        "Cleanup": 210000,
        "CollectForMetadataAllocation": 75503943,
        "G1PauseRemark": 14442806,
        "G1PauseCleanup": 2235257,
        "G1CollectForAllocation": 28316700,
        "G1TryInitiateConcMark": 192206628
    },
    "avg_pause_time_per_category": {
        "ICBufferFull": 128913.71,
        "Cleanup": 105000.0,
        "CollectForMetadataAllocation": 6291995.25,
        "G1PauseRemark": 2888561.2,
        "G1PauseCleanup": 447051.4,
        "G1CollectForAllocation": 14158350.0,
        "G1TryInitiateConcMark": 17473329.82
    },
    "p90_pause_time": 16457585.2,
    "throughput": 19313251337
}