{
    "garbage_collector": "G1",
    "jdk": "HotSpot_21.0.4",
    "benchmark_group": "Renaissance",
    "benchmark_name": "akka-uct",
    "heap_size": "256",
    "error": null,
    "avg_cpu_usage": 77.2,
    "avg_cpu_time": 75.5,
    "avg_io_time": 0.0,
    "p90_io": 0.0,
    "number_of_pauses": 6188,
    "total_pause_time": 79989538702,
    "avg_pause_time": 12926557.64,
    "pauses_per_category": {
        "ICBufferFull": 1,
        "G1CollectForAllocation": 6061,
        "G1PauseRemark": 109,
        "G1PauseCleanup": 17
    },
    "total_pause_time_per_category": {
        "ICBufferFull": 57018,
        "G1CollectForAllocation": 79702659562,
        "G1PauseRemark": 283139130,
        "G1PauseCleanup": 3682992
    },
    "avg_pause_time_per_category": {
        "ICBufferFull": 57018.0,
        "G1CollectForAllocation": 13150084.07,
        "G1PauseRemark": 2597606.7,
        "G1PauseCleanup": 216646.59
    },
    "p90_pause_time": 13735560.7,
    "throughput": 145237291312
}