{
    "garbage_collector": "G1",
    "jdk": "HotSpot_21.0.4",
    "benchmark_group": "Renaissance",
    "benchmark_name": "finagle-chirper",
    "heap_size": "8192",
    "error": null,
    "avg_cpu_usage": 78.4,
    "avg_cpu_time": 70.9,
    "avg_io_time": 0.0,
    "p90_io": 0.0,
    "number_of_pauses": 100,
    "total_pause_time": 163044217,
    "avg_pause_time": 1630442.17,
    "pauses_per_category": {
        "ICBufferFull": 60,
        "CollectForMetadataAllocation": 4,
        "G1PauseRemark": 3,
        "G1PauseCleanup": 3,
        "G1CollectForAllocation": 8,
        "Cleanup": 21,
        "G1TryInitiateConcMark": 1
    },
    "total_pause_time_per_category": {
        "ICBufferFull": 17270093,
        "CollectForMetadataAllocation": 21911543,
        "G1PauseRemark": 8431469,
        "G1PauseCleanup": 1441771,
        "G1CollectForAllocation": 98813504,
        "Cleanup": 5982116,
        "G1TryInitiateConcMark": 9193721
    },
    "avg_pause_time_per_category": {
        "ICBufferFull": 287834.88,
        "CollectForMetadataAllocation": 5477885.75,
        "G1PauseRemark": 2810489.67,
        "G1PauseCleanup": 480590.33,
        "G1CollectForAllocation": 12351688.0,
        "Cleanup": 284862.67,
        "G1TryInitiateConcMark": 9193721.0
    },
    "p90_pause_time": 6137330.9,
    "throughput": 36834375410
}