{
    "garbage_collector": "G1",
    "jdk": "HotSpot_21.0.4",
    "benchmark_group": "Renaissance",
    "benchmark_name": "akka-uct",
    "heap_size": "8192",
    "error": null,
    "avg_cpu_usage": 83.8,
    "avg_cpu_time": 77.7,
    "avg_io_time": 0.0,
    "p90_io": 0.0,
    "number_of_pauses": 109,
    "total_pause_time": 3791047075,
    "avg_pause_time": 34780248.39,
    "pauses_per_category": {
        "ICBufferFull": 11,
        "G1CollectForAllocation": 60,
        "CollectForMetadataAllocation": 1,
        "G1PauseRemark": 1,
        "G1PauseCleanup": 1,
        "Cleanup": 35
    },
    "total_pause_time_per_category": {
        "ICBufferFull": 1492105,
        "G1CollectForAllocation": 3679743968,
        "CollectForMetadataAllocation": 38664597,
        "G1PauseRemark": 2873374,
        "G1PauseCleanup": 454232,
        "Cleanup": 67818799
    },
    "avg_pause_time_per_category": {
        "ICBufferFull": 135645.91,
        "G1CollectForAllocation": 61329066.13,
        "CollectForMetadataAllocation": 38664597.0,
        "G1PauseRemark": 2873374.0,
        "G1PauseCleanup": 454232.0,
        "Cleanup": 1937679.97
    },
    "p90_pause_time": 78087364.6,
    "throughput": 66035054835
}