{
    "garbage_collector": "Parallel",
    "jdk": "HotSpot_21.0.4",
    "benchmark_group": "Renaissance",
    "benchmark_name": "log-regression",
    "heap_size": "1024",
    "error": null,
    "avg_cpu_usage": 48.7,
    "avg_cpu_time": 46.5,
    "avg_io_time": 0.0,
    "p90_io": 0.0,
    "number_of_pauses": 162,
    "total_pause_time": 815599238,
    "avg_pause_time": 5034563.2,
    "pauses_per_category": {
        "ICBufferFull": 37,
        "Cleanup": 1,
        "CollectForMetadataAllocation": 4,
        "ParallelGCFailedAllocation": 119,
        "ParallelGCSystemGC": 1
    },
    "total_pause_time_per_category": {
        "ICBufferFull": 4448139,
        "Cleanup": 87278,
        "CollectForMetadataAllocation": 126592294,
        "ParallelGCFailedAllocation": 589241649,
        "ParallelGCSystemGC": 95229878
    },
    "avg_pause_time_per_category": {
        "ICBufferFull": 120219.97,
        "Cleanup": 87278.0,
        "CollectForMetadataAllocation": 31648073.5,
        "ParallelGCFailedAllocation": 4951610.5,
        "ParallelGCSystemGC": 95229878.0
    },
    "p90_pause_time": 9329688.3,
    "throughput": 18978652339
}