{
    "garbage_collector": "Parallel",
    "jdk": "HotSpot_21.0.4",
    "benchmark_group": "Renaissance",
    "benchmark_name": "log-regression",
    "heap_size": "8192",
    "error": null,
    "avg_cpu_usage": 47.5,
    "avg_cpu_time": 43.6,
    "avg_io_time": 0.1,
    "p90_io": 0.0,
    "number_of_pauses": 61,
    "total_pause_time": 329323918,
    "avg_pause_time": 5398752.75,
    "pauses_per_category": {
        "ICBufferFull": 44,
        "CollectForMetadataAllocation": 4,
        "ParallelGCFailedAllocation": 11,
        "ParallelGCSystemGC": 2
    },
    "total_pause_time_per_category": {
        "ICBufferFull": 5156902,
        "CollectForMetadataAllocation": 133537705,
        "ParallelGCFailedAllocation": 178314190,
        "ParallelGCSystemGC": 12315121
    },
    "avg_pause_time_per_category": {
        "ICBufferFull": 117202.32,
        "CollectForMetadataAllocation": 33384426.25,
        "ParallelGCFailedAllocation": 16210380.91,
        "ParallelGCSystemGC": 6157560.5
    },
    "p90_pause_time": 23808764.0,
    "throughput": 18727225727
}