{
    "garbage_collector": "Parallel",
    "jdk": "HotSpot_21.0.4",
    "benchmark_group": "Renaissance",
    "benchmark_name": "log-regression",
    "heap_size": "4096",
    "error": null,
    "avg_cpu_usage": 49.0,
    "avg_cpu_time": 46.0,
    "avg_io_time": 0.4,
    "p90_io": 0.0,
    "number_of_pauses": 78,
    "total_pause_time": 505067193,
    "avg_pause_time": 6475220.42,
    "pauses_per_category": {
        "ICBufferFull": 46,
        "CollectForMetadataAllocation": 4,
        "ParallelGCFailedAllocation": 26,
        "Cleanup": 1,
        "ParallelGCSystemGC": 1
    },
    "total_pause_time_per_category": {
        "ICBufferFull": 5070339,
        "CollectForMetadataAllocation": 129777384,
        "ParallelGCFailedAllocation": 288420692,
        "Cleanup": 114705,
        "ParallelGCSystemGC": 81684073
    },
    "avg_pause_time_per_category": {
        "ICBufferFull": 110224.76,
        "CollectForMetadataAllocation": 32444346.0,
        "ParallelGCFailedAllocation": 11093103.54,
        "Cleanup": 114705.0,
        "ParallelGCSystemGC": 81684073.0
    },
    "p90_pause_time": 19370861.5,
    "throughput": 19025675629
}