{
    "garbage_collector": "G1",
    "jdk": "HotSpot_21.0.4",
    "benchmark_group": "Renaissance",
    "benchmark_name": "fj-kmeans",
    "heap_size": "2048",
    "error": null,
    "avg_cpu_usage": 84.0,
    "avg_cpu_time": 83.5,
    "avg_io_time": 0.0,
    "p90_io": 0.0,
    "number_of_pauses": 93,
    "total_pause_time": 703721404,
    "avg_pause_time": 7566896.82,
    "pauses_per_category": {
        "ICBufferFull": 1,
        "G1CollectForAllocation": 84,
        "G1TryInitiateConcMark": 4,
        "G1PauseRemark": 2,
        "G1PauseCleanup": 2
    },
    "total_pause_time_per_category": {
        "ICBufferFull": 143157,
        "G1CollectForAllocation": 687754914,
        "G1TryInitiateConcMark": 12016987,
        "G1PauseRemark": 3176643,
        "G1PauseCleanup": 629703
    },
    "avg_pause_time_per_category": {
        "ICBufferFull": 143157.0,
        "G1CollectForAllocation": 8187558.5,
        "G1TryInitiateConcMark": 3004246.75,
        "G1PauseRemark": 1588321.5,
        "G1PauseCleanup": 314851.5
    },
    "p90_pause_time": 12212970.2,
    "throughput": 29667385606
}