{
    "garbage_collector": "G1",
    "jdk": "HotSpot_21.0.4",
    "benchmark_group": "Renaissance",
    "benchmark_name": "dec-tree",
    "heap_size": "8192",
    "error": null,
    "avg_cpu_usage": 44.4,
    "avg_cpu_time": 40.5,
    "avg_io_time": 0.5,
    "p90_io": 0.0,
    "number_of_pauses": 69,
    "total_pause_time": 166869020,
    "avg_pause_time": 2418391.59,
    "pauses_per_category": {
        "ICBufferFull": 45,
        "Cleanup": 1,
        "CollectForMetadataAllocation": 8,
        "G1PauseRemark": 5,
        "G1PauseCleanup": 5,
        "G1CollectForAllocation": 4,
        "G1TryInitiateConcMark": 1
    },
    "total_pause_time_per_category": {
        "ICBufferFull": 4751863,
        "Cleanup": 88780,
        "CollectForMetadataAllocation": 59830841,
        "G1PauseRemark": 15140647,
        "G1PauseCleanup": 1386057,
        "G1CollectForAllocation": 70485507,
        "G1TryInitiateConcMark": 15185325
    },
    "avg_pause_time_per_category": {
        "ICBufferFull": 105596.96,
        "Cleanup": 88780.0,
        "CollectForMetadataAllocation": 7478855.12,
        "G1PauseRemark": 3028129.4,
        "G1PauseCleanup": 277211.4,
        "G1CollectForAllocation": 17621376.75,
        "G1TryInitiateConcMark": 15185325.0
    },
    "p90_pause_time": 11666007.8,
    "throughput": 16445012587
}