{
    "garbage_collector": "Z",
    "jdk": "HotSpot_21.0.4",
    "benchmark_group": "Renaissance",
    "benchmark_name": "akka-uct",
    "heap_size": "1024",
    "error": null,
    "avg_cpu_usage": 48.9,
    "avg_cpu_time": 46.0,
    "avg_io_time": 0.0,
    "p90_io": 0.0,
    "number_of_pauses": 1297,
    "total_pause_time": 351156481,
    "avg_pause_time": 270745.17,
    "pauses_per_category": {
        "ICBufferFull": 6,
        "XMarkStart": 429,
        "XMarkEnd": 431,
        "CleanClassLoaderDataMetaspaces": 2,
        "XRelocateStart": 429
    },
    "total_pause_time_per_category": {
        "ICBufferFull": 1387689,
        "XMarkStart": 252694212,
        "XMarkEnd": 26082439,
        "CleanClassLoaderDataMetaspaces": 7529533,
        "XRelocateStart": 63462608
    },
    "avg_pause_time_per_category": {
        "ICBufferFull": 231281.5,
        "XMarkStart": 589030.8,
        "XMarkEnd": 60516.1,
        "CleanClassLoaderDataMetaspaces": 3764766.5,
        "XRelocateStart": 147931.49
    },
    "p90_pause_time": 187664.2,
    "throughput": 226877888238
}