{
    "garbage_collector": "Serial",
    "jdk": "HotSpot_21.0.4",
    "benchmark_group": "Renaissance",
    "benchmark_name": "naive-bayes",
    "heap_size": "8192",
    "error": null,
    "avg_cpu_usage": 70.0,
    "avg_cpu_time": 68.8,
    "avg_io_time": 0.1,
    "p90_io": 0.0,
    "number_of_pauses": 123,
    "total_pause_time": 1394710789,
    "avg_pause_time": 11339112.11,
    "pauses_per_category": {
        "ICBufferFull": 35,
        "Cleanup": 2,
        "CollectForMetadataAllocation": 5,
        "GenCollectForAllocation": 81
    },
    "total_pause_time_per_category": {
        "ICBufferFull": 4124179,
        "Cleanup": 60101,
        "CollectForMetadataAllocation": 161098930,
        "GenCollectForAllocation": 1229427579
    },
    "avg_pause_time_per_category": {
        "ICBufferFull": 117833.69,
        "Cleanup": 30050.5,
        "CollectForMetadataAllocation": 32219786.0,
        "GenCollectForAllocation": 15178118.26
    },
    "p90_pause_time": 29266994.8,
    "throughput": 25509800812
}