{
    "garbage_collector": "Parallel",
    "jdk": "HotSpot_21.0.4",
    "benchmark_group": "Renaissance",
    "benchmark_name": "naive-bayes",
    "heap_size": "1024",
    "error": "Error code not found: 52\n23:14:01.606 WARN  [Executor task launch worker for task 7.0 in stage 0.0 (TID 7)] org.apache.spark.storage.memory.MemoryStore - Not enough space to cache rdd_3_7 in memory! (computed 68.0 MiB so far)\n23:14:01.614 WARN  [Executor task launch worker for task 5.0 in stage 0.0 (TID 5)] org.apache.spark.storage.memory.MemoryStore - Not enough space to cache rdd_3_5 in memory! (computed 68.0 MiB so far)\n23:14:01.615 WARN  [Executor task launch worker for task 0.0 in stage 0.0 (TID 0)] org.apache.spark.storage.memory.MemoryStore - Not enough space to cache rdd_3_0 in memory! (computed 68.0 MiB so far)\n23:14:01.625 WARN  [Executor task launch worker for task 0.0 in stage 0.0 (TID 0)] org.apache.spark.storage.BlockManager - Block rdd_3_0 could not be removed as it was not found on disk or in memory\n23:14:01.625 WARN  [Executor task launch worker for task 5.0 in stage 0.0 (TID 5)] org.apache.spark.storage.BlockManager - Block rdd_3_5 could not be removed as it was not found on disk or in memory\n23:14:01.625 WARN  [Executor task launch worker for task 7.0 in stage 0.0 (TID 7)] org.apache.spark.storage.BlockManager - Block rdd_3_7 could not be removed as it was not found on disk or in memory\n23:14:01.627 WARN  [Executor task launch worker for task 7.0 in stage 0.0 (TID 7)] org.apache.spark.storage.BlockManager - Putting block rdd_3_7 failed\n23:14:01.627 WARN  [Executor task launch worker for task 5.0 in stage 0.0 (TID 5)] org.apache.spark.storage.BlockManager - Putting block rdd_3_5 failed\n23:14:01.627 WARN  [Executor task launch worker for task 0.0 in stage 0.0 (TID 0)] org.apache.spark.storage.BlockManager - Putting block rdd_3_0 failed\n23:14:01.636 WARN  [Executor task launch worker for task 3.0 in stage 0.0 (TID 3)] org.apache.spark.storage.memory.MemoryStore - Not enough space to cache rdd_3_3 in memory! (computed 68.0 MiB so far)\n23:14:01.637 WARN  [Executor task launch worker for task 3.0 in stage 0.0 (TID 3)] org.apache.spark.storage.BlockManager - Block rdd_3_3 could not be removed as it was not found on disk or in memory\n23:14:01.637 WARN  [Executor task launch worker for task 3.0 in stage 0.0 (TID 3)] org.apache.spark.storage.BlockManager - Putting block rdd_3_3 failed\n23:14:02.816 WARN  [Executor task launch worker for task 1.0 in stage 0.0 (TID 1)] org.apache.spark.storage.memory.MemoryStore - Not enough space to cache rdd_3_1 in memory! (computed 132.0 MiB so far)\n23:14:02.817 WARN  [Executor task launch worker for task 1.0 in stage 0.0 (TID 1)] org.apache.spark.storage.BlockManager - Block rdd_3_1 could not be removed as it was not found on disk or in memory\n23:14:02.817 WARN  [Executor task launch worker for task 1.0 in stage 0.0 (TID 1)] org.apache.spark.storage.BlockManager - Putting block rdd_3_1 failed\n23:14:03.066 WARN  [Executor task launch worker for task 2.0 in stage 0.0 (TID 2)] org.apache.spark.storage.memory.MemoryStore - Not enough space to cache rdd_3_2 in memory! (computed 132.0 MiB so far)\n23:14:03.066 WARN  [Executor task launch worker for task 2.0 in stage 0.0 (TID 2)] org.apache.spark.storage.BlockManager - Block rdd_3_2 could not be removed as it was not found on disk or in memory\n23:14:03.066 WARN  [Executor task launch worker for task 2.0 in stage 0.0 (TID 2)] org.apache.spark.storage.BlockManager - Putting block rdd_3_2 failed\n23:14:07.625 WARN  [Executor task launch worker for task 5.0 in stage 1.0 (TID 14)] org.apache.spark.storage.memory.MemoryStore - Not enough space to cache rdd_3_5 in memory! (computed 68.0 MiB so far)\n23:14:07.625 WARN  [Executor task launch worker for task 5.0 in stage 1.0 (TID 14)] org.apache.spark.storage.BlockManager - Block rdd_3_5 could not be removed as it was not found on disk or in memory\n23:14:07.625 WARN  [Executor task launch worker for task 5.0 in stage 1.0 (TID 14)] org.apache.spark.storage.BlockManager - Putting block rdd_3_5 failed\n23:14:07.849 WARN  [Executor task launch worker for task 1.0 in stage 1.0 (TID 11)] org.apache.spark.storage.memory.MemoryStore - Not enough space to cache rdd_3_1 in memory! (computed 68.0 MiB so far)\n23:14:07.850 WARN  [Executor task launch worker for task 1.0 in stage 1.0 (TID 11)] org.apache.spark.storage.BlockManager - Block rdd_3_1 could not be removed as it was not found on disk or in memory\n23:14:07.850 WARN  [Executor task launch worker for task 1.0 in stage 1.0 (TID 11)] org.apache.spark.storage.BlockManager - Putting block rdd_3_1 failed\n23:14:08.572 WARN  [Executor task launch worker for task 7.0 in stage 1.0 (TID 15)] org.apache.spark.storage.memory.MemoryStore - Not enough space to cache rdd_3_7 in memory! (computed 68.0 MiB so far)\n23:14:08.573 WARN  [Executor task launch worker for task 7.0 in stage 1.0 (TID 15)] org.apache.spark.storage.BlockManager - Block rdd_3_7 could not be removed as it was not found on disk or in memory\n23:14:08.573 WARN  [Executor task launch worker for task 7.0 in stage 1.0 (TID 15)] org.apache.spark.storage.BlockManager - Putting block rdd_3_7 failed\n23:14:08.717 WARN  [Executor task launch worker for task 0.0 in stage 1.0 (TID 10)] org.apache.spark.storage.memory.MemoryStore - Not enough space to cache rdd_3_0 in memory! (computed 68.0 MiB so far)\n23:14:08.718 WARN  [Executor task launch worker for task 0.0 in stage 1.0 (TID 10)] org.apache.spark.storage.BlockManager - Block rdd_3_0 could not be removed as it was not found on disk or in memory\n23:14:08.718 WARN  [Executor task launch worker for task 0.0 in stage 1.0 (TID 10)] org.apache.spark.storage.BlockManager - Putting block rdd_3_0 failed\n23:14:08.720 WARN  [Executor task launch worker for task 2.0 in stage 1.0 (TID 12)] org.apache.spark.storage.memory.MemoryStore - Not enough space to cache rdd_3_2 in memory! (computed 68.0 MiB so far)\n23:14:08.720 WARN  [Executor task launch worker for task 2.0 in stage 1.0 (TID 12)] org.apache.spark.storage.BlockManager - Block rdd_3_2 could not be removed as it was not found on disk or in memory\n23:14:08.721 WARN  [Executor task launch worker for task 2.0 in stage 1.0 (TID 12)] org.apache.spark.storage.BlockManager - Putting block rdd_3_2 failed\n23:14:08.804 WARN  [Executor task launch worker for task 3.0 in stage 1.0 (TID 13)] org.apache.spark.storage.memory.MemoryStore - Not enough space to cache rdd_3_3 in memory! (computed 68.0 MiB so far)\n23:14:08.804 WARN  [Executor task launch worker for task 3.0 in stage 1.0 (TID 13)] org.apache.spark.storage.BlockManager - Block rdd_3_3 could not be removed as it was not found on disk or in memory\n23:14:08.804 WARN  [Executor task launch worker for task 3.0 in stage 1.0 (TID 13)] org.apache.spark.storage.BlockManager - Putting block rdd_3_3 failed\n23:14:17.954 WARN  [Executor task launch worker for task 3.0 in stage 4.0 (TID 22)] org.apache.spark.storage.memory.MemoryStore - Not enough space to cache rdd_3_3 in memory! (computed 68.0 MiB so far)\n23:14:17.954 WARN  [Executor task launch worker for task 3.0 in stage 4.0 (TID 22)] org.apache.spark.storage.BlockManager - Block rdd_3_3 could not be removed as it was not found on disk or in memory\n23:14:17.955 WARN  [Executor task launch worker for task 3.0 in stage 4.0 (TID 22)] org.apache.spark.storage.BlockManager - Putting block rdd_3_3 failed\n23:14:17.956 WARN  [Executor task launch worker for task 2.0 in stage 4.0 (TID 21)] org.apache.spark.storage.memory.MemoryStore - Not enough space to cache rdd_3_2 in memory! (computed 68.0 MiB so far)\n23:14:17.956 WARN  [Executor task launch worker for task 2.0 in stage 4.0 (TID 21)] org.apache.spark.storage.BlockManager - Block rdd_3_2 could not be removed as it was not found on disk or in memory\n23:14:17.956 WARN  [Executor task launch worker for task 2.0 in stage 4.0 (TID 21)] org.apache.spark.storage.BlockManager - Putting block rdd_3_2 failed\n23:14:18.431 WARN  [Executor task launch worker for task 5.0 in stage 4.0 (TID 23)] org.apache.spark.storage.memory.MemoryStore - Not enough space to cache rdd_3_5 in memory! (computed 68.0 MiB so far)\n23:14:18.432 WARN  [Executor task launch worker for task 5.0 in stage 4.0 (TID 23)] org.apache.spark.storage.BlockManager - Block rdd_3_5 could not be removed as it was not found on disk or in memory\n23:14:18.432 WARN  [Executor task launch worker for task 5.0 in stage 4.0 (TID 23)] org.apache.spark.storage.BlockManager - Putting block rdd_3_5 failed\n23:14:18.511 WARN  [Executor task launch worker for task 1.0 in stage 4.0 (TID 20)] org.apache.spark.storage.memory.MemoryStore - Not enough space to cache rdd_3_1 in memory! (computed 68.0 MiB so far)\n23:14:18.512 WARN  [Executor task launch worker for task 1.0 in stage 4.0 (TID 20)] org.apache.spark.storage.BlockManager - Block rdd_3_1 could not be removed as it was not found on disk or in memory\n23:14:18.512 WARN  [Executor task launch worker for task 1.0 in stage 4.0 (TID 20)] org.apache.spark.storage.BlockManager - Putting block rdd_3_1 failed\n23:14:18.650 WARN  [Executor task launch worker for task 0.0 in stage 4.0 (TID 19)] org.apache.spark.storage.memory.MemoryStore - Not enough space to cache rdd_3_0 in memory! (computed 68.0 MiB so far)\n23:14:18.651 WARN  [Executor task launch worker for task 0.0 in stage 4.0 (TID 19)] org.apache.spark.storage.BlockManager - Block rdd_3_0 could not be removed as it was not found on disk or in memory\n23:14:18.651 WARN  [Executor task launch worker for task 0.0 in stage 4.0 (TID 19)] org.apache.spark.storage.BlockManager - Putting block rdd_3_0 failed\n23:14:18.918 WARN  [Executor task launch worker for task 7.0 in stage 4.0 (TID 24)] org.apache.spark.storage.memory.MemoryStore - Not enough space to cache rdd_3_7 in memory! (computed 68.0 MiB so far)\n23:14:18.918 WARN  [Executor task launch worker for task 7.0 in stage 4.0 (TID 24)] org.apache.spark.storage.BlockManager - Block rdd_3_7 could not be removed as it was not found on disk or in memory\n23:14:18.918 WARN  [Executor task launch worker for task 7.0 in stage 4.0 (TID 24)] org.apache.spark.storage.BlockManager - Putting block rdd_3_7 failed\n23:14:28.232 WARN  [Executor task launch worker for task 7.0 in stage 7.0 (TID 33)] org.apache.spark.storage.memory.MemoryStore - Not enough space to cache rdd_3_7 in memory! (computed 68.0 MiB so far)\n23:14:28.232 WARN  [Executor task launch worker for task 7.0 in stage 7.0 (TID 33)] org.apache.spark.storage.BlockManager - Block rdd_3_7 could not be removed as it was not found on disk or in memory\n23:14:28.232 WARN  [Executor task launch worker for task 7.0 in stage 7.0 (TID 33)] org.apache.spark.storage.BlockManager - Putting block rdd_3_7 failed\n23:14:28.450 WARN  [Executor task launch worker for task 3.0 in stage 7.0 (TID 31)] org.apache.spark.storage.memory.MemoryStore - Not enough space to cache rdd_3_3 in memory! (computed 68.0 MiB so far)\n23:14:28.451 WARN  [Executor task launch worker for task 3.0 in stage 7.0 (TID 31)] org.apache.spark.storage.BlockManager - Block rdd_3_3 could not be removed as it was not found on disk or in memory\n23:14:28.451 WARN  [Executor task launch worker for task 3.0 in stage 7.0 (TID 31)] org.apache.spark.storage.BlockManager - Putting block rdd_3_3 failed\n23:14:30.210 WARN  [Executor task launch worker for task 0.0 in stage 7.0 (TID 28)] org.apache.spark.storage.memory.MemoryStore - Not enough space to cache rdd_3_0 in memory! (computed 68.0 MiB so far)\n23:14:30.210 WARN  [Executor task launch worker for task 0.0 in stage 7.0 (TID 28)] org.apache.spark.storage.BlockManager - Block rdd_3_0 could not be removed as it was not found on disk or in memory\n23:14:30.210 WARN  [Executor task launch worker for task 0.0 in stage 7.0 (TID 28)] org.apache.spark.storage.BlockManager - Putting block rdd_3_0 failed\n23:14:30.774 WARN  [Executor task launch worker for task 1.0 in stage 7.0 (TID 29)] org.apache.spark.storage.memory.MemoryStore - Not enough space to cache rdd_3_1 in memory! (computed 68.0 MiB so far)\n23:14:30.775 WARN  [Executor task launch worker for task 1.0 in stage 7.0 (TID 29)] org.apache.spark.storage.BlockManager - Block rdd_3_1 could not be removed as it was not found on disk or in memory\n23:14:30.775 WARN  [Executor task launch worker for task 1.0 in stage 7.0 (TID 29)] org.apache.spark.storage.BlockManager - Putting block rdd_3_1 failed\n23:14:30.906 WARN  [Executor task launch worker for task 5.0 in stage 7.0 (TID 32)] org.apache.spark.storage.memory.MemoryStore - Not enough space to cache rdd_3_5 in memory! (computed 68.0 MiB so far)\n23:14:30.977 WARN  [Executor task launch worker for task 5.0 in stage 7.0 (TID 32)] org.apache.spark.storage.BlockManager - Block rdd_3_5 could not be removed as it was not found on disk or in memory\n23:14:30.977 WARN  [Executor task launch worker for task 5.0 in stage 7.0 (TID 32)] org.apache.spark.storage.BlockManager - Putting block rdd_3_5 failed\n23:14:31.215 WARN  [Executor task launch worker for task 2.0 in stage 7.0 (TID 30)] org.apache.spark.storage.memory.MemoryStore - Not enough space to cache rdd_3_2 in memory! (computed 68.0 MiB so far)\n23:14:31.216 WARN  [Executor task launch worker for task 2.0 in stage 7.0 (TID 30)] org.apache.spark.storage.BlockManager - Block rdd_3_2 could not be removed as it was not found on disk or in memory\n23:14:31.285 WARN  [Executor task launch worker for task 2.0 in stage 7.0 (TID 30)] org.apache.spark.storage.BlockManager - Putting block rdd_3_2 failed\n23:14:44.348 WARN  [Executor task launch worker for task 0.0 in stage 10.0 (TID 37)] org.apache.spark.storage.memory.MemoryStore - Not enough space to cache rdd_3_0 in memory! (computed 68.0 MiB so far)\n23:14:44.348 WARN  [Executor task launch worker for task 0.0 in stage 10.0 (TID 37)] org.apache.spark.storage.BlockManager - Block rdd_3_0 could not be removed as it was not found on disk or in memory\n23:14:44.349 WARN  [Executor task launch worker for task 0.0 in stage 10.0 (TID 37)] org.apache.spark.storage.BlockManager - Putting block rdd_3_0 failed\n23:14:46.230 WARN  [Executor task launch worker for task 1.0 in stage 10.0 (TID 38)] org.apache.spark.storage.memory.MemoryStore - Not enough space to cache rdd_3_1 in memory! (computed 68.0 MiB so far)\n23:14:46.230 WARN  [Executor task launch worker for task 1.0 in stage 10.0 (TID 38)] org.apache.spark.storage.BlockManager - Block rdd_3_1 could not be removed as it was not found on disk or in memory\n23:14:46.303 WARN  [Executor task launch worker for task 1.0 in stage 10.0 (TID 38)] org.apache.spark.storage.BlockManager - Putting block rdd_3_1 failed\n23:14:49.316 WARN  [Executor task launch worker for task 2.0 in stage 10.0 (TID 39)] org.apache.spark.storage.memory.MemoryStore - Not enough space to cache rdd_3_2 in memory! (computed 68.0 MiB so far)\n23:14:49.316 WARN  [Executor task launch worker for task 2.0 in stage 10.0 (TID 39)] org.apache.spark.storage.BlockManager - Block rdd_3_2 could not be removed as it was not found on disk or in memory\n23:14:49.316 WARN  [Executor task launch worker for task 2.0 in stage 10.0 (TID 39)] org.apache.spark.storage.BlockManager - Putting block rdd_3_2 failed\n23:14:50.756 WARN  [Executor task launch worker for task 5.0 in stage 10.0 (TID 41)] org.apache.spark.storage.memory.MemoryStore - Not enough space to cache rdd_3_5 in memory! (computed 68.0 MiB so far)\n23:14:50.756 WARN  [Executor task launch worker for task 7.0 in stage 10.0 (TID 42)] org.apache.spark.storage.BlockManager - Block rdd_3_7 could not be removed as it was not found on disk or in memory\n23:14:50.756 WARN  [Executor task launch worker for task 5.0 in stage 10.0 (TID 41)] org.apache.spark.storage.BlockManager - Block rdd_3_5 could not be removed as it was not found on disk or in memory\n23:14:50.756 WARN  [Executor task launch worker for task 5.0 in stage 10.0 (TID 41)] org.apache.spark.storage.BlockManager - Putting block rdd_3_5 failed\n23:14:50.831 WARN  [Executor task launch worker for task 3.0 in stage 10.0 (TID 40)] org.apache.spark.storage.memory.MemoryStore - Not enough space to cache rdd_3_3 in memory! (computed 68.0 MiB so far)\n23:14:50.831 WARN  [Executor task launch worker for task 3.0 in stage 10.0 (TID 40)] org.apache.spark.storage.BlockManager - Block rdd_3_3 could not be removed as it was not found on disk or in memory\n23:14:50.831 WARN  [Executor task launch worker for task 3.0 in stage 10.0 (TID 40)] org.apache.spark.storage.BlockManager - Putting block rdd_3_3 failed\n23:14:50.828 ERROR [Executor task launch worker for task 7.0 in stage 10.0 (TID 42)] org.apache.spark.executor.Executor - Exception in task 7.0 in stage 10.0 (TID 42)\njava.lang.OutOfMemoryError: Java heap space\n\tat java.nio.HeapByteBuffer.<init>(HeapByteBuffer.java:71) ~[?:?]\n\tat java.nio.ByteBuffer.allocate(ByteBuffer.java:391) ~[?:?]\n\tat org.apache.spark.sql.execution.columnar.ColumnBuilder$.ensureFreeSpace(ColumnBuilder.scala:167) ~[spark-sql_2.13-3.5.0.jar:3.5.0]\n\tat org.apache.spark.sql.execution.columnar.BasicColumnBuilder.appendFrom(ColumnBuilder.scala:73) ~[spark-sql_2.13-3.5.0.jar:3.5.0]\n\tat org.apache.spark.sql.execution.columnar.ComplexColumnBuilder.org$apache$spark$sql$execution$columnar$NullableColumnBuilder$$super$appendFrom(ColumnBuilder.scala:93) ~[spark-sql_2.13-3.5.0.jar:3.5.0]\n\tat org.apache.spark.sql.execution.columnar.NullableColumnBuilder.appendFrom(NullableColumnBuilder.scala:61) ~[spark-sql_2.13-3.5.0.jar:3.5.0]\n\tat org.apache.spark.sql.execution.columnar.NullableColumnBuilder.appendFrom$(NullableColumnBuilder.scala:54) ~[spark-sql_2.13-3.5.0.jar:3.5.0]\n\tat org.apache.spark.sql.execution.columnar.ComplexColumnBuilder.appendFrom(ColumnBuilder.scala:93) ~[spark-sql_2.13-3.5.0.jar:3.5.0]\n\tat org.apache.spark.sql.execution.columnar.DefaultCachedBatchSerializer$$anon$1.next(InMemoryRelation.scala:105) ~[spark-sql_2.13-3.5.0.jar:3.5.0]\n\tat org.apache.spark.sql.execution.columnar.DefaultCachedBatchSerializer$$anon$1.next(InMemoryRelation.scala:80) ~[spark-sql_2.13-3.5.0.jar:3.5.0]\n\tat org.apache.spark.sql.execution.columnar.CachedRDDBuilder$$anon$2.next(InMemoryRelation.scala:288) ~[spark-sql_2.13-3.5.0.jar:3.5.0]\n\tat org.apache.spark.sql.execution.columnar.CachedRDDBuilder$$anon$2.next(InMemoryRelation.scala:285) ~[spark-sql_2.13-3.5.0.jar:3.5.0]\n\tat org.apache.spark.storage.memory.MemoryStore.putIterator(MemoryStore.scala:224) ~[spark-core_2.13-3.5.0.jar:3.5.0]\n\tat org.apache.spark.storage.memory.MemoryStore.putIteratorAsValues(MemoryStore.scala:302) ~[spark-core_2.13-3.5.0.jar:3.5.0]\n\tat org.apache.spark.storage.BlockManager.$anonfun$doPutIterator$1(BlockManager.scala:1601) ~[spark-core_2.13-3.5.0.jar:3.5.0]\n\tat org.apache.spark.storage.BlockManager$$Lambda/0x00007adc76b29018.apply(Unknown Source) ~[?:?]\n\tat org.apache.spark.storage.BlockManager.org$apache$spark$storage$BlockManager$$doPut(BlockManager.scala:1528) ~[spark-core_2.13-3.5.0.jar:3.5.0]\n\tat org.apache.spark.storage.BlockManager.doPutIterator(BlockManager.scala:1592) ~[spark-core_2.13-3.5.0.jar:3.5.0]\n\tat org.apache.spark.storage.BlockManager.getOrElseUpdate(BlockManager.scala:1389) ~[spark-core_2.13-3.5.0.jar:3.5.0]\n\tat org.apache.spark.storage.BlockManager.getOrElseUpdateRDDBlock(BlockManager.scala:1343) ~[spark-core_2.13-3.5.0.jar:3.5.0]\n\tat org.apache.spark.rdd.RDD.getOrCompute(RDD.scala:376) ~[spark-core_2.13-3.5.0.jar:3.5.0]\n\tat org.apache.spark.rdd.RDD.iterator(RDD.scala:326) ~[spark-core_2.13-3.5.0.jar:3.5.0]\n\tat org.apache.spark.rdd.MapPartitionsRDD.compute(MapPartitionsRDD.scala:52) ~[spark-core_2.13-3.5.0.jar:3.5.0]\n\tat org.apache.spark.rdd.RDD.computeOrReadCheckpoint(RDD.scala:364) ~[spark-core_2.13-3.5.0.jar:3.5.0]\n\tat org.apache.spark.rdd.RDD.iterator(RDD.scala:328) ~[spark-core_2.13-3.5.0.jar:3.5.0]\n\tat org.apache.spark.rdd.MapPartitionsRDD.compute(MapPartitionsRDD.scala:52) ~[spark-core_2.13-3.5.0.jar:3.5.0]\n\tat org.apache.spark.rdd.RDD.computeOrReadCheckpoint(RDD.scala:364) ~[spark-core_2.13-3.5.0.jar:3.5.0]\n\tat org.apache.spark.rdd.RDD.iterator(RDD.scala:328) ~[spark-core_2.13-3.5.0.jar:3.5.0]\n\tat org.apache.spark.rdd.MapPartitionsRDD.compute(MapPartitionsRDD.scala:52) ~[spark-core_2.13-3.5.0.jar:3.5.0]\n\tat org.apache.spark.rdd.RDD.computeOrReadCheckpoint(RDD.scala:364) ~[spark-core_2.13-3.5.0.jar:3.5.0]\n\tat org.apache.spark.rdd.RDD.iterator(RDD.scala:328) ~[spark-core_2.13-3.5.0.jar:3.5.0]\n\tat org.apache.spark.rdd.MapPartitionsRDD.compute(MapPartitionsRDD.scala:52) ~[spark-core_2.13-3.5.0.jar:3.5.0]\n23:14:51.422 ERROR [Executor task launch worker for task 7.0 in stage 10.0 (TID 42)] org.apache.spark.util.SparkUncaughtExceptionHandler - Uncaught exception in thread Thread[#82,Executor task launch worker for task 7.0 in stage 10.0 (TID 42),5,main]\njava.lang.OutOfMemoryError: Java heap space\n\tat java.nio.HeapByteBuffer.<init>(HeapByteBuffer.java:71) ~[?:?]\n\tat java.nio.ByteBuffer.allocate(ByteBuffer.java:391) ~[?:?]\n\tat org.apache.spark.sql.execution.columnar.ColumnBuilder$.ensureFreeSpace(ColumnBuilder.scala:167) ~[spark-sql_2.13-3.5.0.jar:3.5.0]\n\tat org.apache.spark.sql.execution.columnar.BasicColumnBuilder.appendFrom(ColumnBuilder.scala:73) ~[spark-sql_2.13-3.5.0.jar:3.5.0]\n\tat org.apache.spark.sql.execution.columnar.ComplexColumnBuilder.org$apache$spark$sql$execution$columnar$NullableColumnBuilder$$super$appendFrom(ColumnBuilder.scala:93) ~[spark-sql_2.13-3.5.0.jar:3.5.0]\n\tat org.apache.spark.sql.execution.columnar.NullableColumnBuilder.appendFrom(NullableColumnBuilder.scala:61) ~[spark-sql_2.13-3.5.0.jar:3.5.0]\n\tat org.apache.spark.sql.execution.columnar.NullableColumnBuilder.appendFrom$(NullableColumnBuilder.scala:54) ~[spark-sql_2.13-3.5.0.jar:3.5.0]\n\tat org.apache.spark.sql.execution.columnar.ComplexColumnBuilder.appendFrom(ColumnBuilder.scala:93) ~[spark-sql_2.13-3.5.0.jar:3.5.0]\n\tat org.apache.spark.sql.execution.columnar.DefaultCachedBatchSerializer$$anon$1.next(InMemoryRelation.scala:105) ~[spark-sql_2.13-3.5.0.jar:3.5.0]\n\tat org.apache.spark.sql.execution.columnar.DefaultCachedBatchSerializer$$anon$1.next(InMemoryRelation.scala:80) ~[spark-sql_2.13-3.5.0.jar:3.5.0]\n\tat org.apache.spark.sql.execution.columnar.CachedRDDBuilder$$anon$2.next(InMemoryRelation.scala:288) ~[spark-sql_2.13-3.5.0.jar:3.5.0]\n\tat org.apache.spark.sql.execution.columnar.CachedRDDBuilder$$anon$2.next(InMemoryRelation.scala:285) ~[spark-sql_2.13-3.5.0.jar:3.5.0]\n\tat org.apache.spark.storage.memory.MemoryStore.putIterator(MemoryStore.scala:224) ~[spark-core_2.13-3.5.0.jar:3.5.0]\n\tat org.apache.spark.storage.memory.MemoryStore.putIteratorAsValues(MemoryStore.scala:302) ~[spark-core_2.13-3.5.0.jar:3.5.0]\n\tat org.apache.spark.storage.BlockManager.$anonfun$doPutIterator$1(BlockManager.scala:1601) ~[spark-core_2.13-3.5.0.jar:3.5.0]\n\tat org.apache.spark.storage.BlockManager$$Lambda/0x00007adc76b29018.apply(Unknown Source) ~[?:?]\n\tat org.apache.spark.storage.BlockManager.org$apache$spark$storage$BlockManager$$doPut(BlockManager.scala:1528) ~[spark-core_2.13-3.5.0.jar:3.5.0]\n\tat org.apache.spark.storage.BlockManager.doPutIterator(BlockManager.scala:1592) ~[spark-core_2.13-3.5.0.jar:3.5.0]\n\tat org.apache.spark.storage.BlockManager.getOrElseUpdate(BlockManager.scala:1389) ~[spark-core_2.13-3.5.0.jar:3.5.0]\n\tat org.apache.spark.storage.BlockManager.getOrElseUpdateRDDBlock(BlockManager.scala:1343) ~[spark-core_2.13-3.5.0.jar:3.5.0]\n\tat org.apache.spark.rdd.RDD.getOrCompute(RDD.scala:376) ~[spark-core_2.13-3.5.0.jar:3.5.0]\n\tat org.apache.spark.rdd.RDD.iterator(RDD.scala:326) ~[spark-core_2.13-3.5.0.jar:3.5.0]\n\tat org.apache.spark.rdd.MapPartitionsRDD.compute(MapPartitionsRDD.scala:52) ~[spark-core_2.13-3.5.0.jar:3.5.0]\n\tat org.apache.spark.rdd.RDD.computeOrReadCheckpoint(RDD.scala:364) ~[spark-core_2.13-3.5.0.jar:3.5.0]\n\tat org.apache.spark.rdd.RDD.iterator(RDD.scala:328) ~[spark-core_2.13-3.5.0.jar:3.5.0]\n\tat org.apache.spark.rdd.MapPartitionsRDD.compute(MapPartitionsRDD.scala:52) ~[spark-core_2.13-3.5.0.jar:3.5.0]\n\tat org.apache.spark.rdd.RDD.computeOrReadCheckpoint(RDD.scala:364) ~[spark-core_2.13-3.5.0.jar:3.5.0]\n\tat org.apache.spark.rdd.RDD.iterator(RDD.scala:328) ~[spark-core_2.13-3.5.0.jar:3.5.0]\n\tat org.apache.spark.rdd.MapPartitionsRDD.compute(MapPartitionsRDD.scala:52) ~[spark-core_2.13-3.5.0.jar:3.5.0]\n\tat org.apache.spark.rdd.RDD.computeOrReadCheckpoint(RDD.scala:364) ~[spark-core_2.13-3.5.0.jar:3.5.0]\n\tat org.apache.spark.rdd.RDD.iterator(RDD.scala:328) ~[spark-core_2.13-3.5.0.jar:3.5.0]\n\tat org.apache.spark.rdd.MapPartitionsRDD.compute(MapPartitionsRDD.scala:52) ~[spark-core_2.13-3.5.0.jar:3.5.0]\n",
    "avg_cpu_usage": 63.1,
    "avg_cpu_time": 63.1,
    "avg_io_time": 0.3,
    "p90_io": 0.0,
    "number_of_pauses": 0,
    "total_pause_time": 0,
    "avg_pause_time": 0,
    "pauses_per_category": {},
    "total_pause_time_per_category": {},
    "avg_pause_time_per_category": {},
    "p90_pause_time": 0,
    "throughput": 0
}