{
    "garbage_collector": "Z",
    "jdk": "HotSpot_21.0.4",
    "benchmark_group": "Renaissance",
    "benchmark_name": "akka-uct",
    "heap_size": "4096",
    "error": null,
    "avg_cpu_usage": 81.2,
    "avg_cpu_time": 79.8,
    "avg_io_time": 0.0,
    "p90_io": 0.0,
    "number_of_pauses": 320,
    "total_pause_time": 135175933,
    "avg_pause_time": 422424.79,
    "pauses_per_category": {
        "ICBufferFull": 6,
        "XMarkStart": 102,
        "XMarkEnd": 109,
        "CleanClassLoaderDataMetaspaces": 2,
        "XRelocateStart": 101
    },
    "total_pause_time_per_category": {
        "ICBufferFull": 1729122,
        "XMarkStart": 27456087,
        "XMarkEnd": 19427114,
        "CleanClassLoaderDataMetaspaces": 13001641,
        "XRelocateStart": 73561969
    },
    "avg_pause_time_per_category": {
        "ICBufferFull": 288187.0,
        "XMarkStart": 269177.32,
        "XMarkEnd": 178230.4,
        "CleanClassLoaderDataMetaspaces": 6500820.5,
        "XRelocateStart": 728336.33
    },
    "p90_pause_time": 346186.0,
    "throughput": 98461565650
}