{
    "garbage_collector": "G1",
    "jdk": "HotSpot_21.0.4",
    "benchmark_group": "Renaissance",
    "benchmark_name": "movie-lens",
    "heap_size": "2048",
    "error": null,
    "avg_cpu_usage": 58.7,
    "avg_cpu_time": 52.3,
    "avg_io_time": 0.1,
    "p90_io": 0.0,
    "number_of_pauses": 487,
    "total_pause_time": 1399810198,
    "avg_pause_time": 2874353.59,
    "pauses_per_category": {
        "ICBufferFull": 40,
        "CollectForMetadataAllocation": 8,
        "G1PauseRemark": 61,
        "G1PauseCleanup": 61,
        "G1CollectForAllocation": 183,
        "G1TryInitiateConcMark": 134
    },
    "total_pause_time_per_category": {
        "ICBufferFull": 8489938,
        "CollectForMetadataAllocation": 42391404,
        "G1PauseRemark": 258692537,
        "G1PauseCleanup": 38178589,
        "G1CollectForAllocation": 792635853,
        "G1TryInitiateConcMark": 259421877
    },
    "avg_pause_time_per_category": {
        "ICBufferFull": 212248.45,
        "CollectForMetadataAllocation": 5298925.5,
        "G1PauseRemark": 4240861.26,
        "G1PauseCleanup": 625878.51,
        "G1CollectForAllocation": 4331343.46,
        "G1TryInitiateConcMark": 1935984.16
    },
    "p90_pause_time": 5379650.4,
    "throughput": 93594697497
}