{
    "garbage_collector": "Z",
    "jdk": "HotSpot_21.0.4",
    "benchmark_group": "Renaissance",
    "benchmark_name": "dec-tree",
    "heap_size": "8192",
    "error": null,
    "avg_cpu_usage": 34.3,
    "avg_cpu_time": 32.5,
    "avg_io_time": 0.0,
    "p90_io": 0.0,
    "number_of_pauses": 78,
    "total_pause_time": 12903079,
    "avg_pause_time": 165424.09,
    "pauses_per_category": {
        "ICBufferFull": 43,
        "XMarkStart": 10,
        "XMarkEnd": 8,
        "CleanClassLoaderDataMetaspaces": 7,
        "XRelocateStart": 9,
        "Cleanup": 1
    },
    "total_pause_time_per_category": {
        "ICBufferFull": 4432736,
        "XMarkStart": 959731,
        "XMarkEnd": 1160041,
        "CleanClassLoaderDataMetaspaces": 4430843,
        "XRelocateStart": 1804317,
        "Cleanup": 115411
    },
    "avg_pause_time_per_category": {
        "ICBufferFull": 103086.88,
        "XMarkStart": 95973.1,
        "XMarkEnd": 145005.12,
        "CleanClassLoaderDataMetaspaces": 632977.57,
        "XRelocateStart": 200479.67,
        "Cleanup": 115411.0
    },
    "p90_pause_time": 294189.3,
    "throughput": 19792227549
}