{
    "garbage_collector": "G1",
    "jdk": "HotSpot_21.0.4",
    "benchmark_group": "Renaissance",
    "benchmark_name": "als",
    "heap_size": "512",
    "error": null,
    "avg_cpu_usage": 67.5,
    "avg_cpu_time": 65.9,
    "avg_io_time": 0.1,
    "p90_io": 0.0,
    "number_of_pauses": 503,
    "total_pause_time": 1322349222,
    "avg_pause_time": 2628924.89,
    "pauses_per_category": {
        "ICBufferFull": 22,
        "G1CollectForAllocation": 274,
        "CollectForMetadataAllocation": 8,
        "G1PauseRemark": 62,
        "G1PauseCleanup": 62,
        "G1TryInitiateConcMark": 75
    },
    "total_pause_time_per_category": {
        "ICBufferFull": 2430344,
        "G1CollectForAllocation": 852031630,
        "CollectForMetadataAllocation": 40681418,
        "G1PauseRemark": 273097288,
        "G1PauseCleanup": 26067812,
        "G1TryInitiateConcMark": 128040730
    },
    "avg_pause_time_per_category": {
        "ICBufferFull": 110470.18,
        "G1CollectForAllocation": 3109604.49,
        "CollectForMetadataAllocation": 5085177.25,
        "G1PauseRemark": 4404794.97,
        "G1PauseCleanup": 420448.58,
        "G1TryInitiateConcMark": 1707209.73
    },
    "p90_pause_time": 4794793.2,
    "throughput": 55711461338
}