{
    "garbage_collector": "Z",
    "jdk": "HotSpot_21.0.4",
    "benchmark_group": "Renaissance",
    "benchmark_name": "philosophers",
    "heap_size": "256",
    "error": null,
    "avg_cpu_usage": 84.8,
    "avg_cpu_time": 82.7,
    "avg_io_time": 0.0,
    "p90_io": 0.0,
    "number_of_pauses": 529,
    "total_pause_time": 46715293,
    "avg_pause_time": 88308.68,
    "pauses_per_category": {
        "XMarkStart": 176,
        "XMarkEnd": 175,
        "CleanClassLoaderDataMetaspaces": 2,
        "XRelocateStart": 176
    },
    "total_pause_time_per_category": {
        "XMarkStart": 21140166,
        "XMarkEnd": 7553609,
        "CleanClassLoaderDataMetaspaces": 955271,
        "XRelocateStart": 17066247
    },
    "avg_pause_time_per_category": {
        "XMarkStart": 120114.58,
        "XMarkEnd": 43163.48,
        "CleanClassLoaderDataMetaspaces": 477635.5,
        "XRelocateStart": 96967.31
    },
    "p90_pause_time": 106796.4,
    "throughput": 18091272916
}