{
    "garbage_collector": "G1",
    "jdk": "HotSpot_21.0.4",
    "benchmark_group": "Renaissance",
    "benchmark_name": "page-rank",
    "heap_size": "8192",
    "error": null,
    "avg_cpu_usage": 45.6,
    "avg_cpu_time": 46.1,
    "avg_io_time": 0.1,
    "p90_io": 0.0,
    "number_of_pauses": 127,
    "total_pause_time": 8708585658,
    "avg_pause_time": 68571540.61,
    "pauses_per_category": {
        "ICBufferFull": 7,
        "CollectForMetadataAllocation": 31,
        "G1PauseRemark": 5,
        "G1PauseCleanup": 5,
        "G1CollectForAllocation": 60,
        "Cleanup": 16,
        "G1TryInitiateConcMark": 3
    },
    "total_pause_time_per_category": {
        "ICBufferFull": 697996,
        "CollectForMetadataAllocation": 573131430,
        "G1PauseRemark": 17194007,
        "G1PauseCleanup": 1843785,
        "G1CollectForAllocation": 7895570452,
        "Cleanup": 1552135,
        "G1TryInitiateConcMark": 218595853
    },
    "avg_pause_time_per_category": {
        "ICBufferFull": 99713.71,
        "CollectForMetadataAllocation": 18488110.65,
        "G1PauseRemark": 3438801.4,
        "G1PauseCleanup": 368757.0,
        "G1CollectForAllocation": 131592840.87,
        "Cleanup": 97008.44,
        "G1TryInitiateConcMark": 72865284.33
    },
    "p90_pause_time": 163607974.6,
    "throughput": 56198306138
}