{
    "garbage_collector": "G1",
    "jdk": "HotSpot_21.0.4",
    "benchmark_group": "Renaissance",
    "benchmark_name": "future-genetic",
    "heap_size": "2048",
    "error": null,
    "avg_cpu_usage": 32.4,
    "avg_cpu_time": 30.2,
    "avg_io_time": 0.0,
    "p90_io": 0.0,
    "number_of_pauses": 25,
    "total_pause_time": 52401681,
    "avg_pause_time": 2096067.24,
    "pauses_per_category": {
        "ICBufferFull": 3,
        "G1CollectForAllocation": 14,
        "Cleanup": 8
    },
    "total_pause_time_per_category": {
        "ICBufferFull": 267305,
        "G1CollectForAllocation": 51423939,
        "Cleanup": 710437
    },
    "avg_pause_time_per_category": {
        "ICBufferFull": 89101.67,
        "G1CollectForAllocation": 3673138.5,
        "Cleanup": 88804.62
    },
    "p90_pause_time": 4571558.8,
    "throughput": 20701948287
}