{
    "garbage_collector": "Z",
    "jdk": "HotSpot_21.0.4",
    "benchmark_group": "Renaissance",
    "benchmark_name": "gauss-mix",
    "heap_size": "512",
    "error": null,
    "avg_cpu_usage": 32.6,
    "avg_cpu_time": 31.9,
    "avg_io_time": 0.0,
    "p90_io": 0.0,
    "number_of_pauses": 292,
    "total_pause_time": 24168758,
    "avg_pause_time": 82769.72,
    "pauses_per_category": {
        "ICBufferFull": 7,
        "Cleanup": 1,
        "XMarkStart": 100,
        "XMarkEnd": 81,
        "CleanClassLoaderDataMetaspaces": 7,
        "XRelocateStart": 96
    },
    "total_pause_time_per_category": {
        "ICBufferFull": 601630,
        "Cleanup": 339030,
        "XMarkStart": 6752874,
        "XMarkEnd": 5752289,
        "CleanClassLoaderDataMetaspaces": 4671028,
        "XRelocateStart": 6051907
    },
    "avg_pause_time_per_category": {
        "ICBufferFull": 85947.14,
        "Cleanup": 339030.0,
        "XMarkStart": 67528.74,
        "XMarkEnd": 71015.91,
        "CleanClassLoaderDataMetaspaces": 667289.71,
        "XRelocateStart": 63040.7
    },
    "p90_pause_time": 117789.9,
    "throughput": 14299042692
}