{
    "garbage_collector": "Z",
    "jdk": "HotSpot_21.0.4",
    "benchmark_group": "Renaissance",
    "benchmark_name": "finagle-chirper",
    "heap_size": "1024",
    "error": null,
    "avg_cpu_usage": 78.7,
    "avg_cpu_time": 71.9,
    "avg_io_time": 0.0,
    "p90_io": 0.0,
    "number_of_pauses": 307,
    "total_pause_time": 71157102,
    "avg_pause_time": 231782.09,
    "pauses_per_category": {
        "ICBufferFull": 42,
        "XMarkStart": 87,
        "XMarkEnd": 87,
        "CleanClassLoaderDataMetaspaces": 4,
        "XRelocateStart": 87
    },
    "total_pause_time_per_category": {
        "ICBufferFull": 28194901,
        "XMarkStart": 16691830,
        "XMarkEnd": 11733140,
        "CleanClassLoaderDataMetaspaces": 3180030,
        "XRelocateStart": 11357201
    },
    "avg_pause_time_per_category": {
        "ICBufferFull": 671307.17,
        "XMarkStart": 191860.11,
        "XMarkEnd": 134863.68,
        "CleanClassLoaderDataMetaspaces": 795007.5,
        "XRelocateStart": 130542.54
    },
    "p90_pause_time": 199852.4,
    "throughput": 38030106975
}