{
    "garbage_collector": "Serial",
    "jdk": "HotSpot_21.0.4",
    "benchmark_group": "Renaissance",
    "benchmark_name": "log-regression",
    "heap_size": "1024",
    "error": null,
    "avg_cpu_usage": 45.3,
    "avg_cpu_time": 46.2,
    "avg_io_time": 0.1,
    "p90_io": 0.0,
    "number_of_pauses": 144,
    "total_pause_time": 1076247570,
    "avg_pause_time": 7473941.46,
    "pauses_per_category": {
        "ICBufferFull": 29,
        "Cleanup": 2,
        "CollectForMetadataAllocation": 4,
        "GenCollectForAllocation": 108,
        "GenCollectFull": 1
    },
    "total_pause_time_per_category": {
        "ICBufferFull": 2848247,
        "Cleanup": 281094,
        "CollectForMetadataAllocation": 158245993,
        "GenCollectForAllocation": 795545489,
        "GenCollectFull": 119326747
    },
    "avg_pause_time_per_category": {
        "ICBufferFull": 98215.41,
        "Cleanup": 140547.0,
        "CollectForMetadataAllocation": 39561498.25,
        "GenCollectForAllocation": 7366161.94,
        "GenCollectFull": 119326747.0
    },
    "p90_pause_time": 10615638.6,
    "throughput": 18981718222
}