{
    "garbage_collector": "Z",
    "jdk": "HotSpot_21.0.4",
    "benchmark_group": "Renaissance",
    "benchmark_name": "reactors",
    "heap_size": "8192",
    "error": null,
    "avg_cpu_usage": 35.6,
    "avg_cpu_time": 33.9,
    "avg_io_time": 0.0,
    "p90_io": 0.0,
    "number_of_pauses": 101,
    "total_pause_time": 11548446,
    "avg_pause_time": 114341.05,
    "pauses_per_category": {
        "ICBufferFull": 8,
        "Cleanup": 17,
        "XMarkStart": 25,
        "XMarkEnd": 25,
        "CleanClassLoaderDataMetaspaces": 1,
        "XRelocateStart": 25
    },
    "total_pause_time_per_category": {
        "ICBufferFull": 740404,
        "Cleanup": 1735404,
        "XMarkStart": 2726530,
        "XMarkEnd": 2589846,
        "CleanClassLoaderDataMetaspaces": 1165094,
        "XRelocateStart": 2591168
    },
    "avg_pause_time_per_category": {
        "ICBufferFull": 92550.5,
        "Cleanup": 102082.59,
        "XMarkStart": 109061.2,
        "XMarkEnd": 103593.84,
        "CleanClassLoaderDataMetaspaces": 1165094.0,
        "XRelocateStart": 103646.72
    },
    "p90_pause_time": 129555.0,
    "throughput": 76906732794
}