{
    "garbage_collector": "Parallel",
    "jdk": "HotSpot_21.0.4",
    "benchmark_group": "Renaissance",
    "benchmark_name": "mnemonics",
    "heap_size": "2048",
    "error": null,
    "avg_cpu_usage": 15.4,
    "avg_cpu_time": 15.0,
    "avg_io_time": 0.0,
    "p90_io": 0.0,
    "number_of_pauses": 104,
    "total_pause_time": 971490874,
    "avg_pause_time": 9341258.4,
    "pauses_per_category": {
        "ICBufferFull": 1,
        "ParallelGCFailedAllocation": 103
    },
    "total_pause_time_per_category": {
        "ICBufferFull": 56295,
        "ParallelGCFailedAllocation": 971434579
    },
    "avg_pause_time_per_category": {
        "ICBufferFull": 56295.0,
        "ParallelGCFailedAllocation": 9431403.68
    },
    "p90_pause_time": 22921132.8,
    "throughput": 25560063169
}