{
    "garbage_collector": "Serial",
    "jdk": "HotSpot_21.0.4",
    "benchmark_group": "Renaissance",
    "benchmark_name": "philosophers",
    "heap_size": "1024",
    "error": null,
    "avg_cpu_usage": 84.2,
    "avg_cpu_time": 80.1,
    "avg_io_time": 0.0,
    "p90_io": 0.0,
    "number_of_pauses": 113,
    "total_pause_time": 308663770,
    "avg_pause_time": 2731537.79,
    "pauses_per_category": {
        "ICBufferFull": 2,
        "GenCollectForAllocation": 111
    },
    "total_pause_time_per_category": {
        "ICBufferFull": 292895,
        "GenCollectForAllocation": 308370875
    },
    "avg_pause_time_per_category": {
        "ICBufferFull": 146447.5,
        "GenCollectForAllocation": 2778115.99
    },
    "p90_pause_time": 5487332.0,
    "throughput": 21825922962
}