{
    "garbage_collector": "Z",
    "jdk": "HotSpot_21.0.4",
    "benchmark_group": "Renaissance",
    "benchmark_name": "gauss-mix",
    "heap_size": "2048",
    "error": null,
    "avg_cpu_usage": 29.9,
    "avg_cpu_time": 30.0,
    "avg_io_time": 0.2,
    "p90_io": 0.0,
    "number_of_pauses": 57,
    "total_pause_time": 11060465,
    "avg_pause_time": 194043.25,
    "pauses_per_category": {
        "ICBufferFull": 8,
        "Cleanup": 2,
        "XMarkStart": 15,
        "XMarkEnd": 12,
        "CleanClassLoaderDataMetaspaces": 5,
        "XRelocateStart": 15
    },
    "total_pause_time_per_category": {
        "ICBufferFull": 795058,
        "Cleanup": 104479,
        "XMarkStart": 4532406,
        "XMarkEnd": 1007586,
        "CleanClassLoaderDataMetaspaces": 3523393,
        "XRelocateStart": 1097543
    },
    "avg_pause_time_per_category": {
        "ICBufferFull": 99382.25,
        "Cleanup": 52239.5,
        "XMarkStart": 302160.4,
        "XMarkEnd": 83965.5,
        "CleanClassLoaderDataMetaspaces": 704678.6,
        "XRelocateStart": 73169.53
    },
    "p90_pause_time": 195305.0,
    "throughput": 13990093140
}