{
    "garbage_collector": "Parallel",
    "jdk": "HotSpot_21.0.4",
    "benchmark_group": "Renaissance",
    "benchmark_name": "rx-scrabble",
    "heap_size": "512",
    "error": null,
    "avg_cpu_usage": 37.4,
    "avg_cpu_time": 26.2,
    "avg_io_time": 0.0,
    "p90_io": 0.0,
    "number_of_pauses": 19,
    "total_pause_time": 99010586,
    "avg_pause_time": 5211083.47,
    "pauses_per_category": {
        "ICBufferFull": 2,
        "ParallelGCFailedAllocation": 17
    },
    "total_pause_time_per_category": {
        "ICBufferFull": 185320,
        "ParallelGCFailedAllocation": 98825266
    },
    "avg_pause_time_per_category": {
        "ICBufferFull": 92660.0,
        "ParallelGCFailedAllocation": 5813250.94
    },
    "p90_pause_time": 13906005.8,
    "throughput": 2439536728
}