{
    "garbage_collector": "Serial",
    "jdk": "HotSpot_21.0.4",
    "benchmark_group": "Renaissance",
    "benchmark_name": "dotty",
    "heap_size": "4096",
    "error": null,
    "avg_cpu_usage": 39.3,
    "avg_cpu_time": 37.9,
    "avg_io_time": 0.0,
    "p90_io": 0.0,
    "number_of_pauses": 88,
    "total_pause_time": 630617783,
    "avg_pause_time": 7166111.17,
    "pauses_per_category": {
        "ICBufferFull": 75,
        "CollectForMetadataAllocation": 2,
        "GenCollectFull": 3,
        "Cleanup": 8
    },
    "total_pause_time_per_category": {
        "ICBufferFull": 25111206,
        "CollectForMetadataAllocation": 57858720,
        "GenCollectFull": 544234932,
        "Cleanup": 3412925
    },
    "avg_pause_time_per_category": {
        "ICBufferFull": 334816.08,
        "CollectForMetadataAllocation": 28929360.0,
        "GenCollectFull": 181411644.0,
        "Cleanup": 426615.62
    },
    "p90_pause_time": 1452259.9,
    "throughput": 28020391424
}