{
    "garbage_collector": "G1",
    "jdk": "HotSpot_21.0.4",
    "benchmark_group": "Renaissance",
    "benchmark_name": "par-mnemonics",
    "heap_size": "2048",
    "error": null,
    "avg_cpu_usage": 20.4,
    "avg_cpu_time": 20.9,
    "avg_io_time": 0.0,
    "p90_io": 0.0,
    "number_of_pauses": 69,
    "total_pause_time": 1438501095,
    "avg_pause_time": 20847841.96,
    "pauses_per_category": {
        "ICBufferFull": 2,
        "G1CollectForAllocation": 64,
        "G1TryInitiateConcMark": 1,
        "G1PauseRemark": 1,
        "G1PauseCleanup": 1
    },
    "total_pause_time_per_category": {
        "ICBufferFull": 193478,
        "G1CollectForAllocation": 1431637748,
        "G1TryInitiateConcMark": 4237935,
        "G1PauseRemark": 2065790,
        "G1PauseCleanup": 366144
    },
    "avg_pause_time_per_category": {
        "ICBufferFull": 96739.0,
        "G1CollectForAllocation": 22369339.81,
        "G1TryInitiateConcMark": 4237935.0,
        "G1PauseRemark": 2065790.0,
        "G1PauseCleanup": 366144.0
    },
    "p90_pause_time": 32335450.6,
    "throughput": 24356958354
}