{
    "garbage_collector": "Serial",
    "jdk": "HotSpot_21.0.4",
    "benchmark_group": "Renaissance",
    "benchmark_name": "mnemonics",
    "heap_size": "2048",
    "error": null,
    "avg_cpu_usage": 13.0,
    "avg_cpu_time": 13.2,
    "avg_io_time": 0.1,
    "p90_io": 0.0,
    "number_of_pauses": 117,
    "total_pause_time": 970680755,
    "avg_pause_time": 8296416.71,
    "pauses_per_category": {
        "ICBufferFull": 2,
        "GenCollectForAllocation": 115
    },
    "total_pause_time_per_category": {
        "ICBufferFull": 188642,
        "GenCollectForAllocation": 970492113
    },
    "avg_pause_time_per_category": {
        "ICBufferFull": 94321.0,
        "GenCollectForAllocation": 8439061.85
    },
    "p90_pause_time": 13474934.0,
    "throughput": 24625418523
}