{
    "garbage_collector": "Parallel",
    "jdk": "HotSpot_21.0.4",
    "benchmark_group": "Renaissance",
    "benchmark_name": "future-genetic",
    "heap_size": "512",
    "error": null,
    "avg_cpu_usage": 31.4,
    "avg_cpu_time": 30.4,
    "avg_io_time": 0.0,
    "p90_io": 0.0,
    "number_of_pauses": 99,
    "total_pause_time": 87641038,
    "avg_pause_time": 885263.01,
    "pauses_per_category": {
        "ICBufferFull": 3,
        "ParallelGCFailedAllocation": 96
    },
    "total_pause_time_per_category": {
        "ICBufferFull": 273456,
        "ParallelGCFailedAllocation": 87367582
    },
    "avg_pause_time_per_category": {
        "ICBufferFull": 91152.0,
        "ParallelGCFailedAllocation": 910078.98
    },
    "p90_pause_time": 1614810.0,
    "throughput": 20705932423
}