{
    "garbage_collector": "G1",
    "jdk": "HotSpot_21.0.4",
    "benchmark_group": "Renaissance",
    "benchmark_name": "fj-kmeans",
    "heap_size": "256",
    "error": null,
    "avg_cpu_usage": 87.8,
    "avg_cpu_time": 88.8,
    "avg_io_time": 0.0,
    "p90_io": 0.0,
    "number_of_pauses": 1265,
    "total_pause_time": 1689706991,
    "avg_pause_time": 1335736.75,
    "pauses_per_category": {
        "ICBufferFull": 1,
        "G1CollectForAllocation": 597,
        "G1TryInitiateConcMark": 225,
        "G1PauseRemark": 221,
        "G1PauseCleanup": 221
    },
    "total_pause_time_per_category": {
        "ICBufferFull": 55427,
        "G1CollectForAllocation": 1133756955,
        "G1TryInitiateConcMark": 363167741,
        "G1PauseRemark": 154775306,
        "G1PauseCleanup": 37951562
    },
    "avg_pause_time_per_category": {
        "ICBufferFull": 55427.0,
        "G1CollectForAllocation": 1899090.38,
        "G1TryInitiateConcMark": 1614078.85,
        "G1PauseRemark": 700340.75,
        "G1PauseCleanup": 171726.52
    },
    "p90_pause_time": 1961077.0,
    "throughput": 36369586987
}