{
    "garbage_collector": "G1",
    "jdk": "HotSpot_21.0.4",
    "benchmark_group": "Renaissance",
    "benchmark_name": "mnemonics",
    "heap_size": "4096",
    "error": null,
    "avg_cpu_usage": 16.4,
    "avg_cpu_time": 16.9,
    "avg_io_time": 0.0,
    "p90_io": 0.0,
    "number_of_pauses": 37,
    "total_pause_time": 1064319738,
    "avg_pause_time": 28765398.32,
    "pauses_per_category": {
        "ICBufferFull": 2,
        "G1CollectForAllocation": 32,
        "Cleanup": 3
    },
    "total_pause_time_per_category": {
        "ICBufferFull": 154554,
        "G1CollectForAllocation": 1063919809,
        "Cleanup": 245375
    },
    "avg_pause_time_per_category": {
        "ICBufferFull": 77277.0,
        "G1CollectForAllocation": 33247494.03,
        "Cleanup": 81791.67
    },
    "p90_pause_time": 49898405.8,
    "throughput": 28291163649
}