{
    "garbage_collector": "Parallel",
    "jdk": "HotSpot_21.0.4",
    "benchmark_group": "Renaissance",
    "benchmark_name": "dec-tree",
    "heap_size": "1024",
    "error": null,
    "avg_cpu_usage": 40.1,
    "avg_cpu_time": 40.6,
    "avg_io_time": 0.0,
    "p90_io": 0.0,
    "number_of_pauses": 98,
    "total_pause_time": 367215843,
    "avg_pause_time": 3747100.44,
    "pauses_per_category": {
        "ICBufferFull": 39,
        "Cleanup": 1,
        "CollectForMetadataAllocation": 5,
        "ParallelGCFailedAllocation": 52,
        "ParallelGCSystemGC": 1
    },
    "total_pause_time_per_category": {
        "ICBufferFull": 3643003,
        "Cleanup": 89237,
        "CollectForMetadataAllocation": 128787909,
        "ParallelGCFailedAllocation": 160566796,
        "ParallelGCSystemGC": 74128898
    },
    "avg_pause_time_per_category": {
        "ICBufferFull": 93410.33,
        "Cleanup": 89237.0,
        "CollectForMetadataAllocation": 25757581.8,
        "ParallelGCFailedAllocation": 3087823.0,
        "ParallelGCSystemGC": 74128898.0
    },
    "p90_pause_time": 7223148.5,
    "throughput": 15538609062
}