{
    "garbage_collector": "G1",
    "jdk": "HotSpot_21.0.4",
    "benchmark_group": "Renaissance",
    "benchmark_name": "finagle-chirper",
    "heap_size": "1024",
    "error": null,
    "avg_cpu_usage": 79.5,
    "avg_cpu_time": 72.4,
    "avg_io_time": 0.0,
    "p90_io": 0.0,
    "number_of_pauses": 141,
    "total_pause_time": 426303995,
    "avg_pause_time": 3023432.59,
    "pauses_per_category": {
        "ICBufferFull": 74,
        "G1CollectForAllocation": 56,
        "CollectForMetadataAllocation": 4,
        "G1PauseRemark": 3,
        "G1PauseCleanup": 3,
        "G1TryInitiateConcMark": 1
    },
    "total_pause_time_per_category": {
        "ICBufferFull": 24084141,
        "G1CollectForAllocation": 373145426,
        "CollectForMetadataAllocation": 13745599,
        "G1PauseRemark": 10696863,
        "G1PauseCleanup": 923696,
        "G1TryInitiateConcMark": 3708270
    },
    "avg_pause_time_per_category": {
        "ICBufferFull": 325461.36,
        "G1CollectForAllocation": 6663311.18,
        "CollectForMetadataAllocation": 3436399.75,
        "G1PauseRemark": 3565621.0,
        "G1PauseCleanup": 307898.67,
        "G1TryInitiateConcMark": 3708270.0
    },
    "p90_pause_time": 8427387.0,
    "throughput": 36203748704
}