{
    "garbage_collector": "G1",
    "jdk": "HotSpot_21.0.4",
    "benchmark_group": "Renaissance",
    "benchmark_name": "naive-bayes",
    "heap_size": "1024",
    "error": null,
    "avg_cpu_usage": 76.4,
    "avg_cpu_time": 76.5,
    "avg_io_time": 0.0,
    "p90_io": 0.0,
    "number_of_pauses": 2658,
    "total_pause_time": 4619479576,
    "avg_pause_time": 1737953.19,
    "pauses_per_category": {
        "ICBufferFull": 30,
        "Cleanup": 1,
        "G1CollectForAllocation": 1398,
        "CollectForMetadataAllocation": 11,
        "G1PauseRemark": 410,
        "G1PauseCleanup": 410,
        "G1TryInitiateConcMark": 398
    },
    "total_pause_time_per_category": {
        "ICBufferFull": 3484308,
        "Cleanup": 89980,
        "G1CollectForAllocation": 2347535957,
        "CollectForMetadataAllocation": 54417276,
        "G1PauseRemark": 1381132549,
        "G1PauseCleanup": 141414254,
        "G1TryInitiateConcMark": 691405252
    },
    "avg_pause_time_per_category": {
        "ICBufferFull": 116143.6,
        "Cleanup": 89980.0,
        "G1CollectForAllocation": 1679210.27,
        "CollectForMetadataAllocation": 4947025.09,
        "G1PauseRemark": 3368615.97,
        "G1PauseCleanup": 344912.81,
        "G1TryInitiateConcMark": 1737199.13
    },
    "p90_pause_time": 3393329.2,
    "throughput": 70241660249
}