{
    "garbage_collector": "Parallel",
    "jdk": "HotSpot_21.0.4",
    "benchmark_group": "Renaissance",
    "benchmark_name": "neo4j-analytics",
    "heap_size": "256",
    "error": "Error code not found: 1\nBenchmark 'neo4j-analytics' failed with exception:\njava.lang.OutOfMemoryError: GC overhead limit exceeded\n\tat scala.collection.immutable.List.prepended(List.scala:97)\n\tat scala.collection.immutable.List.prepended(List.scala:79)\n\tat scala.collection.SeqOps.$plus$colon(Seq.scala:119)\n\tat scala.collection.SeqOps.$plus$colon$(Seq.scala:119)\n\tat scala.collection.AbstractSeq.$plus$colon(Seq.scala:1190)\n\tat play.api.libs.json.jackson.JsValueDeserializer.deserialize(JacksonJson.scala:222)\n\tat play.api.libs.json.jackson.JsValueDeserializer.deserialize(JacksonJson.scala:158)\n\tat play.api.libs.json.jackson.JsValueDeserializer.deserialize(JacksonJson.scala:153)\n\tat com.fasterxml.jackson.databind.deser.DefaultDeserializationContext.readRootValue(DefaultDeserializationContext.java:323)\n\tat com.fasterxml.jackson.databind.ObjectMapper._readValue(ObjectMapper.java:4801)\n\tat com.fasterxml.jackson.databind.ObjectMapper.readValue(ObjectMapper.java:2974)\n\tat play.api.libs.json.jackson.JacksonJson.parseJsValue(JacksonJson.scala:296)\n\tat play.api.libs.json.StaticBinding$.parseJsValue(StaticBinding.scala:17)\n\tat play.api.libs.json.Json$.parse(Json.scala:175)\n\tat org.renaissance.neo4j.Neo4jAnalytics.loadJsonResource(Neo4jAnalytics.scala:82)\n\tat org.renaissance.neo4j.Neo4jAnalytics.setUpBeforeAll(Neo4jAnalytics.scala:101)\n\tat org.renaissance.harness.ExecutionDriver.executeBenchmark(ExecutionDriver.java:82)\n\tat org.renaissance.harness.RenaissanceSuite$.runBenchmarks$$anonfun$1(RenaissanceSuite.scala:172)\n\tat org.renaissance.harness.RenaissanceSuite$$$Lambda/0x000074fe9411c4c0.applyVoid(Unknown Source)\n\tat scala.runtime.function.JProcedure1.apply(JProcedure1.java:15)\n\tat scala.runtime.function.JProcedure1.apply(JProcedure1.java:10)\n\tat scala.collection.immutable.List.foreach(List.scala:333)\n\tat org.renaissance.harness.RenaissanceSuite$.runBenchmarks(RenaissanceSuite.scala:205)\n\tat org.renaissance.harness.RenaissanceSuite$.main(RenaissanceSuite.scala:130)\n\tat org.renaissance.harness.RenaissanceSuite.main(RenaissanceSuite.scala)\n\tat java.base/java.lang.invoke.LambdaForm$DMH/0x000074fe94004000.invokeStatic(LambdaForm$DMH)\n\tat java.base/java.lang.invoke.LambdaForm$MH/0x000074fe9400a000.invoke(LambdaForm$MH)\n\tat java.base/java.lang.invoke.Invokers$Holder.invokeExact_MT(Invokers$Holder)\n\tat java.base/jdk.internal.reflect.DirectMethodHandleAccessor.invokeImpl(DirectMethodHandleAccessor.java:154)\n\tat java.base/jdk.internal.reflect.DirectMethodHandleAccessor.invoke(DirectMethodHandleAccessor.java:103)\n\tat java.base/java.lang.reflect.Method.invoke(Method.java:580)\n\tat org.renaissance.core.Launcher.loadAndInvokeHarnessClass(Launcher.java:129)\n",
    "avg_cpu_usage": 39.6,
    "avg_cpu_time": 39.6,
    "avg_io_time": 0.6,
    "p90_io": 1.72,
    "number_of_pauses": 0,
    "total_pause_time": 0,
    "avg_pause_time": 0,
    "pauses_per_category": {},
    "total_pause_time_per_category": {},
    "avg_pause_time_per_category": {},
    "p90_pause_time": 0,
    "throughput": 0
}