{
    "garbage_collector": "Serial",
    "jdk": "HotSpot_21.0.4",
    "benchmark_group": "Renaissance",
    "benchmark_name": "future-genetic",
    "heap_size": "2048",
    "error": null,
    "avg_cpu_usage": 31.6,
    "avg_cpu_time": 29.4,
    "avg_io_time": 0.2,
    "p90_io": 0.0,
    "number_of_pauses": 31,
    "total_pause_time": 124420937,
    "avg_pause_time": 4013578.61,
    "pauses_per_category": {
        "ICBufferFull": 3,
        "GenCollectForAllocation": 28
    },
    "total_pause_time_per_category": {
        "ICBufferFull": 414773,
        "GenCollectForAllocation": 124006164
    },
    "avg_pause_time_per_category": {
        "ICBufferFull": 138257.67,
        "GenCollectForAllocation": 4428791.57
    },
    "p90_pause_time": 7863265.0,
    "throughput": 19484526146
}