{
    "garbage_collector": "Serial",
    "jdk": "HotSpot_21.0.4",
    "benchmark_group": "Renaissance",
    "benchmark_name": "fj-kmeans",
    "heap_size": "4096",
    "error": null,
    "avg_cpu_usage": 82.2,
    "avg_cpu_time": 83.9,
    "avg_io_time": 0.0,
    "p90_io": 0.0,
    "number_of_pauses": 91,
    "total_pause_time": 222491485,
    "avg_pause_time": 2444961.37,
    "pauses_per_category": {
        "ICBufferFull": 1,
        "GenCollectForAllocation": 90
    },
    "total_pause_time_per_category": {
        "ICBufferFull": 128538,
        "GenCollectForAllocation": 222362947
    },
    "avg_pause_time_per_category": {
        "ICBufferFull": 128538.0,
        "GenCollectForAllocation": 2470699.41
    },
    "p90_pause_time": 1140672.0,
    "throughput": 27562784870
}