{
    "garbage_collector": "Z",
    "jdk": "HotSpot_21.0.4",
    "benchmark_group": "Renaissance",
    "benchmark_name": "naive-bayes",
    "heap_size": "1024",
    "error": null,
    "avg_cpu_usage": 53.5,
    "avg_cpu_time": 45.8,
    "avg_io_time": 0.1,
    "p90_io": 0.0,
    "number_of_pauses": 6324,
    "total_pause_time": 936636830,
    "avg_pause_time": 148108.29,
    "pauses_per_category": {
        "ICBufferFull": 12,
        "Cleanup": 1,
        "XMarkStart": 2099,
        "XMarkEnd": 2097,
        "CleanClassLoaderDataMetaspaces": 18,
        "XRelocateStart": 2097
    },
    "total_pause_time_per_category": {
        "ICBufferFull": 1680610,
        "Cleanup": 88138,
        "XMarkStart": 249061630,
        "XMarkEnd": 94243104,
        "CleanClassLoaderDataMetaspaces": 8410202,
        "XRelocateStart": 583153146
    },
    "avg_pause_time_per_category": {
        "ICBufferFull": 140050.83,
        "Cleanup": 88138.0,
        "XMarkStart": 118657.28,
        "XMarkEnd": 44941.87,
        "CleanClassLoaderDataMetaspaces": 467233.44,
        "XRelocateStart": 278089.24
    },
    "p90_pause_time": 168836.6,
    "throughput": 172247090099
}