{
    "garbage_collector": "Serial",
    "jdk": "HotSpot_21.0.4",
    "benchmark_group": "Renaissance",
    "benchmark_name": "neo4j-analytics",
    "heap_size": "8192",
    "error": null,
    "avg_cpu_usage": 30.1,
    "avg_cpu_time": 28.6,
    "avg_io_time": 0.7,
    "p90_io": 1.96,
    "number_of_pauses": 86,
    "total_pause_time": 3641117306,
    "avg_pause_time": 42338573.33,
    "pauses_per_category": {
        "ICBufferFull": 50,
        "CollectForMetadataAllocation": 5,
        "Cleanup": 15,
        "GenCollectForAllocation": 16
    },
    "total_pause_time_per_category": {
        "ICBufferFull": 5701980,
        "CollectForMetadataAllocation": 521953619,
        "Cleanup": 1583512,
        "GenCollectForAllocation": 3111878195
    },
    "avg_pause_time_per_category": {
        "ICBufferFull": 114039.6,
        "CollectForMetadataAllocation": 104390723.8,
        "Cleanup": 105567.47,
        "GenCollectForAllocation": 194492387.19
    },
    "p90_pause_time": 48557202.0,
    "throughput": 36004230413
}