{
    "garbage_collector": "Parallel",
    "jdk": "HotSpot_21.0.4",
    "benchmark_group": "Renaissance",
    "benchmark_name": "dotty",
    "heap_size": "1024",
    "error": null,
    "avg_cpu_usage": 40.8,
    "avg_cpu_time": 39.9,
    "avg_io_time": 0.0,
    "p90_io": 0.0,
    "number_of_pauses": 95,
    "total_pause_time": 492507185,
    "avg_pause_time": 5184286.16,
    "pauses_per_category": {
        "ICBufferFull": 76,
        "CollectForMetadataAllocation": 2,
        "ParallelGCSystemGC": 3,
        "ParallelGCFailedAllocation": 7,
        "Cleanup": 7
    },
    "total_pause_time_per_category": {
        "ICBufferFull": 42735698,
        "CollectForMetadataAllocation": 56757515,
        "ParallelGCSystemGC": 270133776,
        "ParallelGCFailedAllocation": 121886144,
        "Cleanup": 994052
    },
    "avg_pause_time_per_category": {
        "ICBufferFull": 562311.82,
        "CollectForMetadataAllocation": 28378757.5,
        "ParallelGCSystemGC": 90044592.0,
        "ParallelGCFailedAllocation": 17412306.29,
        "Cleanup": 142007.43
    },
    "p90_pause_time": 14489642.6,
    "throughput": 28025485784
}