{
    "garbage_collector": "Z",
    "jdk": "HotSpot_21.0.4",
    "benchmark_group": "Renaissance",
    "benchmark_name": "gauss-mix",
    "heap_size": "4096",
    "error": null,
    "avg_cpu_usage": 28.7,
    "avg_cpu_time": 25.6,
    "avg_io_time": 0.1,
    "p90_io": 0.0,
    "number_of_pauses": 48,
    "total_pause_time": 6333121,
    "avg_pause_time": 131940.02,
    "pauses_per_category": {
        "ICBufferFull": 9,
        "Cleanup": 6,
        "XMarkStart": 10,
        "XMarkEnd": 9,
        "CleanClassLoaderDataMetaspaces": 5,
        "XRelocateStart": 9
    },
    "total_pause_time_per_category": {
        "ICBufferFull": 869932,
        "Cleanup": 671055,
        "XMarkStart": 841115,
        "XMarkEnd": 743681,
        "CleanClassLoaderDataMetaspaces": 2422657,
        "XRelocateStart": 784681
    },
    "avg_pause_time_per_category": {
        "ICBufferFull": 96659.11,
        "Cleanup": 111842.5,
        "XMarkStart": 84111.5,
        "XMarkEnd": 82631.22,
        "CleanClassLoaderDataMetaspaces": 484531.4,
        "XRelocateStart": 87186.78
    },
    "p90_pause_time": 196568.9,
    "throughput": 14907898518
}