{
    "garbage_collector": "Z",
    "jdk": "HotSpot_21.0.4",
    "benchmark_group": "Renaissance",
    "benchmark_name": "rx-scrabble",
    "heap_size": "2048",
    "error": null,
    "avg_cpu_usage": 24.4,
    "avg_cpu_time": 31.0,
    "avg_io_time": 0.0,
    "p90_io": 0.0,
    "number_of_pauses": 17,
    "total_pause_time": 2269925,
    "avg_pause_time": 133525.0,
    "pauses_per_category": {
        "ICBufferFull": 2,
        "XMarkStart": 4,
        "XMarkEnd": 4,
        "CleanClassLoaderDataMetaspaces": 3,
        "XRelocateStart": 4
    },
    "total_pause_time_per_category": {
        "ICBufferFull": 122301,
        "XMarkStart": 459329,
        "XMarkEnd": 413650,
        "CleanClassLoaderDataMetaspaces": 890192,
        "XRelocateStart": 384453
    },
    "avg_pause_time_per_category": {
        "ICBufferFull": 61150.5,
        "XMarkStart": 114832.25,
        "XMarkEnd": 103412.5,
        "CleanClassLoaderDataMetaspaces": 296730.67,
        "XRelocateStart": 96113.25
    },
    "p90_pause_time": 159221.4,
    "throughput": 3346851919
}