{
    "garbage_collector": "Parallel",
    "jdk": "HotSpot_21.0.4",
    "benchmark_group": "Renaissance",
    "benchmark_name": "dec-tree",
    "heap_size": "512",
    "error": null,
    "avg_cpu_usage": 42.4,
    "avg_cpu_time": 40.9,
    "avg_io_time": 0.0,
    "p90_io": 0.0,
    "number_of_pauses": 159,
    "total_pause_time": 550462089,
    "avg_pause_time": 3462025.72,
    "pauses_per_category": {
        "ICBufferFull": 34,
        "Cleanup": 1,
        "CollectForMetadataAllocation": 5,
        "ParallelGCFailedAllocation": 118,
        "ParallelGCSystemGC": 1
    },
    "total_pause_time_per_category": {
        "ICBufferFull": 2750223,
        "Cleanup": 86037,
        "CollectForMetadataAllocation": 124381301,
        "ParallelGCFailedAllocation": 340933029,
        "ParallelGCSystemGC": 82311499
    },
    "avg_pause_time_per_category": {
        "ICBufferFull": 80888.91,
        "Cleanup": 86037.0,
        "CollectForMetadataAllocation": 24876260.2,
        "ParallelGCFailedAllocation": 2889262.96,
        "ParallelGCSystemGC": 82311499.0
    },
    "p90_pause_time": 6259023.6,
    "throughput": 16449477974
}