{
    "garbage_collector": "Parallel",
    "jdk": "HotSpot_21.0.4",
    "benchmark_group": "Renaissance",
    "benchmark_name": "scala-doku",
    "heap_size": "1024",
    "error": null,
    "avg_cpu_usage": 14.9,
    "avg_cpu_time": 13.9,
    "avg_io_time": 0.0,
    "p90_io": 0.0,
    "number_of_pauses": 20,
    "total_pause_time": 80716915,
    "avg_pause_time": 4035845.75,
    "pauses_per_category": {
        "ICBufferFull": 3,
        "Cleanup": 11,
        "ParallelGCFailedAllocation": 6
    },
    "total_pause_time_per_category": {
        "ICBufferFull": 303913,
        "Cleanup": 1010369,
        "ParallelGCFailedAllocation": 79402633
    },
    "avg_pause_time_per_category": {
        "ICBufferFull": 101304.33,
        "Cleanup": 91851.73,
        "ParallelGCFailedAllocation": 13233772.17
    },
    "p90_pause_time": 12481930.2,
    "throughput": 19139398442
}