{
    "garbage_collector": "Serial",
    "jdk": "HotSpot_21.0.4",
    "benchmark_group": "Renaissance",
    "benchmark_name": "naive-bayes",
    "heap_size": "1024",
    "error": null,
    "avg_cpu_usage": 51.5,
    "avg_cpu_time": 41.7,
    "avg_io_time": 0.1,
    "p90_io": 0.0,
    "number_of_pauses": 2091,
    "total_pause_time": 61700619085,
    "avg_pause_time": 29507708.79,
    "pauses_per_category": {
        "ICBufferFull": 28,
        "CollectForMetadataAllocation": 4,
        "GenCollectForAllocation": 2059
    },
    "total_pause_time_per_category": {
        "ICBufferFull": 2832069,
        "CollectForMetadataAllocation": 168693734,
        "GenCollectForAllocation": 61529093282
    },
    "avg_pause_time_per_category": {
        "ICBufferFull": 101145.32,
        "CollectForMetadataAllocation": 42173433.5,
        "GenCollectForAllocation": 29882998.19
    },
    "p90_pause_time": 106374983.0,
    "throughput": 205569229743
}