{
    "garbage_collector": "Serial",
    "jdk": "HotSpot_21.0.4",
    "benchmark_group": "Renaissance",
    "benchmark_name": "finagle-http",
    "heap_size": "256",
    "error": null,
    "avg_cpu_usage": 78.5,
    "avg_cpu_time": 62.6,
    "avg_io_time": 0.0,
    "p90_io": 0.0,
    "number_of_pauses": 581,
    "total_pause_time": 1604407937,
    "avg_pause_time": 2761459.44,
    "pauses_per_category": {
        "ICBufferFull": 43,
        "GenCollectForAllocation": 536,
        "CollectForMetadataAllocation": 2
    },
    "total_pause_time_per_category": {
        "ICBufferFull": 5496667,
        "GenCollectForAllocation": 1563705788,
        "CollectForMetadataAllocation": 35205482
    },
    "avg_pause_time_per_category": {
        "ICBufferFull": 127829.47,
        "GenCollectForAllocation": 2917361.54,
        "CollectForMetadataAllocation": 17602741.0
    },
    "p90_pause_time": 4071903.0,
    "throughput": 40554432212
}