{
    "garbage_collector": "G1",
    "jdk": "HotSpot_21.0.4",
    "benchmark_group": "Renaissance",
    "benchmark_name": "naive-bayes",
    "heap_size": "2048",
    "error": null,
    "avg_cpu_usage": 56.7,
    "avg_cpu_time": 56.6,
    "avg_io_time": 0.1,
    "p90_io": 0.0,
    "number_of_pauses": 906,
    "total_pause_time": 2042245703,
    "avg_pause_time": 2254134.33,
    "pauses_per_category": {
        "ICBufferFull": 22,
        "Cleanup": 1,
        "CollectForMetadataAllocation": 8,
        "G1PauseRemark": 164,
        "G1PauseCleanup": 164,
        "G1CollectForAllocation": 364,
        "G1TryInitiateConcMark": 183
    },
    "total_pause_time_per_category": {
        "ICBufferFull": 2214871,
        "Cleanup": 23433,
        "CollectForMetadataAllocation": 51377503,
        "G1PauseRemark": 561504642,
        "G1PauseCleanup": 69220377,
        "G1CollectForAllocation": 988988546,
        "G1TryInitiateConcMark": 368916331
    },
    "avg_pause_time_per_category": {
        "ICBufferFull": 100675.95,
        "Cleanup": 23433.0,
        "CollectForMetadataAllocation": 6422187.88,
        "G1PauseRemark": 3423808.79,
        "G1PauseCleanup": 422075.47,
        "G1CollectForAllocation": 2717001.5,
        "G1TryInitiateConcMark": 2015936.23
    },
    "p90_pause_time": 3564335.0,
    "throughput": 52561823022
}