{
    "garbage_collector": "G1",
    "jdk": "HotSpot_21.0.4",
    "benchmark_group": "Renaissance",
    "benchmark_name": "dotty",
    "heap_size": "256",
    "error": null,
    "avg_cpu_usage": 41.6,
    "avg_cpu_time": 40.9,
    "avg_io_time": 0.0,
    "p90_io": 0.0,
    "number_of_pauses": 119,
    "total_pause_time": 457243968,
    "avg_pause_time": 3842386.29,
    "pauses_per_category": {
        "ICBufferFull": 66,
        "G1CollectForAllocation": 24,
        "CollectForMetadataAllocation": 3,
        "G1PauseRemark": 9,
        "G1PauseCleanup": 9,
        "G1TryInitiateConcMark": 3,
        "Cleanup": 5
    },
    "total_pause_time_per_category": {
        "ICBufferFull": 22598878,
        "G1CollectForAllocation": 320872616,
        "CollectForMetadataAllocation": 15292619,
        "G1PauseRemark": 65434147,
        "G1PauseCleanup": 2320851,
        "G1TryInitiateConcMark": 30150680,
        "Cleanup": 574177
    },
    "avg_pause_time_per_category": {
        "ICBufferFull": 342407.24,
        "G1CollectForAllocation": 13369692.33,
        "CollectForMetadataAllocation": 5097539.67,
        "G1PauseRemark": 7270460.78,
        "G1PauseCleanup": 257872.33,
        "G1TryInitiateConcMark": 10050226.67,
        "Cleanup": 114835.4
    },
    "p90_pause_time": 12759720.6,
    "throughput": 29257060676
}