{
    "garbage_collector": "Z",
    "jdk": "HotSpot_21.0.4",
    "benchmark_group": "Renaissance",
    "benchmark_name": "par-mnemonics",
    "heap_size": "2048",
    "error": null,
    "avg_cpu_usage": 17.3,
    "avg_cpu_time": 17.3,
    "avg_io_time": 0.0,
    "p90_io": 0.0,
    "number_of_pauses": 304,
    "total_pause_time": 29812794,
    "avg_pause_time": 98068.4,
    "pauses_per_category": {
        "ICBufferFull": 2,
        "XMarkStart": 100,
        "XMarkEnd": 100,
        "CleanClassLoaderDataMetaspaces": 2,
        "XRelocateStart": 100
    },
    "total_pause_time_per_category": {
        "ICBufferFull": 214056,
        "XMarkStart": 9931702,
        "XMarkEnd": 9769584,
        "CleanClassLoaderDataMetaspaces": 570998,
        "XRelocateStart": 9326454
    },
    "avg_pause_time_per_category": {
        "ICBufferFull": 107028.0,
        "XMarkStart": 99317.02,
        "XMarkEnd": 97695.84,
        "CleanClassLoaderDataMetaspaces": 285499.0,
        "XRelocateStart": 93264.54
    },
    "p90_pause_time": 106569.8,
    "throughput": 26154772073
}