{
    "garbage_collector": "Parallel",
    "jdk": "HotSpot_21.0.4",
    "benchmark_group": "Renaissance",
    "benchmark_name": "neo4j-analytics",
    "heap_size": "4096",
    "error": null,
    "avg_cpu_usage": 33.6,
    "avg_cpu_time": 34.5,
    "avg_io_time": 0.6,
    "p90_io": 1.97,
    "number_of_pauses": 100,
    "total_pause_time": 2706260192,
    "avg_pause_time": 27062601.92,
    "pauses_per_category": {
        "ICBufferFull": 45,
        "CollectForMetadataAllocation": 3,
        "Cleanup": 3,
        "ParallelGCFailedAllocation": 49
    },
    "total_pause_time_per_category": {
        "ICBufferFull": 4768806,
        "CollectForMetadataAllocation": 106874303,
        "Cleanup": 383841,
        "ParallelGCFailedAllocation": 2594233242
    },
    "avg_pause_time_per_category": {
        "ICBufferFull": 105973.47,
        "CollectForMetadataAllocation": 35624767.67,
        "Cleanup": 127947.0,
        "ParallelGCFailedAllocation": 52943535.55
    },
    "p90_pause_time": 120141563.9,
    "throughput": 34915374795
}