{
    "garbage_collector": "G1",
    "jdk": "HotSpot_21.0.4",
    "benchmark_group": "Renaissance",
    "benchmark_name": "finagle-http",
    "heap_size": "2048",
    "error": null,
    "avg_cpu_usage": 80.4,
    "avg_cpu_time": 65.0,
    "avg_io_time": 0.0,
    "p90_io": 0.0,
    "number_of_pauses": 111,
    "total_pause_time": 158094844,
    "avg_pause_time": 1424277.87,
    "pauses_per_category": {
        "ICBufferFull": 53,
        "CollectForMetadataAllocation": 6,
        "G1PauseRemark": 2,
        "G1PauseCleanup": 2,
        "G1CollectForAllocation": 31,
        "Cleanup": 17
    },
    "total_pause_time_per_category": {
        "ICBufferFull": 9523697,
        "CollectForMetadataAllocation": 20605322,
        "G1PauseRemark": 3874030,
        "G1PauseCleanup": 610511,
        "G1CollectForAllocation": 121706485,
        "Cleanup": 1774799
    },
    "avg_pause_time_per_category": {
        "ICBufferFull": 179692.4,
        "CollectForMetadataAllocation": 3434220.33,
        "G1PauseRemark": 1937015.0,
        "G1PauseCleanup": 305255.5,
        "G1CollectForAllocation": 3926015.65,
        "Cleanup": 104399.94
    },
    "p90_pause_time": 5355608.0,
    "throughput": 41180638776
}