{
    "garbage_collector": "Parallel",
    "jdk": "HotSpot_21.0.4",
    "benchmark_group": "Renaissance",
    "benchmark_name": "als",
    "heap_size": "1024",
    "error": null,
    "avg_cpu_usage": 65.4,
    "avg_cpu_time": 65.0,
    "avg_io_time": 0.2,
    "p90_io": 0.0,
    "number_of_pauses": 241,
    "total_pause_time": 1255076765,
    "avg_pause_time": 5207787.41,
    "pauses_per_category": {
        "ICBufferFull": 25,
        "CollectForMetadataAllocation": 5,
        "ParallelGCFailedAllocation": 187,
        "ParallelGCSystemGC": 24
    },
    "total_pause_time_per_category": {
        "ICBufferFull": 5628493,
        "CollectForMetadataAllocation": 130394817,
        "ParallelGCFailedAllocation": 978869966,
        "ParallelGCSystemGC": 140183489
    },
    "avg_pause_time_per_category": {
        "ICBufferFull": 225139.72,
        "CollectForMetadataAllocation": 26078963.4,
        "ParallelGCFailedAllocation": 5234598.75,
        "ParallelGCSystemGC": 5840978.71
    },
    "p90_pause_time": 8799854.0,
    "throughput": 53892583030
}