{
    "garbage_collector": "Parallel",
    "jdk": "HotSpot_21.0.4",
    "benchmark_group": "Renaissance",
    "benchmark_name": "philosophers",
    "heap_size": "1024",
    "error": null,
    "avg_cpu_usage": 85.3,
    "avg_cpu_time": 82.6,
    "avg_io_time": 0.0,
    "p90_io": 0.0,
    "number_of_pauses": 112,
    "total_pause_time": 127505493,
    "avg_pause_time": 1138441.9,
    "pauses_per_category": {
        "ICBufferFull": 2,
        "ParallelGCFailedAllocation": 110
    },
    "total_pause_time_per_category": {
        "ICBufferFull": 136314,
        "ParallelGCFailedAllocation": 127369179
    },
    "avg_pause_time_per_category": {
        "ICBufferFull": 68157.0,
        "ParallelGCFailedAllocation": 1157901.63
    },
    "p90_pause_time": 1453314.3,
    "throughput": 18459258323
}