{
    "garbage_collector": "G1",
    "jdk": "HotSpot_21.0.4",
    "benchmark_group": "Renaissance",
    "benchmark_name": "par-mnemonics",
    "heap_size": "1024",
    "error": null,
    "avg_cpu_usage": 19.6,
    "avg_cpu_time": 18.9,
    "avg_io_time": 0.1,
    "p90_io": 0.0,
    "number_of_pauses": 129,
    "total_pause_time": 1237432495,
    "avg_pause_time": 9592499.96,
    "pauses_per_category": {
        "ICBufferFull": 1,
        "G1CollectForAllocation": 124,
        "G1PauseRemark": 2,
        "G1PauseCleanup": 2
    },
    "total_pause_time_per_category": {
        "ICBufferFull": 56876,
        "G1CollectForAllocation": 1233801905,
        "G1PauseRemark": 3059893,
        "G1PauseCleanup": 513821
    },
    "avg_pause_time_per_category": {
        "ICBufferFull": 56876.0,
        "G1CollectForAllocation": 9950015.36,
        "G1PauseRemark": 1529946.5,
        "G1PauseCleanup": 256910.5
    },
    "p90_pause_time": 23007898.8,
    "throughput": 27705495048
}