{
    "garbage_collector": "Serial",
    "jdk": "HotSpot_21.0.4",
    "benchmark_group": "Renaissance",
    "benchmark_name": "fj-kmeans",
    "heap_size": "1024",
    "error": null,
    "avg_cpu_usage": 84.7,
    "avg_cpu_time": 83.1,
    "avg_io_time": 0.0,
    "p90_io": 0.0,
    "number_of_pauses": 361,
    "total_pause_time": 414123959,
    "avg_pause_time": 1147157.78,
    "pauses_per_category": {
        "ICBufferFull": 1,
        "GenCollectForAllocation": 360
    },
    "total_pause_time_per_category": {
        "ICBufferFull": 68133,
        "GenCollectForAllocation": 414055826
    },
    "avg_pause_time_per_category": {
        "ICBufferFull": 68133.0,
        "GenCollectForAllocation": 1150155.07
    },
    "p90_pause_time": 1114445.0,
    "throughput": 25702171958
}