{
    "garbage_collector": "Serial",
    "jdk": "HotSpot_21.0.4",
    "benchmark_group": "Renaissance",
    "benchmark_name": "gauss-mix",
    "heap_size": "1024",
    "error": null,
    "avg_cpu_usage": 29.0,
    "avg_cpu_time": 31.2,
    "avg_io_time": 0.1,
    "p90_io": 0.0,
    "number_of_pauses": 61,
    "total_pause_time": 309136703,
    "avg_pause_time": 5067814.8,
    "pauses_per_category": {
        "ICBufferFull": 7,
        "Cleanup": 2,
        "CollectForMetadataAllocation": 3,
        "GenCollectForAllocation": 49
    },
    "total_pause_time_per_category": {
        "ICBufferFull": 515307,
        "Cleanup": 532608,
        "CollectForMetadataAllocation": 97723889,
        "GenCollectForAllocation": 210364899
    },
    "avg_pause_time_per_category": {
        "ICBufferFull": 73615.29,
        "Cleanup": 266304.0,
        "CollectForMetadataAllocation": 32574629.67,
        "GenCollectForAllocation": 4293161.2
    },
    "p90_pause_time": 8215799.0,
    "throughput": 12478484809
}