{
    "garbage_collector": "Parallel",
    "jdk": "HotSpot_21.0.4",
    "benchmark_group": "Renaissance",
    "benchmark_name": "naive-bayes",
    "heap_size": "8192",
    "error": null,
    "avg_cpu_usage": 69.1,
    "avg_cpu_time": 71.9,
    "avg_io_time": 0.0,
    "p90_io": 0.0,
    "number_of_pauses": 108,
    "total_pause_time": 818968264,
    "avg_pause_time": 7583039.48,
    "pauses_per_category": {
        "ICBufferFull": 40,
        "Cleanup": 2,
        "CollectForMetadataAllocation": 4,
        "ParallelGCFailedAllocation": 62
    },
    "total_pause_time_per_category": {
        "ICBufferFull": 6052491,
        "Cleanup": 125227,
        "CollectForMetadataAllocation": 132636991,
        "ParallelGCFailedAllocation": 680153555
    },
    "avg_pause_time_per_category": {
        "ICBufferFull": 151312.27,
        "Cleanup": 62613.5,
        "CollectForMetadataAllocation": 33159247.75,
        "ParallelGCFailedAllocation": 10970218.63
    },
    "p90_pause_time": 23128908.2,
    "throughput": 23672321457
}