{
    "garbage_collector": "G1",
    "jdk": "HotSpot_21.0.4",
    "benchmark_group": "Renaissance",
    "benchmark_name": "gauss-mix",
    "heap_size": "1024",
    "error": null,
    "avg_cpu_usage": 31.4,
    "avg_cpu_time": 32.1,
    "avg_io_time": 0.7,
    "p90_io": 0.0,
    "number_of_pauses": 38,
    "total_pause_time": 153323777,
    "avg_pause_time": 4034836.24,
    "pauses_per_category": {
        "ICBufferFull": 8,
        "G1CollectForAllocation": 18,
        "CollectForMetadataAllocation": 5,
        "G1PauseRemark": 3,
        "G1PauseCleanup": 3,
        "Cleanup": 1
    },
    "total_pause_time_per_category": {
        "ICBufferFull": 633608,
        "G1CollectForAllocation": 118714399,
        "CollectForMetadataAllocation": 27421180,
        "G1PauseRemark": 5600155,
        "G1PauseCleanup": 888015,
        "Cleanup": 66420
    },
    "avg_pause_time_per_category": {
        "ICBufferFull": 79201.0,
        "G1CollectForAllocation": 6595244.39,
        "CollectForMetadataAllocation": 5484236.0,
        "G1PauseRemark": 1866718.33,
        "G1PauseCleanup": 296005.0,
        "Cleanup": 66420.0
    },
    "p90_pause_time": 7905886.5,
    "throughput": 12781015955
}