{
    "garbage_collector": "Parallel",
    "jdk": "HotSpot_21.0.4",
    "benchmark_group": "Renaissance",
    "benchmark_name": "dotty",
    "heap_size": "8192",
    "error": null,
    "avg_cpu_usage": 39.6,
    "avg_cpu_time": 38.3,
    "avg_io_time": 0.0,
    "p90_io": 0.0,
    "number_of_pauses": 85,
    "total_pause_time": 398052739,
    "avg_pause_time": 4682973.4,
    "pauses_per_category": {
        "ICBufferFull": 71,
        "CollectForMetadataAllocation": 2,
        "ParallelGCSystemGC": 3,
        "Cleanup": 9
    },
    "total_pause_time_per_category": {
        "ICBufferFull": 21204727,
        "CollectForMetadataAllocation": 56964005,
        "ParallelGCSystemGC": 318970542,
        "Cleanup": 913465
    },
    "avg_pause_time_per_category": {
        "ICBufferFull": 298658.13,
        "CollectForMetadataAllocation": 28482002.5,
        "ParallelGCSystemGC": 106323514.0,
        "Cleanup": 101496.11
    },
    "p90_pause_time": 971975.2,
    "throughput": 28032898790
}