{
    "garbage_collector": "Serial",
    "jdk": "HotSpot_21.0.4",
    "benchmark_group": "Renaissance",
    "benchmark_name": "rx-scrabble",
    "heap_size": "2048",
    "error": null,
    "avg_cpu_usage": 27.9,
    "avg_cpu_time": 30.0,
    "avg_io_time": 0.0,
    "p90_io": 0.0,
    "number_of_pauses": 6,
    "total_pause_time": 141001355,
    "avg_pause_time": 23500225.83,
    "pauses_per_category": {
        "ICBufferFull": 3,
        "GenCollectForAllocation": 3
    },
    "total_pause_time_per_category": {
        "ICBufferFull": 328142,
        "GenCollectForAllocation": 140673213
    },
    "avg_pause_time_per_category": {
        "ICBufferFull": 109380.67,
        "GenCollectForAllocation": 46891071.0
    },
    "p90_pause_time": 56271948.0,
    "throughput": 2752495504
}