{
    "garbage_collector": "Z",
    "jdk": "HotSpot_21.0.4",
    "benchmark_group": "Renaissance",
    "benchmark_name": "movie-lens",
    "heap_size": "2048",
    "error": null,
    "avg_cpu_usage": 57.9,
    "avg_cpu_time": 52.8,
    "avg_io_time": 0.0,
    "p90_io": 0.0,
    "number_of_pauses": 1070,
    "total_pause_time": 94410338,
    "avg_pause_time": 88233.96,
    "pauses_per_category": {
        "ICBufferFull": 24,
        "Cleanup": 1,
        "XMarkStart": 381,
        "XMarkEnd": 296,
        "CleanClassLoaderDataMetaspaces": 8,
        "XRelocateStart": 360
    },
    "total_pause_time_per_category": {
        "ICBufferFull": 4607580,
        "Cleanup": 88288,
        "XMarkStart": 32120950,
        "XMarkEnd": 22497000,
        "CleanClassLoaderDataMetaspaces": 3231370,
        "XRelocateStart": 31865150
    },
    "avg_pause_time_per_category": {
        "ICBufferFull": 191982.5,
        "Cleanup": 88288.0,
        "XMarkStart": 84306.96,
        "XMarkEnd": 76003.38,
        "CleanClassLoaderDataMetaspaces": 403921.25,
        "XRelocateStart": 88514.31
    },
    "p90_pause_time": 114055.7,
    "throughput": 103725689876
}