{
    "garbage_collector": "Z",
    "jdk": "HotSpot_21.0.4",
    "benchmark_group": "Renaissance",
    "benchmark_name": "scala-doku",
    "heap_size": "1024",
    "error": null,
    "avg_cpu_usage": 13.8,
    "avg_cpu_time": 14.1,
    "avg_io_time": 0.0,
    "p90_io": 0.0,
    "number_of_pauses": 39,
    "total_pause_time": 4462817,
    "avg_pause_time": 114431.21,
    "pauses_per_category": {
        "ICBufferFull": 2,
        "XMarkStart": 8,
        "XMarkEnd": 8,
        "CleanClassLoaderDataMetaspaces": 2,
        "XRelocateStart": 8,
        "Cleanup": 11
    },
    "total_pause_time_per_category": {
        "ICBufferFull": 121266,
        "XMarkStart": 853296,
        "XMarkEnd": 784341,
        "CleanClassLoaderDataMetaspaces": 935531,
        "XRelocateStart": 787749,
        "Cleanup": 980634
    },
    "avg_pause_time_per_category": {
        "ICBufferFull": 60633.0,
        "XMarkStart": 106662.0,
        "XMarkEnd": 98042.62,
        "CleanClassLoaderDataMetaspaces": 467765.5,
        "XRelocateStart": 98468.62,
        "Cleanup": 89148.55
    },
    "p90_pause_time": 118281.2,
    "throughput": 23083171009
}