{
    "garbage_collector": "Z",
    "jdk": "HotSpot_21.0.4",
    "benchmark_group": "Renaissance",
    "benchmark_name": "log-regression",
    "heap_size": "1024",
    "error": null,
    "avg_cpu_usage": 52.1,
    "avg_cpu_time": 49.3,
    "avg_io_time": 0.0,
    "p90_io": 0.0,
    "number_of_pauses": 536,
    "total_pause_time": 364339321,
    "avg_pause_time": 679737.54,
    "pauses_per_category": {
        "ICBufferFull": 13,
        "Cleanup": 1,
        "XMarkStart": 169,
        "XMarkEnd": 163,
        "CleanClassLoaderDataMetaspaces": 18,
        "XRelocateStart": 172
    },
    "total_pause_time_per_category": {
        "ICBufferFull": 1870616,
        "Cleanup": 85973,
        "XMarkStart": 102744597,
        "XMarkEnd": 53002788,
        "CleanClassLoaderDataMetaspaces": 77259470,
        "XRelocateStart": 129375877
    },
    "avg_pause_time_per_category": {
        "ICBufferFull": 143893.54,
        "Cleanup": 85973.0,
        "XMarkStart": 607956.2,
        "XMarkEnd": 325170.48,
        "CleanClassLoaderDataMetaspaces": 4292192.78,
        "XRelocateStart": 752185.33
    },
    "p90_pause_time": 166538.5,
    "throughput": 24819596902
}