{
    "garbage_collector": "Z",
    "jdk": "HotSpot_21.0.4",
    "benchmark_group": "Renaissance",
    "benchmark_name": "fj-kmeans",
    "heap_size": "4096",
    "error": null,
    "avg_cpu_usage": 80.0,
    "avg_cpu_time": 78.5,
    "avg_io_time": 0.0,
    "p90_io": 0.0,
    "number_of_pauses": 203,
    "total_pause_time": 22601546,
    "avg_pause_time": 111337.67,
    "pauses_per_category": {
        "ICBufferFull": 1,
        "XMarkStart": 67,
        "XMarkEnd": 67,
        "CleanClassLoaderDataMetaspaces": 1,
        "XRelocateStart": 67
    },
    "total_pause_time_per_category": {
        "ICBufferFull": 121918,
        "XMarkStart": 7489982,
        "XMarkEnd": 7373570,
        "CleanClassLoaderDataMetaspaces": 623042,
        "XRelocateStart": 6993034
    },
    "avg_pause_time_per_category": {
        "ICBufferFull": 121918.0,
        "XMarkStart": 111790.78,
        "XMarkEnd": 110053.28,
        "CleanClassLoaderDataMetaspaces": 623042.0,
        "XRelocateStart": 104373.64
    },
    "p90_pause_time": 128755.6,
    "throughput": 41805728164
}