{
    "garbage_collector": "G1",
    "jdk": "HotSpot_21.0.4",
    "benchmark_group": "Renaissance",
    "benchmark_name": "scala-doku",
    "heap_size": "8192",
    "error": null,
    "avg_cpu_usage": 13.9,
    "avg_cpu_time": 14.5,
    "avg_io_time": 0.1,
    "p90_io": 0.0,
    "number_of_pauses": 18,
    "total_pause_time": 47250875,
    "avg_pause_time": 2625048.61,
    "pauses_per_category": {
        "ICBufferFull": 2,
        "Cleanup": 12,
        "G1CollectForAllocation": 4
    },
    "total_pause_time_per_category": {
        "ICBufferFull": 125164,
        "Cleanup": 1156208,
        "G1CollectForAllocation": 45969503
    },
    "avg_pause_time_per_category": {
        "ICBufferFull": 62582.0,
        "Cleanup": 96350.67,
        "G1CollectForAllocation": 11492375.75
    },
    "p90_pause_time": 11572995.2,
    "throughput": 20657316577
}