{
    "garbage_collector": "Serial",
    "jdk": "HotSpot_21.0.4",
    "benchmark_group": "Renaissance",
    "benchmark_name": "reactors",
    "heap_size": "8192",
    "error": null,
    "avg_cpu_usage": 34.0,
    "avg_cpu_time": 33.6,
    "avg_io_time": 0.0,
    "p90_io": 0.0,
    "number_of_pauses": 45,
    "total_pause_time": 5997836623,
    "avg_pause_time": 133285258.29,
    "pauses_per_category": {
        "ICBufferFull": 9,
        "Cleanup": 12,
        "GenCollectForAllocation": 24
    },
    "total_pause_time_per_category": {
        "ICBufferFull": 874683,
        "Cleanup": 1068786,
        "GenCollectForAllocation": 5995893154
    },
    "avg_pause_time_per_category": {
        "ICBufferFull": 97187.0,
        "Cleanup": 89065.5,
        "GenCollectForAllocation": 249828881.42
    },
    "p90_pause_time": 483777605.0,
    "throughput": 72034890964
}