{
    "garbage_collector": "Serial",
    "jdk": "HotSpot_21.0.4",
    "benchmark_group": "Renaissance",
    "benchmark_name": "rx-scrabble",
    "heap_size": "1024",
    "error": null,
    "avg_cpu_usage": 21.9,
    "avg_cpu_time": 25.1,
    "avg_io_time": 0.0,
    "p90_io": 0.0,
    "number_of_pauses": 13,
    "total_pause_time": 175281716,
    "avg_pause_time": 13483208.92,
    "pauses_per_category": {
        "ICBufferFull": 6,
        "GenCollectForAllocation": 7
    },
    "total_pause_time_per_category": {
        "ICBufferFull": 485230,
        "GenCollectForAllocation": 174796486
    },
    "avg_pause_time_per_category": {
        "ICBufferFull": 80871.67,
        "GenCollectForAllocation": 24970926.57
    },
    "p90_pause_time": 39741547.8,
    "throughput": 2747305660
}