{
    "garbage_collector": "G1",
    "jdk": "HotSpot_21.0.4",
    "benchmark_group": "Renaissance",
    "benchmark_name": "fj-kmeans",
    "heap_size": "4096",
    "error": null,
    "avg_cpu_usage": 85.4,
    "avg_cpu_time": 85.0,
    "avg_io_time": 0.0,
    "p90_io": 0.0,
    "number_of_pauses": 46,
    "total_pause_time": 145682361,
    "avg_pause_time": 3167007.85,
    "pauses_per_category": {
        "ICBufferFull": 1,
        "G1CollectForAllocation": 45
    },
    "total_pause_time_per_category": {
        "ICBufferFull": 55174,
        "G1CollectForAllocation": 145627187
    },
    "avg_pause_time_per_category": {
        "ICBufferFull": 55174.0,
        "G1CollectForAllocation": 3236159.71
    },
    "p90_pause_time": 2416944.0,
    "throughput": 29109604882
}