{
    "garbage_collector": "Serial",
    "jdk": "HotSpot_21.0.4",
    "benchmark_group": "Renaissance",
    "benchmark_name": "dotty",
    "heap_size": "8192",
    "error": null,
    "avg_cpu_usage": 39.3,
    "avg_cpu_time": 38.7,
    "avg_io_time": 0.1,
    "p90_io": 0.0,
    "number_of_pauses": 87,
    "total_pause_time": 644888453,
    "avg_pause_time": 7412510.95,
    "pauses_per_category": {
        "ICBufferFull": 74,
        "CollectForMetadataAllocation": 2,
        "GenCollectFull": 3,
        "Cleanup": 8
    },
    "total_pause_time_per_category": {
        "ICBufferFull": 29942864,
        "CollectForMetadataAllocation": 56583843,
        "GenCollectFull": 557015574,
        "Cleanup": 1346172
    },
    "avg_pause_time_per_category": {
        "ICBufferFull": 404633.3,
        "CollectForMetadataAllocation": 28291921.5,
        "GenCollectFull": 185671858.0,
        "Cleanup": 168271.5
    },
    "p90_pause_time": 2197085.6,
    "throughput": 28332818731
}