{
    "garbage_collector": "Serial",
    "jdk": "HotSpot_21.0.4",
    "benchmark_group": "Renaissance",
    "benchmark_name": "dec-tree",
    "heap_size": "2048",
    "error": null,
    "avg_cpu_usage": 40.4,
    "avg_cpu_time": 39.8,
    "avg_io_time": 0.1,
    "p90_io": 0.0,
    "number_of_pauses": 71,
    "total_pause_time": 548257593,
    "avg_pause_time": 7721937.93,
    "pauses_per_category": {
        "ICBufferFull": 39,
        "CollectForMetadataAllocation": 4,
        "GenCollectForAllocation": 27,
        "GenCollectFull": 1
    },
    "total_pause_time_per_category": {
        "ICBufferFull": 3614758,
        "CollectForMetadataAllocation": 157534916,
        "GenCollectForAllocation": 291889694,
        "GenCollectFull": 95218225
    },
    "avg_pause_time_per_category": {
        "ICBufferFull": 92686.1,
        "CollectForMetadataAllocation": 39383729.0,
        "GenCollectForAllocation": 10810729.41,
        "GenCollectFull": 95218225.0
    },
    "p90_pause_time": 23567901.0,
    "throughput": 15528716847
}