{
    "garbage_collector": "Parallel",
    "jdk": "HotSpot_21.0.4",
    "benchmark_group": "Renaissance",
    "benchmark_name": "future-genetic",
    "heap_size": "2048",
    "error": null,
    "avg_cpu_usage": 32.0,
    "avg_cpu_time": 29.6,
    "avg_io_time": 0.0,
    "p90_io": 0.0,
    "number_of_pauses": 27,
    "total_pause_time": 42478871,
    "avg_pause_time": 1573291.52,
    "pauses_per_category": {
        "ICBufferFull": 3,
        "ParallelGCFailedAllocation": 24
    },
    "total_pause_time_per_category": {
        "ICBufferFull": 318882,
        "ParallelGCFailedAllocation": 42159989
    },
    "avg_pause_time_per_category": {
        "ICBufferFull": 106294.0,
        "ParallelGCFailedAllocation": 1756666.21
    },
    "p90_pause_time": 4382334.0,
    "throughput": 19482147779
}