{
    "garbage_collector": "Serial",
    "jdk": "HotSpot_21.0.4",
    "benchmark_group": "Renaissance",
    "benchmark_name": "log-regression",
    "heap_size": "2048",
    "error": null,
    "avg_cpu_usage": 45.6,
    "avg_cpu_time": 41.1,
    "avg_io_time": 0.0,
    "p90_io": 0.0,
    "number_of_pauses": 90,
    "total_pause_time": 884436038,
    "avg_pause_time": 9827067.09,
    "pauses_per_category": {
        "ICBufferFull": 30,
        "CollectForMetadataAllocation": 5,
        "GenCollectForAllocation": 53,
        "Cleanup": 1,
        "GenCollectFull": 1
    },
    "total_pause_time_per_category": {
        "ICBufferFull": 3085232,
        "CollectForMetadataAllocation": 160244945,
        "GenCollectForAllocation": 559071140,
        "Cleanup": 132897,
        "GenCollectFull": 161901824
    },
    "avg_pause_time_per_category": {
        "ICBufferFull": 102841.07,
        "CollectForMetadataAllocation": 32048989.0,
        "GenCollectForAllocation": 10548512.08,
        "Cleanup": 132897.0,
        "GenCollectFull": 161901824.0
    },
    "p90_pause_time": 15252155.1,
    "throughput": 19016737011
}