{
    "garbage_collector": "Serial",
    "jdk": "HotSpot_21.0.4",
    "benchmark_group": "Renaissance",
    "benchmark_name": "movie-lens",
    "heap_size": "8192",
    "error": null,
    "avg_cpu_usage": 56.0,
    "avg_cpu_time": 50.2,
    "avg_io_time": 0.1,
    "p90_io": 0.0,
    "number_of_pauses": 157,
    "total_pause_time": 1609666998,
    "avg_pause_time": 10252656.04,
    "pauses_per_category": {
        "ICBufferFull": 34,
        "Cleanup": 8,
        "CollectForMetadataAllocation": 4,
        "GenCollectForAllocation": 105,
        "GenCollectFull": 6
    },
    "total_pause_time_per_category": {
        "ICBufferFull": 4781841,
        "Cleanup": 521863,
        "CollectForMetadataAllocation": 85683974,
        "GenCollectForAllocation": 1254772166,
        "GenCollectFull": 263907154
    },
    "avg_pause_time_per_category": {
        "ICBufferFull": 140642.38,
        "Cleanup": 65232.88,
        "CollectForMetadataAllocation": 21420993.5,
        "GenCollectForAllocation": 11950211.1,
        "GenCollectFull": 43984525.67
    },
    "p90_pause_time": 20706706.2,
    "throughput": 90197954787
}