{
    "garbage_collector": "Parallel",
    "jdk": "HotSpot_21.0.4",
    "benchmark_group": "Renaissance",
    "benchmark_name": "rx-scrabble",
    "heap_size": "2048",
    "error": null,
    "avg_cpu_usage": 36.9,
    "avg_cpu_time": 32.6,
    "avg_io_time": 0.0,
    "p90_io": 0.0,
    "number_of_pauses": 7,
    "total_pause_time": 68631722,
    "avg_pause_time": 9804531.71,
    "pauses_per_category": {
        "ICBufferFull": 4,
        "ParallelGCFailedAllocation": 3
    },
    "total_pause_time_per_category": {
        "ICBufferFull": 457765,
        "ParallelGCFailedAllocation": 68173957
    },
    "avg_pause_time_per_category": {
        "ICBufferFull": 114441.25,
        "ParallelGCFailedAllocation": 22724652.33
    },
    "p90_pause_time": 28287816.4,
    "throughput": 2440263553
}