{
    "garbage_collector": "G1",
    "jdk": "HotSpot_21.0.4",
    "benchmark_group": "Renaissance",
    "benchmark_name": "fj-kmeans",
    "heap_size": "1024",
    "error": null,
    "avg_cpu_usage": 85.6,
    "avg_cpu_time": 84.5,
    "avg_io_time": 0.0,
    "p90_io": 0.0,
    "number_of_pauses": 195,
    "total_pause_time": 736084442,
    "avg_pause_time": 3774792.01,
    "pauses_per_category": {
        "ICBufferFull": 1,
        "G1CollectForAllocation": 163,
        "G1TryInitiateConcMark": 13,
        "G1PauseRemark": 9,
        "G1PauseCleanup": 9
    },
    "total_pause_time_per_category": {
        "ICBufferFull": 70264,
        "G1CollectForAllocation": 697028406,
        "G1TryInitiateConcMark": 26982345,
        "G1PauseRemark": 8824762,
        "G1PauseCleanup": 3178665
    },
    "avg_pause_time_per_category": {
        "ICBufferFull": 70264.0,
        "G1CollectForAllocation": 4276247.89,
        "G1TryInitiateConcMark": 2075565.0,
        "G1PauseRemark": 980529.11,
        "G1PauseCleanup": 353185.0
    },
    "p90_pause_time": 4509179.4,
    "throughput": 29720261673
}