{
    "garbage_collector": "Serial",
    "jdk": "HotSpot_21.0.4",
    "benchmark_group": "Renaissance",
    "benchmark_name": "fj-kmeans",
    "heap_size": "2048",
    "error": null,
    "avg_cpu_usage": 81.3,
    "avg_cpu_time": 81.8,
    "avg_io_time": 0.0,
    "p90_io": 0.0,
    "number_of_pauses": 181,
    "total_pause_time": 293987467,
    "avg_pause_time": 1624240.15,
    "pauses_per_category": {
        "ICBufferFull": 1,
        "GenCollectForAllocation": 180
    },
    "total_pause_time_per_category": {
        "ICBufferFull": 127095,
        "GenCollectForAllocation": 293860372
    },
    "avg_pause_time_per_category": {
        "ICBufferFull": 127095.0,
        "GenCollectForAllocation": 1632557.62
    },
    "p90_pause_time": 1134991.0,
    "throughput": 23523577294
}