{
    "garbage_collector": "Serial",
    "jdk": "HotSpot_21.0.4",
    "benchmark_group": "Renaissance",
    "benchmark_name": "akka-uct",
    "heap_size": "256",
    "error": null,
    "avg_cpu_usage": 28.7,
    "avg_cpu_time": 22.3,
    "avg_io_time": 0.0,
    "p90_io": 0.0,
    "number_of_pauses": 3234,
    "total_pause_time": 719823321403,
    "avg_pause_time": 222579876.75,
    "pauses_per_category": {
        "ICBufferFull": 1,
        "GenCollectForAllocation": 3233
    },
    "total_pause_time_per_category": {
        "ICBufferFull": 61892,
        "GenCollectForAllocation": 719823259511
    },
    "avg_pause_time_per_category": {
        "ICBufferFull": 61892.0,
        "GenCollectForAllocation": 222648703.84
    },
    "p90_pause_time": 376528274.7,
    "throughput": 907925350540
}