{
    "garbage_collector": "G1",
    "jdk": "HotSpot_21.0.4",
    "benchmark_group": "Renaissance",
    "benchmark_name": "naive-bayes",
    "heap_size": "512",
    "error": "Error code not found: 52\n20:38:10.179 WARN  [Executor task launch worker for task 3.0 in stage 0.0 (TID 3)] org.apache.spark.storage.BlockManager - Block rdd_3_3 could not be removed as it was not found on disk or in memory\n20:38:10.247 ERROR [Executor task launch worker for task 3.0 in stage 0.0 (TID 3)] org.apache.spark.executor.Executor - Exception in task 3.0 in stage 0.0 (TID 3)\njava.lang.OutOfMemoryError: Java heap space\n\tat org.apache.spark.mllib.util.MLUtils$.$anonfun$parseLibSVMRecord$2(MLUtils.scala:136) ~[spark-mllib_2.13-3.5.0.jar:3.5.0]\n\tat org.apache.spark.mllib.util.MLUtils$$$Lambda/0x00007207e4d6b470.apply(Unknown Source) ~[?:?]\n\tat scala.collection.ArrayOps$.map$extension(ArrayOps.scala:934) ~[scala-library-2.13.12.jar:?]\n\tat org.apache.spark.mllib.util.MLUtils$.parseLibSVMRecord(MLUtils.scala:132) ~[spark-mllib_2.13-3.5.0.jar:3.5.0]\n\tat org.apache.spark.ml.source.libsvm.LibSVMFileFormat.$anonfun$buildReader$6(LibSVMRelation.scala:166) ~[spark-mllib_2.13-3.5.0.jar:3.5.0]\n\tat org.apache.spark.ml.source.libsvm.LibSVMFileFormat$$Lambda/0x00007207e4d53858.apply(Unknown Source) ~[?:?]\n\tat scala.collection.Iterator$$anon$9.next(Iterator.scala:584) ~[scala-library-2.13.12.jar:?]\n\tat scala.collection.Iterator$$anon$9.next(Iterator.scala:584) ~[scala-library-2.13.12.jar:?]\n\tat scala.collection.Iterator$$anon$9.next(Iterator.scala:584) ~[scala-library-2.13.12.jar:?]\n\tat org.apache.spark.sql.execution.datasources.FileScanRDD$$anon$1.next(FileScanRDD.scala:197) ~[spark-sql_2.13-3.5.0.jar:3.5.0]\n\tat scala.collection.Iterator$$anon$9.next(Iterator.scala:584) ~[scala-library-2.13.12.jar:?]\n\tat org.apache.spark.sql.execution.columnar.DefaultCachedBatchSerializer$$anon$1.next(InMemoryRelation.scala:90) ~[spark-sql_2.13-3.5.0.jar:3.5.0]\n\tat org.apache.spark.sql.execution.columnar.DefaultCachedBatchSerializer$$anon$1.next(InMemoryRelation.scala:80) ~[spark-sql_2.13-3.5.0.jar:3.5.0]\n\tat org.apache.spark.sql.execution.columnar.CachedRDDBuilder$$anon$2.next(InMemoryRelation.scala:288) ~[spark-sql_2.13-3.5.0.jar:3.5.0]\n\tat org.apache.spark.sql.execution.columnar.CachedRDDBuilder$$anon$2.next(InMemoryRelation.scala:285) ~[spark-sql_2.13-3.5.0.jar:3.5.0]\n\tat org.apache.spark.storage.memory.MemoryStore.putIterator(MemoryStore.scala:224) ~[spark-core_2.13-3.5.0.jar:3.5.0]\n\tat org.apache.spark.storage.memory.MemoryStore.putIteratorAsValues(MemoryStore.scala:302) ~[spark-core_2.13-3.5.0.jar:3.5.0]\n\tat org.apache.spark.storage.BlockManager.$anonfun$doPutIterator$1(BlockManager.scala:1601) ~[spark-core_2.13-3.5.0.jar:3.5.0]\n\tat org.apache.spark.storage.BlockManager$$Lambda/0x00007207e4b2d018.apply(Unknown Source) ~[?:?]\n\tat org.apache.spark.storage.BlockManager.org$apache$spark$storage$BlockManager$$doPut(BlockManager.scala:1528) ~[spark-core_2.13-3.5.0.jar:3.5.0]\n\tat org.apache.spark.storage.BlockManager.doPutIterator(BlockManager.scala:1592) ~[spark-core_2.13-3.5.0.jar:3.5.0]\n\tat org.apache.spark.storage.BlockManager.getOrElseUpdate(BlockManager.scala:1389) ~[spark-core_2.13-3.5.0.jar:3.5.0]\n\tat org.apache.spark.storage.BlockManager.getOrElseUpdateRDDBlock(BlockManager.scala:1343) ~[spark-core_2.13-3.5.0.jar:3.5.0]\n\tat org.apache.spark.rdd.RDD.getOrCompute(RDD.scala:376) ~[spark-core_2.13-3.5.0.jar:3.5.0]\n\tat org.apache.spark.rdd.RDD.iterator(RDD.scala:326) ~[spark-core_2.13-3.5.0.jar:3.5.0]\n\tat org.apache.spark.scheduler.ResultTask.runTask(ResultTask.scala:93) ~[spark-core_2.13-3.5.0.jar:3.5.0]\n\tat org.apache.spark.TaskContext.runTaskWithListeners(TaskContext.scala:161) ~[spark-core_2.13-3.5.0.jar:3.5.0]\n\tat org.apache.spark.scheduler.Task.run(Task.scala:141) ~[spark-core_2.13-3.5.0.jar:3.5.0]\n\tat org.apache.spark.executor.Executor$TaskRunner.$anonfun$run$4(Executor.scala:620) ~[spark-core_2.13-3.5.0.jar:3.5.0]\n\tat org.apache.spark.executor.Executor$TaskRunner$$Lambda/0x00007207e4bf3d30.apply(Unknown Source) ~[?:?]\n\tat org.apache.spark.util.SparkErrorUtils.tryWithSafeFinally(SparkErrorUtils.scala:64) ~[spark-common-utils_2.13-3.5.0.jar:3.5.0]\n\tat org.apache.spark.util.SparkErrorUtils.tryWithSafeFinally$(SparkErrorUtils.scala:61) ~[spark-common-utils_2.13-3.5.0.jar:3.5.0]\n20:38:10.400 ERROR [Executor task launch worker for task 3.0 in stage 0.0 (TID 3)] org.apache.spark.util.SparkUncaughtExceptionHandler - Uncaught exception in thread Thread[#84,Executor task launch worker for task 3.0 in stage 0.0 (TID 3),5,main]\njava.lang.OutOfMemoryError: Java heap space\n\tat org.apache.spark.mllib.util.MLUtils$.$anonfun$parseLibSVMRecord$2(MLUtils.scala:136) ~[spark-mllib_2.13-3.5.0.jar:3.5.0]\n\tat org.apache.spark.mllib.util.MLUtils$$$Lambda/0x00007207e4d6b470.apply(Unknown Source) ~[?:?]\n\tat scala.collection.ArrayOps$.map$extension(ArrayOps.scala:934) ~[scala-library-2.13.12.jar:?]\n\tat org.apache.spark.mllib.util.MLUtils$.parseLibSVMRecord(MLUtils.scala:132) ~[spark-mllib_2.13-3.5.0.jar:3.5.0]\n\tat org.apache.spark.ml.source.libsvm.LibSVMFileFormat.$anonfun$buildReader$6(LibSVMRelation.scala:166) ~[spark-mllib_2.13-3.5.0.jar:3.5.0]\n\tat org.apache.spark.ml.source.libsvm.LibSVMFileFormat$$Lambda/0x00007207e4d53858.apply(Unknown Source) ~[?:?]\n\tat scala.collection.Iterator$$anon$9.next(Iterator.scala:584) ~[scala-library-2.13.12.jar:?]\n\tat scala.collection.Iterator$$anon$9.next(Iterator.scala:584) ~[scala-library-2.13.12.jar:?]\n\tat scala.collection.Iterator$$anon$9.next(Iterator.scala:584) ~[scala-library-2.13.12.jar:?]\n\tat org.apache.spark.sql.execution.datasources.FileScanRDD$$anon$1.next(FileScanRDD.scala:197) ~[spark-sql_2.13-3.5.0.jar:3.5.0]\n\tat scala.collection.Iterator$$anon$9.next(Iterator.scala:584) ~[scala-library-2.13.12.jar:?]\n\tat org.apache.spark.sql.execution.columnar.DefaultCachedBatchSerializer$$anon$1.next(InMemoryRelation.scala:90) ~[spark-sql_2.13-3.5.0.jar:3.5.0]\n\tat org.apache.spark.sql.execution.columnar.DefaultCachedBatchSerializer$$anon$1.next(InMemoryRelation.scala:80) ~[spark-sql_2.13-3.5.0.jar:3.5.0]\n\tat org.apache.spark.sql.execution.columnar.CachedRDDBuilder$$anon$2.next(InMemoryRelation.scala:288) ~[spark-sql_2.13-3.5.0.jar:3.5.0]\n\tat org.apache.spark.sql.execution.columnar.CachedRDDBuilder$$anon$2.next(InMemoryRelation.scala:285) ~[spark-sql_2.13-3.5.0.jar:3.5.0]\n\tat org.apache.spark.storage.memory.MemoryStore.putIterator(MemoryStore.scala:224) ~[spark-core_2.13-3.5.0.jar:3.5.0]\n\tat org.apache.spark.storage.memory.MemoryStore.putIteratorAsValues(MemoryStore.scala:302) ~[spark-core_2.13-3.5.0.jar:3.5.0]\n\tat org.apache.spark.storage.BlockManager.$anonfun$doPutIterator$1(BlockManager.scala:1601) ~[spark-core_2.13-3.5.0.jar:3.5.0]\n\tat org.apache.spark.storage.BlockManager$$Lambda/0x00007207e4b2d018.apply(Unknown Source) ~[?:?]\n\tat org.apache.spark.storage.BlockManager.org$apache$spark$storage$BlockManager$$doPut(BlockManager.scala:1528) ~[spark-core_2.13-3.5.0.jar:3.5.0]\n\tat org.apache.spark.storage.BlockManager.doPutIterator(BlockManager.scala:1592) ~[spark-core_2.13-3.5.0.jar:3.5.0]\n\tat org.apache.spark.storage.BlockManager.getOrElseUpdate(BlockManager.scala:1389) ~[spark-core_2.13-3.5.0.jar:3.5.0]\n\tat org.apache.spark.storage.BlockManager.getOrElseUpdateRDDBlock(BlockManager.scala:1343) ~[spark-core_2.13-3.5.0.jar:3.5.0]\n\tat org.apache.spark.rdd.RDD.getOrCompute(RDD.scala:376) ~[spark-core_2.13-3.5.0.jar:3.5.0]\n\tat org.apache.spark.rdd.RDD.iterator(RDD.scala:326) ~[spark-core_2.13-3.5.0.jar:3.5.0]\n\tat org.apache.spark.scheduler.ResultTask.runTask(ResultTask.scala:93) ~[spark-core_2.13-3.5.0.jar:3.5.0]\n\tat org.apache.spark.TaskContext.runTaskWithListeners(TaskContext.scala:161) ~[spark-core_2.13-3.5.0.jar:3.5.0]\n\tat org.apache.spark.scheduler.Task.run(Task.scala:141) ~[spark-core_2.13-3.5.0.jar:3.5.0]\n\tat org.apache.spark.executor.Executor$TaskRunner.$anonfun$run$4(Executor.scala:620) ~[spark-core_2.13-3.5.0.jar:3.5.0]\n\tat org.apache.spark.executor.Executor$TaskRunner$$Lambda/0x00007207e4bf3d30.apply(Unknown Source) ~[?:?]\n\tat org.apache.spark.util.SparkErrorUtils.tryWithSafeFinally(SparkErrorUtils.scala:64) ~[spark-common-utils_2.13-3.5.0.jar:3.5.0]\n\tat org.apache.spark.util.SparkErrorUtils.tryWithSafeFinally$(SparkErrorUtils.scala:61) ~[spark-common-utils_2.13-3.5.0.jar:3.5.0]\n",
    "avg_cpu_usage": 49.6,
    "avg_cpu_time": 46.8,
    "avg_io_time": 0.1,
    "p90_io": 0.0,
    "number_of_pauses": 0,
    "total_pause_time": 0,
    "avg_pause_time": 0,
    "pauses_per_category": {},
    "total_pause_time_per_category": {},
    "avg_pause_time_per_category": {},
    "p90_pause_time": 0,
    "throughput": 0
}