{
    "garbage_collector": "G1",
    "jdk": "HotSpot_21.0.4",
    "benchmark_group": "Renaissance",
    "benchmark_name": "mnemonics",
    "heap_size": "1024",
    "error": null,
    "avg_cpu_usage": 16.1,
    "avg_cpu_time": 16.4,
    "avg_io_time": 0.0,
    "p90_io": 0.0,
    "number_of_pauses": 115,
    "total_pause_time": 1074768188,
    "avg_pause_time": 9345810.33,
    "pauses_per_category": {
        "ICBufferFull": 1,
        "G1CollectForAllocation": 110,
        "G1PauseRemark": 2,
        "G1PauseCleanup": 2
    },
    "total_pause_time_per_category": {
        "ICBufferFull": 55579,
        "G1CollectForAllocation": 1071650012,
        "G1PauseRemark": 2537608,
        "G1PauseCleanup": 524989
    },
    "avg_pause_time_per_category": {
        "ICBufferFull": 55579.0,
        "G1CollectForAllocation": 9742272.84,
        "G1PauseRemark": 1268804.0,
        "G1PauseCleanup": 262494.5
    },
    "p90_pause_time": 27443279.2,
    "throughput": 25556492139
}