{
    "garbage_collector": "G1",
    "jdk": "HotSpot_21.0.4",
    "benchmark_group": "Renaissance",
    "benchmark_name": "rx-scrabble",
    "heap_size": "8192",
    "error": null,
    "avg_cpu_usage": 27.8,
    "avg_cpu_time": 26.8,
    "avg_io_time": 0.0,
    "p90_io": 0.0,
    "number_of_pauses": 9,
    "total_pause_time": 50374265,
    "avg_pause_time": 5597140.56,
    "pauses_per_category": {
        "ICBufferFull": 5,
        "G1CollectForAllocation": 4
    },
    "total_pause_time_per_category": {
        "ICBufferFull": 399700,
        "G1CollectForAllocation": 49974565
    },
    "avg_pause_time_per_category": {
        "ICBufferFull": 79940.0,
        "G1CollectForAllocation": 12493641.25
    },
    "p90_pause_time": 21539837.8,
    "throughput": 2748983425
}