{
    "garbage_collector": "Parallel",
    "jdk": "HotSpot_21.0.4",
    "benchmark_group": "Renaissance",
    "benchmark_name": "rx-scrabble",
    "heap_size": "1024",
    "error": null,
    "avg_cpu_usage": 39.8,
    "avg_cpu_time": 31.2,
    "avg_io_time": 0.0,
    "p90_io": 0.0,
    "number_of_pauses": 10,
    "total_pause_time": 129294971,
    "avg_pause_time": 12929497.1,
    "pauses_per_category": {
        "ICBufferFull": 3,
        "ParallelGCFailedAllocation": 7
    },
    "total_pause_time_per_category": {
        "ICBufferFull": 2185069,
        "ParallelGCFailedAllocation": 127109902
    },
    "avg_pause_time_per_category": {
        "ICBufferFull": 728356.33,
        "ParallelGCFailedAllocation": 18158557.43
    },
    "p90_pause_time": 26798929.0,
    "throughput": 2440991916
}