{
    "garbage_collector": "Parallel",
    "jdk": "HotSpot_21.0.4",
    "benchmark_group": "Renaissance",
    "benchmark_name": "fj-kmeans",
    "heap_size": "2048",
    "error": null,
    "avg_cpu_usage": 86.0,
    "avg_cpu_time": 84.8,
    "avg_io_time": 0.0,
    "p90_io": 0.0,
    "number_of_pauses": 157,
    "total_pause_time": 376325989,
    "avg_pause_time": 2396980.82,
    "pauses_per_category": {
        "ICBufferFull": 1,
        "ParallelGCFailedAllocation": 156
    },
    "total_pause_time_per_category": {
        "ICBufferFull": 122954,
        "ParallelGCFailedAllocation": 376203035
    },
    "avg_pause_time_per_category": {
        "ICBufferFull": 122954.0,
        "ParallelGCFailedAllocation": 2411557.92
    },
    "p90_pause_time": 882057.8,
    "throughput": 27262061799
}