{
    "garbage_collector": "Z",
    "jdk": "HotSpot_21.0.4",
    "benchmark_group": "Renaissance",
    "benchmark_name": "finagle-chirper",
    "heap_size": "256",
    "error": null,
    "avg_cpu_usage": 80.3,
    "avg_cpu_time": 74.1,
    "avg_io_time": 0.0,
    "p90_io": 0.0,
    "number_of_pauses": 1207,
    "total_pause_time": 161413504,
    "avg_pause_time": 133731.15,
    "pauses_per_category": {
        "ICBufferFull": 24,
        "XMarkStart": 393,
        "XMarkEnd": 392,
        "CleanClassLoaderDataMetaspaces": 5,
        "XRelocateStart": 393
    },
    "total_pause_time_per_category": {
        "ICBufferFull": 13037389,
        "XMarkStart": 58472289,
        "XMarkEnd": 45121675,
        "CleanClassLoaderDataMetaspaces": 3312491,
        "XRelocateStart": 41469660
    },
    "avg_pause_time_per_category": {
        "ICBufferFull": 543224.54,
        "XMarkStart": 148784.45,
        "XMarkEnd": 115106.31,
        "CleanClassLoaderDataMetaspaces": 662498.2,
        "XRelocateStart": 105520.76
    },
    "p90_pause_time": 144741.6,
    "throughput": 44588969699
}