{
    "garbage_collector": "Parallel",
    "jdk": "HotSpot_21.0.4",
    "benchmark_group": "Renaissance",
    "benchmark_name": "als",
    "heap_size": "512",
    "error": null,
    "avg_cpu_usage": 66.5,
    "avg_cpu_time": 65.3,
    "avg_io_time": 0.2,
    "p90_io": 0.0,
    "number_of_pauses": 561,
    "total_pause_time": 2424990831,
    "avg_pause_time": 4322621.8,
    "pauses_per_category": {
        "ICBufferFull": 20,
        "Cleanup": 1,
        "CollectForMetadataAllocation": 4,
        "ParallelGCFailedAllocation": 493,
        "ParallelGCSystemGC": 43
    },
    "total_pause_time_per_category": {
        "ICBufferFull": 1817555,
        "Cleanup": 149425,
        "CollectForMetadataAllocation": 132939075,
        "ParallelGCFailedAllocation": 2202479177,
        "ParallelGCSystemGC": 87605599
    },
    "avg_pause_time_per_category": {
        "ICBufferFull": 90877.75,
        "Cleanup": 149425.0,
        "CollectForMetadataAllocation": 33234768.75,
        "ParallelGCFailedAllocation": 4467503.4,
        "ParallelGCSystemGC": 2037339.51
    },
    "p90_pause_time": 5972497.0,
    "throughput": 54506283524
}