{
    "garbage_collector": "Parallel",
    "jdk": "HotSpot_21.0.4",
    "benchmark_group": "Renaissance",
    "benchmark_name": "mnemonics",
    "heap_size": "256",
    "error": null,
    "avg_cpu_usage": 14.5,
    "avg_cpu_time": 15.8,
    "avg_io_time": 0.1,
    "p90_io": 0.0,
    "number_of_pauses": 1023,
    "total_pause_time": 1716824592,
    "avg_pause_time": 1678225.41,
    "pauses_per_category": {
        "ICBufferFull": 1,
        "ParallelGCFailedAllocation": 1022
    },
    "total_pause_time_per_category": {
        "ICBufferFull": 57677,
        "ParallelGCFailedAllocation": 1716766915
    },
    "avg_pause_time_per_category": {
        "ICBufferFull": 57677.0,
        "ParallelGCFailedAllocation": 1679811.07
    },
    "p90_pause_time": 2134712.6,
    "throughput": 27977157952
}