{
    "garbage_collector": "Z",
    "jdk": "HotSpot_21.0.4",
    "benchmark_group": "Renaissance",
    "benchmark_name": "mnemonics",
    "heap_size": "2048",
    "error": null,
    "avg_cpu_usage": 13.7,
    "avg_cpu_time": 13.8,
    "avg_io_time": 0.0,
    "p90_io": 0.0,
    "number_of_pauses": 237,
    "total_pause_time": 22594153,
    "avg_pause_time": 95333.98,
    "pauses_per_category": {
        "ICBufferFull": 1,
        "XMarkStart": 78,
        "XMarkEnd": 78,
        "CleanClassLoaderDataMetaspaces": 2,
        "XRelocateStart": 78
    },
    "total_pause_time_per_category": {
        "ICBufferFull": 123207,
        "XMarkStart": 7536735,
        "XMarkEnd": 7460143,
        "CleanClassLoaderDataMetaspaces": 551016,
        "XRelocateStart": 6923052
    },
    "avg_pause_time_per_category": {
        "ICBufferFull": 123207.0,
        "XMarkStart": 96624.81,
        "XMarkEnd": 95642.86,
        "CleanClassLoaderDataMetaspaces": 275508.0,
        "XRelocateStart": 88757.08
    },
    "p90_pause_time": 103654.4,
    "throughput": 30405740360
}