{
    "garbage_collector": "Serial",
    "jdk": "HotSpot_21.0.4",
    "benchmark_group": "Renaissance",
    "benchmark_name": "movie-lens",
    "heap_size": "512",
    "error": null,
    "avg_cpu_usage": 53.2,
    "avg_cpu_time": 47.5,
    "avg_io_time": 0.1,
    "p90_io": 0.0,
    "number_of_pauses": 1723,
    "total_pause_time": 8064325904,
    "avg_pause_time": 4680398.09,
    "pauses_per_category": {
        "ICBufferFull": 12,
        "Cleanup": 1,
        "CollectForMetadataAllocation": 3,
        "GenCollectForAllocation": 1640,
        "GenCollectFull": 67
    },
    "total_pause_time_per_category": {
        "ICBufferFull": 1131085,
        "Cleanup": 84902,
        "CollectForMetadataAllocation": 92415214,
        "GenCollectForAllocation": 7521688029,
        "GenCollectFull": 449006674
    },
    "avg_pause_time_per_category": {
        "ICBufferFull": 94257.08,
        "Cleanup": 84902.0,
        "CollectForMetadataAllocation": 30805071.33,
        "GenCollectForAllocation": 4586395.14,
        "GenCollectFull": 6701592.15
    },
    "p90_pause_time": 7668442.0,
    "throughput": 96525859666
}