{
    "garbage_collector": "G1",
    "jdk": "HotSpot_21.0.4",
    "benchmark_group": "Renaissance",
    "benchmark_name": "finagle-http",
    "heap_size": "1024",
    "error": null,
    "avg_cpu_usage": 81.0,
    "avg_cpu_time": 65.5,
    "avg_io_time": 0.0,
    "p90_io": 0.0,
    "number_of_pauses": 121,
    "total_pause_time": 189760392,
    "avg_pause_time": 1568267.7,
    "pauses_per_category": {
        "ICBufferFull": 51,
        "G1CollectForAllocation": 60,
        "CollectForMetadataAllocation": 4,
        "G1PauseRemark": 2,
        "G1PauseCleanup": 2,
        "Cleanup": 2
    },
    "total_pause_time_per_category": {
        "ICBufferFull": 11218387,
        "G1CollectForAllocation": 159926243,
        "CollectForMetadataAllocation": 14163604,
        "G1PauseRemark": 3400059,
        "G1PauseCleanup": 585398,
        "Cleanup": 466701
    },
    "avg_pause_time_per_category": {
        "ICBufferFull": 219968.37,
        "G1CollectForAllocation": 2665437.38,
        "CollectForMetadataAllocation": 3540901.0,
        "G1PauseRemark": 1700029.5,
        "G1PauseCleanup": 292699.0,
        "Cleanup": 233350.5
    },
    "p90_pause_time": 4883197.0,
    "throughput": 41785849347
}