{
    "garbage_collector": "Z",
    "jdk": "HotSpot_21.0.4",
    "benchmark_group": "Renaissance",
    "benchmark_name": "mnemonics",
    "heap_size": "1024",
    "error": null,
    "avg_cpu_usage": 15.1,
    "avg_cpu_time": 15.4,
    "avg_io_time": 0.0,
    "p90_io": 0.0,
    "number_of_pauses": 668,
    "total_pause_time": 62160782,
    "avg_pause_time": 93055.06,
    "pauses_per_category": {
        "ICBufferFull": 1,
        "XMarkStart": 222,
        "XMarkEnd": 221,
        "CleanClassLoaderDataMetaspaces": 3,
        "XRelocateStart": 221
    },
    "total_pause_time_per_category": {
        "ICBufferFull": 73469,
        "XMarkStart": 20943970,
        "XMarkEnd": 20845258,
        "CleanClassLoaderDataMetaspaces": 657244,
        "XRelocateStart": 19640841
    },
    "avg_pause_time_per_category": {
        "ICBufferFull": 73469.0,
        "XMarkStart": 94342.21,
        "XMarkEnd": 94322.43,
        "CleanClassLoaderDataMetaspaces": 219081.33,
        "XRelocateStart": 88872.58
    },
    "p90_pause_time": 100747.5,
    "throughput": 34056643524
}