{
    "garbage_collector": "Parallel",
    "jdk": "HotSpot_21.0.4",
    "benchmark_group": "Renaissance",
    "benchmark_name": "finagle-http",
    "heap_size": "2048",
    "error": null,
    "avg_cpu_usage": 79.6,
    "avg_cpu_time": 63.8,
    "avg_io_time": 0.0,
    "p90_io": 0.0,
    "number_of_pauses": 96,
    "total_pause_time": 122305629,
    "avg_pause_time": 1274016.97,
    "pauses_per_category": {
        "ICBufferFull": 38,
        "CollectForMetadataAllocation": 2,
        "ParallelGCFailedAllocation": 55,
        "Cleanup": 1
    },
    "total_pause_time_per_category": {
        "ICBufferFull": 6763721,
        "CollectForMetadataAllocation": 41663112,
        "ParallelGCFailedAllocation": 73729085,
        "Cleanup": 149711
    },
    "avg_pause_time_per_category": {
        "ICBufferFull": 177992.66,
        "CollectForMetadataAllocation": 20831556.0,
        "ParallelGCFailedAllocation": 1340528.82,
        "Cleanup": 149711.0
    },
    "p90_pause_time": 1818658.5,
    "throughput": 39041591156
}