{
    "garbage_collector": "G1",
    "jdk": "HotSpot_21.0.4",
    "benchmark_group": "Renaissance",
    "benchmark_name": "log-regression",
    "heap_size": "1024",
    "error": null,
    "avg_cpu_usage": 49.6,
    "avg_cpu_time": 48.1,
    "avg_io_time": 0.0,
    "p90_io": 0.0,
    "number_of_pauses": 179,
    "total_pause_time": 543650863,
    "avg_pause_time": 3037155.66,
    "pauses_per_category": {
        "ICBufferFull": 36,
        "Cleanup": 1,
        "G1CollectForAllocation": 59,
        "CollectForMetadataAllocation": 12,
        "G1PauseRemark": 22,
        "G1PauseCleanup": 22,
        "G1TryInitiateConcMark": 27
    },
    "total_pause_time_per_category": {
        "ICBufferFull": 3194519,
        "Cleanup": 89081,
        "G1CollectForAllocation": 275609226,
        "CollectForMetadataAllocation": 73345336,
        "G1PauseRemark": 102116932,
        "G1PauseCleanup": 7671963,
        "G1TryInitiateConcMark": 81623806
    },
    "avg_pause_time_per_category": {
        "ICBufferFull": 88736.64,
        "Cleanup": 89081.0,
        "G1CollectForAllocation": 4671342.81,
        "CollectForMetadataAllocation": 6112111.33,
        "G1PauseRemark": 4641678.73,
        "G1PauseCleanup": 348725.59,
        "G1TryInitiateConcMark": 3023103.93
    },
    "p90_pause_time": 5826701.2,
    "throughput": 19925287402
}