{
    "garbage_collector": "G1",
    "jdk": "HotSpot_21.0.4",
    "benchmark_group": "Renaissance",
    "benchmark_name": "par-mnemonics",
    "heap_size": "256",
    "error": null,
    "avg_cpu_usage": 19.6,
    "avg_cpu_time": 20.2,
    "avg_io_time": 0.0,
    "p90_io": 0.0,
    "number_of_pauses": 549,
    "total_pause_time": 1422708880,
    "avg_pause_time": 2591455.15,
    "pauses_per_category": {
        "G1CollectForAllocation": 450,
        "G1TryInitiateConcMark": 9,
        "G1PauseRemark": 45,
        "G1PauseCleanup": 45
    },
    "total_pause_time_per_category": {
        "G1CollectForAllocation": 1275369677,
        "G1TryInitiateConcMark": 104605837,
        "G1PauseRemark": 35661491,
        "G1PauseCleanup": 7071875
    },
    "avg_pause_time_per_category": {
        "G1CollectForAllocation": 2834154.84,
        "G1TryInitiateConcMark": 11622870.78,
        "G1PauseRemark": 792477.58,
        "G1PauseCleanup": 157152.78
    },
    "p90_pause_time": 4494372.8,
    "throughput": 24640177350
}