{
    "garbage_collector": "Parallel",
    "jdk": "HotSpot_21.0.4",
    "benchmark_group": "Renaissance",
    "benchmark_name": "finagle-http",
    "heap_size": "1024",
    "error": null,
    "avg_cpu_usage": 79.0,
    "avg_cpu_time": 62.9,
    "avg_io_time": 0.0,
    "p90_io": 0.0,
    "number_of_pauses": 164,
    "total_pause_time": 168866754,
    "avg_pause_time": 1029675.33,
    "pauses_per_category": {
        "ICBufferFull": 53,
        "CollectForMetadataAllocation": 2,
        "ParallelGCFailedAllocation": 109
    },
    "total_pause_time_per_category": {
        "ICBufferFull": 7226364,
        "CollectForMetadataAllocation": 40507115,
        "ParallelGCFailedAllocation": 121133275
    },
    "avg_pause_time_per_category": {
        "ICBufferFull": 136346.49,
        "CollectForMetadataAllocation": 20253557.5,
        "ParallelGCFailedAllocation": 1111314.45
    },
    "p90_pause_time": 1074474.0,
    "throughput": 38433286665
}