{
    "garbage_collector": "Serial",
    "jdk": "HotSpot_21.0.4",
    "benchmark_group": "Renaissance",
    "benchmark_name": "reactors",
    "heap_size": "256",
    "error": "Error code not found: 1\nBenchmark 'reactors' failed with exception:\njava.lang.OutOfMemoryError: Java heap space\n\tat io.reactors.concurrent.Frame.openConnector(Frame.scala:92)\n\tat io.reactors.ReactorSystem.trySpawnReactor(ReactorSystem.scala:150)\n\tat io.reactors.ReactorSystem.spawn(ReactorSystem.scala:91)\n\tat org.renaissance.actors.ForkJoinCreation$.$anonfun$run$17(Reactors.scala:314)\n\tat org.renaissance.actors.ForkJoinCreation$.$anonfun$run$17$adapted(Reactors.scala:313)\n\tat org.renaissance.actors.ForkJoinCreation$$$Lambda/0x00007c342c2879d8.apply(Unknown Source)\n\tat scala.collection.TraversableLike.$anonfun$map$1(TraversableLike.scala:286)\n\tat scala.collection.TraversableLike$$Lambda/0x00007c342c1ceef0.apply(Unknown Source)\n\tat scala.collection.immutable.Range.foreach(Range.scala:158)\n\tat scala.collection.TraversableLike.map(TraversableLike.scala:286)\n\tat scala.collection.TraversableLike.map$(TraversableLike.scala:279)\n\tat scala.collection.AbstractTraversable.map(Traversable.scala:108)\n\tat org.renaissance.actors.ForkJoinCreation$.run(Reactors.scala:313)\n\tat org.renaissance.actors.Reactors.run(Reactors.scala:68)\n\tat org.renaissance.harness.ExecutionDriver.executeOperation(ExecutionDriver.java:137)\n\tat org.renaissance.harness.ExecutionDriver.executeBenchmark(ExecutionDriver.java:93)\n\tat org.renaissance.harness.RenaissanceSuite$.runBenchmarks$$anonfun$1(RenaissanceSuite.scala:172)\n\tat org.renaissance.harness.RenaissanceSuite$$$Lambda/0x00007c342c11c4c0.applyVoid(Unknown Source)\n\tat scala.runtime.function.JProcedure1.apply(JProcedure1.java:15)\n\tat scala.runtime.function.JProcedure1.apply(JProcedure1.java:10)\n\tat scala.collection.immutable.List.foreach(List.scala:333)\n\tat org.renaissance.harness.RenaissanceSuite$.runBenchmarks(RenaissanceSuite.scala:205)\n\tat org.renaissance.harness.RenaissanceSuite$.main(RenaissanceSuite.scala:130)\n\tat org.renaissance.harness.RenaissanceSuite.main(RenaissanceSuite.scala)\n\tat java.base/java.lang.invoke.LambdaForm$DMH/0x00007c342c004000.invokeStatic(LambdaForm$DMH)\n\tat java.base/java.lang.invoke.LambdaForm$MH/0x00007c342c00a000.invoke(LambdaForm$MH)\n\tat java.base/java.lang.invoke.Invokers$Holder.invokeExact_MT(Invokers$Holder)\n\tat java.base/jdk.internal.reflect.DirectMethodHandleAccessor.invokeImpl(DirectMethodHandleAccessor.java:154)\n\tat java.base/jdk.internal.reflect.DirectMethodHandleAccessor.invoke(DirectMethodHandleAccessor.java:103)\n\tat java.base/java.lang.reflect.Method.invoke(Method.java:580)\n\tat org.renaissance.core.Launcher.loadAndInvokeHarnessClass(Launcher.java:129)\n\tat org.renaissance.core.Launcher.launchHarnessClass(Launcher.java:78)\n",
    "avg_cpu_usage": 18.7,
    "avg_cpu_time": 18.6,
    "avg_io_time": 0.0,
    "p90_io": 0.0,
    "number_of_pauses": 0,
    "total_pause_time": 0,
    "avg_pause_time": 0,
    "pauses_per_category": {},
    "total_pause_time_per_category": {},
    "avg_pause_time_per_category": {},
    "p90_pause_time": 0,
    "throughput": 0
}