{
    "garbage_collector": "G1",
    "jdk": "HotSpot_21.0.4",
    "benchmark_group": "Renaissance",
    "benchmark_name": "page-rank",
    "heap_size": "8192",
    "error": null,
    "avg_cpu_usage": 44.2,
    "avg_cpu_time": 44.7,
    "avg_io_time": 0.1,
    "p90_io": 0.0,
    "number_of_pauses": 125,
    "total_pause_time": 8838165108,
    "avg_pause_time": 70705320.86,
    "pauses_per_category": {
        "ICBufferFull": 9,
        "Cleanup": 15,
        "CollectForMetadataAllocation": 29,
        "G1PauseRemark": 5,
        "G1PauseCleanup": 5,
        "G1CollectForAllocation": 60,
        "G1TryInitiateConcMark": 2
    },
    "total_pause_time_per_category": {
        "ICBufferFull": 568631,
        "Cleanup": 1400602,
        "CollectForMetadataAllocation": 585439558,
        "G1PauseRemark": 17902949,
        "G1PauseCleanup": 1876938,
        "G1CollectForAllocation": 8144742143,
        "G1TryInitiateConcMark": 86234287
    },
    "avg_pause_time_per_category": {
        "ICBufferFull": 63181.22,
        "Cleanup": 93373.47,
        "CollectForMetadataAllocation": 20187570.97,
        "G1PauseRemark": 3580589.8,
        "G1PauseCleanup": 375387.6,
        "G1CollectForAllocation": 135745702.38,
        "G1TryInitiateConcMark": 43117143.5
    },
    "p90_pause_time": 173151141.2,
    "throughput": 58416727834
}