{
    "garbage_collector": "G1",
    "jdk": "HotSpot_21.0.4",
    "benchmark_group": "Renaissance",
    "benchmark_name": "finagle-chirper",
    "heap_size": "8192",
    "error": null,
    "avg_cpu_usage": 78.8,
    "avg_cpu_time": 70.7,
    "avg_io_time": 0.1,
    "p90_io": 0.0,
    "number_of_pauses": 110,
    "total_pause_time": 179900860,
    "avg_pause_time": 1635462.36,
    "pauses_per_category": {
        "ICBufferFull": 67,
        "CollectForMetadataAllocation": 4,
        "G1PauseRemark": 3,
        "G1PauseCleanup": 3,
        "G1CollectForAllocation": 9,
        "Cleanup": 23,
        "G1TryInitiateConcMark": 1
    },
    "total_pause_time_per_category": {
        "ICBufferFull": 28711096,
        "CollectForMetadataAllocation": 17041807,
        "G1PauseRemark": 11018242,
        "G1PauseCleanup": 1062434,
        "G1CollectForAllocation": 108355046,
        "Cleanup": 2264807,
        "G1TryInitiateConcMark": 11447428
    },
    "avg_pause_time_per_category": {
        "ICBufferFull": 428523.82,
        "CollectForMetadataAllocation": 4260451.75,
        "G1PauseRemark": 3672747.33,
        "G1PauseCleanup": 354144.67,
        "G1CollectForAllocation": 12039449.56,
        "Cleanup": 98469.87,
        "G1TryInitiateConcMark": 11447428.0
    },
    "p90_pause_time": 6990687.4,
    "throughput": 36875919794
}