{
    "garbage_collector": "G1",
    "jdk": "HotSpot_21.0.4",
    "benchmark_group": "Renaissance",
    "benchmark_name": "page-rank",
    "heap_size": "1024",
    "error": null,
    "avg_cpu_usage": 47.9,
    "avg_cpu_time": 48.3,
    "avg_io_time": 0.1,
    "p90_io": 0.0,
    "number_of_pauses": 424,
    "total_pause_time": 11917113071,
    "avg_pause_time": 28106398.75,
    "pauses_per_category": {
        "ICBufferFull": 7,
        "Cleanup": 1,
        "G1CollectForAllocation": 229,
        "CollectForMetadataAllocation": 4,
        "G1PauseRemark": 64,
        "G1PauseCleanup": 64,
        "G1TryInitiateConcMark": 55
    },
    "total_pause_time_per_category": {
        "ICBufferFull": 541589,
        "Cleanup": 529866,
        "G1CollectForAllocation": 10627526162,
        "CollectForMetadataAllocation": 18592742,
        "G1PauseRemark": 188705446,
        "G1PauseCleanup": 23007799,
        "G1TryInitiateConcMark": 1058209467
    },
    "avg_pause_time_per_category": {
        "ICBufferFull": 77369.86,
        "Cleanup": 529866.0,
        "G1CollectForAllocation": 46408411.19,
        "CollectForMetadataAllocation": 4648185.5,
        "G1PauseRemark": 2948522.59,
        "G1PauseCleanup": 359496.86,
        "G1TryInitiateConcMark": 19240172.13
    },
    "p90_pause_time": 82156936.8,
    "throughput": 79044255399
}