{
    "garbage_collector": "Z",
    "jdk": "HotSpot_21.0.4",
    "benchmark_group": "Renaissance",
    "benchmark_name": "future-genetic",
    "heap_size": "4096",
    "error": null,
    "avg_cpu_usage": 29.4,
    "avg_cpu_time": 28.5,
    "avg_io_time": 0.0,
    "p90_io": 0.0,
    "number_of_pauses": 79,
    "total_pause_time": 8103629,
    "avg_pause_time": 102577.58,
    "pauses_per_category": {
        "ICBufferFull": 5,
        "XMarkStart": 24,
        "XMarkEnd": 24,
        "CleanClassLoaderDataMetaspaces": 2,
        "XRelocateStart": 24
    },
    "total_pause_time_per_category": {
        "ICBufferFull": 404230,
        "XMarkStart": 2445946,
        "XMarkEnd": 2340957,
        "CleanClassLoaderDataMetaspaces": 649667,
        "XRelocateStart": 2262829
    },
    "avg_pause_time_per_category": {
        "ICBufferFull": 80846.0,
        "XMarkStart": 101914.42,
        "XMarkEnd": 97539.88,
        "CleanClassLoaderDataMetaspaces": 324833.5,
        "XRelocateStart": 94284.54
    },
    "p90_pause_time": 103254.6,
    "throughput": 24348088131
}