{
    "garbage_collector": "G1",
    "jdk": "HotSpot_21.0.4",
    "benchmark_group": "Renaissance",
    "benchmark_name": "movie-lens",
    "heap_size": "4096",
    "error": null,
    "avg_cpu_usage": 57.0,
    "avg_cpu_time": 52.5,
    "avg_io_time": 0.1,
    "p90_io": 0.0,
    "number_of_pauses": 240,
    "total_pause_time": 878132892,
    "avg_pause_time": 3658887.05,
    "pauses_per_category": {
        "ICBufferFull": 37,
        "Cleanup": 29,
        "CollectForMetadataAllocation": 7,
        "G1PauseRemark": 13,
        "G1PauseCleanup": 13,
        "G1CollectForAllocation": 53,
        "G1TryInitiateConcMark": 88
    },
    "total_pause_time_per_category": {
        "ICBufferFull": 7057665,
        "Cleanup": 4210284,
        "CollectForMetadataAllocation": 39170368,
        "G1PauseRemark": 62863448,
        "G1PauseCleanup": 9276597,
        "G1CollectForAllocation": 322888122,
        "G1TryInitiateConcMark": 432666408
    },
    "avg_pause_time_per_category": {
        "ICBufferFull": 190747.7,
        "Cleanup": 145182.21,
        "CollectForMetadataAllocation": 5595766.86,
        "G1PauseRemark": 4835649.85,
        "G1PauseCleanup": 713584.38,
        "G1CollectForAllocation": 6092228.72,
        "G1TryInitiateConcMark": 4916663.73
    },
    "p90_pause_time": 9195493.7,
    "throughput": 93846684804
}