{
    "garbage_collector": "Parallel",
    "jdk": "HotSpot_21.0.4",
    "benchmark_group": "Renaissance",
    "benchmark_name": "movie-lens",
    "heap_size": "2048",
    "error": null,
    "avg_cpu_usage": 54.7,
    "avg_cpu_time": 51.1,
    "avg_io_time": 0.2,
    "p90_io": 0.0,
    "number_of_pauses": 418,
    "total_pause_time": 1216154845,
    "avg_pause_time": 2909461.35,
    "pauses_per_category": {
        "ICBufferFull": 44,
        "Cleanup": 2,
        "CollectForMetadataAllocation": 4,
        "ParallelGCFailedAllocation": 326,
        "ParallelGCSystemGC": 42
    },
    "total_pause_time_per_category": {
        "ICBufferFull": 5050895,
        "Cleanup": 243433,
        "CollectForMetadataAllocation": 81956541,
        "ParallelGCFailedAllocation": 935070541,
        "ParallelGCSystemGC": 193833435
    },
    "avg_pause_time_per_category": {
        "ICBufferFull": 114793.07,
        "Cleanup": 121716.5,
        "CollectForMetadataAllocation": 20489135.25,
        "ParallelGCFailedAllocation": 2868314.54,
        "ParallelGCSystemGC": 4615081.79
    },
    "p90_pause_time": 4146462.7,
    "throughput": 89525243429
}