{
    "garbage_collector": "Parallel",
    "jdk": "HotSpot_21.0.4",
    "benchmark_group": "Renaissance",
    "benchmark_name": "fj-kmeans",
    "heap_size": "4096",
    "error": null,
    "avg_cpu_usage": 84.7,
    "avg_cpu_time": 83.2,
    "avg_io_time": 0.0,
    "p90_io": 0.0,
    "number_of_pauses": 79,
    "total_pause_time": 371038689,
    "avg_pause_time": 4696692.27,
    "pauses_per_category": {
        "ICBufferFull": 1,
        "ParallelGCFailedAllocation": 78
    },
    "total_pause_time_per_category": {
        "ICBufferFull": 125320,
        "ParallelGCFailedAllocation": 370913369
    },
    "avg_pause_time_per_category": {
        "ICBufferFull": 125320.0,
        "ParallelGCFailedAllocation": 4755299.6
    },
    "p90_pause_time": 1192362.4,
    "throughput": 27258036255
}