{
    "garbage_collector": "G1",
    "jdk": "HotSpot_21.0.4",
    "benchmark_group": "Renaissance",
    "benchmark_name": "finagle-http",
    "heap_size": "512",
    "error": null,
    "avg_cpu_usage": 80.8,
    "avg_cpu_time": 65.2,
    "avg_io_time": 0.0,
    "p90_io": 0.0,
    "number_of_pauses": 181,
    "total_pause_time": 274768090,
    "avg_pause_time": 1518055.75,
    "pauses_per_category": {
        "ICBufferFull": 49,
        "G1CollectForAllocation": 124,
        "CollectForMetadataAllocation": 4,
        "G1PauseRemark": 2,
        "G1PauseCleanup": 2
    },
    "total_pause_time_per_category": {
        "ICBufferFull": 8483964,
        "G1CollectForAllocation": 250304805,
        "CollectForMetadataAllocation": 11717247,
        "G1PauseRemark": 3820697,
        "G1PauseCleanup": 441377
    },
    "avg_pause_time_per_category": {
        "ICBufferFull": 173142.12,
        "G1CollectForAllocation": 2018587.14,
        "CollectForMetadataAllocation": 2929311.75,
        "G1PauseRemark": 1910348.5,
        "G1PauseCleanup": 220688.5
    },
    "p90_pause_time": 3794052.0,
    "throughput": 40903262751
}