{
    "garbage_collector": "Z",
    "jdk": "HotSpot_21.0.4",
    "benchmark_group": "Renaissance",
    "benchmark_name": "philosophers",
    "heap_size": "4096",
    "error": null,
    "avg_cpu_usage": 81.1,
    "avg_cpu_time": 79.2,
    "avg_io_time": 0.0,
    "p90_io": 0.0,
    "number_of_pauses": 44,
    "total_pause_time": 4949920,
    "avg_pause_time": 112498.18,
    "pauses_per_category": {
        "ICBufferFull": 2,
        "XMarkStart": 13,
        "XMarkEnd": 13,
        "CleanClassLoaderDataMetaspaces": 1,
        "XRelocateStart": 13,
        "Cleanup": 2
    },
    "total_pause_time_per_category": {
        "ICBufferFull": 267279,
        "XMarkStart": 1344353,
        "XMarkEnd": 1248182,
        "CleanClassLoaderDataMetaspaces": 649154,
        "XRelocateStart": 1256603,
        "Cleanup": 184349
    },
    "avg_pause_time_per_category": {
        "ICBufferFull": 133639.5,
        "XMarkStart": 103411.77,
        "XMarkEnd": 96014.0,
        "CleanClassLoaderDataMetaspaces": 649154.0,
        "XRelocateStart": 96661.77,
        "Cleanup": 92174.5
    },
    "p90_pause_time": 114441.8,
    "throughput": 15048514908
}