{
    "garbage_collector": "Z",
    "jdk": "HotSpot_21.0.4",
    "benchmark_group": "Renaissance",
    "benchmark_name": "movie-lens",
    "heap_size": "1024",
    "error": null,
    "avg_cpu_usage": 61.1,
    "avg_cpu_time": 55.2,
    "avg_io_time": 0.0,
    "p90_io": 0.0,
    "number_of_pauses": 3785,
    "total_pause_time": 364392855,
    "avg_pause_time": 96272.88,
    "pauses_per_category": {
        "ICBufferFull": 18,
        "Cleanup": 1,
        "XMarkStart": 1340,
        "XMarkEnd": 1036,
        "CleanClassLoaderDataMetaspaces": 9,
        "XRelocateStart": 1381
    },
    "total_pause_time_per_category": {
        "ICBufferFull": 2135679,
        "Cleanup": 87929,
        "XMarkStart": 128757942,
        "XMarkEnd": 84149688,
        "CleanClassLoaderDataMetaspaces": 2726151,
        "XRelocateStart": 146535466
    },
    "avg_pause_time_per_category": {
        "ICBufferFull": 118648.83,
        "Cleanup": 87929.0,
        "XMarkStart": 96088.02,
        "XMarkEnd": 81225.57,
        "CleanClassLoaderDataMetaspaces": 302905.67,
        "XRelocateStart": 106108.23
    },
    "p90_pause_time": 116379.4,
    "throughput": 123656298926
}