{
    "garbage_collector": "G1",
    "jdk": "HotSpot_21.0.4",
    "benchmark_group": "Renaissance",
    "benchmark_name": "philosophers",
    "heap_size": "2048",
    "error": null,
    "avg_cpu_usage": 88.2,
    "avg_cpu_time": 83.8,
    "avg_io_time": 0.0,
    "p90_io": 0.0,
    "number_of_pauses": 27,
    "total_pause_time": 81212193,
    "avg_pause_time": 3007859.0,
    "pauses_per_category": {
        "ICBufferFull": 1,
        "G1CollectForAllocation": 26
    },
    "total_pause_time_per_category": {
        "ICBufferFull": 56317,
        "G1CollectForAllocation": 81155876
    },
    "avg_pause_time_per_category": {
        "ICBufferFull": 56317.0,
        "G1CollectForAllocation": 3121379.85
    },
    "p90_pause_time": 4408557.4,
    "throughput": 14149243075
}