{
    "garbage_collector": "G1",
    "jdk": "HotSpot_21.0.4",
    "benchmark_group": "Renaissance",
    "benchmark_name": "akka-uct",
    "heap_size": "1024",
    "error": null,
    "avg_cpu_usage": 86.9,
    "avg_cpu_time": 85.1,
    "avg_io_time": 0.0,
    "p90_io": 0.0,
    "number_of_pauses": 536,
    "total_pause_time": 16629133205,
    "avg_pause_time": 31024502.25,
    "pauses_per_category": {
        "ICBufferFull": 1,
        "G1CollectForAllocation": 374,
        "CollectForMetadataAllocation": 1,
        "G1PauseRemark": 80,
        "G1PauseCleanup": 80
    },
    "total_pause_time_per_category": {
        "ICBufferFull": 57716,
        "G1CollectForAllocation": 16434480164,
        "CollectForMetadataAllocation": 18057018,
        "G1PauseRemark": 139222250,
        "G1PauseCleanup": 37316057
    },
    "avg_pause_time_per_category": {
        "ICBufferFull": 57716.0,
        "G1CollectForAllocation": 43942460.33,
        "CollectForMetadataAllocation": 18057018.0,
        "G1PauseRemark": 1740278.12,
        "G1PauseCleanup": 466450.71
    },
    "p90_pause_time": 52334326.0,
    "throughput": 76655461140
}