{
    "garbage_collector": "Serial",
    "jdk": "HotSpot_21.0.4",
    "benchmark_group": "Renaissance",
    "benchmark_name": "log-regression",
    "heap_size": "8192",
    "error": null,
    "avg_cpu_usage": 44.1,
    "avg_cpu_time": 45.4,
    "avg_io_time": 0.0,
    "p90_io": 0.0,
    "number_of_pauses": 75,
    "total_pause_time": 657657993,
    "avg_pause_time": 8768773.24,
    "pauses_per_category": {
        "ICBufferFull": 56,
        "CollectForMetadataAllocation": 5,
        "GenCollectForAllocation": 13,
        "GenCollectFull": 1
    },
    "total_pause_time_per_category": {
        "ICBufferFull": 6292981,
        "CollectForMetadataAllocation": 175999306,
        "GenCollectForAllocation": 293833326,
        "GenCollectFull": 181532380
    },
    "avg_pause_time_per_category": {
        "ICBufferFull": 112374.66,
        "CollectForMetadataAllocation": 35199861.2,
        "GenCollectForAllocation": 22602563.54,
        "GenCollectFull": 181532380.0
    },
    "p90_pause_time": 25702781.4,
    "throughput": 18993767212
}