{
    "garbage_collector": "Z",
    "jdk": "HotSpot_21.0.4",
    "benchmark_group": "Renaissance",
    "benchmark_name": "par-mnemonics",
    "heap_size": "1024",
    "error": null,
    "avg_cpu_usage": 20.1,
    "avg_cpu_time": 20.3,
    "avg_io_time": 0.0,
    "p90_io": 0.0,
    "number_of_pauses": 745,
    "total_pause_time": 71900625,
    "avg_pause_time": 96510.91,
    "pauses_per_category": {
        "ICBufferFull": 1,
        "XMarkStart": 248,
        "XMarkEnd": 247,
        "CleanClassLoaderDataMetaspaces": 2,
        "XRelocateStart": 247
    },
    "total_pause_time_per_category": {
        "ICBufferFull": 57494,
        "XMarkStart": 24720315,
        "XMarkEnd": 23819016,
        "CleanClassLoaderDataMetaspaces": 560398,
        "XRelocateStart": 22743402
    },
    "avg_pause_time_per_category": {
        "ICBufferFull": 57494.0,
        "XMarkStart": 99678.69,
        "XMarkEnd": 96433.26,
        "CleanClassLoaderDataMetaspaces": 280199.0,
        "XRelocateStart": 92078.55
    },
    "p90_pause_time": 104030.0,
    "throughput": 28888134730
}