{
    "garbage_collector": "Z",
    "jdk": "HotSpot_21.0.4",
    "benchmark_group": "Renaissance",
    "benchmark_name": "fj-kmeans",
    "heap_size": "2048",
    "error": null,
    "avg_cpu_usage": 84.2,
    "avg_cpu_time": 83.4,
    "avg_io_time": 0.0,
    "p90_io": 0.0,
    "number_of_pauses": 664,
    "total_pause_time": 83298398,
    "avg_pause_time": 125449.39,
    "pauses_per_category": {
        "ICBufferFull": 1,
        "XMarkStart": 221,
        "XMarkEnd": 220,
        "CleanClassLoaderDataMetaspaces": 2,
        "XRelocateStart": 220
    },
    "total_pause_time_per_category": {
        "ICBufferFull": 57345,
        "XMarkStart": 28213403,
        "XMarkEnd": 28347181,
        "CleanClassLoaderDataMetaspaces": 710164,
        "XRelocateStart": 25970305
    },
    "avg_pause_time_per_category": {
        "ICBufferFull": 57345.0,
        "XMarkStart": 127662.46,
        "XMarkEnd": 128850.82,
        "CleanClassLoaderDataMetaspaces": 355082.0,
        "XRelocateStart": 118046.84
    },
    "p90_pause_time": 133046.4,
    "throughput": 46526177367
}