{
    "garbage_collector": "Parallel",
    "jdk": "HotSpot_21.0.4",
    "benchmark_group": "Renaissance",
    "benchmark_name": "chi-square",
    "heap_size": "8192",
    "error": null,
    "avg_cpu_usage": 30.6,
    "avg_cpu_time": 29.0,
    "avg_io_time": 0.0,
    "p90_io": 0.0,
    "number_of_pauses": 20,
    "total_pause_time": 555803787,
    "avg_pause_time": 27790189.35,
    "pauses_per_category": {
        "ICBufferFull": 7,
        "Cleanup": 1,
        "CollectForMetadataAllocation": 3,
        "ParallelGCFailedAllocation": 9
    },
    "total_pause_time_per_category": {
        "ICBufferFull": 676896,
        "Cleanup": 278349,
        "CollectForMetadataAllocation": 82250855,
        "ParallelGCFailedAllocation": 472597687
    },
    "avg_pause_time_per_category": {
        "ICBufferFull": 96699.43,
        "Cleanup": 278349.0,
        "CollectForMetadataAllocation": 27416951.67,
        "ParallelGCFailedAllocation": 52510854.11
    },
    "p90_pause_time": 98459259.6,
    "throughput": 11279527096
}