{
    "garbage_collector": "Parallel",
    "jdk": "HotSpot_21.0.4",
    "benchmark_group": "Renaissance",
    "benchmark_name": "dec-tree",
    "heap_size": "1024",
    "error": null,
    "avg_cpu_usage": 41.0,
    "avg_cpu_time": 40.6,
    "avg_io_time": 0.1,
    "p90_io": 0.0,
    "number_of_pauses": 95,
    "total_pause_time": 363813430,
    "avg_pause_time": 3829615.05,
    "pauses_per_category": {
        "ICBufferFull": 35,
        "CollectForMetadataAllocation": 4,
        "ParallelGCFailedAllocation": 55,
        "ParallelGCSystemGC": 1
    },
    "total_pause_time_per_category": {
        "ICBufferFull": 3634242,
        "CollectForMetadataAllocation": 123051852,
        "ParallelGCFailedAllocation": 164499106,
        "ParallelGCSystemGC": 72628230
    },
    "avg_pause_time_per_category": {
        "ICBufferFull": 103835.49,
        "CollectForMetadataAllocation": 30762963.0,
        "ParallelGCFailedAllocation": 2990892.84,
        "ParallelGCSystemGC": 72628230.0
    },
    "p90_pause_time": 7236937.8,
    "throughput": 15534974439
}