{
    "garbage_collector": "G1",
    "jdk": "HotSpot_21.0.4",
    "benchmark_group": "Renaissance",
    "benchmark_name": "philosophers",
    "heap_size": "8192",
    "error": null,
    "avg_cpu_usage": 86.4,
    "avg_cpu_time": 85.7,
    "avg_io_time": 0.0,
    "p90_io": 0.0,
    "number_of_pauses": 16,
    "total_pause_time": 44895930,
    "avg_pause_time": 2805995.62,
    "pauses_per_category": {
        "ICBufferFull": 4,
        "G1CollectForAllocation": 9,
        "Cleanup": 3
    },
    "total_pause_time_per_category": {
        "ICBufferFull": 350261,
        "G1CollectForAllocation": 44278342,
        "Cleanup": 267327
    },
    "avg_pause_time_per_category": {
        "ICBufferFull": 87565.25,
        "G1CollectForAllocation": 4919815.78,
        "Cleanup": 89109.0
    },
    "p90_pause_time": 5840540.0,
    "throughput": 17529146233
}