{
    "garbage_collector": "Serial",
    "jdk": "HotSpot_21.0.4",
    "benchmark_group": "Renaissance",
    "benchmark_name": "finagle-chirper",
    "heap_size": "4096",
    "error": null,
    "avg_cpu_usage": 76.9,
    "avg_cpu_time": 69.9,
    "avg_io_time": 0.0,
    "p90_io": 0.0,
    "number_of_pauses": 128,
    "total_pause_time": 769944094,
    "avg_pause_time": 6015188.23,
    "pauses_per_category": {
        "ICBufferFull": 94,
        "CollectForMetadataAllocation": 2,
        "GenCollectForAllocation": 30,
        "Cleanup": 1,
        "GenCollectFull": 1
    },
    "total_pause_time_per_category": {
        "ICBufferFull": 27020947,
        "CollectForMetadataAllocation": 42115858,
        "GenCollectForAllocation": 618241857,
        "Cleanup": 128526,
        "GenCollectFull": 82436906
    },
    "avg_pause_time_per_category": {
        "ICBufferFull": 287456.88,
        "CollectForMetadataAllocation": 21057929.0,
        "GenCollectForAllocation": 20608061.9,
        "Cleanup": 128526.0,
        "GenCollectFull": 82436906.0
    },
    "p90_pause_time": 22266676.6,
    "throughput": 34974386843
}