{
    "garbage_collector": "Parallel",
    "jdk": "HotSpot_21.0.4",
    "benchmark_group": "Renaissance",
    "benchmark_name": "par-mnemonics",
    "heap_size": "4096",
    "error": null,
    "avg_cpu_usage": 18.7,
    "avg_cpu_time": 18.2,
    "avg_io_time": 0.3,
    "p90_io": 0.0,
    "number_of_pauses": 58,
    "total_pause_time": 782768879,
    "avg_pause_time": 13496015.16,
    "pauses_per_category": {
        "ICBufferFull": 1,
        "ParallelGCFailedAllocation": 57
    },
    "total_pause_time_per_category": {
        "ICBufferFull": 122503,
        "ParallelGCFailedAllocation": 782646376
    },
    "avg_pause_time_per_category": {
        "ICBufferFull": 122503.0,
        "ParallelGCFailedAllocation": 13730638.18
    },
    "p90_pause_time": 29895161.0,
    "throughput": 22222438596
}