{
    "garbage_collector": "Serial",
    "jdk": "HotSpot_21.0.4",
    "benchmark_group": "Renaissance",
    "benchmark_name": "finagle-chirper",
    "heap_size": "2048",
    "error": null,
    "avg_cpu_usage": 76.6,
    "avg_cpu_time": 68.7,
    "avg_io_time": 0.0,
    "p90_io": 0.0,
    "number_of_pauses": 152,
    "total_pause_time": 1202711730,
    "avg_pause_time": 7912577.17,
    "pauses_per_category": {
        "ICBufferFull": 90,
        "CollectForMetadataAllocation": 2,
        "GenCollectForAllocation": 59,
        "GenCollectFull": 1
    },
    "total_pause_time_per_category": {
        "ICBufferFull": 16331746,
        "CollectForMetadataAllocation": 48012492,
        "GenCollectForAllocation": 1010024822,
        "GenCollectFull": 128342670
    },
    "avg_pause_time_per_category": {
        "ICBufferFull": 181463.84,
        "CollectForMetadataAllocation": 24006246.0,
        "GenCollectForAllocation": 17119064.78,
        "GenCollectFull": 128342670.0
    },
    "p90_pause_time": 20441866.5,
    "throughput": 33755461470
}