{
    "garbage_collector": "Z",
    "jdk": "HotSpot_21.0.4",
    "benchmark_group": "Renaissance",
    "benchmark_name": "rx-scrabble",
    "heap_size": "2048",
    "error": null,
    "avg_cpu_usage": 24.3,
    "avg_cpu_time": 26.5,
    "avg_io_time": 0.0,
    "p90_io": 0.0,
    "number_of_pauses": 24,
    "total_pause_time": 2746261,
    "avg_pause_time": 114427.54,
    "pauses_per_category": {
        "ICBufferFull": 10,
        "XMarkStart": 4,
        "XMarkEnd": 4,
        "CleanClassLoaderDataMetaspaces": 2,
        "XRelocateStart": 4
    },
    "total_pause_time_per_category": {
        "ICBufferFull": 854618,
        "XMarkStart": 446239,
        "XMarkEnd": 385707,
        "CleanClassLoaderDataMetaspaces": 676842,
        "XRelocateStart": 382855
    },
    "avg_pause_time_per_category": {
        "ICBufferFull": 85461.8,
        "XMarkStart": 111559.75,
        "XMarkEnd": 96426.75,
        "CleanClassLoaderDataMetaspaces": 338421.0,
        "XRelocateStart": 95713.75
    },
    "p90_pause_time": 122222.5,
    "throughput": 3657126831
}