{
    "garbage_collector": "G1",
    "jdk": "HotSpot_21.0.4",
    "benchmark_group": "Renaissance",
    "benchmark_name": "scala-doku",
    "heap_size": "512",
    "error": null,
    "avg_cpu_usage": 13.8,
    "avg_cpu_time": 14.9,
    "avg_io_time": 0.0,
    "p90_io": 0.0,
    "number_of_pauses": 18,
    "total_pause_time": 60860589,
    "avg_pause_time": 3381143.83,
    "pauses_per_category": {
        "G1CollectForAllocation": 7,
        "ICBufferFull": 1,
        "Cleanup": 10
    },
    "total_pause_time_per_category": {
        "G1CollectForAllocation": 59859636,
        "ICBufferFull": 73284,
        "Cleanup": 927669
    },
    "avg_pause_time_per_category": {
        "G1CollectForAllocation": 8551376.57,
        "ICBufferFull": 73284.0,
        "Cleanup": 92766.9
    },
    "p90_pause_time": 11368833.7,
    "throughput": 19438370247
}