{
    "garbage_collector": "G1",
    "jdk": "HotSpot_21.0.4",
    "benchmark_group": "Renaissance",
    "benchmark_name": "akka-uct",
    "heap_size": "4096",
    "error": null,
    "avg_cpu_usage": 80.1,
    "avg_cpu_time": 78.8,
    "avg_io_time": 0.0,
    "p90_io": 0.0,
    "number_of_pauses": 113,
    "total_pause_time": 6062770734,
    "avg_pause_time": 53652838.35,
    "pauses_per_category": {
        "ICBufferFull": 12,
        "G1CollectForAllocation": 98,
        "CollectForMetadataAllocation": 1,
        "G1PauseRemark": 1,
        "G1PauseCleanup": 1
    },
    "total_pause_time_per_category": {
        "ICBufferFull": 17679241,
        "G1CollectForAllocation": 6003260912,
        "CollectForMetadataAllocation": 38434607,
        "G1PauseRemark": 2971670,
        "G1PauseCleanup": 424304
    },
    "avg_pause_time_per_category": {
        "ICBufferFull": 1473270.08,
        "G1CollectForAllocation": 61257764.41,
        "CollectForMetadataAllocation": 38434607.0,
        "G1PauseRemark": 2971670.0,
        "G1PauseCleanup": 424304.0
    },
    "p90_pause_time": 78291000.8,
    "throughput": 68501771128
}