{
    "garbage_collector": "G1",
    "jdk": "HotSpot_21.0.4",
    "benchmark_group": "Renaissance",
    "benchmark_name": "philosophers",
    "heap_size": "512",
    "error": null,
    "avg_cpu_usage": 88.4,
    "avg_cpu_time": 85.5,
    "avg_io_time": 0.0,
    "p90_io": 0.0,
    "number_of_pauses": 125,
    "total_pause_time": 173378953,
    "avg_pause_time": 1387031.62,
    "pauses_per_category": {
        "ICBufferFull": 1,
        "G1CollectForAllocation": 124
    },
    "total_pause_time_per_category": {
        "ICBufferFull": 66467,
        "G1CollectForAllocation": 173312486
    },
    "avg_pause_time_per_category": {
        "ICBufferFull": 66467.0,
        "G1CollectForAllocation": 1397681.34
    },
    "p90_pause_time": 1577139.0,
    "throughput": 17851949796
}