{
    "garbage_collector": "Parallel",
    "jdk": "HotSpot_21.0.4",
    "benchmark_group": "Renaissance",
    "benchmark_name": "dotty",
    "heap_size": "256",
    "error": null,
    "avg_cpu_usage": 40.7,
    "avg_cpu_time": 39.1,
    "avg_io_time": 0.0,
    "p90_io": 0.0,
    "number_of_pauses": 108,
    "total_pause_time": 834599068,
    "avg_pause_time": 7727769.15,
    "pauses_per_category": {
        "ICBufferFull": 56,
        "CollectForMetadataAllocation": 2,
        "ParallelGCFailedAllocation": 45,
        "ParallelGCSystemGC": 2,
        "Cleanup": 3
    },
    "total_pause_time_per_category": {
        "ICBufferFull": 22415970,
        "CollectForMetadataAllocation": 45935370,
        "ParallelGCFailedAllocation": 552706231,
        "ParallelGCSystemGC": 212319398,
        "Cleanup": 1222099
    },
    "avg_pause_time_per_category": {
        "ICBufferFull": 400285.18,
        "CollectForMetadataAllocation": 22967685.0,
        "ParallelGCFailedAllocation": 12282360.69,
        "ParallelGCSystemGC": 106159699.0,
        "Cleanup": 407366.33
    },
    "p90_pause_time": 11976833.2,
    "throughput": 28021163075
}