{
    "garbage_collector": "Serial",
    "jdk": "HotSpot_21.0.4",
    "benchmark_group": "Renaissance",
    "benchmark_name": "philosophers",
    "heap_size": "1024",
    "error": null,
    "avg_cpu_usage": 84.0,
    "avg_cpu_time": 76.7,
    "avg_io_time": 0.0,
    "p90_io": 0.0,
    "number_of_pauses": 118,
    "total_pause_time": 382907415,
    "avg_pause_time": 3244978.09,
    "pauses_per_category": {
        "ICBufferFull": 2,
        "GenCollectForAllocation": 116
    },
    "total_pause_time_per_category": {
        "ICBufferFull": 220727,
        "GenCollectForAllocation": 382686688
    },
    "avg_pause_time_per_category": {
        "ICBufferFull": 110363.5,
        "GenCollectForAllocation": 3299023.17
    },
    "p90_pause_time": 5573913.4,
    "throughput": 22714526165
}