{
    "garbage_collector": "G1",
    "jdk": "HotSpot_21.0.4",
    "benchmark_group": "Renaissance",
    "benchmark_name": "akka-uct",
    "heap_size": "8192",
    "error": null,
    "avg_cpu_usage": 81.3,
    "avg_cpu_time": 79.0,
    "avg_io_time": 0.0,
    "p90_io": 0.0,
    "number_of_pauses": 115,
    "total_pause_time": 3664920570,
    "avg_pause_time": 31868874.52,
    "pauses_per_category": {
        "ICBufferFull": 16,
        "G1CollectForAllocation": 60,
        "CollectForMetadataAllocation": 1,
        "G1PauseRemark": 1,
        "G1PauseCleanup": 1,
        "Cleanup": 36
    },
    "total_pause_time_per_category": {
        "ICBufferFull": 1877235,
        "G1CollectForAllocation": 3577419364,
        "CollectForMetadataAllocation": 38848022,
        "G1PauseRemark": 5121695,
        "G1PauseCleanup": 434367,
        "Cleanup": 41219887
    },
    "avg_pause_time_per_category": {
        "ICBufferFull": 117327.19,
        "G1CollectForAllocation": 59623656.07,
        "CollectForMetadataAllocation": 38848022.0,
        "G1PauseRemark": 5121695.0,
        "G1PauseCleanup": 434367.0,
        "Cleanup": 1144996.86
    },
    "p90_pause_time": 73793990.8,
    "throughput": 66283100176
}