{
    "garbage_collector": "Z",
    "jdk": "HotSpot_21.0.4",
    "benchmark_group": "Renaissance",
    "benchmark_name": "chi-square",
    "heap_size": "1024",
    "error": null,
    "avg_cpu_usage": 33.5,
    "avg_cpu_time": 35.8,
    "avg_io_time": 0.0,
    "p90_io": 0.0,
    "number_of_pauses": 196,
    "total_pause_time": 19418887,
    "avg_pause_time": 99075.95,
    "pauses_per_category": {
        "ICBufferFull": 4,
        "Cleanup": 1,
        "XMarkStart": 61,
        "XMarkEnd": 60,
        "CleanClassLoaderDataMetaspaces": 10,
        "XRelocateStart": 60
    },
    "total_pause_time_per_category": {
        "ICBufferFull": 411381,
        "Cleanup": 151898,
        "XMarkStart": 6013020,
        "XMarkEnd": 3906059,
        "CleanClassLoaderDataMetaspaces": 3319401,
        "XRelocateStart": 5617128
    },
    "avg_pause_time_per_category": {
        "ICBufferFull": 102845.25,
        "Cleanup": 151898.0,
        "XMarkStart": 98574.1,
        "XMarkEnd": 65100.98,
        "CleanClassLoaderDataMetaspaces": 331940.1,
        "XRelocateStart": 93618.8
    },
    "p90_pause_time": 140390.0,
    "throughput": 15525957142
}