{
    "garbage_collector": "Serial",
    "jdk": "HotSpot_21.0.4",
    "benchmark_group": "Renaissance",
    "benchmark_name": "als",
    "heap_size": "2048",
    "error": null,
    "avg_cpu_usage": 64.7,
    "avg_cpu_time": 63.7,
    "avg_io_time": 0.2,
    "p90_io": 0.0,
    "number_of_pauses": 146,
    "total_pause_time": 1311209081,
    "avg_pause_time": 8980884.12,
    "pauses_per_category": {
        "ICBufferFull": 30,
        "Cleanup": 23,
        "CollectForMetadataAllocation": 4,
        "GenCollectForAllocation": 82,
        "GenCollectFull": 7
    },
    "total_pause_time_per_category": {
        "ICBufferFull": 2946912,
        "Cleanup": 1416558,
        "CollectForMetadataAllocation": 249916484,
        "GenCollectForAllocation": 873437510,
        "GenCollectFull": 183491617
    },
    "avg_pause_time_per_category": {
        "ICBufferFull": 98230.4,
        "Cleanup": 61589.48,
        "CollectForMetadataAllocation": 62479121.0,
        "GenCollectForAllocation": 10651676.95,
        "GenCollectFull": 26213088.14
    },
    "p90_pause_time": 15592787.5,
    "throughput": 54468264884
}