{
    "garbage_collector": "Parallel",
    "jdk": "HotSpot_21.0.4",
    "benchmark_group": "Renaissance",
    "benchmark_name": "mnemonics",
    "heap_size": "512",
    "error": null,
    "avg_cpu_usage": 15.9,
    "avg_cpu_time": 15.4,
    "avg_io_time": 0.0,
    "p90_io": 0.0,
    "number_of_pauses": 449,
    "total_pause_time": 1280565843,
    "avg_pause_time": 2852039.74,
    "pauses_per_category": {
        "ICBufferFull": 1,
        "ParallelGCFailedAllocation": 448
    },
    "total_pause_time_per_category": {
        "ICBufferFull": 56959,
        "ParallelGCFailedAllocation": 1280508884
    },
    "avg_pause_time_per_category": {
        "ICBufferFull": 56959.0,
        "ParallelGCFailedAllocation": 2858278.76
    },
    "p90_pause_time": 4086131.2,
    "throughput": 24940779656
}