{
    "garbage_collector": "Serial",
    "jdk": "HotSpot_21.0.4",
    "benchmark_group": "Renaissance",
    "benchmark_name": "par-mnemonics",
    "heap_size": "256",
    "error": null,
    "avg_cpu_usage": 16.0,
    "avg_cpu_time": 15.8,
    "avg_io_time": 0.0,
    "p90_io": 0.0,
    "number_of_pauses": 1038,
    "total_pause_time": 4032265308,
    "avg_pause_time": 3884648.66,
    "pauses_per_category": {
        "ICBufferFull": 1,
        "GenCollectForAllocation": 1037
    },
    "total_pause_time_per_category": {
        "ICBufferFull": 61833,
        "GenCollectForAllocation": 4032203475
    },
    "avg_pause_time_per_category": {
        "ICBufferFull": 61833.0,
        "GenCollectForAllocation": 3888335.08
    },
    "p90_pause_time": 5399558.4,
    "throughput": 29187956490
}