{
    "garbage_collector": "G1",
    "jdk": "HotSpot_21.0.4",
    "benchmark_group": "Renaissance",
    "benchmark_name": "fj-kmeans",
    "heap_size": "256",
    "error": null,
    "avg_cpu_usage": 88.2,
    "avg_cpu_time": 88.4,
    "avg_io_time": 0.0,
    "p90_io": 0.0,
    "number_of_pauses": 1250,
    "total_pause_time": 1693576713,
    "avg_pause_time": 1354861.37,
    "pauses_per_category": {
        "ICBufferFull": 1,
        "G1CollectForAllocation": 585,
        "G1TryInitiateConcMark": 224,
        "G1PauseRemark": 220,
        "G1PauseCleanup": 220
    },
    "total_pause_time_per_category": {
        "ICBufferFull": 121963,
        "G1CollectForAllocation": 1123932375,
        "G1TryInitiateConcMark": 373098553,
        "G1PauseRemark": 154889249,
        "G1PauseCleanup": 41534573
    },
    "avg_pause_time_per_category": {
        "ICBufferFull": 121963.0,
        "G1CollectForAllocation": 1921251.92,
        "G1TryInitiateConcMark": 1665618.54,
        "G1PauseRemark": 704042.04,
        "G1PauseCleanup": 188793.51
    },
    "p90_pause_time": 1996745.1,
    "throughput": 36676075212
}