{
    "garbage_collector": "Serial",
    "jdk": "HotSpot_21.0.4",
    "benchmark_group": "Renaissance",
    "benchmark_name": "akka-uct",
    "heap_size": "512",
    "error": null,
    "avg_cpu_usage": 36.7,
    "avg_cpu_time": 35.6,
    "avg_io_time": 0.0,
    "p90_io": 0.0,
    "number_of_pauses": 1434,
    "total_pause_time": 105322650581,
    "avg_pause_time": 73446757.73,
    "pauses_per_category": {
        "ICBufferFull": 24,
        "GenCollectForAllocation": 1409,
        "CollectForMetadataAllocation": 1
    },
    "total_pause_time_per_category": {
        "ICBufferFull": 18438520,
        "GenCollectForAllocation": 105092764830,
        "CollectForMetadataAllocation": 211447231
    },
    "avg_pause_time_per_category": {
        "ICBufferFull": 768271.67,
        "GenCollectForAllocation": 74586774.19,
        "CollectForMetadataAllocation": 211447231.0
    },
    "p90_pause_time": 87103562.2,
    "throughput": 158135694186
}