{
    "garbage_collector": "Parallel",
    "jdk": "HotSpot_21.0.4",
    "benchmark_group": "Renaissance",
    "benchmark_name": "philosophers",
    "heap_size": "4096",
    "error": null,
    "avg_cpu_usage": 87.9,
    "avg_cpu_time": 85.5,
    "avg_io_time": 0.0,
    "p90_io": 0.0,
    "number_of_pauses": 29,
    "total_pause_time": 58899021,
    "avg_pause_time": 2031000.72,
    "pauses_per_category": {
        "ICBufferFull": 2,
        "ParallelGCFailedAllocation": 27
    },
    "total_pause_time_per_category": {
        "ICBufferFull": 194062,
        "ParallelGCFailedAllocation": 58704959
    },
    "avg_pause_time_per_category": {
        "ICBufferFull": 97031.0,
        "ParallelGCFailedAllocation": 2174257.74
    },
    "p90_pause_time": 4536668.6,
    "throughput": 17550513063
}