{
    "garbage_collector": "G1",
    "jdk": "HotSpot_21.0.4",
    "benchmark_group": "Renaissance",
    "benchmark_name": "akka-uct",
    "heap_size": "2048",
    "error": null,
    "avg_cpu_usage": 82.4,
    "avg_cpu_time": 82.2,
    "avg_io_time": 0.0,
    "p90_io": 0.0,
    "number_of_pauses": 235,
    "total_pause_time": 11331076566,
    "avg_pause_time": 48217347.09,
    "pauses_per_category": {
        "ICBufferFull": 4,
        "G1CollectForAllocation": 186,
        "CollectForMetadataAllocation": 1,
        "G1PauseRemark": 22,
        "G1PauseCleanup": 22
    },
    "total_pause_time_per_category": {
        "ICBufferFull": 472836,
        "G1CollectForAllocation": 11250322031,
        "CollectForMetadataAllocation": 26160440,
        "G1PauseRemark": 42259019,
        "G1PauseCleanup": 11862240
    },
    "avg_pause_time_per_category": {
        "ICBufferFull": 118209.0,
        "G1CollectForAllocation": 60485602.32,
        "CollectForMetadataAllocation": 26160440.0,
        "G1PauseRemark": 1920864.5,
        "G1PauseCleanup": 539192.73
    },
    "p90_pause_time": 72539492.6,
    "throughput": 71242918780
}