{
    "garbage_collector": "Serial",
    "jdk": "HotSpot_21.0.4",
    "benchmark_group": "Renaissance",
    "benchmark_name": "dotty",
    "heap_size": "2048",
    "error": null,
    "avg_cpu_usage": 40.8,
    "avg_cpu_time": 39.9,
    "avg_io_time": 0.1,
    "p90_io": 0.0,
    "number_of_pauses": 92,
    "total_pause_time": 477865393,
    "avg_pause_time": 5194189.05,
    "pauses_per_category": {
        "ICBufferFull": 75,
        "CollectForMetadataAllocation": 2,
        "GenCollectFull": 3,
        "Cleanup": 9,
        "GenCollectForAllocation": 3
    },
    "total_pause_time_per_category": {
        "ICBufferFull": 38339293,
        "CollectForMetadataAllocation": 59114218,
        "GenCollectFull": 176766183,
        "Cleanup": 1027427,
        "GenCollectForAllocation": 202618272
    },
    "avg_pause_time_per_category": {
        "ICBufferFull": 511190.57,
        "CollectForMetadataAllocation": 29557109.0,
        "GenCollectFull": 58922061.0,
        "Cleanup": 114158.56,
        "GenCollectForAllocation": 67539424.0
    },
    "p90_pause_time": 4281239.0,
    "throughput": 28326815517
}