{
    "garbage_collector": "G1",
    "jdk": "HotSpot_21.0.4",
    "benchmark_group": "Renaissance",
    "benchmark_name": "par-mnemonics",
    "heap_size": "8192",
    "error": null,
    "avg_cpu_usage": 16.1,
    "avg_cpu_time": 16.2,
    "avg_io_time": 0.1,
    "p90_io": 0.0,
    "number_of_pauses": 27,
    "total_pause_time": 100603327,
    "avg_pause_time": 3726049.15,
    "pauses_per_category": {
        "ICBufferFull": 3,
        "G1CollectForAllocation": 17,
        "Cleanup": 7
    },
    "total_pause_time_per_category": {
        "ICBufferFull": 288025,
        "G1CollectForAllocation": 99796966,
        "Cleanup": 518336
    },
    "avg_pause_time_per_category": {
        "ICBufferFull": 96008.33,
        "G1CollectForAllocation": 5870409.76,
        "Cleanup": 74048.0
    },
    "p90_pause_time": 7871591.6,
    "throughput": 27069022432
}