{
    "garbage_collector": "Serial",
    "jdk": "HotSpot_21.0.4",
    "benchmark_group": "Renaissance",
    "benchmark_name": "par-mnemonics",
    "heap_size": "512",
    "error": null,
    "avg_cpu_usage": 15.6,
    "avg_cpu_time": 16.1,
    "avg_io_time": 0.0,
    "p90_io": 0.0,
    "number_of_pauses": 461,
    "total_pause_time": 3373648425,
    "avg_pause_time": 7318109.38,
    "pauses_per_category": {
        "ICBufferFull": 1,
        "GenCollectForAllocation": 460
    },
    "total_pause_time_per_category": {
        "ICBufferFull": 63887,
        "GenCollectForAllocation": 3373584538
    },
    "avg_pause_time_per_category": {
        "ICBufferFull": 63887.0,
        "GenCollectForAllocation": 7333879.43
    },
    "p90_pause_time": 12357440.0,
    "throughput": 24023821768
}