{
    "garbage_collector": "Z",
    "jdk": "HotSpot_21.0.4",
    "benchmark_group": "Renaissance",
    "benchmark_name": "reactors",
    "heap_size": "8192",
    "error": null,
    "avg_cpu_usage": 34.6,
    "avg_cpu_time": 33.8,
    "avg_io_time": 0.0,
    "p90_io": 0.0,
    "number_of_pauses": 112,
    "total_pause_time": 13772965,
    "avg_pause_time": 122972.9,
    "pauses_per_category": {
        "ICBufferFull": 9,
        "Cleanup": 15,
        "XMarkStart": 29,
        "XMarkEnd": 29,
        "CleanClassLoaderDataMetaspaces": 1,
        "XRelocateStart": 29
    },
    "total_pause_time_per_category": {
        "ICBufferFull": 682762,
        "Cleanup": 1349151,
        "XMarkStart": 3068945,
        "XMarkEnd": 2894199,
        "CleanClassLoaderDataMetaspaces": 784446,
        "XRelocateStart": 4993462
    },
    "avg_pause_time_per_category": {
        "ICBufferFull": 75862.44,
        "Cleanup": 89943.4,
        "XMarkStart": 105825.69,
        "XMarkEnd": 99799.97,
        "CleanClassLoaderDataMetaspaces": 784446.0,
        "XRelocateStart": 172188.34
    },
    "p90_pause_time": 117780.9,
    "throughput": 76317598939
}