{
    "garbage_collector": "Serial",
    "jdk": "HotSpot_21.0.4",
    "benchmark_group": "Renaissance",
    "benchmark_name": "dotty",
    "heap_size": "512",
    "error": null,
    "avg_cpu_usage": 41.3,
    "avg_cpu_time": 38.0,
    "avg_io_time": 0.1,
    "p90_io": 0.0,
    "number_of_pauses": 99,
    "total_pause_time": 1291330998,
    "avg_pause_time": 13043747.45,
    "pauses_per_category": {
        "ICBufferFull": 73,
        "CollectForMetadataAllocation": 2,
        "GenCollectForAllocation": 15,
        "GenCollectFull": 3,
        "Cleanup": 6
    },
    "total_pause_time_per_category": {
        "ICBufferFull": 23011206,
        "CollectForMetadataAllocation": 55881546,
        "GenCollectForAllocation": 891161787,
        "GenCollectFull": 320389366,
        "Cleanup": 887093
    },
    "avg_pause_time_per_category": {
        "ICBufferFull": 315222.0,
        "CollectForMetadataAllocation": 27940773.0,
        "GenCollectForAllocation": 59410785.8,
        "GenCollectFull": 106796455.33,
        "Cleanup": 147848.83
    },
    "p90_pause_time": 62215371.8,
    "throughput": 28940311961
}