{
    "garbage_collector": "Serial",
    "jdk": "HotSpot_21.0.4",
    "benchmark_group": "Renaissance",
    "benchmark_name": "rx-scrabble",
    "heap_size": "8192",
    "error": null,
    "avg_cpu_usage": 32.3,
    "avg_cpu_time": 20.5,
    "avg_io_time": 0.0,
    "p90_io": 0.0,
    "number_of_pauses": 5,
    "total_pause_time": 83910909,
    "avg_pause_time": 16782181.8,
    "pauses_per_category": {
        "ICBufferFull": 4,
        "GenCollectForAllocation": 1
    },
    "total_pause_time_per_category": {
        "ICBufferFull": 328583,
        "GenCollectForAllocation": 83582326
    },
    "avg_pause_time_per_category": {
        "ICBufferFull": 82145.75,
        "GenCollectForAllocation": 83582326.0
    },
    "p90_pause_time": 50201734.0,
    "throughput": 2754309080
}