{
    "garbage_collector": "Z",
    "jdk": "HotSpot_21.0.4",
    "benchmark_group": "Renaissance",
    "benchmark_name": "neo4j-analytics",
    "heap_size": "8192",
    "error": null,
    "avg_cpu_usage": 28.6,
    "avg_cpu_time": 25.5,
    "avg_io_time": 0.8,
    "p90_io": 2.61,
    "number_of_pauses": 115,
    "total_pause_time": 19454794,
    "avg_pause_time": 169172.12,
    "pauses_per_category": {
        "ICBufferFull": 44,
        "XMarkStart": 15,
        "XMarkEnd": 14,
        "CleanClassLoaderDataMetaspaces": 5,
        "XRelocateStart": 15,
        "Cleanup": 22
    },
    "total_pause_time_per_category": {
        "ICBufferFull": 4884556,
        "XMarkStart": 1602285,
        "XMarkEnd": 1415636,
        "CleanClassLoaderDataMetaspaces": 8046109,
        "XRelocateStart": 1356513,
        "Cleanup": 2149695
    },
    "avg_pause_time_per_category": {
        "ICBufferFull": 111012.64,
        "XMarkStart": 106819.0,
        "XMarkEnd": 101116.86,
        "CleanClassLoaderDataMetaspaces": 1609221.8,
        "XRelocateStart": 90434.2,
        "Cleanup": 97713.41
    },
    "p90_pause_time": 155260.8,
    "throughput": 42683556038
}