{
    "garbage_collector": "Serial",
    "jdk": "HotSpot_21.0.4",
    "benchmark_group": "Renaissance",
    "benchmark_name": "philosophers",
    "heap_size": "8192",
    "error": null,
    "avg_cpu_usage": 82.1,
    "avg_cpu_time": 79.5,
    "avg_io_time": 0.0,
    "p90_io": 0.0,
    "number_of_pauses": 21,
    "total_pause_time": 129978145,
    "avg_pause_time": 6189435.48,
    "pauses_per_category": {
        "ICBufferFull": 3,
        "GenCollectForAllocation": 15,
        "Cleanup": 3
    },
    "total_pause_time_per_category": {
        "ICBufferFull": 313560,
        "GenCollectForAllocation": 129328053,
        "Cleanup": 336532
    },
    "avg_pause_time_per_category": {
        "ICBufferFull": 104520.0,
        "GenCollectForAllocation": 8621870.2,
        "Cleanup": 112177.33
    },
    "p90_pause_time": 9571528.0,
    "throughput": 21215579202
}