{
    "garbage_collector": "Z",
    "jdk": "HotSpot_21.0.4",
    "benchmark_group": "Renaissance",
    "benchmark_name": "gauss-mix",
    "heap_size": "512",
    "error": null,
    "avg_cpu_usage": 33.1,
    "avg_cpu_time": 32.7,
    "avg_io_time": 0.0,
    "p90_io": 0.0,
    "number_of_pauses": 295,
    "total_pause_time": 21051339,
    "avg_pause_time": 71360.47,
    "pauses_per_category": {
        "ICBufferFull": 5,
        "Cleanup": 2,
        "XMarkStart": 100,
        "XMarkEnd": 82,
        "CleanClassLoaderDataMetaspaces": 8,
        "XRelocateStart": 98
    },
    "total_pause_time_per_category": {
        "ICBufferFull": 383409,
        "Cleanup": 217212,
        "XMarkStart": 6511160,
        "XMarkEnd": 5753452,
        "CleanClassLoaderDataMetaspaces": 2424104,
        "XRelocateStart": 5762002
    },
    "avg_pause_time_per_category": {
        "ICBufferFull": 76681.8,
        "Cleanup": 108606.0,
        "XMarkStart": 65111.6,
        "XMarkEnd": 70164.05,
        "CleanClassLoaderDataMetaspaces": 303013.0,
        "XRelocateStart": 58795.94
    },
    "p90_pause_time": 108051.0,
    "throughput": 14301871022
}