{
    "garbage_collector": "Serial",
    "jdk": "HotSpot_21.0.4",
    "benchmark_group": "Renaissance",
    "benchmark_name": "scala-doku",
    "heap_size": "8192",
    "error": null,
    "avg_cpu_usage": 13.4,
    "avg_cpu_time": 14.0,
    "avg_io_time": 0.1,
    "p90_io": 0.0,
    "number_of_pauses": 14,
    "total_pause_time": 20524222,
    "avg_pause_time": 1466015.86,
    "pauses_per_category": {
        "ICBufferFull": 2,
        "Cleanup": 12
    },
    "total_pause_time_per_category": {
        "ICBufferFull": 131572,
        "Cleanup": 20392650
    },
    "avg_pause_time_per_category": {
        "ICBufferFull": 65786.0,
        "Cleanup": 1699387.5
    },
    "p90_pause_time": 116216.7,
    "throughput": 22179437221
}