{
    "garbage_collector": "Z",
    "jdk": "HotSpot_21.0.4",
    "benchmark_group": "Renaissance",
    "benchmark_name": "naive-bayes",
    "heap_size": "4096",
    "error": null,
    "avg_cpu_usage": 71.1,
    "avg_cpu_time": 63.9,
    "avg_io_time": 0.2,
    "p90_io": 0.0,
    "number_of_pauses": 546,
    "total_pause_time": 89309271,
    "avg_pause_time": 163570.09,
    "pauses_per_category": {
        "ICBufferFull": 26,
        "Cleanup": 2,
        "XMarkStart": 168,
        "XMarkEnd": 167,
        "CleanClassLoaderDataMetaspaces": 16,
        "XRelocateStart": 167
    },
    "total_pause_time_per_category": {
        "ICBufferFull": 2214871,
        "Cleanup": 131252,
        "XMarkStart": 20621683,
        "XMarkEnd": 21453618,
        "CleanClassLoaderDataMetaspaces": 8294372,
        "XRelocateStart": 36593475
    },
    "avg_pause_time_per_category": {
        "ICBufferFull": 85187.35,
        "Cleanup": 65626.0,
        "XMarkStart": 122748.11,
        "XMarkEnd": 128464.78,
        "CleanClassLoaderDataMetaspaces": 518398.25,
        "XRelocateStart": 219122.6
    },
    "p90_pause_time": 167677.0,
    "throughput": 32896829444
}