{
    "garbage_collector": "G1",
    "jdk": "HotSpot_21.0.4",
    "benchmark_group": "Renaissance",
    "benchmark_name": "als",
    "heap_size": "1024",
    "error": null,
    "avg_cpu_usage": 66.7,
    "avg_cpu_time": 65.2,
    "avg_io_time": 0.1,
    "p90_io": 0.0,
    "number_of_pauses": 292,
    "total_pause_time": 978985552,
    "avg_pause_time": 3352690.25,
    "pauses_per_category": {
        "ICBufferFull": 37,
        "Cleanup": 17,
        "G1CollectForAllocation": 135,
        "CollectForMetadataAllocation": 12,
        "G1PauseRemark": 29,
        "G1PauseCleanup": 29,
        "G1TryInitiateConcMark": 33
    },
    "total_pause_time_per_category": {
        "ICBufferFull": 3412348,
        "Cleanup": 1257525,
        "G1CollectForAllocation": 647495827,
        "CollectForMetadataAllocation": 120508219,
        "G1PauseRemark": 130076481,
        "G1PauseCleanup": 13483538,
        "G1TryInitiateConcMark": 62751614
    },
    "avg_pause_time_per_category": {
        "ICBufferFull": 92225.62,
        "Cleanup": 73972.06,
        "G1CollectForAllocation": 4796265.39,
        "CollectForMetadataAllocation": 10042351.58,
        "G1PauseRemark": 4485395.9,
        "G1PauseCleanup": 464949.59,
        "G1TryInitiateConcMark": 1901564.06
    },
    "p90_pause_time": 6052905.6,
    "throughput": 54807128081
}