{
    "garbage_collector": "Parallel",
    "jdk": "HotSpot_21.0.4",
    "benchmark_group": "Renaissance",
    "benchmark_name": "philosophers",
    "heap_size": "512",
    "error": null,
    "avg_cpu_usage": 87.1,
    "avg_cpu_time": 84.9,
    "avg_io_time": 0.2,
    "p90_io": 0.0,
    "number_of_pauses": 208,
    "total_pause_time": 174516052,
    "avg_pause_time": 839019.48,
    "pauses_per_category": {
        "ICBufferFull": 1,
        "ParallelGCFailedAllocation": 207
    },
    "total_pause_time_per_category": {
        "ICBufferFull": 53845,
        "ParallelGCFailedAllocation": 174462207
    },
    "avg_pause_time_per_category": {
        "ICBufferFull": 53845.0,
        "ParallelGCFailedAllocation": 842812.59
    },
    "p90_pause_time": 1000057.0,
    "throughput": 18131127021
}