{
    "garbage_collector": "Parallel",
    "jdk": "HotSpot_21.0.4",
    "benchmark_group": "Renaissance",
    "benchmark_name": "dotty",
    "heap_size": "4096",
    "error": null,
    "avg_cpu_usage": 40.2,
    "avg_cpu_time": 39.1,
    "avg_io_time": 0.0,
    "p90_io": 0.0,
    "number_of_pauses": 88,
    "total_pause_time": 434784835,
    "avg_pause_time": 4940736.76,
    "pauses_per_category": {
        "ICBufferFull": 74,
        "CollectForMetadataAllocation": 2,
        "ParallelGCSystemGC": 3,
        "Cleanup": 8,
        "ParallelGCFailedAllocation": 1
    },
    "total_pause_time_per_category": {
        "ICBufferFull": 37019820,
        "CollectForMetadataAllocation": 58663034,
        "ParallelGCSystemGC": 330410993,
        "Cleanup": 1017708,
        "ParallelGCFailedAllocation": 7673280
    },
    "avg_pause_time_per_category": {
        "ICBufferFull": 500267.84,
        "CollectForMetadataAllocation": 29331517.0,
        "ParallelGCSystemGC": 110136997.67,
        "Cleanup": 127213.5,
        "ParallelGCFailedAllocation": 7673280.0
    },
    "p90_pause_time": 3283323.1,
    "throughput": 28037862167
}