{
    "garbage_collector": "G1",
    "jdk": "HotSpot_21.0.4",
    "benchmark_group": "Renaissance",
    "benchmark_name": "dec-tree",
    "heap_size": "8192",
    "error": null,
    "avg_cpu_usage": 42.7,
    "avg_cpu_time": 39.7,
    "avg_io_time": 0.0,
    "p90_io": 0.0,
    "number_of_pauses": 73,
    "total_pause_time": 170080515,
    "avg_pause_time": 2329870.07,
    "pauses_per_category": {
        "ICBufferFull": 52,
        "CollectForMetadataAllocation": 6,
        "G1PauseRemark": 5,
        "G1PauseCleanup": 5,
        "G1CollectForAllocation": 4,
        "G1TryInitiateConcMark": 1
    },
    "total_pause_time_per_category": {
        "ICBufferFull": 5078891,
        "CollectForMetadataAllocation": 62410330,
        "G1PauseRemark": 16018448,
        "G1PauseCleanup": 1311468,
        "G1CollectForAllocation": 72016340,
        "G1TryInitiateConcMark": 13245038
    },
    "avg_pause_time_per_category": {
        "ICBufferFull": 97670.98,
        "CollectForMetadataAllocation": 10401721.67,
        "G1PauseRemark": 3203689.6,
        "G1PauseCleanup": 262293.6,
        "G1CollectForAllocation": 18004085.0,
        "G1TryInitiateConcMark": 13245038.0
    },
    "p90_pause_time": 11131624.0,
    "throughput": 16452911971
}