{
    "garbage_collector": "G1",
    "jdk": "HotSpot_21.0.4",
    "benchmark_group": "Renaissance",
    "benchmark_name": "reactors",
    "heap_size": "4096",
    "error": null,
    "avg_cpu_usage": 40.2,
    "avg_cpu_time": 38.3,
    "avg_io_time": 0.0,
    "p90_io": 0.0,
    "number_of_pauses": 75,
    "total_pause_time": 3000514565,
    "avg_pause_time": 40006860.87,
    "pauses_per_category": {
        "ICBufferFull": 8,
        "Cleanup": 21,
        "G1CollectForAllocation": 42,
        "G1PauseRemark": 2,
        "G1PauseCleanup": 2
    },
    "total_pause_time_per_category": {
        "ICBufferFull": 672086,
        "Cleanup": 2011115,
        "G1CollectForAllocation": 2992365909,
        "G1PauseRemark": 4765516,
        "G1PauseCleanup": 699939
    },
    "avg_pause_time_per_category": {
        "ICBufferFull": 84010.75,
        "Cleanup": 95767.38,
        "G1CollectForAllocation": 71246807.36,
        "G1PauseRemark": 2382758.0,
        "G1PauseCleanup": 349969.5
    },
    "p90_pause_time": 125083554.6,
    "throughput": 75164690255
}