{
    "garbage_collector": "Serial",
    "jdk": "HotSpot_21.0.4",
    "benchmark_group": "Renaissance",
    "benchmark_name": "finagle-http",
    "heap_size": "2048",
    "error": null,
    "avg_cpu_usage": 80.9,
    "avg_cpu_time": 64.7,
    "avg_io_time": 0.0,
    "p90_io": 0.0,
    "number_of_pauses": 114,
    "total_pause_time": 432691545,
    "avg_pause_time": 3795539.87,
    "pauses_per_category": {
        "ICBufferFull": 46,
        "CollectForMetadataAllocation": 2,
        "GenCollectForAllocation": 66
    },
    "total_pause_time_per_category": {
        "ICBufferFull": 6731528,
        "CollectForMetadataAllocation": 41162731,
        "GenCollectForAllocation": 384797286
    },
    "avg_pause_time_per_category": {
        "ICBufferFull": 146337.57,
        "CollectForMetadataAllocation": 20581365.5,
        "GenCollectForAllocation": 5830261.91
    },
    "p90_pause_time": 11599578.6,
    "throughput": 37845200071
}