{
    "garbage_collector": "Parallel",
    "jdk": "HotSpot_21.0.4",
    "benchmark_group": "Renaissance",
    "benchmark_name": "finagle-http",
    "heap_size": "256",
    "error": null,
    "avg_cpu_usage": 80.1,
    "avg_cpu_time": 63.3,
    "avg_io_time": 0.0,
    "p90_io": 0.0,
    "number_of_pauses": 475,
    "total_pause_time": 364335770,
    "avg_pause_time": 767022.67,
    "pauses_per_category": {
        "ICBufferFull": 32,
        "ParallelGCFailedAllocation": 441,
        "CollectForMetadataAllocation": 2
    },
    "total_pause_time_per_category": {
        "ICBufferFull": 5964201,
        "ParallelGCFailedAllocation": 323102726,
        "CollectForMetadataAllocation": 35268843
    },
    "avg_pause_time_per_category": {
        "ICBufferFull": 186381.28,
        "ParallelGCFailedAllocation": 732659.24,
        "CollectForMetadataAllocation": 17634421.5
    },
    "p90_pause_time": 1003633.2,
    "throughput": 38399029237
}