{
    "garbage_collector": "G1",
    "jdk": "HotSpot_21.0.4",
    "benchmark_group": "Renaissance",
    "benchmark_name": "dec-tree",
    "heap_size": "1024",
    "error": null,
    "avg_cpu_usage": 41.1,
    "avg_cpu_time": 43.0,
    "avg_io_time": 0.0,
    "p90_io": 0.0,
    "number_of_pauses": 89,
    "total_pause_time": 314430872,
    "avg_pause_time": 3532931.15,
    "pauses_per_category": {
        "ICBufferFull": 40,
        "Cleanup": 1,
        "G1CollectForAllocation": 25,
        "CollectForMetadataAllocation": 12,
        "G1PauseRemark": 5,
        "G1PauseCleanup": 5,
        "G1TryInitiateConcMark": 1
    },
    "total_pause_time_per_category": {
        "ICBufferFull": 4288045,
        "Cleanup": 83500,
        "G1CollectForAllocation": 214631047,
        "CollectForMetadataAllocation": 65630054,
        "G1PauseRemark": 21455910,
        "G1PauseCleanup": 1319335,
        "G1TryInitiateConcMark": 7022981
    },
    "avg_pause_time_per_category": {
        "ICBufferFull": 107201.12,
        "Cleanup": 83500.0,
        "G1CollectForAllocation": 8585241.88,
        "CollectForMetadataAllocation": 5469171.17,
        "G1PauseRemark": 4291182.0,
        "G1PauseCleanup": 263867.0,
        "G1TryInitiateConcMark": 7022981.0
    },
    "p90_pause_time": 11005851.2,
    "throughput": 16458076733
}