{
    "garbage_collector": "G1",
    "jdk": "HotSpot_21.0.4",
    "benchmark_group": "Renaissance",
    "benchmark_name": "finagle-chirper",
    "heap_size": "4096",
    "error": null,
    "avg_cpu_usage": 78.1,
    "avg_cpu_time": 71.7,
    "avg_io_time": 0.0,
    "p90_io": 0.0,
    "number_of_pauses": 110,
    "total_pause_time": 197844755,
    "avg_pause_time": 1798588.68,
    "pauses_per_category": {
        "ICBufferFull": 63,
        "CollectForMetadataAllocation": 4,
        "G1PauseRemark": 3,
        "G1PauseCleanup": 3,
        "G1CollectForAllocation": 15,
        "Cleanup": 21,
        "G1TryInitiateConcMark": 1
    },
    "total_pause_time_per_category": {
        "ICBufferFull": 27518731,
        "CollectForMetadataAllocation": 22810283,
        "G1PauseRemark": 10902845,
        "G1PauseCleanup": 1292155,
        "G1CollectForAllocation": 125659439,
        "Cleanup": 2688970,
        "G1TryInitiateConcMark": 6972332
    },
    "avg_pause_time_per_category": {
        "ICBufferFull": 436805.25,
        "CollectForMetadataAllocation": 5702570.75,
        "G1PauseRemark": 3634281.67,
        "G1PauseCleanup": 430718.33,
        "G1CollectForAllocation": 8377295.93,
        "Cleanup": 128046.19,
        "G1TryInitiateConcMark": 6972332.0
    },
    "p90_pause_time": 6985912.9,
    "throughput": 37164039160
}