{
    "garbage_collector": "Z",
    "jdk": "HotSpot_21.0.4",
    "benchmark_group": "Renaissance",
    "benchmark_name": "gauss-mix",
    "heap_size": "2048",
    "error": null,
    "avg_cpu_usage": 29.2,
    "avg_cpu_time": 28.0,
    "avg_io_time": 0.0,
    "p90_io": 0.0,
    "number_of_pauses": 55,
    "total_pause_time": 10804557,
    "avg_pause_time": 196446.49,
    "pauses_per_category": {
        "ICBufferFull": 9,
        "Cleanup": 1,
        "XMarkStart": 13,
        "XMarkEnd": 13,
        "CleanClassLoaderDataMetaspaces": 5,
        "XRelocateStart": 14
    },
    "total_pause_time_per_category": {
        "ICBufferFull": 697991,
        "Cleanup": 151623,
        "XMarkStart": 4439016,
        "XMarkEnd": 1102827,
        "CleanClassLoaderDataMetaspaces": 3150880,
        "XRelocateStart": 1262220
    },
    "avg_pause_time_per_category": {
        "ICBufferFull": 77554.56,
        "Cleanup": 151623.0,
        "XMarkStart": 341462.77,
        "XMarkEnd": 84832.85,
        "CleanClassLoaderDataMetaspaces": 630176.0,
        "XRelocateStart": 90158.57
    },
    "p90_pause_time": 218646.4,
    "throughput": 14297716506
}