{
    "garbage_collector": "Z",
    "jdk": "HotSpot_21.0.4",
    "benchmark_group": "Renaissance",
    "benchmark_name": "log-regression",
    "heap_size": "512",
    "error": null,
    "avg_cpu_usage": 47.9,
    "avg_cpu_time": 45.7,
    "avg_io_time": 0.2,
    "p90_io": 0.0,
    "number_of_pauses": 799,
    "total_pause_time": 296973885,
    "avg_pause_time": 371681.96,
    "pauses_per_category": {
        "ICBufferFull": 19,
        "Cleanup": 1,
        "XMarkStart": 253,
        "XMarkEnd": 243,
        "CleanClassLoaderDataMetaspaces": 23,
        "XRelocateStart": 260
    },
    "total_pause_time_per_category": {
        "ICBufferFull": 1906713,
        "Cleanup": 975845,
        "XMarkStart": 38475346,
        "XMarkEnd": 84475744,
        "CleanClassLoaderDataMetaspaces": 116329125,
        "XRelocateStart": 54811112
    },
    "avg_pause_time_per_category": {
        "ICBufferFull": 100353.32,
        "Cleanup": 975845.0,
        "XMarkStart": 152076.47,
        "XMarkEnd": 347636.81,
        "CleanClassLoaderDataMetaspaces": 5057788.04,
        "XRelocateStart": 210811.97
    },
    "p90_pause_time": 199388.4,
    "throughput": 30902032092
}