{
    "garbage_collector": "G1",
    "jdk": "HotSpot_21.0.4",
    "benchmark_group": "Renaissance",
    "benchmark_name": "dotty",
    "heap_size": "512",
    "error": null,
    "avg_cpu_usage": 43.6,
    "avg_cpu_time": 39.9,
    "avg_io_time": 0.0,
    "p90_io": 0.0,
    "number_of_pauses": 104,
    "total_pause_time": 278402274,
    "avg_pause_time": 2676944.94,
    "pauses_per_category": {
        "ICBufferFull": 70,
        "G1CollectForAllocation": 8,
        "CollectForMetadataAllocation": 4,
        "G1PauseRemark": 6,
        "G1PauseCleanup": 6,
        "G1TryInitiateConcMark": 4,
        "Cleanup": 6
    },
    "total_pause_time_per_category": {
        "ICBufferFull": 25989755,
        "G1CollectForAllocation": 129998861,
        "CollectForMetadataAllocation": 31603871,
        "G1PauseRemark": 38529037,
        "G1PauseCleanup": 1827695,
        "G1TryInitiateConcMark": 49297345,
        "Cleanup": 1155710
    },
    "avg_pause_time_per_category": {
        "ICBufferFull": 371282.21,
        "G1CollectForAllocation": 16249857.62,
        "CollectForMetadataAllocation": 7900967.75,
        "G1PauseRemark": 6421506.17,
        "G1PauseCleanup": 304615.83,
        "G1TryInitiateConcMark": 12324336.25,
        "Cleanup": 192618.33
    },
    "p90_pause_time": 10169242.1,
    "throughput": 28945290660
}