{
    "garbage_collector": "Z",
    "jdk": "HotSpot_21.0.4",
    "benchmark_group": "Renaissance",
    "benchmark_name": "future-genetic",
    "heap_size": "8192",
    "error": null,
    "avg_cpu_usage": 29.0,
    "avg_cpu_time": 25.5,
    "avg_io_time": 0.0,
    "p90_io": 0.0,
    "number_of_pauses": 69,
    "total_pause_time": 7090655,
    "avg_pause_time": 102763.12,
    "pauses_per_category": {
        "ICBufferFull": 4,
        "XMarkStart": 20,
        "XMarkEnd": 20,
        "CleanClassLoaderDataMetaspaces": 2,
        "XRelocateStart": 20,
        "Cleanup": 3
    },
    "total_pause_time_per_category": {
        "ICBufferFull": 388818,
        "XMarkStart": 2054600,
        "XMarkEnd": 1916947,
        "CleanClassLoaderDataMetaspaces": 555032,
        "XRelocateStart": 1910827,
        "Cleanup": 264431
    },
    "avg_pause_time_per_category": {
        "ICBufferFull": 97204.5,
        "XMarkStart": 102730.0,
        "XMarkEnd": 95847.35,
        "CleanClassLoaderDataMetaspaces": 277516.0,
        "XRelocateStart": 95541.35,
        "Cleanup": 88143.67
    },
    "p90_pause_time": 105767.4,
    "throughput": 25264225188
}