{
    "garbage_collector": "G1",
    "jdk": "HotSpot_21.0.4",
    "benchmark_group": "Renaissance",
    "benchmark_name": "page-rank",
    "heap_size": "4096",
    "error": null,
    "avg_cpu_usage": 46.7,
    "avg_cpu_time": 47.0,
    "avg_io_time": 0.1,
    "p90_io": 0.0,
    "number_of_pauses": 146,
    "total_pause_time": 9908616888,
    "avg_pause_time": 67867238.96,
    "pauses_per_category": {
        "ICBufferFull": 8,
        "CollectForMetadataAllocation": 24,
        "G1PauseRemark": 14,
        "G1PauseCleanup": 14,
        "G1CollectForAllocation": 63,
        "G1TryInitiateConcMark": 11,
        "Cleanup": 12
    },
    "total_pause_time_per_category": {
        "ICBufferFull": 683570,
        "CollectForMetadataAllocation": 231252868,
        "G1PauseRemark": 46798608,
        "G1PauseCleanup": 6148057,
        "G1CollectForAllocation": 8844845331,
        "G1TryInitiateConcMark": 777876558,
        "Cleanup": 1011896
    },
    "avg_pause_time_per_category": {
        "ICBufferFull": 85446.25,
        "CollectForMetadataAllocation": 9635536.17,
        "G1PauseRemark": 3342757.71,
        "G1PauseCleanup": 439146.93,
        "G1CollectForAllocation": 140394370.33,
        "G1TryInitiateConcMark": 70716050.73,
        "Cleanup": 84324.67
    },
    "p90_pause_time": 185487685.5,
    "throughput": 60831803690
}