{
    "garbage_collector": "Z",
    "jdk": "HotSpot_21.0.4",
    "benchmark_group": "Renaissance",
    "benchmark_name": "fj-kmeans",
    "heap_size": "256",
    "error": null,
    "avg_cpu_usage": 45.2,
    "avg_cpu_time": 45.3,
    "avg_io_time": 0.0,
    "p90_io": 0.0,
    "number_of_pauses": 4672,
    "total_pause_time": 472164719,
    "avg_pause_time": 101062.65,
    "pauses_per_category": {
        "ICBufferFull": 1,
        "XMarkStart": 1556,
        "XMarkEnd": 1556,
        "CleanClassLoaderDataMetaspaces": 3,
        "XRelocateStart": 1556
    },
    "total_pause_time_per_category": {
        "ICBufferFull": 138084,
        "XMarkStart": 174860518,
        "XMarkEnd": 53575648,
        "CleanClassLoaderDataMetaspaces": 1306636,
        "XRelocateStart": 242283833
    },
    "avg_pause_time_per_category": {
        "ICBufferFull": 138084.0,
        "XMarkStart": 112378.22,
        "XMarkEnd": 34431.65,
        "CleanClassLoaderDataMetaspaces": 435545.33,
        "XRelocateStart": 155709.4
    },
    "p90_pause_time": 164811.5,
    "throughput": 163153438796
}