{
    "garbage_collector": "Serial",
    "jdk": "HotSpot_21.0.4",
    "benchmark_group": "Renaissance",
    "benchmark_name": "finagle-http",
    "heap_size": "4096",
    "error": null,
    "avg_cpu_usage": 78.8,
    "avg_cpu_time": 63.8,
    "avg_io_time": 0.0,
    "p90_io": 0.0,
    "number_of_pauses": 86,
    "total_pause_time": 337663964,
    "avg_pause_time": 3926325.16,
    "pauses_per_category": {
        "ICBufferFull": 46,
        "CollectForMetadataAllocation": 2,
        "GenCollectForAllocation": 33,
        "Cleanup": 5
    },
    "total_pause_time_per_category": {
        "ICBufferFull": 13445648,
        "CollectForMetadataAllocation": 42588574,
        "GenCollectForAllocation": 280878729,
        "Cleanup": 751013
    },
    "avg_pause_time_per_category": {
        "ICBufferFull": 292296.7,
        "CollectForMetadataAllocation": 21294287.0,
        "GenCollectForAllocation": 8511476.64,
        "Cleanup": 150202.6
    },
    "p90_pause_time": 13315550.0,
    "throughput": 39341009934
}