{
    "garbage_collector": "G1",
    "jdk": "HotSpot_21.0.4",
    "benchmark_group": "Renaissance",
    "benchmark_name": "dotty",
    "heap_size": "8192",
    "error": null,
    "avg_cpu_usage": 41.1,
    "avg_cpu_time": 42.6,
    "avg_io_time": 0.1,
    "p90_io": 0.0,
    "number_of_pauses": 102,
    "total_pause_time": 198822022,
    "avg_pause_time": 1949235.51,
    "pauses_per_category": {
        "ICBufferFull": 76,
        "CollectForMetadataAllocation": 4,
        "G1PauseRemark": 5,
        "G1PauseCleanup": 5,
        "G1TryInitiateConcMark": 3,
        "Cleanup": 8,
        "G1CollectForAllocation": 1
    },
    "total_pause_time_per_category": {
        "ICBufferFull": 35366795,
        "CollectForMetadataAllocation": 37897540,
        "G1PauseRemark": 27285887,
        "G1PauseCleanup": 5708679,
        "G1TryInitiateConcMark": 74122561,
        "Cleanup": 973851,
        "G1CollectForAllocation": 17466709
    },
    "avg_pause_time_per_category": {
        "ICBufferFull": 465352.57,
        "CollectForMetadataAllocation": 9474385.0,
        "G1PauseRemark": 5457177.4,
        "G1PauseCleanup": 1141735.8,
        "G1TryInitiateConcMark": 24707520.33,
        "Cleanup": 121731.38,
        "G1CollectForAllocation": 17466709.0
    },
    "p90_pause_time": 5435001.9,
    "throughput": 29577770424
}