{
    "garbage_collector": "Serial",
    "jdk": "HotSpot_21.0.4",
    "benchmark_group": "Renaissance",
    "benchmark_name": "future-genetic",
    "heap_size": "256",
    "error": null,
    "avg_cpu_usage": 31.6,
    "avg_cpu_time": 29.5,
    "avg_io_time": 0.0,
    "p90_io": 0.0,
    "number_of_pauses": 231,
    "total_pause_time": 491334438,
    "avg_pause_time": 2126988.91,
    "pauses_per_category": {
        "ICBufferFull": 2,
        "GenCollectForAllocation": 229
    },
    "total_pause_time_per_category": {
        "ICBufferFull": 214689,
        "GenCollectForAllocation": 491119749
    },
    "avg_pause_time_per_category": {
        "ICBufferFull": 107344.5,
        "GenCollectForAllocation": 2144627.72
    },
    "p90_pause_time": 2984551.0,
    "throughput": 19783688392
}