{
    "garbage_collector": "Z",
    "jdk": "HotSpot_21.0.4",
    "benchmark_group": "Renaissance",
    "benchmark_name": "dotty",
    "heap_size": "4096",
    "error": null,
    "avg_cpu_usage": 37.1,
    "avg_cpu_time": 35.2,
    "avg_io_time": 0.0,
    "p90_io": 0.0,
    "number_of_pauses": 99,
    "total_pause_time": 36881603,
    "avg_pause_time": 372541.44,
    "pauses_per_category": {
        "ICBufferFull": 67,
        "XMarkStart": 6,
        "XMarkEnd": 6,
        "CleanClassLoaderDataMetaspaces": 4,
        "XRelocateStart": 6,
        "Cleanup": 10
    },
    "total_pause_time_per_category": {
        "ICBufferFull": 30704394,
        "XMarkStart": 1170039,
        "XMarkEnd": 812396,
        "CleanClassLoaderDataMetaspaces": 1677211,
        "XRelocateStart": 722310,
        "Cleanup": 1795253
    },
    "avg_pause_time_per_category": {
        "ICBufferFull": 458274.54,
        "XMarkStart": 195006.5,
        "XMarkEnd": 135399.33,
        "CleanClassLoaderDataMetaspaces": 419302.75,
        "XRelocateStart": 120385.0,
        "Cleanup": 179525.3
    },
    "p90_pause_time": 706274.4,
    "throughput": 29837872765
}