{
    "garbage_collector": "G1",
    "jdk": "HotSpot_21.0.4",
    "benchmark_group": "Renaissance",
    "benchmark_name": "gauss-mix",
    "heap_size": "8192",
    "error": null,
    "avg_cpu_usage": 32.0,
    "avg_cpu_time": 30.1,
    "avg_io_time": 0.2,
    "p90_io": 0.0,
    "number_of_pauses": 32,
    "total_pause_time": 96175275,
    "avg_pause_time": 3005477.34,
    "pauses_per_category": {
        "ICBufferFull": 11,
        "Cleanup": 6,
        "CollectForMetadataAllocation": 6,
        "G1PauseRemark": 3,
        "G1PauseCleanup": 3,
        "G1CollectForAllocation": 3
    },
    "total_pause_time_per_category": {
        "ICBufferFull": 1055075,
        "Cleanup": 709447,
        "CollectForMetadataAllocation": 42523430,
        "G1PauseRemark": 5758939,
        "G1PauseCleanup": 2800843,
        "G1CollectForAllocation": 43327541
    },
    "avg_pause_time_per_category": {
        "ICBufferFull": 95915.91,
        "Cleanup": 118241.17,
        "CollectForMetadataAllocation": 7087238.33,
        "G1PauseRemark": 1919646.33,
        "G1PauseCleanup": 933614.33,
        "G1CollectForAllocation": 14442513.67
    },
    "p90_pause_time": 12738589.9,
    "throughput": 13388826352
}