{
    "garbage_collector": "Z",
    "jdk": "HotSpot_21.0.4",
    "benchmark_group": "Renaissance",
    "benchmark_name": "chi-square",
    "heap_size": "4096",
    "error": null,
    "avg_cpu_usage": 30.7,
    "avg_cpu_time": 27.6,
    "avg_io_time": 0.2,
    "p90_io": 0.0,
    "number_of_pauses": 60,
    "total_pause_time": 7092077,
    "avg_pause_time": 118201.28,
    "pauses_per_category": {
        "ICBufferFull": 4,
        "Cleanup": 1,
        "XMarkStart": 16,
        "XMarkEnd": 16,
        "CleanClassLoaderDataMetaspaces": 6,
        "XRelocateStart": 17
    },
    "total_pause_time_per_category": {
        "ICBufferFull": 324589,
        "Cleanup": 87821,
        "XMarkStart": 1767030,
        "XMarkEnd": 1132219,
        "CleanClassLoaderDataMetaspaces": 2338152,
        "XRelocateStart": 1442266
    },
    "avg_pause_time_per_category": {
        "ICBufferFull": 81147.25,
        "Cleanup": 87821.0,
        "XMarkStart": 110439.38,
        "XMarkEnd": 70763.69,
        "CleanClassLoaderDataMetaspaces": 389692.0,
        "XRelocateStart": 84839.18
    },
    "p90_pause_time": 175580.0,
    "throughput": 14611818347
}