{
    "garbage_collector": "G1",
    "jdk": "HotSpot_21.0.4",
    "benchmark_group": "Renaissance",
    "benchmark_name": "log-regression",
    "heap_size": "4096",
    "error": null,
    "avg_cpu_usage": 49.0,
    "avg_cpu_time": 48.0,
    "avg_io_time": 0.0,
    "p90_io": 0.0,
    "number_of_pauses": 76,
    "total_pause_time": 243937854,
    "avg_pause_time": 3209708.61,
    "pauses_per_category": {
        "ICBufferFull": 43,
        "Cleanup": 2,
        "CollectForMetadataAllocation": 10,
        "G1PauseRemark": 5,
        "G1PauseCleanup": 5,
        "G1CollectForAllocation": 10,
        "G1TryInitiateConcMark": 1
    },
    "total_pause_time_per_category": {
        "ICBufferFull": 5225238,
        "Cleanup": 361057,
        "CollectForMetadataAllocation": 59452203,
        "G1PauseRemark": 14496767,
        "G1PauseCleanup": 2204633,
        "G1CollectForAllocation": 148274166,
        "G1TryInitiateConcMark": 13923790
    },
    "avg_pause_time_per_category": {
        "ICBufferFull": 121517.16,
        "Cleanup": 180528.5,
        "CollectForMetadataAllocation": 5945220.3,
        "G1PauseRemark": 2899353.4,
        "G1PauseCleanup": 440926.6,
        "G1CollectForAllocation": 14827416.6,
        "G1TryInitiateConcMark": 13923790.0
    },
    "p90_pause_time": 14170773.0,
    "throughput": 19936879196
}