{
    "garbage_collector": "Z",
    "jdk": "HotSpot_21.0.4",
    "benchmark_group": "Renaissance",
    "benchmark_name": "rx-scrabble",
    "heap_size": "512",
    "error": null,
    "avg_cpu_usage": 32.5,
    "avg_cpu_time": 36.7,
    "avg_io_time": 0.0,
    "p90_io": 0.0,
    "number_of_pauses": 68,
    "total_pause_time": 9127025,
    "avg_pause_time": 134220.96,
    "pauses_per_category": {
        "ICBufferFull": 1,
        "XMarkStart": 21,
        "XMarkEnd": 21,
        "CleanClassLoaderDataMetaspaces": 4,
        "XRelocateStart": 21
    },
    "total_pause_time_per_category": {
        "ICBufferFull": 54998,
        "XMarkStart": 2079259,
        "XMarkEnd": 2227853,
        "CleanClassLoaderDataMetaspaces": 1010629,
        "XRelocateStart": 3754286
    },
    "avg_pause_time_per_category": {
        "ICBufferFull": 54998.0,
        "XMarkStart": 99012.33,
        "XMarkEnd": 106088.24,
        "CleanClassLoaderDataMetaspaces": 252657.25,
        "XRelocateStart": 178775.52
    },
    "p90_pause_time": 125534.4,
    "throughput": 3048357958
}