{
    "garbage_collector": "Serial",
    "jdk": "HotSpot_21.0.4",
    "benchmark_group": "Renaissance",
    "benchmark_name": "fj-kmeans",
    "heap_size": "256",
    "error": null,
    "avg_cpu_usage": 82.5,
    "avg_cpu_time": 82.0,
    "avg_io_time": 0.1,
    "p90_io": 0.0,
    "number_of_pauses": 1444,
    "total_pause_time": 1280355470,
    "avg_pause_time": 886672.76,
    "pauses_per_category": {
        "ICBufferFull": 1,
        "GenCollectForAllocation": 1443
    },
    "total_pause_time_per_category": {
        "ICBufferFull": 129406,
        "GenCollectForAllocation": 1280226064
    },
    "avg_pause_time_per_category": {
        "ICBufferFull": 129406.0,
        "GenCollectForAllocation": 887197.55
    },
    "p90_pause_time": 1053592.3,
    "throughput": 28043355879
}