{
    "garbage_collector": "G1",
    "jdk": "HotSpot_21.0.4",
    "benchmark_group": "Renaissance",
    "benchmark_name": "dec-tree",
    "heap_size": "2048",
    "error": null,
    "avg_cpu_usage": 42.6,
    "avg_cpu_time": 42.3,
    "avg_io_time": 0.0,
    "p90_io": 0.0,
    "number_of_pauses": 81,
    "total_pause_time": 263979299,
    "avg_pause_time": 3259003.69,
    "pauses_per_category": {
        "ICBufferFull": 46,
        "Cleanup": 1,
        "CollectForMetadataAllocation": 10,
        "G1PauseRemark": 5,
        "G1PauseCleanup": 5,
        "G1CollectForAllocation": 12,
        "G1TryInitiateConcMark": 2
    },
    "total_pause_time_per_category": {
        "ICBufferFull": 5178365,
        "Cleanup": 21251,
        "CollectForMetadataAllocation": 55219888,
        "G1PauseRemark": 16486751,
        "G1PauseCleanup": 2516069,
        "G1CollectForAllocation": 172035825,
        "G1TryInitiateConcMark": 12521150
    },
    "avg_pause_time_per_category": {
        "ICBufferFull": 112573.15,
        "Cleanup": 21251.0,
        "CollectForMetadataAllocation": 5521988.8,
        "G1PauseRemark": 3297350.2,
        "G1PauseCleanup": 503213.8,
        "G1CollectForAllocation": 14336318.75,
        "G1TryInitiateConcMark": 6260575.0
    },
    "p90_pause_time": 12985345.0,
    "throughput": 16453740548
}