{
    "garbage_collector": "Serial",
    "jdk": "HotSpot_21.0.4",
    "benchmark_group": "Renaissance",
    "benchmark_name": "neo4j-analytics",
    "heap_size": "1024",
    "error": "Error code not found: 1\nBenchmark 'neo4j-analytics' failed with exception:\norg.neo4j.graphdb.TransientTransactionFailureException: Unable to complete transaction.: The memory pool limit was exceeded. The corresponding setting can be found in the error message\n\tat org.neo4j.kernel.impl.coreapi.DefaultTransactionExceptionMapper.mapException(DefaultTransactionExceptionMapper.java:52)\n\tat org.neo4j.kernel.impl.coreapi.TransactionImpl.safeTerminalOperation(TransactionImpl.java:337)\n\tat org.neo4j.kernel.impl.coreapi.TransactionImpl.commit(TransactionImpl.java:175)\n\tat org.neo4j.kernel.impl.coreapi.TransactionImpl.commit(TransactionImpl.java:170)\n\tat org.renaissance.neo4j.analytics.AnalyticsBenchmark.populateVertices(AnalyticsBenchmark.scala:97)\n\tat org.renaissance.neo4j.analytics.AnalyticsBenchmark.populateDatabase(AnalyticsBenchmark.scala:54)\n\tat org.renaissance.neo4j.Neo4jAnalytics.setUpBeforeAll(Neo4jAnalytics.scala:104)\n\tat org.renaissance.harness.ExecutionDriver.executeBenchmark(ExecutionDriver.java:82)\n\tat org.renaissance.harness.RenaissanceSuite$.runBenchmarks$$anonfun$1(RenaissanceSuite.scala:172)\n\tat scala.runtime.function.JProcedure1.apply(JProcedure1.java:15)\n\tat scala.runtime.function.JProcedure1.apply(JProcedure1.java:10)\n\tat scala.collection.immutable.List.foreach(List.scala:333)\n\tat org.renaissance.harness.RenaissanceSuite$.runBenchmarks(RenaissanceSuite.scala:205)\n\tat org.renaissance.harness.RenaissanceSuite$.main(RenaissanceSuite.scala:130)\n\tat org.renaissance.harness.RenaissanceSuite.main(RenaissanceSuite.scala)\n\tat java.base/jdk.internal.reflect.DirectMethodHandleAccessor.invoke(DirectMethodHandleAccessor.java:103)\n\tat java.base/java.lang.reflect.Method.invoke(Method.java:580)\n\tat org.renaissance.core.Launcher.loadAndInvokeHarnessClass(Launcher.java:129)\n\tat org.renaissance.core.Launcher.launchHarnessClass(Launcher.java:78)\n\tat org.renaissance.core.Launcher.main(Launcher.java:43)\nCaused by: org.neo4j.memory.MemoryLimitExceededException: The allocation of an extra 24.0 MiB would use more than the limit 692.9 MiB. Currently using 670.0 MiB. dbms.memory.transaction.total.max threshold reached\n\tat org.neo4j.memory.MemoryPoolImpl.reserveMemory(MemoryPoolImpl.java:90)\n\tat org.neo4j.memory.MemoryPoolImpl.reserveHeap(MemoryPoolImpl.java:74)\n\tat org.neo4j.memory.DelegatingMemoryPool.reserveHeap(DelegatingMemoryPool.java:31)\n\tat org.neo4j.memory.DatabaseMemoryGroupTracker.reserveHeap(DatabaseMemoryGroupTracker.java:65)\n\tat org.neo4j.kernel.impl.api.TransactionMemoryPool.reserveHeap(TransactionMemoryPool.java:90)\n\tat org.neo4j.memory.LocalMemoryTracker.reserveHeapFromPool(LocalMemoryTracker.java:264)\n\tat org.neo4j.memory.LocalMemoryTracker.allocateHeap(LocalMemoryTracker.java:183)\n\tat org.neo4j.collection.trackable.HeapTrackingLongObjectHashMap.allocateTable(HeapTrackingLongObjectHashMap.java:58)\n\tat org.eclipse.collections.impl.map.mutable.primitive.LongObjectHashMap.rehash(LongObjectHashMap.java:2908)\n\tat org.eclipse.collections.impl.map.mutable.primitive.LongObjectHashMap.rehashAndGrow(LongObjectHashMap.java:2900)\n\tat org.eclipse.collections.impl.map.mutable.primitive.LongObjectHashMap.addKeyValueAtIndex(LongObjectHashMap.java:2742)\n\tat org.eclipse.collections.impl.map.mutable.primitive.LongObjectHashMap.put(LongObjectHashMap.java:2190)\n\tat org.neo4j.internal.recordstorage.RecordChanges.create(RecordChanges.java:121)\n\tat org.neo4j.internal.recordstorage.PropertyCreator.primitiveSetProperty(PropertyCreator.java:136)\n\tat org.neo4j.internal.recordstorage.TransactionRecordState.nodeAddProperty(TransactionRecordState.java:461)\n\tat org.neo4j.internal.recordstorage.TransactionToRecordStateVisitor.visitNodePropertyChanges(TransactionToRecordStateVisitor.java:101)\n\tat org.neo4j.storageengine.api.txstate.TxStateVisitor$Delegator.visitNodePropertyChanges(TxStateVisitor.java:160)\n\tat org.neo4j.kernel.impl.api.state.TxState.accept(TxState.java:203)\n\tat org.neo4j.internal.recordstorage.RecordStorageEngine.createCommands(RecordStorageEngine.java:472)\n\tat org.neo4j.kernel.impl.api.KernelTransactionImplementation.extractCommands(KernelTransactionImplementation.java:1033)\n\tat org.neo4j.kernel.impl.api.commit.DefaultCommitter.commit(DefaultCommitter.java:85)\n\tat org.neo4j.kernel.impl.api.KernelTransactionImplementation.commitTransaction(KernelTransactionImplementation.java:1002)\n\tat org.neo4j.kernel.impl.api.KernelTransactionImplementation.closeTransaction(KernelTransactionImplementation.java:878)\n\tat org.neo4j.kernel.impl.api.KernelTransactionImplementation.commit(KernelTransactionImplementation.java:851)\n\tat org.neo4j.kernel.impl.coreapi.TransactionImpl.lambda$commit$0(TransactionImpl.java:175)\n\tat org.neo4j.kernel.impl.coreapi.TransactionImpl.safeTerminalOperation(TransactionImpl.java:322)\n\t... 18 more\n",
    "avg_cpu_usage": 23.2,
    "avg_cpu_time": 20.7,
    "avg_io_time": 0.7,
    "p90_io": 2.5,
    "number_of_pauses": 0,
    "total_pause_time": 0,
    "avg_pause_time": 0,
    "pauses_per_category": {},
    "total_pause_time_per_category": {},
    "avg_pause_time_per_category": {},
    "p90_pause_time": 0,
    "throughput": 0
}