{
    "garbage_collector": "Serial",
    "jdk": "HotSpot_21.0.4",
    "benchmark_group": "Renaissance",
    "benchmark_name": "reactors",
    "heap_size": "1024",
    "error": null,
    "avg_cpu_usage": 28.3,
    "avg_cpu_time": 29.2,
    "avg_io_time": 0.0,
    "p90_io": 0.0,
    "number_of_pauses": 205,
    "total_pause_time": 27124633919,
    "avg_pause_time": 132315287.41,
    "pauses_per_category": {
        "ICBufferFull": 2,
        "Cleanup": 9,
        "GenCollectForAllocation": 194
    },
    "total_pause_time_per_category": {
        "ICBufferFull": 194330,
        "Cleanup": 815994,
        "GenCollectForAllocation": 27123623595
    },
    "avg_pause_time_per_category": {
        "ICBufferFull": 97165.0,
        "Cleanup": 90666.0,
        "GenCollectForAllocation": 139812492.76
    },
    "p90_pause_time": 360403206.8,
    "throughput": 92650887777
}