{
    "garbage_collector": "Parallel",
    "jdk": "HotSpot_21.0.4",
    "benchmark_group": "Renaissance",
    "benchmark_name": "page-rank",
    "heap_size": "4096",
    "error": null,
    "avg_cpu_usage": 40.5,
    "avg_cpu_time": 40.1,
    "avg_io_time": 0.1,
    "p90_io": 0.0,
    "number_of_pauses": 82,
    "total_pause_time": 3421763471,
    "avg_pause_time": 41728822.82,
    "pauses_per_category": {
        "ICBufferFull": 10,
        "Cleanup": 3,
        "CollectForMetadataAllocation": 4,
        "ParallelGCFailedAllocation": 65
    },
    "total_pause_time_per_category": {
        "ICBufferFull": 974135,
        "Cleanup": 320525,
        "CollectForMetadataAllocation": 83343118,
        "ParallelGCFailedAllocation": 3337125693
    },
    "avg_pause_time_per_category": {
        "ICBufferFull": 97413.5,
        "Cleanup": 106841.67,
        "CollectForMetadataAllocation": 20835779.5,
        "ParallelGCFailedAllocation": 51340395.28
    },
    "p90_pause_time": 93705777.0,
    "throughput": 46664737915
}