{
    "garbage_collector": "G1",
    "jdk": "HotSpot_21.0.4",
    "benchmark_group": "Renaissance",
    "benchmark_name": "gauss-mix",
    "heap_size": "4096",
    "error": null,
    "avg_cpu_usage": 31.6,
    "avg_cpu_time": 30.0,
    "avg_io_time": 0.0,
    "p90_io": 0.0,
    "number_of_pauses": 36,
    "total_pause_time": 89978902,
    "avg_pause_time": 2499413.94,
    "pauses_per_category": {
        "ICBufferFull": 12,
        "Cleanup": 5,
        "CollectForMetadataAllocation": 8,
        "G1PauseRemark": 3,
        "G1PauseCleanup": 3,
        "G1CollectForAllocation": 5
    },
    "total_pause_time_per_category": {
        "ICBufferFull": 1098138,
        "Cleanup": 416691,
        "CollectForMetadataAllocation": 43519416,
        "G1PauseRemark": 5432154,
        "G1PauseCleanup": 1221185,
        "G1CollectForAllocation": 38291318
    },
    "avg_pause_time_per_category": {
        "ICBufferFull": 91511.5,
        "Cleanup": 83338.2,
        "CollectForMetadataAllocation": 5439927.0,
        "G1PauseRemark": 1810718.0,
        "G1PauseCleanup": 407061.67,
        "G1CollectForAllocation": 7658263.6
    },
    "p90_pause_time": 9460944.0,
    "throughput": 12779753195
}