{
    "garbage_collector": "Z",
    "jdk": "HotSpot_21.0.4",
    "benchmark_group": "Renaissance",
    "benchmark_name": "finagle-chirper",
    "heap_size": "512",
    "error": null,
    "avg_cpu_usage": 80.7,
    "avg_cpu_time": 74.3,
    "avg_io_time": 0.0,
    "p90_io": 0.0,
    "number_of_pauses": 830,
    "total_pause_time": 125643780,
    "avg_pause_time": 151378.05,
    "pauses_per_category": {
        "ICBufferFull": 55,
        "XMarkStart": 257,
        "XMarkEnd": 257,
        "CleanClassLoaderDataMetaspaces": 4,
        "XRelocateStart": 257
    },
    "total_pause_time_per_category": {
        "ICBufferFull": 26663560,
        "XMarkStart": 33454074,
        "XMarkEnd": 29645047,
        "CleanClassLoaderDataMetaspaces": 3364336,
        "XRelocateStart": 32516763
    },
    "avg_pause_time_per_category": {
        "ICBufferFull": 484792.0,
        "XMarkStart": 130171.49,
        "XMarkEnd": 115350.38,
        "CleanClassLoaderDataMetaspaces": 841084.0,
        "XRelocateStart": 126524.37
    },
    "p90_pause_time": 155582.7,
    "throughput": 41507370011
}