{
    "garbage_collector": "Parallel",
    "jdk": "HotSpot_21.0.4",
    "benchmark_group": "Renaissance",
    "benchmark_name": "chi-square",
    "heap_size": "4096",
    "error": null,
    "avg_cpu_usage": 30.2,
    "avg_cpu_time": 29.1,
    "avg_io_time": 0.0,
    "p90_io": 0.0,
    "number_of_pauses": 33,
    "total_pause_time": 498107548,
    "avg_pause_time": 15094168.12,
    "pauses_per_category": {
        "ICBufferFull": 5,
        "Cleanup": 1,
        "CollectForMetadataAllocation": 3,
        "ParallelGCFailedAllocation": 24
    },
    "total_pause_time_per_category": {
        "ICBufferFull": 480654,
        "Cleanup": 87183,
        "CollectForMetadataAllocation": 86858467,
        "ParallelGCFailedAllocation": 410681244
    },
    "avg_pause_time_per_category": {
        "ICBufferFull": 96130.8,
        "Cleanup": 87183.0,
        "CollectForMetadataAllocation": 28952822.33,
        "ParallelGCFailedAllocation": 17111718.5
    },
    "p90_pause_time": 44412055.8,
    "throughput": 11900059364
}