{
    "garbage_collector": "G1",
    "jdk": "HotSpot_21.0.4",
    "benchmark_group": "Renaissance",
    "benchmark_name": "naive-bayes",
    "heap_size": "8192",
    "error": null,
    "avg_cpu_usage": 72.5,
    "avg_cpu_time": 69.7,
    "avg_io_time": 0.1,
    "p90_io": 0.0,
    "number_of_pauses": 84,
    "total_pause_time": 321656510,
    "avg_pause_time": 3829244.17,
    "pauses_per_category": {
        "ICBufferFull": 35,
        "Cleanup": 3,
        "CollectForMetadataAllocation": 6,
        "G1PauseRemark": 4,
        "G1PauseCleanup": 4,
        "G1CollectForAllocation": 32
    },
    "total_pause_time_per_category": {
        "ICBufferFull": 9135535,
        "Cleanup": 360498,
        "CollectForMetadataAllocation": 53568515,
        "G1PauseRemark": 8367574,
        "G1PauseCleanup": 882263,
        "G1CollectForAllocation": 249342125
    },
    "avg_pause_time_per_category": {
        "ICBufferFull": 261015.29,
        "Cleanup": 120166.0,
        "CollectForMetadataAllocation": 8928085.83,
        "G1PauseRemark": 2091893.5,
        "G1PauseCleanup": 220565.75,
        "G1CollectForAllocation": 7791941.41
    },
    "p90_pause_time": 10687535.8,
    "throughput": 24508082810
}