{
    "garbage_collector": "G1",
    "jdk": "HotSpot_21.0.4",
    "benchmark_group": "Renaissance",
    "benchmark_name": "rx-scrabble",
    "heap_size": "1024",
    "error": null,
    "avg_cpu_usage": 39.2,
    "avg_cpu_time": 28.6,
    "avg_io_time": 0.0,
    "p90_io": 0.0,
    "number_of_pauses": 15,
    "total_pause_time": 63707745,
    "avg_pause_time": 4247183.0,
    "pauses_per_category": {
        "ICBufferFull": 8,
        "G1CollectForAllocation": 7
    },
    "total_pause_time_per_category": {
        "ICBufferFull": 686812,
        "G1CollectForAllocation": 63020933
    },
    "avg_pause_time_per_category": {
        "ICBufferFull": 85851.5,
        "G1CollectForAllocation": 9002990.43
    },
    "p90_pause_time": 11553723.8,
    "throughput": 2437489281
}