{
    "garbage_collector": "Parallel",
    "jdk": "HotSpot_21.0.4",
    "benchmark_group": "Renaissance",
    "benchmark_name": "finagle-http",
    "heap_size": "8192",
    "error": null,
    "avg_cpu_usage": 80.9,
    "avg_cpu_time": 64.1,
    "avg_io_time": 0.0,
    "p90_io": 0.0,
    "number_of_pauses": 116,
    "total_pause_time": 110593115,
    "avg_pause_time": 953388.92,
    "pauses_per_category": {
        "ICBufferFull": 80,
        "CollectForMetadataAllocation": 2,
        "Cleanup": 20,
        "ParallelGCFailedAllocation": 14
    },
    "total_pause_time_per_category": {
        "ICBufferFull": 11639205,
        "CollectForMetadataAllocation": 41925271,
        "Cleanup": 2033614,
        "ParallelGCFailedAllocation": 54995025
    },
    "avg_pause_time_per_category": {
        "ICBufferFull": 145490.06,
        "CollectForMetadataAllocation": 20962635.5,
        "Cleanup": 101680.7,
        "ParallelGCFailedAllocation": 3928216.07
    },
    "p90_pause_time": 1063445.5,
    "throughput": 39364260809
}