{
    "garbage_collector": "G1",
    "jdk": "HotSpot_21.0.4",
    "benchmark_group": "Renaissance",
    "benchmark_name": "gauss-mix",
    "heap_size": "2048",
    "error": null,
    "avg_cpu_usage": 30.5,
    "avg_cpu_time": 32.2,
    "avg_io_time": 0.0,
    "p90_io": 0.0,
    "number_of_pauses": 37,
    "total_pause_time": 117089166,
    "avg_pause_time": 3164572.05,
    "pauses_per_category": {
        "ICBufferFull": 12,
        "Cleanup": 2,
        "CollectForMetadataAllocation": 9,
        "G1PauseRemark": 3,
        "G1PauseCleanup": 3,
        "G1CollectForAllocation": 8
    },
    "total_pause_time_per_category": {
        "ICBufferFull": 1174573,
        "Cleanup": 224838,
        "CollectForMetadataAllocation": 45273688,
        "G1PauseRemark": 5631460,
        "G1PauseCleanup": 945305,
        "G1CollectForAllocation": 63839302
    },
    "avg_pause_time_per_category": {
        "ICBufferFull": 97881.08,
        "Cleanup": 112419.0,
        "CollectForMetadataAllocation": 5030409.78,
        "G1PauseRemark": 1877153.33,
        "G1PauseCleanup": 315101.67,
        "G1CollectForAllocation": 7979912.75
    },
    "p90_pause_time": 8902047.8,
    "throughput": 12792789346
}