{
    "garbage_collector": "Serial",
    "jdk": "HotSpot_21.0.4",
    "benchmark_group": "Renaissance",
    "benchmark_name": "chi-square",
    "heap_size": "4096",
    "error": null,
    "avg_cpu_usage": 27.7,
    "avg_cpu_time": 26.8,
    "avg_io_time": 0.0,
    "p90_io": 0.0,
    "number_of_pauses": 33,
    "total_pause_time": 860301447,
    "avg_pause_time": 26069740.82,
    "pauses_per_category": {
        "ICBufferFull": 6,
        "CollectForMetadataAllocation": 3,
        "GenCollectForAllocation": 24
    },
    "total_pause_time_per_category": {
        "ICBufferFull": 599697,
        "CollectForMetadataAllocation": 141151129,
        "GenCollectForAllocation": 718550621
    },
    "avg_pause_time_per_category": {
        "ICBufferFull": 99949.5,
        "CollectForMetadataAllocation": 47050376.33,
        "GenCollectForAllocation": 29939609.21
    },
    "p90_pause_time": 83810885.4,
    "throughput": 11864699451
}