{
    "garbage_collector": "Parallel",
    "jdk": "HotSpot_21.0.4",
    "benchmark_group": "Renaissance",
    "benchmark_name": "par-mnemonics",
    "heap_size": "8192",
    "error": null,
    "avg_cpu_usage": 18.2,
    "avg_cpu_time": 17.2,
    "avg_io_time": 0.0,
    "p90_io": 0.0,
    "number_of_pauses": 32,
    "total_pause_time": 455354448,
    "avg_pause_time": 14229826.5,
    "pauses_per_category": {
        "ICBufferFull": 3,
        "ParallelGCFailedAllocation": 28,
        "Cleanup": 1
    },
    "total_pause_time_per_category": {
        "ICBufferFull": 286472,
        "ParallelGCFailedAllocation": 454898883,
        "Cleanup": 169093
    },
    "avg_pause_time_per_category": {
        "ICBufferFull": 95490.67,
        "ParallelGCFailedAllocation": 16246388.68,
        "Cleanup": 169093.0
    },
    "p90_pause_time": 32109541.0,
    "throughput": 22515686326
}