{
    "garbage_collector": "Serial",
    "jdk": "HotSpot_21.0.4",
    "benchmark_group": "Renaissance",
    "benchmark_name": "akka-uct",
    "heap_size": "8192",
    "error": null,
    "avg_cpu_usage": 58.1,
    "avg_cpu_time": 57.3,
    "avg_io_time": 0.0,
    "p90_io": 0.0,
    "number_of_pauses": 104,
    "total_pause_time": 29569937893,
    "avg_pause_time": 284326325.89,
    "pauses_per_category": {
        "ICBufferFull": 12,
        "GenCollectForAllocation": 90,
        "CollectForMetadataAllocation": 2
    },
    "total_pause_time_per_category": {
        "ICBufferFull": 15267318,
        "GenCollectForAllocation": 29323902784,
        "CollectForMetadataAllocation": 230767791
    },
    "avg_pause_time_per_category": {
        "ICBufferFull": 1272276.5,
        "GenCollectForAllocation": 325821142.04,
        "CollectForMetadataAllocation": 115383895.5
    },
    "p90_pause_time": 414049224.9,
    "throughput": 91922686168
}