{
    "garbage_collector": "G1",
    "jdk": "HotSpot_21.0.4",
    "benchmark_group": "Renaissance",
    "benchmark_name": "reactors",
    "heap_size": "8192",
    "error": null,
    "avg_cpu_usage": 38.2,
    "avg_cpu_time": 36.3,
    "avg_io_time": 0.0,
    "p90_io": 0.0,
    "number_of_pauses": 52,
    "total_pause_time": 2418454679,
    "avg_pause_time": 46508743.83,
    "pauses_per_category": {
        "ICBufferFull": 1,
        "Cleanup": 19,
        "G1CollectForAllocation": 32
    },
    "total_pause_time_per_category": {
        "ICBufferFull": 58345,
        "Cleanup": 1668571,
        "G1CollectForAllocation": 2416727763
    },
    "avg_pause_time_per_category": {
        "ICBufferFull": 58345.0,
        "Cleanup": 87819.53,
        "G1CollectForAllocation": 75522742.59
    },
    "p90_pause_time": 120392264.6,
    "throughput": 70863086757
}