{
    "garbage_collector": "G1",
    "jdk": "HotSpot_21.0.4",
    "benchmark_group": "Renaissance",
    "benchmark_name": "reactors",
    "heap_size": "512",
    "error": null,
    "avg_cpu_usage": 47.5,
    "avg_cpu_time": 45.1,
    "avg_io_time": 0.0,
    "p90_io": 0.0,
    "number_of_pauses": 832,
    "total_pause_time": 9320423723,
    "avg_pause_time": 11202432.36,
    "pauses_per_category": {
        "G1CollectForAllocation": 627,
        "ICBufferFull": 8,
        "Cleanup": 14,
        "G1PauseRemark": 85,
        "G1PauseCleanup": 84,
        "G1TryInitiateConcMark": 14
    },
    "total_pause_time_per_category": {
        "G1CollectForAllocation": 9145477995,
        "ICBufferFull": 627589,
        "Cleanup": 1205061,
        "G1PauseRemark": 90570777,
        "G1PauseCleanup": 19085528,
        "G1TryInitiateConcMark": 63456773
    },
    "avg_pause_time_per_category": {
        "G1CollectForAllocation": 14586089.31,
        "ICBufferFull": 78448.62,
        "Cleanup": 86075.79,
        "G1PauseRemark": 1065538.55,
        "G1PauseCleanup": 227208.67,
        "G1TryInitiateConcMark": 4532626.64
    },
    "p90_pause_time": 26642488.0,
    "throughput": 85329655529
}