{
    "garbage_collector": "Serial",
    "jdk": "HotSpot_21.0.4",
    "benchmark_group": "Renaissance",
    "benchmark_name": "als",
    "heap_size": "512",
    "error": null,
    "avg_cpu_usage": 63.8,
    "avg_cpu_time": 60.5,
    "avg_io_time": 0.1,
    "p90_io": 0.0,
    "number_of_pauses": 383,
    "total_pause_time": 3245421783,
    "avg_pause_time": 8473686.12,
    "pauses_per_category": {
        "ICBufferFull": 20,
        "Cleanup": 1,
        "CollectForMetadataAllocation": 5,
        "GenCollectForAllocation": 346,
        "GenCollectFull": 11
    },
    "total_pause_time_per_category": {
        "ICBufferFull": 2459257,
        "Cleanup": 86258,
        "CollectForMetadataAllocation": 161978926,
        "GenCollectForAllocation": 3010581607,
        "GenCollectFull": 70315735
    },
    "avg_pause_time_per_category": {
        "ICBufferFull": 122962.85,
        "Cleanup": 86258.0,
        "CollectForMetadataAllocation": 32395785.2,
        "GenCollectForAllocation": 8701102.91,
        "GenCollectFull": 6392339.55
    },
    "p90_pause_time": 10223118.4,
    "throughput": 55968907021
}