{
    "garbage_collector": "Parallel",
    "jdk": "HotSpot_21.0.4",
    "benchmark_group": "Renaissance",
    "benchmark_name": "dec-tree",
    "heap_size": "4096",
    "error": null,
    "avg_cpu_usage": 40.1,
    "avg_cpu_time": 42.7,
    "avg_io_time": 0.0,
    "p90_io": 0.0,
    "number_of_pauses": 64,
    "total_pause_time": 299368988,
    "avg_pause_time": 4677640.44,
    "pauses_per_category": {
        "ICBufferFull": 45,
        "Cleanup": 1,
        "CollectForMetadataAllocation": 5,
        "ParallelGCFailedAllocation": 12,
        "ParallelGCSystemGC": 1
    },
    "total_pause_time_per_category": {
        "ICBufferFull": 4278179,
        "Cleanup": 36708,
        "CollectForMetadataAllocation": 130663350,
        "ParallelGCFailedAllocation": 85234903,
        "ParallelGCSystemGC": 79155848
    },
    "avg_pause_time_per_category": {
        "ICBufferFull": 95070.64,
        "Cleanup": 36708.0,
        "CollectForMetadataAllocation": 26132670.0,
        "ParallelGCFailedAllocation": 7102908.58,
        "ParallelGCSystemGC": 79155848.0
    },
    "p90_pause_time": 14838611.7,
    "throughput": 15838271446
}