{
    "garbage_collector": "Z",
    "jdk": "HotSpot_21.0.4",
    "benchmark_group": "Renaissance",
    "benchmark_name": "finagle-http",
    "heap_size": "4096",
    "error": null,
    "avg_cpu_usage": 78.2,
    "avg_cpu_time": 61.7,
    "avg_io_time": 0.0,
    "p90_io": 0.0,
    "number_of_pauses": 126,
    "total_pause_time": 25681957,
    "avg_pause_time": 203825.06,
    "pauses_per_category": {
        "ICBufferFull": 51,
        "XMarkStart": 18,
        "XMarkEnd": 18,
        "CleanClassLoaderDataMetaspaces": 3,
        "XRelocateStart": 18,
        "Cleanup": 18
    },
    "total_pause_time_per_category": {
        "ICBufferFull": 11422700,
        "XMarkStart": 2581670,
        "XMarkEnd": 2462725,
        "CleanClassLoaderDataMetaspaces": 2584748,
        "XRelocateStart": 4634544,
        "Cleanup": 1995570
    },
    "avg_pause_time_per_category": {
        "ICBufferFull": 223974.51,
        "XMarkStart": 143426.11,
        "XMarkEnd": 136818.06,
        "CleanClassLoaderDataMetaspaces": 861582.67,
        "XRelocateStart": 257474.67,
        "Cleanup": 110865.0
    },
    "p90_pause_time": 461612.5,
    "throughput": 42649554503
}