{
    "garbage_collector": "Z",
    "jdk": "HotSpot_21.0.4",
    "benchmark_group": "Renaissance",
    "benchmark_name": "als",
    "heap_size": "512",
    "error": null,
    "avg_cpu_usage": 65.4,
    "avg_cpu_time": 63.1,
    "avg_io_time": 0.2,
    "p90_io": 0.0,
    "number_of_pauses": 1428,
    "total_pause_time": 149202343,
    "avg_pause_time": 104483.43,
    "pauses_per_category": {
        "ICBufferFull": 18,
        "Cleanup": 1,
        "XMarkStart": 522,
        "XMarkEnd": 357,
        "CleanClassLoaderDataMetaspaces": 20,
        "XRelocateStart": 510
    },
    "total_pause_time_per_category": {
        "ICBufferFull": 1879502,
        "Cleanup": 88373,
        "XMarkStart": 49981814,
        "XMarkEnd": 37776743,
        "CleanClassLoaderDataMetaspaces": 7858567,
        "XRelocateStart": 51617344
    },
    "avg_pause_time_per_category": {
        "ICBufferFull": 104416.78,
        "Cleanup": 88373.0,
        "XMarkStart": 95750.6,
        "XMarkEnd": 105817.21,
        "CleanClassLoaderDataMetaspaces": 392928.35,
        "XRelocateStart": 101210.48
    },
    "p90_pause_time": 139008.9,
    "throughput": 67694677840
}