{
    "garbage_collector": "Serial",
    "jdk": "HotSpot_21.0.4",
    "benchmark_group": "Renaissance",
    "benchmark_name": "scala-doku",
    "heap_size": "2048",
    "error": null,
    "avg_cpu_usage": 14.2,
    "avg_cpu_time": 14.2,
    "avg_io_time": 0.0,
    "p90_io": 0.0,
    "number_of_pauses": 18,
    "total_pause_time": 90659406,
    "avg_pause_time": 5036633.67,
    "pauses_per_category": {
        "ICBufferFull": 2,
        "Cleanup": 13,
        "GenCollectForAllocation": 3
    },
    "total_pause_time_per_category": {
        "ICBufferFull": 137844,
        "Cleanup": 1208420,
        "GenCollectForAllocation": 89313142
    },
    "avg_pause_time_per_category": {
        "ICBufferFull": 68922.0,
        "Cleanup": 92955.38,
        "GenCollectForAllocation": 29771047.33
    },
    "p90_pause_time": 28809130.6,
    "throughput": 19135687835
}