{
    "garbage_collector": "G1",
    "jdk": "HotSpot_21.0.4",
    "benchmark_group": "Renaissance",
    "benchmark_name": "par-mnemonics",
    "heap_size": "512",
    "error": null,
    "avg_cpu_usage": 19.8,
    "avg_cpu_time": 21.0,
    "avg_io_time": 0.4,
    "p90_io": 0.0,
    "number_of_pauses": 271,
    "total_pause_time": 1372535880,
    "avg_pause_time": 5064708.04,
    "pauses_per_category": {
        "G1CollectForAllocation": 250,
        "G1PauseRemark": 9,
        "G1PauseCleanup": 9,
        "G1TryInitiateConcMark": 3
    },
    "total_pause_time_per_category": {
        "G1CollectForAllocation": 1338682579,
        "G1PauseRemark": 8626193,
        "G1PauseCleanup": 1853227,
        "G1TryInitiateConcMark": 23373881
    },
    "avg_pause_time_per_category": {
        "G1CollectForAllocation": 5354730.32,
        "G1PauseRemark": 958465.89,
        "G1PauseCleanup": 205914.11,
        "G1TryInitiateConcMark": 7791293.67
    },
    "p90_pause_time": 8209832.0,
    "throughput": 25265698512
}