{
    "garbage_collector": "Serial",
    "jdk": "HotSpot_21.0.4",
    "benchmark_group": "Renaissance",
    "benchmark_name": "future-genetic",
    "heap_size": "8192",
    "error": null,
    "avg_cpu_usage": 30.5,
    "avg_cpu_time": 30.0,
    "avg_io_time": 0.1,
    "p90_io": 0.0,
    "number_of_pauses": 22,
    "total_pause_time": 51162755,
    "avg_pause_time": 2325579.77,
    "pauses_per_category": {
        "ICBufferFull": 5,
        "Cleanup": 10,
        "GenCollectForAllocation": 7
    },
    "total_pause_time_per_category": {
        "ICBufferFull": 561002,
        "Cleanup": 787147,
        "GenCollectForAllocation": 49814606
    },
    "avg_pause_time_per_category": {
        "ICBufferFull": 112200.4,
        "Cleanup": 78714.7,
        "GenCollectForAllocation": 7116372.29
    },
    "p90_pause_time": 8093034.8,
    "throughput": 21008645028
}