{
    "garbage_collector": "Serial",
    "jdk": "HotSpot_21.0.4",
    "benchmark_group": "Renaissance",
    "benchmark_name": "chi-square",
    "heap_size": "1024",
    "error": null,
    "avg_cpu_usage": 26.6,
    "avg_cpu_time": 26.9,
    "avg_io_time": 0.0,
    "p90_io": 0.0,
    "number_of_pauses": 90,
    "total_pause_time": 893809570,
    "avg_pause_time": 9931217.44,
    "pauses_per_category": {
        "ICBufferFull": 4,
        "Cleanup": 1,
        "CollectForMetadataAllocation": 3,
        "GenCollectForAllocation": 82
    },
    "total_pause_time_per_category": {
        "ICBufferFull": 359433,
        "Cleanup": 466039,
        "CollectForMetadataAllocation": 134334054,
        "GenCollectForAllocation": 758650044
    },
    "avg_pause_time_per_category": {
        "ICBufferFull": 89858.25,
        "Cleanup": 466039.0,
        "CollectForMetadataAllocation": 44778018.0,
        "GenCollectForAllocation": 9251829.8
    },
    "p90_pause_time": 35440120.0,
    "throughput": 11558245210
}