{
    "garbage_collector": "G1",
    "jdk": "HotSpot_21.0.4",
    "benchmark_group": "Renaissance",
    "benchmark_name": "mnemonics",
    "heap_size": "512",
    "error": null,
    "avg_cpu_usage": 16.0,
    "avg_cpu_time": 16.4,
    "avg_io_time": 0.0,
    "p90_io": 0.0,
    "number_of_pauses": 248,
    "total_pause_time": 1288575681,
    "avg_pause_time": 5195869.68,
    "pauses_per_category": {
        "ICBufferFull": 1,
        "G1CollectForAllocation": 235,
        "G1PauseRemark": 6,
        "G1PauseCleanup": 6
    },
    "total_pause_time_per_category": {
        "ICBufferFull": 56975,
        "G1CollectForAllocation": 1281491829,
        "G1PauseRemark": 5875924,
        "G1PauseCleanup": 1150953
    },
    "avg_pause_time_per_category": {
        "ICBufferFull": 56975.0,
        "G1CollectForAllocation": 5453156.72,
        "G1PauseRemark": 979320.67,
        "G1PauseCleanup": 191825.5
    },
    "p90_pause_time": 7940842.3,
    "throughput": 27984713293
}