{
    "garbage_collector": "Serial",
    "jdk": "HotSpot_21.0.4",
    "benchmark_group": "Renaissance",
    "benchmark_name": "akka-uct",
    "heap_size": "2048",
    "error": null,
    "avg_cpu_usage": 45.2,
    "avg_cpu_time": 43.7,
    "avg_io_time": 0.0,
    "p90_io": 0.0,
    "number_of_pauses": 371,
    "total_pause_time": 67745483993,
    "avg_pause_time": 182602382.73,
    "pauses_per_category": {
        "ICBufferFull": 14,
        "GenCollectForAllocation": 356,
        "CollectForMetadataAllocation": 1
    },
    "total_pause_time_per_category": {
        "ICBufferFull": 25554486,
        "GenCollectForAllocation": 67513207338,
        "CollectForMetadataAllocation": 206722169
    },
    "avg_pause_time_per_category": {
        "ICBufferFull": 1825320.43,
        "GenCollectForAllocation": 189643840.84,
        "CollectForMetadataAllocation": 206722169.0
    },
    "p90_pause_time": 205851473.0,
    "throughput": 126784067697
}