{
    "garbage_collector": "Serial",
    "jdk": "HotSpot_21.0.4",
    "benchmark_group": "Renaissance",
    "benchmark_name": "page-rank",
    "heap_size": "4096",
    "error": null,
    "avg_cpu_usage": 33.1,
    "avg_cpu_time": 32.9,
    "avg_io_time": 0.1,
    "p90_io": 0.0,
    "number_of_pauses": 80,
    "total_pause_time": 8405786439,
    "avg_pause_time": 105072330.49,
    "pauses_per_category": {
        "ICBufferFull": 14,
        "CollectForMetadataAllocation": 3,
        "Cleanup": 3,
        "GenCollectForAllocation": 60
    },
    "total_pause_time_per_category": {
        "ICBufferFull": 1349970,
        "CollectForMetadataAllocation": 198993422,
        "Cleanup": 215467,
        "GenCollectForAllocation": 8205227580
    },
    "avg_pause_time_per_category": {
        "ICBufferFull": 96426.43,
        "CollectForMetadataAllocation": 66331140.67,
        "Cleanup": 71822.33,
        "GenCollectForAllocation": 136753793.0
    },
    "p90_pause_time": 260886795.2,
    "throughput": 52336643649
}