{
    "garbage_collector": "Serial",
    "jdk": "HotSpot_21.0.4",
    "benchmark_group": "Renaissance",
    "benchmark_name": "dotty",
    "heap_size": "1024",
    "error": null,
    "avg_cpu_usage": 40.3,
    "avg_cpu_time": 39.1,
    "avg_io_time": 0.1,
    "p90_io": 0.0,
    "number_of_pauses": 95,
    "total_pause_time": 1013797885,
    "avg_pause_time": 10671556.68,
    "pauses_per_category": {
        "ICBufferFull": 75,
        "CollectForMetadataAllocation": 2,
        "GenCollectFull": 3,
        "GenCollectForAllocation": 7,
        "Cleanup": 8
    },
    "total_pause_time_per_category": {
        "ICBufferFull": 27503193,
        "CollectForMetadataAllocation": 57709130,
        "GenCollectFull": 314779599,
        "GenCollectForAllocation": 609929038,
        "Cleanup": 3876925
    },
    "avg_pause_time_per_category": {
        "ICBufferFull": 366709.24,
        "CollectForMetadataAllocation": 28854565.0,
        "GenCollectFull": 104926533.0,
        "GenCollectForAllocation": 87132719.71,
        "Cleanup": 484615.62
    },
    "p90_pause_time": 31590221.8,
    "throughput": 28631268743
}