{
    "garbage_collector": "Serial",
    "jdk": "HotSpot_21.0.4",
    "benchmark_group": "Renaissance",
    "benchmark_name": "philosophers",
    "heap_size": "4096",
    "error": null,
    "avg_cpu_usage": 85.6,
    "avg_cpu_time": 79.5,
    "avg_io_time": 0.1,
    "p90_io": 0.0,
    "number_of_pauses": 33,
    "total_pause_time": 191264077,
    "avg_pause_time": 5795881.12,
    "pauses_per_category": {
        "ICBufferFull": 2,
        "GenCollectForAllocation": 31
    },
    "total_pause_time_per_category": {
        "ICBufferFull": 241289,
        "GenCollectForAllocation": 191022788
    },
    "avg_pause_time_per_category": {
        "ICBufferFull": 120644.5,
        "GenCollectForAllocation": 6162025.42
    },
    "p90_pause_time": 10221412.0,
    "throughput": 22426896379
}