{
    "garbage_collector": "Parallel",
    "jdk": "HotSpot_21.0.4",
    "benchmark_group": "Renaissance",
    "benchmark_name": "reactors",
    "heap_size": "4096",
    "error": null,
    "avg_cpu_usage": 38.7,
    "avg_cpu_time": 38.3,
    "avg_io_time": 0.0,
    "p90_io": 0.0,
    "number_of_pauses": 99,
    "total_pause_time": 5078624205,
    "avg_pause_time": 51299234.39,
    "pauses_per_category": {
        "ICBufferFull": 9,
        "Cleanup": 11,
        "ParallelGCFailedAllocation": 79
    },
    "total_pause_time_per_category": {
        "ICBufferFull": 714144,
        "Cleanup": 897659,
        "ParallelGCFailedAllocation": 5077012402
    },
    "avg_pause_time_per_category": {
        "ICBufferFull": 79349.33,
        "Cleanup": 81605.36,
        "ParallelGCFailedAllocation": 64265979.77
    },
    "p90_pause_time": 160553352.0,
    "throughput": 71266359429
}