{
    "garbage_collector": "Parallel",
    "jdk": "HotSpot_21.0.4",
    "benchmark_group": "Renaissance",
    "benchmark_name": "movie-lens",
    "heap_size": "4096",
    "error": null,
    "avg_cpu_usage": 54.9,
    "avg_cpu_time": 50.0,
    "avg_io_time": 0.2,
    "p90_io": 0.0,
    "number_of_pauses": 229,
    "total_pause_time": 854389569,
    "avg_pause_time": 3730958.82,
    "pauses_per_category": {
        "ICBufferFull": 44,
        "Cleanup": 2,
        "CollectForMetadataAllocation": 4,
        "ParallelGCFailedAllocation": 159,
        "ParallelGCSystemGC": 20
    },
    "total_pause_time_per_category": {
        "ICBufferFull": 11716012,
        "Cleanup": 638384,
        "CollectForMetadataAllocation": 83794836,
        "ParallelGCFailedAllocation": 618764246,
        "ParallelGCSystemGC": 139476091
    },
    "avg_pause_time_per_category": {
        "ICBufferFull": 266273.0,
        "Cleanup": 319192.0,
        "CollectForMetadataAllocation": 20948709.0,
        "ParallelGCFailedAllocation": 3891599.03,
        "ParallelGCSystemGC": 6973804.55
    },
    "p90_pause_time": 5111901.0,
    "throughput": 90215587931
}