{
    "garbage_collector": "G1",
    "jdk": "HotSpot_21.0.4",
    "benchmark_group": "Renaissance",
    "benchmark_name": "finagle-http",
    "heap_size": "8192",
    "error": null,
    "avg_cpu_usage": 80.6,
    "avg_cpu_time": 65.3,
    "avg_io_time": 0.0,
    "p90_io": 0.0,
    "number_of_pauses": 87,
    "total_pause_time": 120202662,
    "avg_pause_time": 1381639.79,
    "pauses_per_category": {
        "ICBufferFull": 49,
        "CollectForMetadataAllocation": 4,
        "G1PauseRemark": 2,
        "G1PauseCleanup": 2,
        "G1CollectForAllocation": 9,
        "Cleanup": 21
    },
    "total_pause_time_per_category": {
        "ICBufferFull": 6649039,
        "CollectForMetadataAllocation": 21809347,
        "G1PauseRemark": 4274045,
        "G1PauseCleanup": 595785,
        "G1CollectForAllocation": 84595975,
        "Cleanup": 2278471
    },
    "avg_pause_time_per_category": {
        "ICBufferFull": 135694.67,
        "CollectForMetadataAllocation": 5452336.75,
        "G1PauseRemark": 2137022.5,
        "G1PauseCleanup": 297892.5,
        "G1CollectForAllocation": 9399552.78,
        "Cleanup": 108498.62
    },
    "p90_pause_time": 7049900.0,
    "throughput": 41839214074
}