{
    "garbage_collector": "Z",
    "jdk": "HotSpot_21.0.4",
    "benchmark_group": "Renaissance",
    "benchmark_name": "chi-square",
    "heap_size": "2048",
    "error": null,
    "avg_cpu_usage": 35.3,
    "avg_cpu_time": 34.5,
    "avg_io_time": 0.0,
    "p90_io": 0.0,
    "number_of_pauses": 133,
    "total_pause_time": 12153307,
    "avg_pause_time": 91378.25,
    "pauses_per_category": {
        "ICBufferFull": 4,
        "Cleanup": 1,
        "XMarkStart": 41,
        "XMarkEnd": 40,
        "CleanClassLoaderDataMetaspaces": 7,
        "XRelocateStart": 40
    },
    "total_pause_time_per_category": {
        "ICBufferFull": 485423,
        "Cleanup": 88433,
        "XMarkStart": 3257418,
        "XMarkEnd": 2479315,
        "CleanClassLoaderDataMetaspaces": 2219231,
        "XRelocateStart": 3623487
    },
    "avg_pause_time_per_category": {
        "ICBufferFull": 121355.75,
        "Cleanup": 88433.0,
        "XMarkStart": 79449.22,
        "XMarkEnd": 61982.88,
        "CleanClassLoaderDataMetaspaces": 317033.0,
        "XRelocateStart": 90587.18
    },
    "p90_pause_time": 144581.6,
    "throughput": 14308906118
}