{
    "garbage_collector": "Serial",
    "jdk": "HotSpot_21.0.4",
    "benchmark_group": "Renaissance",
    "benchmark_name": "reactors",
    "heap_size": "4096",
    "error": null,
    "avg_cpu_usage": 31.3,
    "avg_cpu_time": 31.4,
    "avg_io_time": 0.0,
    "p90_io": 0.0,
    "number_of_pauses": 70,
    "total_pause_time": 12221632804,
    "avg_pause_time": 174594754.34,
    "pauses_per_category": {
        "ICBufferFull": 9,
        "Cleanup": 13,
        "GenCollectForAllocation": 48
    },
    "total_pause_time_per_category": {
        "ICBufferFull": 733557,
        "Cleanup": 1151526,
        "GenCollectForAllocation": 12219747721
    },
    "avg_pause_time_per_category": {
        "ICBufferFull": 81506.33,
        "Cleanup": 88578.92,
        "GenCollectForAllocation": 254578077.52
    },
    "p90_pause_time": 504498020.9,
    "throughput": 76914641386
}