{
    "garbage_collector": "Serial",
    "jdk": "HotSpot_21.0.4",
    "benchmark_group": "Renaissance",
    "benchmark_name": "mnemonics",
    "heap_size": "8192",
    "error": null,
    "avg_cpu_usage": 12.9,
    "avg_cpu_time": 13.3,
    "avg_io_time": 0.0,
    "p90_io": 0.0,
    "number_of_pauses": 31,
    "total_pause_time": 367433743,
    "avg_pause_time": 11852701.39,
    "pauses_per_category": {
        "ICBufferFull": 2,
        "GenCollectForAllocation": 29
    },
    "total_pause_time_per_category": {
        "ICBufferFull": 117023,
        "GenCollectForAllocation": 367316720
    },
    "avg_pause_time_per_category": {
        "ICBufferFull": 58511.5,
        "GenCollectForAllocation": 12666093.79
    },
    "p90_pause_time": 20447752.0,
    "throughput": 24329772198
}