{
    "garbage_collector": "Z",
    "jdk": "HotSpot_21.0.4",
    "benchmark_group": "Renaissance",
    "benchmark_name": "finagle-chirper",
    "heap_size": "2048",
    "error": null,
    "avg_cpu_usage": 77.2,
    "avg_cpu_time": 69.7,
    "avg_io_time": 0.0,
    "p90_io": 0.0,
    "number_of_pauses": 149,
    "total_pause_time": 27916644,
    "avg_pause_time": 187360.03,
    "pauses_per_category": {
        "ICBufferFull": 41,
        "XMarkStart": 35,
        "XMarkEnd": 34,
        "CleanClassLoaderDataMetaspaces": 3,
        "XRelocateStart": 34,
        "Cleanup": 2
    },
    "total_pause_time_per_category": {
        "ICBufferFull": 10255903,
        "XMarkStart": 6438919,
        "XMarkEnd": 3360950,
        "CleanClassLoaderDataMetaspaces": 2668699,
        "XRelocateStart": 4898091,
        "Cleanup": 294082
    },
    "avg_pause_time_per_category": {
        "ICBufferFull": 250143.98,
        "XMarkStart": 183969.11,
        "XMarkEnd": 98851.47,
        "CleanClassLoaderDataMetaspaces": 889566.33,
        "XRelocateStart": 144061.5,
        "Cleanup": 147041.0
    },
    "p90_pause_time": 182861.4,
    "throughput": 37738064462
}