{
    "garbage_collector": "Serial",
    "jdk": "HotSpot_21.0.4",
    "benchmark_group": "Renaissance",
    "benchmark_name": "par-mnemonics",
    "heap_size": "8192",
    "error": null,
    "avg_cpu_usage": 16.6,
    "avg_cpu_time": 16.8,
    "avg_io_time": 0.1,
    "p90_io": 0.0,
    "number_of_pauses": 35,
    "total_pause_time": 452603259,
    "avg_pause_time": 12931521.69,
    "pauses_per_category": {
        "ICBufferFull": 2,
        "GenCollectForAllocation": 33
    },
    "total_pause_time_per_category": {
        "ICBufferFull": 257284,
        "GenCollectForAllocation": 452345975
    },
    "avg_pause_time_per_category": {
        "ICBufferFull": 128642.0,
        "GenCollectForAllocation": 13707453.79
    },
    "p90_pause_time": 22276969.0,
    "throughput": 21898785043
}