{
    "garbage_collector": "G1",
    "jdk": "HotSpot_21.0.4",
    "benchmark_group": "Renaissance",
    "benchmark_name": "rx-scrabble",
    "heap_size": "256",
    "error": null,
    "avg_cpu_usage": 34.1,
    "avg_cpu_time": 25.4,
    "avg_io_time": 0.0,
    "p90_io": 0.0,
    "number_of_pauses": 24,
    "total_pause_time": 69130458,
    "avg_pause_time": 2880435.75,
    "pauses_per_category": {
        "ICBufferFull": 9,
        "G1CollectForAllocation": 15
    },
    "total_pause_time_per_category": {
        "ICBufferFull": 660339,
        "G1CollectForAllocation": 68470119
    },
    "avg_pause_time_per_category": {
        "ICBufferFull": 73371.0,
        "G1CollectForAllocation": 4564674.6
    },
    "p90_pause_time": 6402397.8,
    "throughput": 2751414837
}