{
    "garbage_collector": "Serial",
    "jdk": "HotSpot_21.0.4",
    "benchmark_group": "Renaissance",
    "benchmark_name": "gauss-mix",
    "heap_size": "2048",
    "error": null,
    "avg_cpu_usage": 30.2,
    "avg_cpu_time": 29.7,
    "avg_io_time": 0.2,
    "p90_io": 0.0,
    "number_of_pauses": 37,
    "total_pause_time": 259359958,
    "avg_pause_time": 7009728.59,
    "pauses_per_category": {
        "ICBufferFull": 8,
        "CollectForMetadataAllocation": 4,
        "Cleanup": 1,
        "GenCollectForAllocation": 23,
        "GenCollectFull": 1
    },
    "total_pause_time_per_category": {
        "ICBufferFull": 642193,
        "CollectForMetadataAllocation": 97251768,
        "Cleanup": 277054,
        "GenCollectForAllocation": 154121468,
        "GenCollectFull": 7067475
    },
    "avg_pause_time_per_category": {
        "ICBufferFull": 80274.12,
        "CollectForMetadataAllocation": 24312942.0,
        "Cleanup": 277054.0,
        "GenCollectForAllocation": 6700933.39,
        "GenCollectFull": 7067475.0
    },
    "p90_pause_time": 13416653.0,
    "throughput": 12780345909
}