{
    "garbage_collector": "Serial",
    "jdk": "HotSpot_21.0.4",
    "benchmark_group": "Renaissance",
    "benchmark_name": "dec-tree",
    "heap_size": "512",
    "error": null,
    "avg_cpu_usage": 39.2,
    "avg_cpu_time": 38.7,
    "avg_io_time": 0.0,
    "p90_io": 0.0,
    "number_of_pauses": 143,
    "total_pause_time": 850095883,
    "avg_pause_time": 5944726.45,
    "pauses_per_category": {
        "ICBufferFull": 28,
        "Cleanup": 1,
        "CollectForMetadataAllocation": 4,
        "GenCollectForAllocation": 109,
        "GenCollectFull": 1
    },
    "total_pause_time_per_category": {
        "ICBufferFull": 2896590,
        "Cleanup": 43437,
        "CollectForMetadataAllocation": 146909509,
        "GenCollectForAllocation": 601738337,
        "GenCollectFull": 98508010
    },
    "avg_pause_time_per_category": {
        "ICBufferFull": 103449.64,
        "Cleanup": 43437.0,
        "CollectForMetadataAllocation": 36727377.25,
        "GenCollectForAllocation": 5520535.2,
        "GenCollectFull": 98508010.0
    },
    "p90_pause_time": 9173717.6,
    "throughput": 16445886127
}