{
    "garbage_collector": "Parallel",
    "jdk": "HotSpot_21.0.4",
    "benchmark_group": "Renaissance",
    "benchmark_name": "log-regression",
    "heap_size": "8192",
    "error": null,
    "avg_cpu_usage": 48.0,
    "avg_cpu_time": 45.2,
    "avg_io_time": 0.0,
    "p90_io": 0.0,
    "number_of_pauses": 66,
    "total_pause_time": 403929128,
    "avg_pause_time": 6120138.3,
    "pauses_per_category": {
        "ICBufferFull": 48,
        "CollectForMetadataAllocation": 4,
        "ParallelGCFailedAllocation": 13,
        "ParallelGCSystemGC": 1
    },
    "total_pause_time_per_category": {
        "ICBufferFull": 5048506,
        "CollectForMetadataAllocation": 128741175,
        "ParallelGCFailedAllocation": 183800377,
        "ParallelGCSystemGC": 86339070
    },
    "avg_pause_time_per_category": {
        "ICBufferFull": 105177.21,
        "CollectForMetadataAllocation": 32185293.75,
        "ParallelGCFailedAllocation": 14138490.54,
        "ParallelGCSystemGC": 86339070.0
    },
    "p90_pause_time": 24708921.5,
    "throughput": 19335444008
}