{
    "garbage_collector": "G1",
    "jdk": "HotSpot_21.0.4",
    "benchmark_group": "Renaissance",
    "benchmark_name": "finagle-chirper",
    "heap_size": "2048",
    "error": null,
    "avg_cpu_usage": 78.6,
    "avg_cpu_time": 72.2,
    "avg_io_time": 0.0,
    "p90_io": 0.0,
    "number_of_pauses": 129,
    "total_pause_time": 271538011,
    "avg_pause_time": 2104945.82,
    "pauses_per_category": {
        "ICBufferFull": 72,
        "CollectForMetadataAllocation": 4,
        "G1PauseRemark": 3,
        "G1PauseCleanup": 3,
        "G1CollectForAllocation": 28,
        "Cleanup": 18,
        "G1TryInitiateConcMark": 1
    },
    "total_pause_time_per_category": {
        "ICBufferFull": 28966479,
        "CollectForMetadataAllocation": 20625861,
        "G1PauseRemark": 12624833,
        "G1PauseCleanup": 1115825,
        "G1CollectForAllocation": 200677129,
        "Cleanup": 1460672,
        "G1TryInitiateConcMark": 6067212
    },
    "avg_pause_time_per_category": {
        "ICBufferFull": 402312.21,
        "CollectForMetadataAllocation": 5156465.25,
        "G1PauseRemark": 4208277.67,
        "G1PauseCleanup": 371941.67,
        "G1CollectForAllocation": 7167040.32,
        "Cleanup": 81148.44,
        "G1TryInitiateConcMark": 6067212.0
    },
    "p90_pause_time": 6920844.0,
    "throughput": 35925970711
}