{
    "garbage_collector": "Z",
    "jdk": "HotSpot_21.0.4",
    "benchmark_group": "Renaissance",
    "benchmark_name": "philosophers",
    "heap_size": "8192",
    "error": null,
    "avg_cpu_usage": 80.0,
    "avg_cpu_time": 74.5,
    "avg_io_time": 0.0,
    "p90_io": 0.0,
    "number_of_pauses": 44,
    "total_pause_time": 5101331,
    "avg_pause_time": 115939.34,
    "pauses_per_category": {
        "ICBufferFull": 4,
        "XMarkStart": 13,
        "XMarkEnd": 13,
        "CleanClassLoaderDataMetaspaces": 1,
        "XRelocateStart": 13
    },
    "total_pause_time_per_category": {
        "ICBufferFull": 351203,
        "XMarkStart": 1444619,
        "XMarkEnd": 1251667,
        "CleanClassLoaderDataMetaspaces": 769815,
        "XRelocateStart": 1284027
    },
    "avg_pause_time_per_category": {
        "ICBufferFull": 87800.75,
        "XMarkStart": 111124.54,
        "XMarkEnd": 96282.08,
        "CleanClassLoaderDataMetaspaces": 769815.0,
        "XRelocateStart": 98771.31
    },
    "p90_pause_time": 123078.5,
    "throughput": 18719971601
}