{
    "garbage_collector": "Z",
    "jdk": "HotSpot_21.0.4",
    "benchmark_group": "Renaissance",
    "benchmark_name": "akka-uct",
    "heap_size": "2048",
    "error": null,
    "avg_cpu_usage": 64.0,
    "avg_cpu_time": 62.2,
    "avg_io_time": 0.0,
    "p90_io": 0.0,
    "number_of_pauses": 629,
    "total_pause_time": 198137412,
    "avg_pause_time": 315003.83,
    "pauses_per_category": {
        "ICBufferFull": 2,
        "XMarkStart": 207,
        "XMarkEnd": 211,
        "CleanClassLoaderDataMetaspaces": 3,
        "XRelocateStart": 206
    },
    "total_pause_time_per_category": {
        "ICBufferFull": 1469956,
        "XMarkStart": 99083598,
        "XMarkEnd": 42552592,
        "CleanClassLoaderDataMetaspaces": 7532176,
        "XRelocateStart": 47499090
    },
    "avg_pause_time_per_category": {
        "ICBufferFull": 734978.0,
        "XMarkStart": 478664.72,
        "XMarkEnd": 201671.05,
        "CleanClassLoaderDataMetaspaces": 2510725.33,
        "XRelocateStart": 230578.11
    },
    "p90_pause_time": 279490.2,
    "throughput": 144316442797
}