{
    "garbage_collector": "Z",
    "jdk": "HotSpot_21.0.4",
    "benchmark_group": "Renaissance",
    "benchmark_name": "dec-tree",
    "heap_size": "8192",
    "error": null,
    "avg_cpu_usage": 33.0,
    "avg_cpu_time": 33.3,
    "avg_io_time": 0.3,
    "p90_io": 0.0,
    "number_of_pauses": 76,
    "total_pause_time": 13425198,
    "avg_pause_time": 176647.34,
    "pauses_per_category": {
        "ICBufferFull": 45,
        "Cleanup": 1,
        "XMarkStart": 8,
        "XMarkEnd": 8,
        "CleanClassLoaderDataMetaspaces": 6,
        "XRelocateStart": 8
    },
    "total_pause_time_per_category": {
        "ICBufferFull": 4559669,
        "Cleanup": 23236,
        "XMarkStart": 1086945,
        "XMarkEnd": 993465,
        "CleanClassLoaderDataMetaspaces": 5619772,
        "XRelocateStart": 1142111
    },
    "avg_pause_time_per_category": {
        "ICBufferFull": 101325.98,
        "Cleanup": 23236.0,
        "XMarkStart": 135868.12,
        "XMarkEnd": 124183.12,
        "CleanClassLoaderDataMetaspaces": 936628.67,
        "XRelocateStart": 142763.88
    },
    "p90_pause_time": 234572.0,
    "throughput": 20089446084
}