{
    "garbage_collector": "G1",
    "jdk": "HotSpot_21.0.4",
    "benchmark_group": "Renaissance",
    "benchmark_name": "dotty",
    "heap_size": "2048",
    "error": null,
    "avg_cpu_usage": 41.5,
    "avg_cpu_time": 40.3,
    "avg_io_time": 0.0,
    "p90_io": 0.0,
    "number_of_pauses": 103,
    "total_pause_time": 271261086,
    "avg_pause_time": 2633602.78,
    "pauses_per_category": {
        "ICBufferFull": 72,
        "CollectForMetadataAllocation": 5,
        "G1PauseRemark": 5,
        "G1PauseCleanup": 5,
        "G1TryInitiateConcMark": 3,
        "G1CollectForAllocation": 6,
        "Cleanup": 7
    },
    "total_pause_time_per_category": {
        "ICBufferFull": 29165261,
        "CollectForMetadataAllocation": 31055583,
        "G1PauseRemark": 28026857,
        "G1PauseCleanup": 1937053,
        "G1TryInitiateConcMark": 48886571,
        "G1CollectForAllocation": 131427707,
        "Cleanup": 762054
    },
    "avg_pause_time_per_category": {
        "ICBufferFull": 405073.07,
        "CollectForMetadataAllocation": 6211116.6,
        "G1PauseRemark": 5605371.4,
        "G1PauseCleanup": 387410.6,
        "G1TryInitiateConcMark": 16295523.67,
        "G1CollectForAllocation": 21904617.83,
        "Cleanup": 108864.86
    },
    "p90_pause_time": 9190504.6,
    "throughput": 28952975359
}