{
    "garbage_collector": "Z",
    "jdk": "HotSpot_21.0.4",
    "benchmark_group": "Renaissance",
    "benchmark_name": "log-regression",
    "heap_size": "4096",
    "error": null,
    "avg_cpu_usage": 46.2,
    "avg_cpu_time": 42.7,
    "avg_io_time": 0.1,
    "p90_io": 0.0,
    "number_of_pauses": 117,
    "total_pause_time": 15841262,
    "avg_pause_time": 135395.4,
    "pauses_per_category": {
        "ICBufferFull": 46,
        "Cleanup": 2,
        "XMarkStart": 19,
        "XMarkEnd": 19,
        "CleanClassLoaderDataMetaspaces": 10,
        "XRelocateStart": 21
    },
    "total_pause_time_per_category": {
        "ICBufferFull": 4958922,
        "Cleanup": 142966,
        "XMarkStart": 2269064,
        "XMarkEnd": 1939231,
        "CleanClassLoaderDataMetaspaces": 4573325,
        "XRelocateStart": 1957754
    },
    "avg_pause_time_per_category": {
        "ICBufferFull": 107802.65,
        "Cleanup": 71483.0,
        "XMarkStart": 119424.42,
        "XMarkEnd": 102064.79,
        "CleanClassLoaderDataMetaspaces": 457332.5,
        "XRelocateStart": 93226.38
    },
    "p90_pause_time": 174017.4,
    "throughput": 21098157901
}