{
    "garbage_collector": "G1",
    "jdk": "HotSpot_21.0.4",
    "benchmark_group": "Renaissance",
    "benchmark_name": "dec-tree",
    "heap_size": "512",
    "error": null,
    "avg_cpu_usage": 39.1,
    "avg_cpu_time": 42.4,
    "avg_io_time": 0.0,
    "p90_io": 0.0,
    "number_of_pauses": 150,
    "total_pause_time": 426565724,
    "avg_pause_time": 2843771.49,
    "pauses_per_category": {
        "ICBufferFull": 39,
        "G1CollectForAllocation": 38,
        "CollectForMetadataAllocation": 12,
        "G1PauseRemark": 14,
        "G1PauseCleanup": 14,
        "G1TryInitiateConcMark": 33
    },
    "total_pause_time_per_category": {
        "ICBufferFull": 3437455,
        "G1CollectForAllocation": 141186653,
        "CollectForMetadataAllocation": 84866767,
        "G1PauseRemark": 74217705,
        "G1PauseCleanup": 3612866,
        "G1TryInitiateConcMark": 119244278
    },
    "avg_pause_time_per_category": {
        "ICBufferFull": 88139.87,
        "G1CollectForAllocation": 3715438.24,
        "CollectForMetadataAllocation": 7072230.58,
        "G1PauseRemark": 5301264.64,
        "G1PauseCleanup": 258061.86,
        "G1TryInitiateConcMark": 3613462.97
    },
    "p90_pause_time": 7996192.5,
    "throughput": 16761230192
}