{
    "garbage_collector": "Parallel",
    "jdk": "HotSpot_21.0.4",
    "benchmark_group": "Renaissance",
    "benchmark_name": "akka-uct",
    "heap_size": "8192",
    "error": null,
    "avg_cpu_usage": 81.6,
    "avg_cpu_time": 77.6,
    "avg_io_time": 0.0,
    "p90_io": 0.0,
    "number_of_pauses": 89,
    "total_pause_time": 5427739446,
    "avg_pause_time": 60985836.47,
    "pauses_per_category": {
        "ICBufferFull": 4,
        "ParallelGCFailedAllocation": 83,
        "CollectForMetadataAllocation": 1,
        "Cleanup": 1
    },
    "total_pause_time_per_category": {
        "ICBufferFull": 488984,
        "ParallelGCFailedAllocation": 5165459520,
        "CollectForMetadataAllocation": 261706062,
        "Cleanup": 84880
    },
    "avg_pause_time_per_category": {
        "ICBufferFull": 122246.0,
        "ParallelGCFailedAllocation": 62234452.05,
        "CollectForMetadataAllocation": 261706062.0,
        "Cleanup": 84880.0
    },
    "p90_pause_time": 78466114.4,
    "throughput": 66090703971
}