{
    "garbage_collector": "Serial",
    "jdk": "HotSpot_21.0.4",
    "benchmark_group": "Renaissance",
    "benchmark_name": "chi-square",
    "heap_size": "8192",
    "error": null,
    "avg_cpu_usage": 26.2,
    "avg_cpu_time": 26.3,
    "avg_io_time": 0.1,
    "p90_io": 0.0,
    "number_of_pauses": 22,
    "total_pause_time": 787982247,
    "avg_pause_time": 35817374.86,
    "pauses_per_category": {
        "ICBufferFull": 7,
        "CollectForMetadataAllocation": 4,
        "Cleanup": 1,
        "GenCollectForAllocation": 10
    },
    "total_pause_time_per_category": {
        "ICBufferFull": 529587,
        "CollectForMetadataAllocation": 263593099,
        "Cleanup": 72664,
        "GenCollectForAllocation": 523786897
    },
    "avg_pause_time_per_category": {
        "ICBufferFull": 75655.29,
        "CollectForMetadataAllocation": 65898274.75,
        "Cleanup": 72664.0,
        "GenCollectForAllocation": 52378689.7
    },
    "p90_pause_time": 112614020.4,
    "throughput": 11561952036
}