{
    "garbage_collector": "Z",
    "jdk": "HotSpot_21.0.4",
    "benchmark_group": "Renaissance",
    "benchmark_name": "movie-lens",
    "heap_size": "4096",
    "error": null,
    "avg_cpu_usage": 56.6,
    "avg_cpu_time": 52.1,
    "avg_io_time": 0.1,
    "p90_io": 0.0,
    "number_of_pauses": 423,
    "total_pause_time": 43974251,
    "avg_pause_time": 103958.04,
    "pauses_per_category": {
        "ICBufferFull": 31,
        "Cleanup": 20,
        "XMarkStart": 128,
        "XMarkEnd": 104,
        "CleanClassLoaderDataMetaspaces": 7,
        "XRelocateStart": 133
    },
    "total_pause_time_per_category": {
        "ICBufferFull": 7106808,
        "Cleanup": 1585592,
        "XMarkStart": 10290097,
        "XMarkEnd": 9666099,
        "CleanClassLoaderDataMetaspaces": 2436757,
        "XRelocateStart": 12888898
    },
    "avg_pause_time_per_category": {
        "ICBufferFull": 229251.87,
        "Cleanup": 79279.6,
        "XMarkStart": 80391.38,
        "XMarkEnd": 92943.26,
        "CleanClassLoaderDataMetaspaces": 348108.14,
        "XRelocateStart": 96909.01
    },
    "p90_pause_time": 133411.0,
    "throughput": 97286597289
}