{
    "garbage_collector": "Z",
    "jdk": "HotSpot_21.0.4",
    "benchmark_group": "Renaissance",
    "benchmark_name": "future-genetic",
    "heap_size": "256",
    "error": null,
    "avg_cpu_usage": 31.1,
    "avg_cpu_time": 29.5,
    "avg_io_time": 0.0,
    "p90_io": 0.0,
    "number_of_pauses": 364,
    "total_pause_time": 35501474,
    "avg_pause_time": 97531.52,
    "pauses_per_category": {
        "XMarkStart": 120,
        "XMarkEnd": 120,
        "CleanClassLoaderDataMetaspaces": 3,
        "XRelocateStart": 120,
        "ICBufferFull": 1
    },
    "total_pause_time_per_category": {
        "XMarkStart": 11929337,
        "XMarkEnd": 11472652,
        "CleanClassLoaderDataMetaspaces": 693342,
        "XRelocateStart": 11262133,
        "ICBufferFull": 144010
    },
    "avg_pause_time_per_category": {
        "XMarkStart": 99411.14,
        "XMarkEnd": 95605.43,
        "CleanClassLoaderDataMetaspaces": 231114.0,
        "XRelocateStart": 93851.11,
        "ICBufferFull": 144010.0
    },
    "p90_pause_time": 100775.4,
    "throughput": 22833774204
}