{
    "garbage_collector": "Z",
    "jdk": "HotSpot_21.0.4",
    "benchmark_group": "Renaissance",
    "benchmark_name": "finagle-chirper",
    "heap_size": "1024",
    "error": null,
    "avg_cpu_usage": 78.9,
    "avg_cpu_time": 71.7,
    "avg_io_time": 0.0,
    "p90_io": 0.0,
    "number_of_pauses": 299,
    "total_pause_time": 54057379,
    "avg_pause_time": 180793.91,
    "pauses_per_category": {
        "ICBufferFull": 28,
        "XMarkStart": 89,
        "XMarkEnd": 89,
        "CleanClassLoaderDataMetaspaces": 5,
        "XRelocateStart": 88
    },
    "total_pause_time_per_category": {
        "ICBufferFull": 4441174,
        "XMarkStart": 13727911,
        "XMarkEnd": 9494757,
        "CleanClassLoaderDataMetaspaces": 4023977,
        "XRelocateStart": 22369560
    },
    "avg_pause_time_per_category": {
        "ICBufferFull": 158613.36,
        "XMarkStart": 154246.19,
        "XMarkEnd": 106682.66,
        "CleanClassLoaderDataMetaspaces": 804795.4,
        "XRelocateStart": 254199.55
    },
    "p90_pause_time": 167257.8,
    "throughput": 37756731548
}