{
    "garbage_collector": "Z",
    "jdk": "HotSpot_21.0.4",
    "benchmark_group": "Renaissance",
    "benchmark_name": "akka-uct",
    "heap_size": "4096",
    "error": null,
    "avg_cpu_usage": 81.7,
    "avg_cpu_time": 79.1,
    "avg_io_time": 0.0,
    "p90_io": 0.0,
    "number_of_pauses": 319,
    "total_pause_time": 212211038,
    "avg_pause_time": 665238.36,
    "pauses_per_category": {
        "ICBufferFull": 5,
        "XMarkStart": 103,
        "XMarkEnd": 106,
        "CleanClassLoaderDataMetaspaces": 2,
        "XRelocateStart": 103
    },
    "total_pause_time_per_category": {
        "ICBufferFull": 9694957,
        "XMarkStart": 54895672,
        "XMarkEnd": 48887765,
        "CleanClassLoaderDataMetaspaces": 10733351,
        "XRelocateStart": 87999293
    },
    "avg_pause_time_per_category": {
        "ICBufferFull": 1938991.4,
        "XMarkStart": 532967.69,
        "XMarkEnd": 461205.33,
        "CleanClassLoaderDataMetaspaces": 5366675.5,
        "XRelocateStart": 854362.07
    },
    "p90_pause_time": 389429.6,
    "throughput": 98128840588
}