{
    "garbage_collector": "Z",
    "jdk": "HotSpot_21.0.4",
    "benchmark_group": "Renaissance",
    "benchmark_name": "finagle-chirper",
    "heap_size": "4096",
    "error": null,
    "avg_cpu_usage": 75.3,
    "avg_cpu_time": 68.0,
    "avg_io_time": 0.0,
    "p90_io": 0.0,
    "number_of_pauses": 132,
    "total_pause_time": 25310267,
    "avg_pause_time": 191744.45,
    "pauses_per_category": {
        "ICBufferFull": 61,
        "XMarkStart": 17,
        "XMarkEnd": 17,
        "CleanClassLoaderDataMetaspaces": 3,
        "XRelocateStart": 17,
        "Cleanup": 17
    },
    "total_pause_time_per_category": {
        "ICBufferFull": 16122157,
        "XMarkStart": 1910900,
        "XMarkEnd": 1527203,
        "CleanClassLoaderDataMetaspaces": 2044567,
        "XRelocateStart": 1915020,
        "Cleanup": 1790420
    },
    "avg_pause_time_per_category": {
        "ICBufferFull": 264297.66,
        "XMarkStart": 112405.88,
        "XMarkEnd": 89835.47,
        "CleanClassLoaderDataMetaspaces": 681522.33,
        "XRelocateStart": 112648.24,
        "Cleanup": 105318.82
    },
    "p90_pause_time": 201401.0,
    "throughput": 38321827873
}