{
    "garbage_collector": "Serial",
    "jdk": "HotSpot_21.0.4",
    "benchmark_group": "Renaissance",
    "benchmark_name": "mnemonics",
    "heap_size": "256",
    "error": null,
    "avg_cpu_usage": 13.1,
    "avg_cpu_time": 13.3,
    "avg_io_time": 0.0,
    "p90_io": 0.0,
    "number_of_pauses": 918,
    "total_pause_time": 3396588280,
    "avg_pause_time": 3699987.23,
    "pauses_per_category": {
        "ICBufferFull": 1,
        "GenCollectForAllocation": 917
    },
    "total_pause_time_per_category": {
        "ICBufferFull": 65453,
        "GenCollectForAllocation": 3396522827
    },
    "avg_pause_time_per_category": {
        "ICBufferFull": 65453.0,
        "GenCollectForAllocation": 3703950.74
    },
    "p90_pause_time": 5410069.5,
    "throughput": 27362079454
}