{
    "garbage_collector": "Z",
    "jdk": "HotSpot_21.0.4",
    "benchmark_group": "Renaissance",
    "benchmark_name": "akka-uct",
    "heap_size": "8192",
    "error": null,
    "avg_cpu_usage": 81.9,
    "avg_cpu_time": 78.2,
    "avg_io_time": 0.0,
    "p90_io": 0.0,
    "number_of_pauses": 279,
    "total_pause_time": 247763921,
    "avg_pause_time": 888042.73,
    "pauses_per_category": {
        "ICBufferFull": 10,
        "XMarkStart": 84,
        "XMarkEnd": 98,
        "CleanClassLoaderDataMetaspaces": 2,
        "XRelocateStart": 84,
        "Cleanup": 1
    },
    "total_pause_time_per_category": {
        "ICBufferFull": 1039802,
        "XMarkStart": 134509421,
        "XMarkEnd": 72591701,
        "CleanClassLoaderDataMetaspaces": 4116361,
        "XRelocateStart": 35333482,
        "Cleanup": 173154
    },
    "avg_pause_time_per_category": {
        "ICBufferFull": 103980.2,
        "XMarkStart": 1601302.63,
        "XMarkEnd": 740731.64,
        "CleanClassLoaderDataMetaspaces": 2058180.5,
        "XRelocateStart": 420636.69,
        "Cleanup": 173154.0
    },
    "p90_pause_time": 3342472.6,
    "throughput": 92291325515
}