{
    "garbage_collector": "G1",
    "jdk": "HotSpot_21.0.4",
    "benchmark_group": "Renaissance",
    "benchmark_name": "dotty",
    "heap_size": "1024",
    "error": null,
    "avg_cpu_usage": 41.7,
    "avg_cpu_time": 41.0,
    "avg_io_time": 0.1,
    "p90_io": 0.0,
    "number_of_pauses": 106,
    "total_pause_time": 236867946,
    "avg_pause_time": 2234603.26,
    "pauses_per_category": {
        "ICBufferFull": 75,
        "G1CollectForAllocation": 6,
        "CollectForMetadataAllocation": 4,
        "G1PauseRemark": 5,
        "G1PauseCleanup": 5,
        "G1TryInitiateConcMark": 3,
        "Cleanup": 8
    },
    "total_pause_time_per_category": {
        "ICBufferFull": 18786307,
        "G1CollectForAllocation": 105145795,
        "CollectForMetadataAllocation": 30503012,
        "G1PauseRemark": 27996378,
        "G1PauseCleanup": 6790381,
        "G1TryInitiateConcMark": 44683658,
        "Cleanup": 2962415
    },
    "avg_pause_time_per_category": {
        "ICBufferFull": 250484.09,
        "G1CollectForAllocation": 17524299.17,
        "CollectForMetadataAllocation": 7625753.0,
        "G1PauseRemark": 5599275.6,
        "G1PauseCleanup": 1358076.2,
        "G1TryInitiateConcMark": 14894552.67,
        "Cleanup": 370301.88
    },
    "p90_pause_time": 9221239.5,
    "throughput": 28341487847
}