{
    "garbage_collector": "Parallel",
    "jdk": "HotSpot_21.0.4",
    "benchmark_group": "Renaissance",
    "benchmark_name": "par-mnemonics",
    "heap_size": "512",
    "error": null,
    "avg_cpu_usage": 19.3,
    "avg_cpu_time": 19.6,
    "avg_io_time": 0.2,
    "p90_io": 0.0,
    "number_of_pauses": 459,
    "total_pause_time": 1303611888,
    "avg_pause_time": 2840113.05,
    "pauses_per_category": {
        "ICBufferFull": 2,
        "ParallelGCFailedAllocation": 457
    },
    "total_pause_time_per_category": {
        "ICBufferFull": 147369,
        "ParallelGCFailedAllocation": 1303464519
    },
    "avg_pause_time_per_category": {
        "ICBufferFull": 73684.5,
        "ParallelGCFailedAllocation": 2852219.95
    },
    "p90_pause_time": 5198034.0,
    "throughput": 21927077018
}