{
    "garbage_collector": "Parallel",
    "jdk": "HotSpot_21.0.4",
    "benchmark_group": "Renaissance",
    "benchmark_name": "fj-kmeans",
    "heap_size": "512",
    "error": null,
    "avg_cpu_usage": 85.0,
    "avg_cpu_time": 84.4,
    "avg_io_time": 0.0,
    "p90_io": 0.0,
    "number_of_pauses": 621,
    "total_pause_time": 528386090,
    "avg_pause_time": 850863.27,
    "pauses_per_category": {
        "ICBufferFull": 1,
        "ParallelGCFailedAllocation": 620
    },
    "total_pause_time_per_category": {
        "ICBufferFull": 54952,
        "ParallelGCFailedAllocation": 528331138
    },
    "avg_pause_time_per_category": {
        "ICBufferFull": 54952.0,
        "ParallelGCFailedAllocation": 852147.0
    },
    "p90_pause_time": 866852.0,
    "throughput": 27509496279
}