{
    "garbage_collector": "G1",
    "jdk": "HotSpot_21.0.4",
    "benchmark_group": "Renaissance",
    "benchmark_name": "finagle-http",
    "heap_size": "4096",
    "error": null,
    "avg_cpu_usage": 81.2,
    "avg_cpu_time": 65.9,
    "avg_io_time": 0.0,
    "p90_io": 0.0,
    "number_of_pauses": 86,
    "total_pause_time": 173232951,
    "avg_pause_time": 2014336.64,
    "pauses_per_category": {
        "ICBufferFull": 40,
        "CollectForMetadataAllocation": 4,
        "G1PauseRemark": 2,
        "G1PauseCleanup": 2,
        "G1CollectForAllocation": 16,
        "Cleanup": 22
    },
    "total_pause_time_per_category": {
        "ICBufferFull": 11569194,
        "CollectForMetadataAllocation": 25128865,
        "G1PauseRemark": 3863485,
        "G1PauseCleanup": 828355,
        "G1CollectForAllocation": 129442723,
        "Cleanup": 2400329
    },
    "avg_pause_time_per_category": {
        "ICBufferFull": 289229.85,
        "CollectForMetadataAllocation": 6282216.25,
        "G1PauseRemark": 1931742.5,
        "G1PauseCleanup": 414177.5,
        "G1CollectForAllocation": 8090170.19,
        "Cleanup": 109105.86
    },
    "p90_pause_time": 8080303.5,
    "throughput": 40606199022
}