{
    "garbage_collector": "Z",
    "jdk": "HotSpot_21.0.4",
    "benchmark_group": "Renaissance",
    "benchmark_name": "philosophers",
    "heap_size": "1024",
    "error": null,
    "avg_cpu_usage": 84.7,
    "avg_cpu_time": 85.3,
    "avg_io_time": 0.0,
    "p90_io": 0.0,
    "number_of_pauses": 203,
    "total_pause_time": 22693634,
    "avg_pause_time": 111791.3,
    "pauses_per_category": {
        "ICBufferFull": 1,
        "XMarkStart": 67,
        "XMarkEnd": 67,
        "CleanClassLoaderDataMetaspaces": 1,
        "XRelocateStart": 67
    },
    "total_pause_time_per_category": {
        "ICBufferFull": 56741,
        "XMarkStart": 7020530,
        "XMarkEnd": 6638426,
        "CleanClassLoaderDataMetaspaces": 2413486,
        "XRelocateStart": 6564451
    },
    "avg_pause_time_per_category": {
        "ICBufferFull": 56741.0,
        "XMarkStart": 104784.03,
        "XMarkEnd": 99080.99,
        "CleanClassLoaderDataMetaspaces": 2413486.0,
        "XRelocateStart": 97976.88
    },
    "p90_pause_time": 105445.2,
    "throughput": 15656021982
}