{
    "garbage_collector": "Z",
    "jdk": "HotSpot_21.0.4",
    "benchmark_group": "Renaissance",
    "benchmark_name": "rx-scrabble",
    "heap_size": "1024",
    "error": null,
    "avg_cpu_usage": 35.0,
    "avg_cpu_time": 25.3,
    "avg_io_time": 0.0,
    "p90_io": 0.0,
    "number_of_pauses": 26,
    "total_pause_time": 3185613,
    "avg_pause_time": 122523.58,
    "pauses_per_category": {
        "ICBufferFull": 2,
        "XMarkStart": 7,
        "XMarkEnd": 7,
        "CleanClassLoaderDataMetaspaces": 3,
        "XRelocateStart": 7
    },
    "total_pause_time_per_category": {
        "ICBufferFull": 216065,
        "XMarkStart": 960359,
        "XMarkEnd": 665547,
        "CleanClassLoaderDataMetaspaces": 652799,
        "XRelocateStart": 690843
    },
    "avg_pause_time_per_category": {
        "ICBufferFull": 108032.5,
        "XMarkStart": 137194.14,
        "XMarkEnd": 95078.14,
        "CleanClassLoaderDataMetaspaces": 217599.67,
        "XRelocateStart": 98691.86
    },
    "p90_pause_time": 136211.0,
    "throughput": 3045568782
}