{
    "garbage_collector": "Z",
    "jdk": "HotSpot_21.0.4",
    "benchmark_group": "Renaissance",
    "benchmark_name": "gauss-mix",
    "heap_size": "1024",
    "error": null,
    "avg_cpu_usage": 29.2,
    "avg_cpu_time": 29.9,
    "avg_io_time": 0.2,
    "p90_io": 0.0,
    "number_of_pauses": 109,
    "total_pause_time": 10473540,
    "avg_pause_time": 96087.52,
    "pauses_per_category": {
        "ICBufferFull": 8,
        "Cleanup": 1,
        "XMarkStart": 32,
        "XMarkEnd": 28,
        "CleanClassLoaderDataMetaspaces": 5,
        "XRelocateStart": 35
    },
    "total_pause_time_per_category": {
        "ICBufferFull": 679879,
        "Cleanup": 19512,
        "XMarkStart": 2665087,
        "XMarkEnd": 1905130,
        "CleanClassLoaderDataMetaspaces": 2895934,
        "XRelocateStart": 2307998
    },
    "avg_pause_time_per_category": {
        "ICBufferFull": 84984.88,
        "Cleanup": 19512.0,
        "XMarkStart": 83283.97,
        "XMarkEnd": 68040.36,
        "CleanClassLoaderDataMetaspaces": 579186.8,
        "XRelocateStart": 65942.8
    },
    "p90_pause_time": 124842.8,
    "throughput": 13994564574
}