{
    "garbage_collector": "Serial",
    "jdk": "HotSpot_21.0.4",
    "benchmark_group": "Renaissance",
    "benchmark_name": "scala-doku",
    "heap_size": "512",
    "error": null,
    "avg_cpu_usage": 13.6,
    "avg_cpu_time": 13.9,
    "avg_io_time": 0.1,
    "p90_io": 0.0,
    "number_of_pauses": 21,
    "total_pause_time": 260621890,
    "avg_pause_time": 12410566.19,
    "pauses_per_category": {
        "ICBufferFull": 2,
        "Cleanup": 8,
        "GenCollectForAllocation": 11
    },
    "total_pause_time_per_category": {
        "ICBufferFull": 135209,
        "Cleanup": 38386934,
        "GenCollectForAllocation": 222099747
    },
    "avg_pause_time_per_category": {
        "ICBufferFull": 67604.5,
        "Cleanup": 4798366.75,
        "GenCollectForAllocation": 20190886.09
    },
    "p90_pause_time": 27529376.0,
    "throughput": 19138223830
}