{
    "garbage_collector": "Parallel",
    "jdk": "HotSpot_21.0.4",
    "benchmark_group": "Renaissance",
    "benchmark_name": "akka-uct",
    "heap_size": "512",
    "error": null,
    "avg_cpu_usage": 86.8,
    "avg_cpu_time": 85.8,
    "avg_io_time": 0.0,
    "p90_io": 0.0,
    "number_of_pauses": 1614,
    "total_pause_time": 38925324013,
    "avg_pause_time": 24117301.12,
    "pauses_per_category": {
        "ICBufferFull": 1,
        "ParallelGCFailedAllocation": 1612,
        "CollectForMetadataAllocation": 1
    },
    "total_pause_time_per_category": {
        "ICBufferFull": 56984,
        "ParallelGCFailedAllocation": 38756501312,
        "CollectForMetadataAllocation": 168765717
    },
    "avg_pause_time_per_category": {
        "ICBufferFull": 56984.0,
        "ParallelGCFailedAllocation": 24042494.61,
        "CollectForMetadataAllocation": 168765717.0
    },
    "p90_pause_time": 24150348.3,
    "throughput": 90304492018
}