{
    "garbage_collector": "Parallel",
    "jdk": "HotSpot_21.0.4",
    "benchmark_group": "Renaissance",
    "benchmark_name": "dec-tree",
    "heap_size": "2048",
    "error": null,
    "avg_cpu_usage": 40.5,
    "avg_cpu_time": 39.9,
    "avg_io_time": 0.3,
    "p90_io": 0.0,
    "number_of_pauses": 70,
    "total_pause_time": 322225455,
    "avg_pause_time": 4603220.79,
    "pauses_per_category": {
        "ICBufferFull": 39,
        "CollectForMetadataAllocation": 5,
        "ParallelGCFailedAllocation": 25,
        "ParallelGCSystemGC": 1
    },
    "total_pause_time_per_category": {
        "ICBufferFull": 4288716,
        "CollectForMetadataAllocation": 131138563,
        "ParallelGCFailedAllocation": 109943877,
        "ParallelGCSystemGC": 76854299
    },
    "avg_pause_time_per_category": {
        "ICBufferFull": 109967.08,
        "CollectForMetadataAllocation": 26227712.6,
        "ParallelGCFailedAllocation": 4397755.08,
        "ParallelGCSystemGC": 76854299.0
    },
    "p90_pause_time": 13190344.5,
    "throughput": 15843805497
}