{
    "garbage_collector": "Parallel",
    "jdk": "HotSpot_21.0.4",
    "benchmark_group": "Renaissance",
    "benchmark_name": "movie-lens",
    "heap_size": "1024",
    "error": null,
    "avg_cpu_usage": 56.9,
    "avg_cpu_time": 50.7,
    "avg_io_time": 0.3,
    "p90_io": 0.0,
    "number_of_pauses": 762,
    "total_pause_time": 1794964852,
    "avg_pause_time": 2355596.92,
    "pauses_per_category": {
        "ICBufferFull": 22,
        "Cleanup": 1,
        "CollectForMetadataAllocation": 3,
        "ParallelGCFailedAllocation": 668,
        "ParallelGCSystemGC": 68
    },
    "total_pause_time_per_category": {
        "ICBufferFull": 3219528,
        "Cleanup": 92350,
        "CollectForMetadataAllocation": 84279647,
        "ParallelGCFailedAllocation": 1394103056,
        "ParallelGCSystemGC": 313270271
    },
    "avg_pause_time_per_category": {
        "ICBufferFull": 146342.18,
        "Cleanup": 92350.0,
        "CollectForMetadataAllocation": 28093215.67,
        "ParallelGCFailedAllocation": 2086980.62,
        "ParallelGCSystemGC": 4606915.75
    },
    "p90_pause_time": 3067773.1,
    "throughput": 89850890972
}