{
    "garbage_collector": "G1",
    "jdk": "HotSpot_21.0.4",
    "benchmark_group": "Renaissance",
    "benchmark_name": "par-mnemonics",
    "heap_size": "4096",
    "error": null,
    "avg_cpu_usage": 18.8,
    "avg_cpu_time": 20.7,
    "avg_io_time": 0.0,
    "p90_io": 0.0,
    "number_of_pauses": 34,
    "total_pause_time": 1117014592,
    "avg_pause_time": 32853370.35,
    "pauses_per_category": {
        "ICBufferFull": 1,
        "G1CollectForAllocation": 33
    },
    "total_pause_time_per_category": {
        "ICBufferFull": 72623,
        "G1CollectForAllocation": 1116941969
    },
    "avg_pause_time_per_category": {
        "ICBufferFull": 72623.0,
        "G1CollectForAllocation": 33846726.33
    },
    "p90_pause_time": 50324797.4,
    "throughput": 23756241814
}