{
    "garbage_collector": "Parallel",
    "jdk": "HotSpot_21.0.4",
    "benchmark_group": "Renaissance",
    "benchmark_name": "naive-bayes",
    "heap_size": "4096",
    "error": null,
    "avg_cpu_usage": 69.7,
    "avg_cpu_time": 70.7,
    "avg_io_time": 0.2,
    "p90_io": 0.0,
    "number_of_pauses": 165,
    "total_pause_time": 956776393,
    "avg_pause_time": 5798644.81,
    "pauses_per_category": {
        "ICBufferFull": 37,
        "CollectForMetadataAllocation": 4,
        "Cleanup": 1,
        "ParallelGCFailedAllocation": 123
    },
    "total_pause_time_per_category": {
        "ICBufferFull": 4336533,
        "CollectForMetadataAllocation": 126178195,
        "Cleanup": 47289,
        "ParallelGCFailedAllocation": 826214376
    },
    "avg_pause_time_per_category": {
        "ICBufferFull": 117203.59,
        "CollectForMetadataAllocation": 31544548.75,
        "Cleanup": 47289.0,
        "ParallelGCFailedAllocation": 6717190.05
    },
    "p90_pause_time": 14357601.0,
    "throughput": 23315350387
}