{
    "garbage_collector": "Serial",
    "jdk": "HotSpot_21.0.4",
    "benchmark_group": "Renaissance",
    "benchmark_name": "log-regression",
    "heap_size": "1024",
    "error": null,
    "avg_cpu_usage": 47.4,
    "avg_cpu_time": 43.9,
    "avg_io_time": 0.3,
    "p90_io": 0.0,
    "number_of_pauses": 159,
    "total_pause_time": 1084581088,
    "avg_pause_time": 6821264.7,
    "pauses_per_category": {
        "ICBufferFull": 35,
        "Cleanup": 2,
        "CollectForMetadataAllocation": 5,
        "GenCollectForAllocation": 116,
        "GenCollectFull": 1
    },
    "total_pause_time_per_category": {
        "ICBufferFull": 3669179,
        "Cleanup": 207189,
        "CollectForMetadataAllocation": 170259468,
        "GenCollectForAllocation": 799115860,
        "GenCollectFull": 111329392
    },
    "avg_pause_time_per_category": {
        "ICBufferFull": 104833.69,
        "Cleanup": 103594.5,
        "CollectForMetadataAllocation": 34051893.6,
        "GenCollectForAllocation": 6888929.83,
        "GenCollectFull": 111329392.0
    },
    "p90_pause_time": 10511961.8,
    "throughput": 19582690908
}