{
    "garbage_collector": "Z",
    "jdk": "HotSpot_21.0.4",
    "benchmark_group": "Renaissance",
    "benchmark_name": "chi-square",
    "heap_size": "8192",
    "error": null,
    "avg_cpu_usage": 26.3,
    "avg_cpu_time": 23.2,
    "avg_io_time": 0.4,
    "p90_io": 0.0,
    "number_of_pauses": 42,
    "total_pause_time": 6381928,
    "avg_pause_time": 151950.67,
    "pauses_per_category": {
        "ICBufferFull": 6,
        "Cleanup": 3,
        "XMarkStart": 9,
        "XMarkEnd": 9,
        "CleanClassLoaderDataMetaspaces": 6,
        "XRelocateStart": 9
    },
    "total_pause_time_per_category": {
        "ICBufferFull": 564611,
        "Cleanup": 382076,
        "XMarkStart": 1178107,
        "XMarkEnd": 764761,
        "CleanClassLoaderDataMetaspaces": 2207466,
        "XRelocateStart": 1284907
    },
    "avg_pause_time_per_category": {
        "ICBufferFull": 94101.83,
        "Cleanup": 127358.67,
        "XMarkStart": 130900.78,
        "XMarkEnd": 84973.44,
        "CleanClassLoaderDataMetaspaces": 367911.0,
        "XRelocateStart": 142767.44
    },
    "p90_pause_time": 247267.1,
    "throughput": 16122415394
}