{
    "garbage_collector": "G1",
    "jdk": "HotSpot_21.0.4",
    "benchmark_group": "Renaissance",
    "benchmark_name": "reactors",
    "heap_size": "2048",
    "error": null,
    "avg_cpu_usage": 41.1,
    "avg_cpu_time": 40.0,
    "avg_io_time": 0.0,
    "p90_io": 0.0,
    "number_of_pauses": 117,
    "total_pause_time": 5621140117,
    "avg_pause_time": 48043932.62,
    "pauses_per_category": {
        "ICBufferFull": 8,
        "G1CollectForAllocation": 79,
        "Cleanup": 12,
        "G1TryInitiateConcMark": 4,
        "G1PauseRemark": 7,
        "G1PauseCleanup": 7
    },
    "total_pause_time_per_category": {
        "ICBufferFull": 738388,
        "G1CollectForAllocation": 5048003666,
        "Cleanup": 1067058,
        "G1TryInitiateConcMark": 559099666,
        "G1PauseRemark": 8957682,
        "G1PauseCleanup": 3273657
    },
    "avg_pause_time_per_category": {
        "ICBufferFull": 92298.5,
        "G1CollectForAllocation": 63898780.58,
        "Cleanup": 88921.5,
        "G1TryInitiateConcMark": 139774916.5,
        "G1PauseRemark": 1279668.86,
        "G1PauseCleanup": 467665.29
    },
    "p90_pause_time": 147701988.6,
    "throughput": 75814607314
}