{
    "garbage_collector": "G1",
    "jdk": "HotSpot_21.0.4",
    "benchmark_group": "Renaissance",
    "benchmark_name": "als",
    "heap_size": "4096",
    "error": null,
    "avg_cpu_usage": 67.5,
    "avg_cpu_time": 63.6,
    "avg_io_time": 0.1,
    "p90_io": 0.0,
    "number_of_pauses": 132,
    "total_pause_time": 603657033,
    "avg_pause_time": 4573159.34,
    "pauses_per_category": {
        "ICBufferFull": 37,
        "CollectForMetadataAllocation": 12,
        "G1PauseRemark": 8,
        "G1PauseCleanup": 8,
        "G1CollectForAllocation": 27,
        "Cleanup": 30,
        "G1TryInitiateConcMark": 10
    },
    "total_pause_time_per_category": {
        "ICBufferFull": 4408505,
        "CollectForMetadataAllocation": 49524473,
        "G1PauseRemark": 36112515,
        "G1PauseCleanup": 10425839,
        "G1CollectForAllocation": 426078831,
        "Cleanup": 2132942,
        "G1TryInitiateConcMark": 74973928
    },
    "avg_pause_time_per_category": {
        "ICBufferFull": 119148.78,
        "CollectForMetadataAllocation": 4127039.42,
        "G1PauseRemark": 4514064.38,
        "G1PauseCleanup": 1303229.88,
        "G1CollectForAllocation": 15780697.44,
        "Cleanup": 71098.07,
        "G1TryInitiateConcMark": 7497392.8
    },
    "p90_pause_time": 12901699.5,
    "throughput": 53891619714
}