{
    "garbage_collector": "G1",
    "jdk": "HotSpot_21.0.4",
    "benchmark_group": "Renaissance",
    "benchmark_name": "chi-square",
    "heap_size": "2048",
    "error": null,
    "avg_cpu_usage": 29.1,
    "avg_cpu_time": 29.9,
    "avg_io_time": 0.0,
    "p90_io": 0.0,
    "number_of_pauses": 43,
    "total_pause_time": 347340499,
    "avg_pause_time": 8077686.02,
    "pauses_per_category": {
        "ICBufferFull": 4,
        "Cleanup": 1,
        "CollectForMetadataAllocation": 6,
        "G1PauseRemark": 3,
        "G1PauseCleanup": 3,
        "G1CollectForAllocation": 26
    },
    "total_pause_time_per_category": {
        "ICBufferFull": 321065,
        "Cleanup": 99619,
        "CollectForMetadataAllocation": 33688851,
        "G1PauseRemark": 6503429,
        "G1PauseCleanup": 859170,
        "G1CollectForAllocation": 305868365
    },
    "avg_pause_time_per_category": {
        "ICBufferFull": 80266.25,
        "Cleanup": 99619.0,
        "CollectForMetadataAllocation": 5614808.5,
        "G1PauseRemark": 2167809.67,
        "G1PauseCleanup": 286390.0,
        "G1CollectForAllocation": 11764167.88
    },
    "p90_pause_time": 22737349.8,
    "throughput": 11876732784
}