{
    "garbage_collector": "Z",
    "jdk": "HotSpot_21.0.4",
    "benchmark_group": "Renaissance",
    "benchmark_name": "movie-lens",
    "heap_size": "512",
    "error": null,
    "avg_cpu_usage": 57.8,
    "avg_cpu_time": 51.6,
    "avg_io_time": 0.0,
    "p90_io": 0.0,
    "number_of_pauses": 4875,
    "total_pause_time": 533282039,
    "avg_pause_time": 109391.19,
    "pauses_per_category": {
        "ICBufferFull": 10,
        "XMarkStart": 1731,
        "XMarkEnd": 1390,
        "CleanClassLoaderDataMetaspaces": 10,
        "XRelocateStart": 1734
    },
    "total_pause_time_per_category": {
        "ICBufferFull": 1933980,
        "XMarkStart": 171416885,
        "XMarkEnd": 113316765,
        "CleanClassLoaderDataMetaspaces": 4255246,
        "XRelocateStart": 242359163
    },
    "avg_pause_time_per_category": {
        "ICBufferFull": 193398.0,
        "XMarkStart": 99027.66,
        "XMarkEnd": 81522.85,
        "CleanClassLoaderDataMetaspaces": 425524.6,
        "XRelocateStart": 139768.84
    },
    "p90_pause_time": 139349.8,
    "throughput": 146567253989
}