{
    "garbage_collector": "Parallel",
    "jdk": "HotSpot_21.0.4",
    "benchmark_group": "Renaissance",
    "benchmark_name": "rx-scrabble",
    "heap_size": "4096",
    "error": null,
    "avg_cpu_usage": 28.3,
    "avg_cpu_time": 28.5,
    "avg_io_time": 0.1,
    "p90_io": 0.24,
    "number_of_pauses": 12,
    "total_pause_time": 57154845,
    "avg_pause_time": 4762903.75,
    "pauses_per_category": {
        "ICBufferFull": 10,
        "ParallelGCFailedAllocation": 2
    },
    "total_pause_time_per_category": {
        "ICBufferFull": 953661,
        "ParallelGCFailedAllocation": 56201184
    },
    "avg_pause_time_per_category": {
        "ICBufferFull": 95366.1,
        "ParallelGCFailedAllocation": 28100592.0
    },
    "p90_pause_time": 22755849.7,
    "throughput": 2748452699
}