{
    "garbage_collector": "Parallel",
    "jdk": "HotSpot_21.0.4",
    "benchmark_group": "Renaissance",
    "benchmark_name": "rx-scrabble",
    "heap_size": "512",
    "error": null,
    "avg_cpu_usage": 35.8,
    "avg_cpu_time": 26.7,
    "avg_io_time": 0.0,
    "p90_io": 0.0,
    "number_of_pauses": 23,
    "total_pause_time": 102764905,
    "avg_pause_time": 4468039.35,
    "pauses_per_category": {
        "ICBufferFull": 6,
        "ParallelGCFailedAllocation": 17
    },
    "total_pause_time_per_category": {
        "ICBufferFull": 515956,
        "ParallelGCFailedAllocation": 102248949
    },
    "avg_pause_time_per_category": {
        "ICBufferFull": 85992.67,
        "ParallelGCFailedAllocation": 6014644.06
    },
    "p90_pause_time": 13564316.2,
    "throughput": 2444446832
}