{
    "garbage_collector": "Serial",
    "jdk": "HotSpot_21.0.4",
    "benchmark_group": "Renaissance",
    "benchmark_name": "dec-tree",
    "heap_size": "4096",
    "error": null,
    "avg_cpu_usage": 39.1,
    "avg_cpu_time": 40.5,
    "avg_io_time": 0.3,
    "p90_io": 0.0,
    "number_of_pauses": 61,
    "total_pause_time": 482205693,
    "avg_pause_time": 7905011.36,
    "pauses_per_category": {
        "ICBufferFull": 40,
        "Cleanup": 1,
        "CollectForMetadataAllocation": 5,
        "GenCollectForAllocation": 14,
        "GenCollectFull": 1
    },
    "total_pause_time_per_category": {
        "ICBufferFull": 4299246,
        "Cleanup": 277462,
        "CollectForMetadataAllocation": 153663841,
        "GenCollectForAllocation": 214466804,
        "GenCollectFull": 109498340
    },
    "avg_pause_time_per_category": {
        "ICBufferFull": 107481.15,
        "Cleanup": 277462.0,
        "CollectForMetadataAllocation": 30732768.2,
        "GenCollectForAllocation": 15319057.43,
        "GenCollectFull": 109498340.0
    },
    "p90_pause_time": 22640265.0,
    "throughput": 16142749795
}