{
    "garbage_collector": "Parallel",
    "jdk": "HotSpot_21.0.4",
    "benchmark_group": "Renaissance",
    "benchmark_name": "scala-doku",
    "heap_size": "4096",
    "error": null,
    "avg_cpu_usage": 13.3,
    "avg_cpu_time": 13.6,
    "avg_io_time": 0.0,
    "p90_io": 0.0,
    "number_of_pauses": 16,
    "total_pause_time": 47531637,
    "avg_pause_time": 2970727.31,
    "pauses_per_category": {
        "ICBufferFull": 2,
        "Cleanup": 13,
        "ParallelGCFailedAllocation": 1
    },
    "total_pause_time_per_category": {
        "ICBufferFull": 194342,
        "Cleanup": 27935685,
        "ParallelGCFailedAllocation": 19401610
    },
    "avg_pause_time_per_category": {
        "ICBufferFull": 97171.0,
        "Cleanup": 2148898.85,
        "ParallelGCFailedAllocation": 19401610.0
    },
    "p90_pause_time": 9774049.5,
    "throughput": 22787268797
}