{
    "garbage_collector": "Serial",
    "jdk": "HotSpot_21.0.4",
    "benchmark_group": "Renaissance",
    "benchmark_name": "philosophers",
    "heap_size": "256",
    "error": null,
    "avg_cpu_usage": 83.4,
    "avg_cpu_time": 79.2,
    "avg_io_time": 0.0,
    "p90_io": 0.0,
    "number_of_pauses": 449,
    "total_pause_time": 653570648,
    "avg_pause_time": 1455613.92,
    "pauses_per_category": {
        "ICBufferFull": 1,
        "GenCollectForAllocation": 448
    },
    "total_pause_time_per_category": {
        "ICBufferFull": 63393,
        "GenCollectForAllocation": 653507255
    },
    "avg_pause_time_per_category": {
        "ICBufferFull": 63393.0,
        "GenCollectForAllocation": 1458721.55
    },
    "p90_pause_time": 2107451.0,
    "throughput": 21478907260
}