{
    "garbage_collector": "Serial",
    "jdk": "HotSpot_21.0.4",
    "benchmark_group": "Renaissance",
    "benchmark_name": "dotty",
    "heap_size": "4096",
    "error": null,
    "avg_cpu_usage": 39.7,
    "avg_cpu_time": 39.0,
    "avg_io_time": 0.0,
    "p90_io": 0.0,
    "number_of_pauses": 92,
    "total_pause_time": 641841644,
    "avg_pause_time": 6976539.61,
    "pauses_per_category": {
        "ICBufferFull": 80,
        "CollectForMetadataAllocation": 2,
        "GenCollectFull": 3,
        "Cleanup": 7
    },
    "total_pause_time_per_category": {
        "ICBufferFull": 33326293,
        "CollectForMetadataAllocation": 70969874,
        "GenCollectFull": 536267349,
        "Cleanup": 1278128
    },
    "avg_pause_time_per_category": {
        "ICBufferFull": 416578.66,
        "CollectForMetadataAllocation": 35484937.0,
        "GenCollectFull": 178755783.0,
        "Cleanup": 182589.71
    },
    "p90_pause_time": 2177035.6,
    "throughput": 28631096416
}