{
    "garbage_collector": "Serial",
    "jdk": "HotSpot_21.0.4",
    "benchmark_group": "Renaissance",
    "benchmark_name": "par-mnemonics",
    "heap_size": "2048",
    "error": null,
    "avg_cpu_usage": 16.1,
    "avg_cpu_time": 16.1,
    "avg_io_time": 0.0,
    "p90_io": 0.0,
    "number_of_pauses": 117,
    "total_pause_time": 1035864104,
    "avg_pause_time": 8853539.35,
    "pauses_per_category": {
        "ICBufferFull": 1,
        "GenCollectForAllocation": 116
    },
    "total_pause_time_per_category": {
        "ICBufferFull": 80807,
        "GenCollectForAllocation": 1035783297
    },
    "avg_pause_time_per_category": {
        "ICBufferFull": 80807.0,
        "GenCollectForAllocation": 8929166.35
    },
    "p90_pause_time": 14148966.8,
    "throughput": 21587989241
}