{
    "garbage_collector": "Parallel",
    "jdk": "HotSpot_21.0.4",
    "benchmark_group": "Renaissance",
    "benchmark_name": "akka-uct",
    "heap_size": "4096",
    "error": null,
    "avg_cpu_usage": 82.2,
    "avg_cpu_time": 80.2,
    "avg_io_time": 0.0,
    "p90_io": 0.0,
    "number_of_pauses": 190,
    "total_pause_time": 11795297902,
    "avg_pause_time": 62080515.27,
    "pauses_per_category": {
        "ICBufferFull": 11,
        "ParallelGCFailedAllocation": 178,
        "CollectForMetadataAllocation": 1
    },
    "total_pause_time_per_category": {
        "ICBufferFull": 4317181,
        "ParallelGCFailedAllocation": 11568549025,
        "CollectForMetadataAllocation": 222431696
    },
    "avg_pause_time_per_category": {
        "ICBufferFull": 392471.0,
        "ParallelGCFailedAllocation": 64991848.46,
        "CollectForMetadataAllocation": 222431696.0
    },
    "p90_pause_time": 88176263.2,
    "throughput": 69314021359
}