{
    "garbage_collector": "Z",
    "jdk": "HotSpot_21.0.4",
    "benchmark_group": "Renaissance",
    "benchmark_name": "als",
    "heap_size": "2048",
    "error": null,
    "avg_cpu_usage": 67.4,
    "avg_cpu_time": 62.8,
    "avg_io_time": 0.1,
    "p90_io": 0.0,
    "number_of_pauses": 545,
    "total_pause_time": 47310860,
    "avg_pause_time": 86808.92,
    "pauses_per_category": {
        "ICBufferFull": 30,
        "XMarkStart": 182,
        "XMarkEnd": 125,
        "CleanClassLoaderDataMetaspaces": 10,
        "XRelocateStart": 179,
        "Cleanup": 19
    },
    "total_pause_time_per_category": {
        "ICBufferFull": 3343534,
        "XMarkStart": 12846191,
        "XMarkEnd": 10003283,
        "CleanClassLoaderDataMetaspaces": 5025040,
        "XRelocateStart": 11198429,
        "Cleanup": 4894383
    },
    "avg_pause_time_per_category": {
        "ICBufferFull": 111451.13,
        "XMarkStart": 70583.47,
        "XMarkEnd": 80026.26,
        "CleanClassLoaderDataMetaspaces": 502504.0,
        "XRelocateStart": 62561.06,
        "Cleanup": 257599.11
    },
    "p90_pause_time": 128138.4,
    "throughput": 60352159442
}