{
    "garbage_collector": "Z",
    "jdk": "HotSpot_21.0.4",
    "benchmark_group": "Renaissance",
    "benchmark_name": "neo4j-analytics",
    "heap_size": "2048",
    "error": null,
    "avg_cpu_usage": 33.2,
    "avg_cpu_time": 34.0,
    "avg_io_time": 0.4,
    "p90_io": 0.0,
    "number_of_pauses": 287,
    "total_pause_time": 32285921,
    "avg_pause_time": 112494.5,
    "pauses_per_category": {
        "ICBufferFull": 37,
        "XMarkStart": 80,
        "XMarkEnd": 79,
        "CleanClassLoaderDataMetaspaces": 9,
        "XRelocateStart": 80,
        "Cleanup": 2
    },
    "total_pause_time_per_category": {
        "ICBufferFull": 4270741,
        "XMarkStart": 7967052,
        "XMarkEnd": 6110949,
        "CleanClassLoaderDataMetaspaces": 3549046,
        "XRelocateStart": 10237982,
        "Cleanup": 150151
    },
    "avg_pause_time_per_category": {
        "ICBufferFull": 115425.43,
        "XMarkStart": 99588.15,
        "XMarkEnd": 77353.78,
        "CleanClassLoaderDataMetaspaces": 394338.44,
        "XRelocateStart": 127974.77,
        "Cleanup": 75075.5
    },
    "p90_pause_time": 137000.4,
    "throughput": 55178189649
}