{
    "garbage_collector": "Serial",
    "jdk": "HotSpot_21.0.4",
    "benchmark_group": "Renaissance",
    "benchmark_name": "reactors",
    "heap_size": "512",
    "error": null,
    "avg_cpu_usage": 22.5,
    "avg_cpu_time": 22.0,
    "avg_io_time": 0.0,
    "p90_io": 0.0,
    "number_of_pauses": 458,
    "total_pause_time": 94677586714,
    "avg_pause_time": 206719621.65,
    "pauses_per_category": {
        "ICBufferFull": 4,
        "Cleanup": 10,
        "GenCollectForAllocation": 444
    },
    "total_pause_time_per_category": {
        "ICBufferFull": 352179,
        "Cleanup": 848224,
        "GenCollectForAllocation": 94676386311
    },
    "avg_pause_time_per_category": {
        "ICBufferFull": 88044.75,
        "Cleanup": 84822.4,
        "GenCollectForAllocation": 213235104.3
    },
    "p90_pause_time": 624026380.5,
    "throughput": 168397025697
}