{
    "garbage_collector": "G1",
    "jdk": "HotSpot_21.0.4",
    "benchmark_group": "Renaissance",
    "benchmark_name": "scala-doku",
    "heap_size": "256",
    "error": null,
    "avg_cpu_usage": 14.4,
    "avg_cpu_time": 15.0,
    "avg_io_time": 0.0,
    "p90_io": 0.0,
    "number_of_pauses": 25,
    "total_pause_time": 101889151,
    "avg_pause_time": 4075566.04,
    "pauses_per_category": {
        "ICBufferFull": 2,
        "G1CollectForAllocation": 14,
        "Cleanup": 9
    },
    "total_pause_time_per_category": {
        "ICBufferFull": 185352,
        "G1CollectForAllocation": 100806811,
        "Cleanup": 896988
    },
    "avg_pause_time_per_category": {
        "ICBufferFull": 92676.0,
        "G1CollectForAllocation": 7200486.5,
        "Cleanup": 99665.33
    },
    "p90_pause_time": 11109898.4,
    "throughput": 19445433697
}