{
    "garbage_collector": "Z",
    "jdk": "HotSpot_21.0.4",
    "benchmark_group": "Renaissance",
    "benchmark_name": "als",
    "heap_size": "8192",
    "error": null,
    "avg_cpu_usage": 62.6,
    "avg_cpu_time": 58.9,
    "avg_io_time": 0.1,
    "p90_io": 0.0,
    "number_of_pauses": 137,
    "total_pause_time": 23003085,
    "avg_pause_time": 167905.73,
    "pauses_per_category": {
        "ICBufferFull": 41,
        "Cleanup": 38,
        "XMarkStart": 18,
        "XMarkEnd": 15,
        "CleanClassLoaderDataMetaspaces": 7,
        "XRelocateStart": 18
    },
    "total_pause_time_per_category": {
        "ICBufferFull": 3629583,
        "Cleanup": 3024193,
        "XMarkStart": 2051455,
        "XMarkEnd": 1158307,
        "CleanClassLoaderDataMetaspaces": 8132183,
        "XRelocateStart": 5007364
    },
    "avg_pause_time_per_category": {
        "ICBufferFull": 88526.41,
        "Cleanup": 79584.03,
        "XMarkStart": 113969.72,
        "XMarkEnd": 77220.47,
        "CleanClassLoaderDataMetaspaces": 1161740.43,
        "XRelocateStart": 278186.89
    },
    "p90_pause_time": 172342.8,
    "throughput": 58422491407
}