{
    "garbage_collector": "Parallel",
    "jdk": "HotSpot_21.0.4",
    "benchmark_group": "Renaissance",
    "benchmark_name": "fj-kmeans",
    "heap_size": "8192",
    "error": null,
    "avg_cpu_usage": 85.5,
    "avg_cpu_time": 83.6,
    "avg_io_time": 0.0,
    "p90_io": 0.0,
    "number_of_pauses": 40,
    "total_pause_time": 361078802,
    "avg_pause_time": 9026970.05,
    "pauses_per_category": {
        "ICBufferFull": 1,
        "ParallelGCFailedAllocation": 39
    },
    "total_pause_time_per_category": {
        "ICBufferFull": 56374,
        "ParallelGCFailedAllocation": 361022428
    },
    "avg_pause_time_per_category": {
        "ICBufferFull": 56374.0,
        "ParallelGCFailedAllocation": 9256985.33
    },
    "p90_pause_time": 25984964.7,
    "throughput": 27271169338
}