{
    "garbage_collector": "Z",
    "jdk": "HotSpot_21.0.4",
    "benchmark_group": "Renaissance",
    "benchmark_name": "finagle-http",
    "heap_size": "8192",
    "error": null,
    "avg_cpu_usage": 76.8,
    "avg_cpu_time": 60.5,
    "avg_io_time": 0.0,
    "p90_io": 0.0,
    "number_of_pauses": 106,
    "total_pause_time": 15951409,
    "avg_pause_time": 150484.99,
    "pauses_per_category": {
        "ICBufferFull": 44,
        "XMarkStart": 12,
        "XMarkEnd": 12,
        "CleanClassLoaderDataMetaspaces": 3,
        "XRelocateStart": 12,
        "Cleanup": 23
    },
    "total_pause_time_per_category": {
        "ICBufferFull": 5687347,
        "XMarkStart": 1480022,
        "XMarkEnd": 1285502,
        "CleanClassLoaderDataMetaspaces": 2934711,
        "XRelocateStart": 2099819,
        "Cleanup": 2464008
    },
    "avg_pause_time_per_category": {
        "ICBufferFull": 129257.89,
        "XMarkStart": 123335.17,
        "XMarkEnd": 107125.17,
        "CleanClassLoaderDataMetaspaces": 978237.0,
        "XRelocateStart": 174984.92,
        "Cleanup": 107130.78
    },
    "p90_pause_time": 182303.0,
    "throughput": 44773259340
}