{
    "garbage_collector": "Parallel",
    "jdk": "HotSpot_21.0.4",
    "benchmark_group": "Renaissance",
    "benchmark_name": "mnemonics",
    "heap_size": "1024",
    "error": null,
    "avg_cpu_usage": 16.1,
    "avg_cpu_time": 15.3,
    "avg_io_time": 0.1,
    "p90_io": 0.0,
    "number_of_pauses": 225,
    "total_pause_time": 1044347275,
    "avg_pause_time": 4641543.44,
    "pauses_per_category": {
        "ICBufferFull": 1,
        "ParallelGCFailedAllocation": 224
    },
    "total_pause_time_per_category": {
        "ICBufferFull": 58440,
        "ParallelGCFailedAllocation": 1044288835
    },
    "avg_pause_time_per_category": {
        "ICBufferFull": 58440.0,
        "ParallelGCFailedAllocation": 4662003.73
    },
    "p90_pause_time": 8323034.4,
    "throughput": 24661986526
}