{
    "garbage_collector": "Z",
    "jdk": "HotSpot_21.0.4",
    "benchmark_group": "Renaissance",
    "benchmark_name": "naive-bayes",
    "heap_size": "2048",
    "error": null,
    "avg_cpu_usage": 54.7,
    "avg_cpu_time": 50.9,
    "avg_io_time": 0.1,
    "p90_io": 0.0,
    "number_of_pauses": 1971,
    "total_pause_time": 245233060,
    "avg_pause_time": 124420.63,
    "pauses_per_category": {
        "ICBufferFull": 15,
        "Cleanup": 2,
        "XMarkStart": 648,
        "XMarkEnd": 645,
        "CleanClassLoaderDataMetaspaces": 16,
        "XRelocateStart": 645
    },
    "total_pause_time_per_category": {
        "ICBufferFull": 1164621,
        "Cleanup": 264960,
        "XMarkStart": 78307694,
        "XMarkEnd": 36806170,
        "CleanClassLoaderDataMetaspaces": 7049711,
        "XRelocateStart": 121639904
    },
    "avg_pause_time_per_category": {
        "ICBufferFull": 77641.4,
        "Cleanup": 132480.0,
        "XMarkStart": 120845.21,
        "XMarkEnd": 57063.83,
        "CleanClassLoaderDataMetaspaces": 440606.94,
        "XRelocateStart": 188589.0
    },
    "p90_pause_time": 161554.0,
    "throughput": 76201556848
}