{
    "garbage_collector": "Parallel",
    "jdk": "HotSpot_21.0.4",
    "benchmark_group": "Renaissance",
    "benchmark_name": "rx-scrabble",
    "heap_size": "8192",
    "error": null,
    "avg_cpu_usage": 39.9,
    "avg_cpu_time": 28.0,
    "avg_io_time": 0.0,
    "p90_io": 0.0,
    "number_of_pauses": 15,
    "total_pause_time": 31954039,
    "avg_pause_time": 2130269.27,
    "pauses_per_category": {
        "ICBufferFull": 14,
        "ParallelGCFailedAllocation": 1
    },
    "total_pause_time_per_category": {
        "ICBufferFull": 1291168,
        "ParallelGCFailedAllocation": 30662871
    },
    "avg_pause_time_per_category": {
        "ICBufferFull": 92226.29,
        "ParallelGCFailedAllocation": 30662871.0
    },
    "p90_pause_time": 137868.2,
    "throughput": 2444184344
}