{
    "garbage_collector": "Parallel",
    "jdk": "HotSpot_21.0.4",
    "benchmark_group": "Renaissance",
    "benchmark_name": "naive-bayes",
    "heap_size": "2048",
    "error": null,
    "avg_cpu_usage": 56.2,
    "avg_cpu_time": 55.4,
    "avg_io_time": 0.4,
    "p90_io": 0.0,
    "number_of_pauses": 659,
    "total_pause_time": 4822227383,
    "avg_pause_time": 7317492.24,
    "pauses_per_category": {
        "ICBufferFull": 23,
        "Cleanup": 2,
        "CollectForMetadataAllocation": 4,
        "ParallelGCFailedAllocation": 630
    },
    "total_pause_time_per_category": {
        "ICBufferFull": 2588819,
        "Cleanup": 58449,
        "CollectForMetadataAllocation": 128666011,
        "ParallelGCFailedAllocation": 4690914104
    },
    "avg_pause_time_per_category": {
        "ICBufferFull": 112557.35,
        "Cleanup": 29224.5,
        "CollectForMetadataAllocation": 32166502.75,
        "ParallelGCFailedAllocation": 7445895.4
    },
    "p90_pause_time": 9752113.8,
    "throughput": 48368310077
}