{
    "garbage_collector": "Serial",
    "jdk": "HotSpot_21.0.4",
    "benchmark_group": "Renaissance",
    "benchmark_name": "naive-bayes",
    "heap_size": "2048",
    "error": null,
    "avg_cpu_usage": 47.9,
    "avg_cpu_time": 49.1,
    "avg_io_time": 0.1,
    "p90_io": 0.0,
    "number_of_pauses": 686,
    "total_pause_time": 6542625511,
    "avg_pause_time": 9537354.97,
    "pauses_per_category": {
        "ICBufferFull": 24,
        "Cleanup": 2,
        "CollectForMetadataAllocation": 4,
        "GenCollectForAllocation": 656
    },
    "total_pause_time_per_category": {
        "ICBufferFull": 5321744,
        "Cleanup": 67170,
        "CollectForMetadataAllocation": 158998590,
        "GenCollectForAllocation": 6378238007
    },
    "avg_pause_time_per_category": {
        "ICBufferFull": 221739.33,
        "Cleanup": 33585.0,
        "CollectForMetadataAllocation": 39749647.5,
        "GenCollectForAllocation": 9722923.79
    },
    "p90_pause_time": 10189647.5,
    "throughput": 49783248212
}