{
    "garbage_collector": "G1",
    "jdk": "HotSpot_21.0.4",
    "benchmark_group": "Renaissance",
    "benchmark_name": "movie-lens",
    "heap_size": "1024",
    "error": null,
    "avg_cpu_usage": 57.0,
    "avg_cpu_time": 53.5,
    "avg_io_time": 0.0,
    "p90_io": 0.0,
    "number_of_pauses": 966,
    "total_pause_time": 2275581166,
    "avg_pause_time": 2355674.08,
    "pauses_per_category": {
        "ICBufferFull": 20,
        "Cleanup": 1,
        "G1CollectForAllocation": 423,
        "CollectForMetadataAllocation": 5,
        "G1PauseRemark": 109,
        "G1PauseCleanup": 109,
        "G1TryInitiateConcMark": 299
    },
    "total_pause_time_per_category": {
        "ICBufferFull": 3150906,
        "Cleanup": 96492,
        "G1CollectForAllocation": 1238654922,
        "CollectForMetadataAllocation": 28051938,
        "G1PauseRemark": 446209427,
        "G1PauseCleanup": 51020939,
        "G1TryInitiateConcMark": 508396542
    },
    "avg_pause_time_per_category": {
        "ICBufferFull": 157545.3,
        "Cleanup": 96492.0,
        "G1CollectForAllocation": 2928262.23,
        "CollectForMetadataAllocation": 5610387.6,
        "G1PauseRemark": 4093664.47,
        "G1PauseCleanup": 468082.01,
        "G1TryInitiateConcMark": 1700322.88
    },
    "p90_pause_time": 4232070.5,
    "throughput": 96037380239
}