{
    "garbage_collector": "Parallel",
    "jdk": "HotSpot_21.0.4",
    "benchmark_group": "Renaissance",
    "benchmark_name": "chi-square",
    "heap_size": "1024",
    "error": null,
    "avg_cpu_usage": 31.1,
    "avg_cpu_time": 29.4,
    "avg_io_time": 0.2,
    "p90_io": 0.0,
    "number_of_pauses": 96,
    "total_pause_time": 407630253,
    "avg_pause_time": 4246148.47,
    "pauses_per_category": {
        "ICBufferFull": 3,
        "Cleanup": 1,
        "CollectForMetadataAllocation": 3,
        "ParallelGCFailedAllocation": 89
    },
    "total_pause_time_per_category": {
        "ICBufferFull": 333774,
        "Cleanup": 149925,
        "CollectForMetadataAllocation": 83950161,
        "ParallelGCFailedAllocation": 323196393
    },
    "avg_pause_time_per_category": {
        "ICBufferFull": 111258.0,
        "Cleanup": 149925.0,
        "CollectForMetadataAllocation": 27983387.0,
        "ParallelGCFailedAllocation": 3631420.15
    },
    "p90_pause_time": 14647338.0,
    "throughput": 11577720777
}