{
    "garbage_collector": "Parallel",
    "jdk": "HotSpot_21.0.4",
    "benchmark_group": "Renaissance",
    "benchmark_name": "philosophers",
    "heap_size": "2048",
    "error": null,
    "avg_cpu_usage": 88.2,
    "avg_cpu_time": 86.1,
    "avg_io_time": 0.1,
    "p90_io": 0.12,
    "number_of_pauses": 51,
    "total_pause_time": 66126568,
    "avg_pause_time": 1296599.37,
    "pauses_per_category": {
        "ICBufferFull": 2,
        "ParallelGCFailedAllocation": 49
    },
    "total_pause_time_per_category": {
        "ICBufferFull": 279155,
        "ParallelGCFailedAllocation": 65847413
    },
    "avg_pause_time_per_category": {
        "ICBufferFull": 139577.5,
        "ParallelGCFailedAllocation": 1343824.76
    },
    "p90_pause_time": 1868505.0,
    "throughput": 15380006881
}