{
    "garbage_collector": "Serial",
    "jdk": "HotSpot_21.0.4",
    "benchmark_group": "Renaissance",
    "benchmark_name": "philosophers",
    "heap_size": "512",
    "error": null,
    "avg_cpu_usage": 81.2,
    "avg_cpu_time": 78.0,
    "avg_io_time": 0.0,
    "p90_io": 0.0,
    "number_of_pauses": 236,
    "total_pause_time": 541419715,
    "avg_pause_time": 2294151.33,
    "pauses_per_category": {
        "ICBufferFull": 2,
        "GenCollectForAllocation": 234
    },
    "total_pause_time_per_category": {
        "ICBufferFull": 232254,
        "GenCollectForAllocation": 541187461
    },
    "avg_pause_time_per_category": {
        "ICBufferFull": 116127.0,
        "GenCollectForAllocation": 2312766.93
    },
    "p90_pause_time": 3192595.5,
    "throughput": 22721835534
}