{
    "garbage_collector": "Parallel",
    "jdk": "HotSpot_21.0.4",
    "benchmark_group": "Renaissance",
    "benchmark_name": "log-regression",
    "heap_size": "1024",
    "error": null,
    "avg_cpu_usage": 49.2,
    "avg_cpu_time": 45.0,
    "avg_io_time": 0.3,
    "p90_io": 0.0,
    "number_of_pauses": 165,
    "total_pause_time": 793333488,
    "avg_pause_time": 4808081.75,
    "pauses_per_category": {
        "ICBufferFull": 46,
        "Cleanup": 2,
        "CollectForMetadataAllocation": 4,
        "ParallelGCFailedAllocation": 111,
        "ParallelGCSystemGC": 2
    },
    "total_pause_time_per_category": {
        "ICBufferFull": 4200667,
        "Cleanup": 223010,
        "CollectForMetadataAllocation": 125296657,
        "ParallelGCFailedAllocation": 575953113,
        "ParallelGCSystemGC": 87660041
    },
    "avg_pause_time_per_category": {
        "ICBufferFull": 91318.85,
        "Cleanup": 111505.0,
        "CollectForMetadataAllocation": 31324164.25,
        "ParallelGCFailedAllocation": 5188766.78,
        "ParallelGCSystemGC": 43830020.5
    },
    "p90_pause_time": 9674598.8,
    "throughput": 19312054617
}