{
    "garbage_collector": "Serial",
    "jdk": "HotSpot_21.0.4",
    "benchmark_group": "Renaissance",
    "benchmark_name": "finagle-http",
    "heap_size": "512",
    "error": null,
    "avg_cpu_usage": 78.1,
    "avg_cpu_time": 62.4,
    "avg_io_time": 0.0,
    "p90_io": 0.0,
    "number_of_pauses": 313,
    "total_pause_time": 1068078921,
    "avg_pause_time": 3412392.72,
    "pauses_per_category": {
        "ICBufferFull": 46,
        "CollectForMetadataAllocation": 2,
        "GenCollectForAllocation": 265
    },
    "total_pause_time_per_category": {
        "ICBufferFull": 8452545,
        "CollectForMetadataAllocation": 41796437,
        "GenCollectForAllocation": 1017829939
    },
    "avg_pause_time_per_category": {
        "ICBufferFull": 183750.98,
        "CollectForMetadataAllocation": 20898218.5,
        "GenCollectForAllocation": 3840867.69
    },
    "p90_pause_time": 4525903.8,
    "throughput": 39295827351
}