{
    "garbage_collector": "Parallel",
    "jdk": "HotSpot_21.0.4",
    "benchmark_group": "Renaissance",
    "benchmark_name": "mnemonics",
    "heap_size": "2048",
    "error": null,
    "avg_cpu_usage": 16.1,
    "avg_cpu_time": 15.0,
    "avg_io_time": 0.1,
    "p90_io": 0.0,
    "number_of_pauses": 104,
    "total_pause_time": 982346871,
    "avg_pause_time": 9445642.99,
    "pauses_per_category": {
        "ICBufferFull": 1,
        "ParallelGCFailedAllocation": 103
    },
    "total_pause_time_per_category": {
        "ICBufferFull": 57392,
        "ParallelGCFailedAllocation": 982289479
    },
    "avg_pause_time_per_category": {
        "ICBufferFull": 57392.0,
        "ParallelGCFailedAllocation": 9536791.06
    },
    "p90_pause_time": 24003839.1,
    "throughput": 25272229366
}