{
    "garbage_collector": "Serial",
    "jdk": "HotSpot_21.0.4",
    "benchmark_group": "Renaissance",
    "benchmark_name": "rx-scrabble",
    "heap_size": "512",
    "error": null,
    "avg_cpu_usage": 24.9,
    "avg_cpu_time": 33.6,
    "avg_io_time": 0.0,
    "p90_io": 0.0,
    "number_of_pauses": 19,
    "total_pause_time": 257395655,
    "avg_pause_time": 13547139.74,
    "pauses_per_category": {
        "ICBufferFull": 5,
        "GenCollectForAllocation": 14
    },
    "total_pause_time_per_category": {
        "ICBufferFull": 517253,
        "GenCollectForAllocation": 256878402
    },
    "avg_pause_time_per_category": {
        "ICBufferFull": 103450.6,
        "GenCollectForAllocation": 18348457.29
    },
    "p90_pause_time": 31678948.0,
    "throughput": 2749848975
}