{
    "garbage_collector": "Parallel",
    "jdk": "HotSpot_21.0.4",
    "benchmark_group": "Renaissance",
    "benchmark_name": "finagle-http",
    "heap_size": "512",
    "error": null,
    "avg_cpu_usage": 80.5,
    "avg_cpu_time": 63.6,
    "avg_io_time": 0.0,
    "p90_io": 0.0,
    "number_of_pauses": 268,
    "total_pause_time": 238581731,
    "avg_pause_time": 890230.34,
    "pauses_per_category": {
        "ICBufferFull": 47,
        "CollectForMetadataAllocation": 2,
        "ParallelGCFailedAllocation": 219
    },
    "total_pause_time_per_category": {
        "ICBufferFull": 5030085,
        "CollectForMetadataAllocation": 38498116,
        "ParallelGCFailedAllocation": 195053530
    },
    "avg_pause_time_per_category": {
        "ICBufferFull": 107023.09,
        "CollectForMetadataAllocation": 19249058.0,
        "ParallelGCFailedAllocation": 890655.39
    },
    "p90_pause_time": 1299850.7,
    "throughput": 38457210815
}