{
    "garbage_collector": "Z",
    "jdk": "HotSpot_21.0.4",
    "benchmark_group": "Renaissance",
    "benchmark_name": "par-mnemonics",
    "heap_size": "512",
    "error": null,
    "avg_cpu_usage": 20.7,
    "avg_cpu_time": 20.9,
    "avg_io_time": 0.0,
    "p90_io": 0.0,
    "number_of_pauses": 1035,
    "total_pause_time": 95055705,
    "avg_pause_time": 91841.26,
    "pauses_per_category": {
        "ICBufferFull": 2,
        "XMarkStart": 344,
        "XMarkEnd": 343,
        "CleanClassLoaderDataMetaspaces": 3,
        "XRelocateStart": 343
    },
    "total_pause_time_per_category": {
        "ICBufferFull": 145378,
        "XMarkStart": 33278727,
        "XMarkEnd": 29044318,
        "CleanClassLoaderDataMetaspaces": 639933,
        "XRelocateStart": 31947349
    },
    "avg_pause_time_per_category": {
        "ICBufferFull": 72689.0,
        "XMarkStart": 96740.49,
        "XMarkEnd": 84677.31,
        "CleanClassLoaderDataMetaspaces": 213311.0,
        "XRelocateStart": 93140.96
    },
    "p90_pause_time": 105619.2,
    "throughput": 30108291664
}