{
    "garbage_collector": "G1",
    "jdk": "HotSpot_21.0.4",
    "benchmark_group": "Renaissance",
    "benchmark_name": "dec-tree",
    "heap_size": "4096",
    "error": null,
    "avg_cpu_usage": 42.2,
    "avg_cpu_time": 41.0,
    "avg_io_time": 0.0,
    "p90_io": 0.0,
    "number_of_pauses": 76,
    "total_pause_time": 177628285,
    "avg_pause_time": 2337214.28,
    "pauses_per_category": {
        "ICBufferFull": 49,
        "Cleanup": 1,
        "CollectForMetadataAllocation": 10,
        "G1PauseRemark": 5,
        "G1PauseCleanup": 5,
        "G1CollectForAllocation": 5,
        "G1TryInitiateConcMark": 1
    },
    "total_pause_time_per_category": {
        "ICBufferFull": 5271973,
        "Cleanup": 149715,
        "CollectForMetadataAllocation": 59727742,
        "G1PauseRemark": 16001456,
        "G1PauseCleanup": 1524277,
        "G1CollectForAllocation": 81390231,
        "G1TryInitiateConcMark": 13562891
    },
    "avg_pause_time_per_category": {
        "ICBufferFull": 107591.29,
        "Cleanup": 149715.0,
        "CollectForMetadataAllocation": 5972774.2,
        "G1PauseRemark": 3200291.2,
        "G1PauseCleanup": 304855.4,
        "G1CollectForAllocation": 16278046.2,
        "G1TryInitiateConcMark": 13562891.0
    },
    "p90_pause_time": 11242019.0,
    "throughput": 16751383492
}