{
    "garbage_collector": "Z",
    "jdk": "HotSpot_21.0.4",
    "benchmark_group": "Renaissance",
    "benchmark_name": "reactors",
    "heap_size": "4096",
    "error": null,
    "avg_cpu_usage": 36.9,
    "avg_cpu_time": 35.7,
    "avg_io_time": 0.0,
    "p90_io": 0.0,
    "number_of_pauses": 295,
    "total_pause_time": 37559531,
    "avg_pause_time": 127320.44,
    "pauses_per_category": {
        "ICBufferFull": 7,
        "Cleanup": 8,
        "XMarkStart": 93,
        "XMarkEnd": 93,
        "CleanClassLoaderDataMetaspaces": 1,
        "XRelocateStart": 93
    },
    "total_pause_time_per_category": {
        "ICBufferFull": 603842,
        "Cleanup": 748625,
        "XMarkStart": 10695898,
        "XMarkEnd": 10733581,
        "CleanClassLoaderDataMetaspaces": 767385,
        "XRelocateStart": 14010200
    },
    "avg_pause_time_per_category": {
        "ICBufferFull": 86263.14,
        "Cleanup": 93578.12,
        "XMarkStart": 115009.66,
        "XMarkEnd": 115414.85,
        "CleanClassLoaderDataMetaspaces": 767385.0,
        "XRelocateStart": 150647.31
    },
    "p90_pause_time": 119561.4,
    "throughput": 76397689136
}