{
    "garbage_collector": "Z",
    "jdk": "HotSpot_21.0.4",
    "benchmark_group": "Renaissance",
    "benchmark_name": "page-rank",
    "heap_size": "2048",
    "error": null,
    "avg_cpu_usage": 50.7,
    "avg_cpu_time": 51.7,
    "avg_io_time": 0.1,
    "p90_io": 0.0,
    "number_of_pauses": 490,
    "total_pause_time": 48490245,
    "avg_pause_time": 98959.68,
    "pauses_per_category": {
        "ICBufferFull": 5,
        "Cleanup": 1,
        "XMarkStart": 157,
        "XMarkEnd": 156,
        "CleanClassLoaderDataMetaspaces": 10,
        "XRelocateStart": 161
    },
    "total_pause_time_per_category": {
        "ICBufferFull": 581808,
        "Cleanup": 214030,
        "XMarkStart": 17924453,
        "XMarkEnd": 14020388,
        "CleanClassLoaderDataMetaspaces": 2744573,
        "XRelocateStart": 13004993
    },
    "avg_pause_time_per_category": {
        "ICBufferFull": 116361.6,
        "Cleanup": 214030.0,
        "XMarkStart": 114168.49,
        "XMarkEnd": 89874.28,
        "CleanClassLoaderDataMetaspaces": 274457.3,
        "XRelocateStart": 80776.35
    },
    "p90_pause_time": 126911.7,
    "throughput": 72557872765
}