{
    "garbage_collector": "G1",
    "jdk": "HotSpot_21.0.4",
    "benchmark_group": "Renaissance",
    "benchmark_name": "future-genetic",
    "heap_size": "1024",
    "error": null,
    "avg_cpu_usage": 31.7,
    "avg_cpu_time": 29.9,
    "avg_io_time": 0.0,
    "p90_io": 0.0,
    "number_of_pauses": 30,
    "total_pause_time": 63851957,
    "avg_pause_time": 2128398.57,
    "pauses_per_category": {
        "ICBufferFull": 3,
        "G1CollectForAllocation": 27
    },
    "total_pause_time_per_category": {
        "ICBufferFull": 355249,
        "G1CollectForAllocation": 63496708
    },
    "avg_pause_time_per_category": {
        "ICBufferFull": 118416.33,
        "G1CollectForAllocation": 2351729.93
    },
    "p90_pause_time": 4563332.7,
    "throughput": 21007674311
}