{
    "garbage_collector": "Parallel",
    "jdk": "HotSpot_21.0.4",
    "benchmark_group": "Renaissance",
    "benchmark_name": "future-genetic",
    "heap_size": "512",
    "error": null,
    "avg_cpu_usage": 31.9,
    "avg_cpu_time": 29.8,
    "avg_io_time": 0.0,
    "p90_io": 0.0,
    "number_of_pauses": 99,
    "total_pause_time": 89568591,
    "avg_pause_time": 904733.24,
    "pauses_per_category": {
        "ICBufferFull": 3,
        "ParallelGCFailedAllocation": 96
    },
    "total_pause_time_per_category": {
        "ICBufferFull": 273113,
        "ParallelGCFailedAllocation": 89295478
    },
    "avg_pause_time_per_category": {
        "ICBufferFull": 91037.67,
        "ParallelGCFailedAllocation": 930161.23
    },
    "p90_pause_time": 1657340.2,
    "throughput": 19492848084
}