{
    "garbage_collector": "Serial",
    "jdk": "HotSpot_21.0.4",
    "benchmark_group": "Renaissance",
    "benchmark_name": "neo4j-analytics",
    "heap_size": "8192",
    "error": null,
    "avg_cpu_usage": 29.5,
    "avg_cpu_time": 28.1,
    "avg_io_time": 0.7,
    "p90_io": 2.4,
    "number_of_pauses": 84,
    "total_pause_time": 3461303572,
    "avg_pause_time": 41205994.9,
    "pauses_per_category": {
        "ICBufferFull": 49,
        "CollectForMetadataAllocation": 6,
        "Cleanup": 14,
        "GenCollectForAllocation": 15
    },
    "total_pause_time_per_category": {
        "ICBufferFull": 5876849,
        "CollectForMetadataAllocation": 520255681,
        "Cleanup": 1568607,
        "GenCollectForAllocation": 2933602435
    },
    "avg_pause_time_per_category": {
        "ICBufferFull": 119935.69,
        "CollectForMetadataAllocation": 86709280.17,
        "Cleanup": 112043.36,
        "GenCollectForAllocation": 195573495.67
    },
    "p90_pause_time": 39025951.6,
    "throughput": 35702193874
}