{
    "garbage_collector": "Z",
    "jdk": "HotSpot_21.0.4",
    "benchmark_group": "Renaissance",
    "benchmark_name": "future-genetic",
    "heap_size": "512",
    "error": null,
    "avg_cpu_usage": 30.5,
    "avg_cpu_time": 28.8,
    "avg_io_time": 0.0,
    "p90_io": 0.0,
    "number_of_pauses": 178,
    "total_pause_time": 17758901,
    "avg_pause_time": 99769.11,
    "pauses_per_category": {
        "ICBufferFull": 2,
        "XMarkStart": 58,
        "XMarkEnd": 58,
        "CleanClassLoaderDataMetaspaces": 2,
        "XRelocateStart": 58
    },
    "total_pause_time_per_category": {
        "ICBufferFull": 259948,
        "XMarkStart": 5770070,
        "XMarkEnd": 5567189,
        "CleanClassLoaderDataMetaspaces": 665486,
        "XRelocateStart": 5496208
    },
    "avg_pause_time_per_category": {
        "ICBufferFull": 129974.0,
        "XMarkStart": 99483.97,
        "XMarkEnd": 95986.02,
        "CleanClassLoaderDataMetaspaces": 332743.0,
        "XRelocateStart": 94762.21
    },
    "p90_pause_time": 100402.6,
    "throughput": 22829716918
}