{
    "garbage_collector": "Z",
    "jdk": "HotSpot_21.0.4",
    "benchmark_group": "Renaissance",
    "benchmark_name": "reactors",
    "heap_size": "1024",
    "error": null,
    "avg_cpu_usage": 36.4,
    "avg_cpu_time": 36.4,
    "avg_io_time": 0.0,
    "p90_io": 0.0,
    "number_of_pauses": 670,
    "total_pause_time": 64065320,
    "avg_pause_time": 95619.88,
    "pauses_per_category": {
        "ICBufferFull": 5,
        "XMarkStart": 217,
        "XMarkEnd": 217,
        "CleanClassLoaderDataMetaspaces": 1,
        "XRelocateStart": 217,
        "Cleanup": 13
    },
    "total_pause_time_per_category": {
        "ICBufferFull": 1889800,
        "XMarkStart": 25723088,
        "XMarkEnd": 15533191,
        "CleanClassLoaderDataMetaspaces": 718669,
        "XRelocateStart": 19051825,
        "Cleanup": 1148747
    },
    "avg_pause_time_per_category": {
        "ICBufferFull": 377960.0,
        "XMarkStart": 118539.58,
        "XMarkEnd": 71581.53,
        "CleanClassLoaderDataMetaspaces": 718669.0,
        "XRelocateStart": 87796.43,
        "Cleanup": 88365.15
    },
    "p90_pause_time": 109482.3,
    "throughput": 96118078581
}