{
    "garbage_collector": "G1",
    "jdk": "HotSpot_21.0.4",
    "benchmark_group": "Renaissance",
    "benchmark_name": "rx-scrabble",
    "heap_size": "2048",
    "error": null,
    "avg_cpu_usage": 36.8,
    "avg_cpu_time": 29.2,
    "avg_io_time": 0.0,
    "p90_io": 0.0,
    "number_of_pauses": 13,
    "total_pause_time": 51285686,
    "avg_pause_time": 3945052.77,
    "pauses_per_category": {
        "ICBufferFull": 7,
        "G1CollectForAllocation": 6
    },
    "total_pause_time_per_category": {
        "ICBufferFull": 601112,
        "G1CollectForAllocation": 50684574
    },
    "avg_pause_time_per_category": {
        "ICBufferFull": 85873.14,
        "G1CollectForAllocation": 8447429.0
    },
    "p90_pause_time": 10378963.0,
    "throughput": 2748943670
}