{
    "garbage_collector": "Serial",
    "jdk": "HotSpot_21.0.4",
    "benchmark_group": "Renaissance",
    "benchmark_name": "als",
    "heap_size": "4096",
    "error": null,
    "avg_cpu_usage": 65.5,
    "avg_cpu_time": 63.4,
    "avg_io_time": 0.3,
    "p90_io": 0.0,
    "number_of_pauses": 118,
    "total_pause_time": 1088368348,
    "avg_pause_time": 9223460.58,
    "pauses_per_category": {
        "ICBufferFull": 40,
        "CollectForMetadataAllocation": 5,
        "GenCollectForAllocation": 43,
        "GenCollectFull": 4,
        "Cleanup": 26
    },
    "total_pause_time_per_category": {
        "ICBufferFull": 3677219,
        "CollectForMetadataAllocation": 191240012,
        "GenCollectForAllocation": 734122404,
        "GenCollectFull": 157587104,
        "Cleanup": 1741609
    },
    "avg_pause_time_per_category": {
        "ICBufferFull": 91930.48,
        "CollectForMetadataAllocation": 38248002.4,
        "GenCollectForAllocation": 17072614.05,
        "GenCollectFull": 39396776.0,
        "Cleanup": 66984.96
    },
    "p90_pause_time": 19400260.1,
    "throughput": 54188405923
}