{
    "garbage_collector": "Z",
    "jdk": "HotSpot_21.0.4",
    "benchmark_group": "Renaissance",
    "benchmark_name": "mnemonics",
    "heap_size": "8192",
    "error": null,
    "avg_cpu_usage": 13.3,
    "avg_cpu_time": 11.8,
    "avg_io_time": 0.0,
    "p90_io": 0.0,
    "number_of_pauses": 56,
    "total_pause_time": 5803647,
    "avg_pause_time": 103636.55,
    "pauses_per_category": {
        "ICBufferFull": 1,
        "XMarkStart": 16,
        "XMarkEnd": 16,
        "CleanClassLoaderDataMetaspaces": 2,
        "XRelocateStart": 16,
        "Cleanup": 5
    },
    "total_pause_time_per_category": {
        "ICBufferFull": 59071,
        "XMarkStart": 1573611,
        "XMarkEnd": 1620850,
        "CleanClassLoaderDataMetaspaces": 682555,
        "XRelocateStart": 1481383,
        "Cleanup": 386177
    },
    "avg_pause_time_per_category": {
        "ICBufferFull": 59071.0,
        "XMarkStart": 98350.69,
        "XMarkEnd": 101303.12,
        "CleanClassLoaderDataMetaspaces": 341277.5,
        "XRelocateStart": 92586.44,
        "Cleanup": 77235.4
    },
    "p90_pause_time": 112132.5,
    "throughput": 31931946632
}