{
    "garbage_collector": "Serial",
    "jdk": "HotSpot_21.0.4",
    "benchmark_group": "Renaissance",
    "benchmark_name": "finagle-chirper",
    "heap_size": "1024",
    "error": null,
    "avg_cpu_usage": 75.6,
    "avg_cpu_time": 68.7,
    "avg_io_time": 0.0,
    "p90_io": 0.0,
    "number_of_pauses": 187,
    "total_pause_time": 1788985451,
    "avg_pause_time": 9566767.12,
    "pauses_per_category": {
        "ICBufferFull": 64,
        "CollectForMetadataAllocation": 2,
        "GenCollectForAllocation": 120,
        "GenCollectFull": 1
    },
    "total_pause_time_per_category": {
        "ICBufferFull": 19949598,
        "CollectForMetadataAllocation": 41769098,
        "GenCollectForAllocation": 1634075921,
        "GenCollectFull": 93190834
    },
    "avg_pause_time_per_category": {
        "ICBufferFull": 311712.47,
        "CollectForMetadataAllocation": 20884549.0,
        "GenCollectForAllocation": 13617299.34,
        "GenCollectFull": 93190834.0
    },
    "p90_pause_time": 18201159.0,
    "throughput": 35008252165
}