{
    "garbage_collector": "G1",
    "jdk": "HotSpot_21.0.4",
    "benchmark_group": "Renaissance",
    "benchmark_name": "mnemonics",
    "heap_size": "256",
    "error": null,
    "avg_cpu_usage": 15.7,
    "avg_cpu_time": 16.2,
    "avg_io_time": 0.0,
    "p90_io": 0.0,
    "number_of_pauses": 483,
    "total_pause_time": 1347549658,
    "avg_pause_time": 2789957.88,
    "pauses_per_category": {
        "ICBufferFull": 1,
        "G1CollectForAllocation": 445,
        "G1PauseRemark": 17,
        "G1PauseCleanup": 17,
        "G1TryInitiateConcMark": 3
    },
    "total_pause_time_per_category": {
        "ICBufferFull": 57766,
        "G1CollectForAllocation": 1288710030,
        "G1PauseRemark": 14545752,
        "G1PauseCleanup": 2688399,
        "G1TryInitiateConcMark": 41547711
    },
    "avg_pause_time_per_category": {
        "ICBufferFull": 57766.0,
        "G1CollectForAllocation": 2895977.6,
        "G1PauseRemark": 855632.47,
        "G1PauseCleanup": 158141.12,
        "G1TryInitiateConcMark": 13849237.0
    },
    "p90_pause_time": 3486413.2,
    "throughput": 28281291029
}