{
    "garbage_collector": "Z",
    "jdk": "HotSpot_21.0.4",
    "benchmark_group": "Renaissance",
    "benchmark_name": "page-rank",
    "heap_size": "4096",
    "error": null,
    "avg_cpu_usage": 47.1,
    "avg_cpu_time": 46.6,
    "avg_io_time": 0.1,
    "p90_io": 0.0,
    "number_of_pauses": 249,
    "total_pause_time": 21960351,
    "avg_pause_time": 88194.18,
    "pauses_per_category": {
        "ICBufferFull": 10,
        "Cleanup": 3,
        "XMarkStart": 76,
        "XMarkEnd": 75,
        "CleanClassLoaderDataMetaspaces": 9,
        "XRelocateStart": 76
    },
    "total_pause_time_per_category": {
        "ICBufferFull": 640836,
        "Cleanup": 327202,
        "XMarkStart": 6168293,
        "XMarkEnd": 5087285,
        "CleanClassLoaderDataMetaspaces": 2466783,
        "XRelocateStart": 7269952
    },
    "avg_pause_time_per_category": {
        "ICBufferFull": 64083.6,
        "Cleanup": 109067.33,
        "XMarkStart": 81161.75,
        "XMarkEnd": 67830.47,
        "CleanClassLoaderDataMetaspaces": 274087.0,
        "XRelocateStart": 95657.26
    },
    "p90_pause_time": 125208.6,
    "throughput": 64587631021
}