{
    "garbage_collector": "Parallel",
    "jdk": "HotSpot_21.0.4",
    "benchmark_group": "Renaissance",
    "benchmark_name": "movie-lens",
    "heap_size": "8192",
    "error": null,
    "avg_cpu_usage": 56.3,
    "avg_cpu_time": 51.2,
    "avg_io_time": 0.1,
    "p90_io": 0.0,
    "number_of_pauses": 179,
    "total_pause_time": 590595802,
    "avg_pause_time": 3299417.89,
    "pauses_per_category": {
        "ICBufferFull": 42,
        "CollectForMetadataAllocation": 4,
        "ParallelGCFailedAllocation": 79,
        "ParallelGCSystemGC": 15,
        "Cleanup": 39
    },
    "total_pause_time_per_category": {
        "ICBufferFull": 5092479,
        "CollectForMetadataAllocation": 86155696,
        "ParallelGCFailedAllocation": 347679547,
        "ParallelGCSystemGC": 149092582,
        "Cleanup": 2575498
    },
    "avg_pause_time_per_category": {
        "ICBufferFull": 121249.5,
        "CollectForMetadataAllocation": 21538924.0,
        "ParallelGCFailedAllocation": 4401006.92,
        "ParallelGCSystemGC": 9939505.47,
        "Cleanup": 66038.41
    },
    "p90_pause_time": 5904351.2,
    "throughput": 89536714212
}