{
    "garbage_collector": "Z",
    "jdk": "HotSpot_21.0.4",
    "benchmark_group": "Renaissance",
    "benchmark_name": "dotty",
    "heap_size": "8192",
    "error": null,
    "avg_cpu_usage": 36.4,
    "avg_cpu_time": 33.2,
    "avg_io_time": 0.0,
    "p90_io": 0.0,
    "number_of_pauses": 97,
    "total_pause_time": 36420038,
    "avg_pause_time": 375464.31,
    "pauses_per_category": {
        "ICBufferFull": 66,
        "XMarkStart": 5,
        "XMarkEnd": 5,
        "CleanClassLoaderDataMetaspaces": 4,
        "XRelocateStart": 6,
        "Cleanup": 11
    },
    "total_pause_time_per_category": {
        "ICBufferFull": 26571677,
        "XMarkStart": 1747725,
        "XMarkEnd": 581341,
        "CleanClassLoaderDataMetaspaces": 1502564,
        "XRelocateStart": 616420,
        "Cleanup": 5400311
    },
    "avg_pause_time_per_category": {
        "ICBufferFull": 402601.17,
        "XMarkStart": 349545.0,
        "XMarkEnd": 116268.2,
        "CleanClassLoaderDataMetaspaces": 375641.0,
        "XRelocateStart": 102736.67,
        "Cleanup": 490937.36
    },
    "p90_pause_time": 709199.4,
    "throughput": 30760413156
}