{
    "garbage_collector": "Serial",
    "jdk": "HotSpot_21.0.4",
    "benchmark_group": "Renaissance",
    "benchmark_name": "dotty",
    "heap_size": "256",
    "error": null,
    "avg_cpu_usage": 39.4,
    "avg_cpu_time": 37.8,
    "avg_io_time": 0.0,
    "p90_io": 0.0,
    "number_of_pauses": 106,
    "total_pause_time": 1597372792,
    "avg_pause_time": 15069554.64,
    "pauses_per_category": {
        "ICBufferFull": 66,
        "CollectForMetadataAllocation": 2,
        "GenCollectForAllocation": 32,
        "GenCollectFull": 2,
        "Cleanup": 4
    },
    "total_pause_time_per_category": {
        "ICBufferFull": 23597089,
        "CollectForMetadataAllocation": 46120695,
        "GenCollectForAllocation": 1312719886,
        "GenCollectFull": 214462921,
        "Cleanup": 472201
    },
    "avg_pause_time_per_category": {
        "ICBufferFull": 357531.65,
        "CollectForMetadataAllocation": 23060347.5,
        "GenCollectForAllocation": 41022496.44,
        "GenCollectFull": 107231460.5,
        "Cleanup": 118050.25
    },
    "p90_pause_time": 38094845.5,
    "throughput": 28933836039
}