{
    "garbage_collector": "G1",
    "jdk": "HotSpot_21.0.4",
    "benchmark_group": "Renaissance",
    "benchmark_name": "par-mnemonics",
    "heap_size": "2048",
    "error": null,
    "avg_cpu_usage": 20.5,
    "avg_cpu_time": 19.4,
    "avg_io_time": 0.2,
    "p90_io": 0.0,
    "number_of_pauses": 68,
    "total_pause_time": 1438186220,
    "avg_pause_time": 21149797.35,
    "pauses_per_category": {
        "ICBufferFull": 1,
        "G1CollectForAllocation": 64,
        "G1TryInitiateConcMark": 1,
        "G1PauseRemark": 1,
        "G1PauseCleanup": 1
    },
    "total_pause_time_per_category": {
        "ICBufferFull": 66280,
        "G1CollectForAllocation": 1431354933,
        "G1TryInitiateConcMark": 4331656,
        "G1PauseRemark": 2092897,
        "G1PauseCleanup": 340454
    },
    "avg_pause_time_per_category": {
        "ICBufferFull": 66280.0,
        "G1CollectForAllocation": 22364920.83,
        "G1TryInitiateConcMark": 4331656.0,
        "G1PauseRemark": 2092897.0,
        "G1PauseCleanup": 340454.0
    },
    "p90_pause_time": 31795545.4,
    "throughput": 28305460105
}