{
    "garbage_collector": "Z",
    "jdk": "HotSpot_21.0.4",
    "benchmark_group": "Renaissance",
    "benchmark_name": "gauss-mix",
    "heap_size": "8192",
    "error": null,
    "avg_cpu_usage": 27.9,
    "avg_cpu_time": 24.4,
    "avg_io_time": 0.2,
    "p90_io": 0.0,
    "number_of_pauses": 46,
    "total_pause_time": 6652829,
    "avg_pause_time": 144626.72,
    "pauses_per_category": {
        "ICBufferFull": 11,
        "Cleanup": 7,
        "XMarkStart": 9,
        "XMarkEnd": 7,
        "CleanClassLoaderDataMetaspaces": 5,
        "XRelocateStart": 7
    },
    "total_pause_time_per_category": {
        "ICBufferFull": 1167769,
        "Cleanup": 598219,
        "XMarkStart": 872234,
        "XMarkEnd": 578710,
        "CleanClassLoaderDataMetaspaces": 2016093,
        "XRelocateStart": 1419804
    },
    "avg_pause_time_per_category": {
        "ICBufferFull": 106160.82,
        "Cleanup": 85459.86,
        "XMarkStart": 96914.89,
        "XMarkEnd": 82672.86,
        "CleanClassLoaderDataMetaspaces": 403218.6,
        "XRelocateStart": 202829.14
    },
    "p90_pause_time": 257501.5,
    "throughput": 16123190564
}