{
    "garbage_collector": "Parallel",
    "jdk": "HotSpot_21.0.4",
    "benchmark_group": "Renaissance",
    "benchmark_name": "finagle-http",
    "heap_size": "4096",
    "error": null,
    "avg_cpu_usage": 79.6,
    "avg_cpu_time": 63.5,
    "avg_io_time": 0.0,
    "p90_io": 0.0,
    "number_of_pauses": 139,
    "total_pause_time": 116490843,
    "avg_pause_time": 838063.62,
    "pauses_per_category": {
        "ICBufferFull": 89,
        "CollectForMetadataAllocation": 2,
        "ParallelGCFailedAllocation": 28,
        "Cleanup": 20
    },
    "total_pause_time_per_category": {
        "ICBufferFull": 14147477,
        "CollectForMetadataAllocation": 40937832,
        "ParallelGCFailedAllocation": 59576028,
        "Cleanup": 1829506
    },
    "avg_pause_time_per_category": {
        "ICBufferFull": 158960.42,
        "CollectForMetadataAllocation": 20468916.0,
        "ParallelGCFailedAllocation": 2127715.29,
        "Cleanup": 91475.3
    },
    "p90_pause_time": 941796.6,
    "throughput": 38684465844
}