{
    "garbage_collector": "G1",
    "jdk": "HotSpot_21.0.4",
    "benchmark_group": "Renaissance",
    "benchmark_name": "mnemonics",
    "heap_size": "4096",
    "error": null,
    "avg_cpu_usage": 15.5,
    "avg_cpu_time": 17.2,
    "avg_io_time": 0.0,
    "p90_io": 0.0,
    "number_of_pauses": 36,
    "total_pause_time": 1071367233,
    "avg_pause_time": 29760200.92,
    "pauses_per_category": {
        "ICBufferFull": 1,
        "G1CollectForAllocation": 32,
        "Cleanup": 3
    },
    "total_pause_time_per_category": {
        "ICBufferFull": 56271,
        "G1CollectForAllocation": 1071068538,
        "Cleanup": 242424
    },
    "avg_pause_time_per_category": {
        "ICBufferFull": 56271.0,
        "G1CollectForAllocation": 33470891.81,
        "Cleanup": 80808.0
    },
    "p90_pause_time": 49689259.5,
    "throughput": 28307879228
}