{
    "garbage_collector": "Parallel",
    "jdk": "HotSpot_21.0.4",
    "benchmark_group": "Renaissance",
    "benchmark_name": "finagle-chirper",
    "heap_size": "8192",
    "error": null,
    "avg_cpu_usage": 78.0,
    "avg_cpu_time": 70.7,
    "avg_io_time": 0.0,
    "p90_io": 0.0,
    "number_of_pauses": 97,
    "total_pause_time": 250406154,
    "avg_pause_time": 2581506.74,
    "pauses_per_category": {
        "ICBufferFull": 62,
        "CollectForMetadataAllocation": 2,
        "ParallelGCFailedAllocation": 13,
        "Cleanup": 19,
        "ParallelGCSystemGC": 1
    },
    "total_pause_time_per_category": {
        "ICBufferFull": 19888124,
        "CollectForMetadataAllocation": 45586937,
        "ParallelGCFailedAllocation": 122977769,
        "Cleanup": 2784352,
        "ParallelGCSystemGC": 59168972
    },
    "avg_pause_time_per_category": {
        "ICBufferFull": 320776.19,
        "CollectForMetadataAllocation": 22793468.5,
        "ParallelGCFailedAllocation": 9459828.38,
        "Cleanup": 146544.84,
        "ParallelGCSystemGC": 59168972.0
    },
    "p90_pause_time": 7253496.6,
    "throughput": 34360996358
}