{
    "garbage_collector": "Z",
    "jdk": "HotSpot_21.0.4",
    "benchmark_group": "Renaissance",
    "benchmark_name": "naive-bayes",
    "heap_size": "1024",
    "error": null,
    "avg_cpu_usage": 53.1,
    "avg_cpu_time": 46.8,
    "avg_io_time": 0.1,
    "p90_io": 0.0,
    "number_of_pauses": 6214,
    "total_pause_time": 972335717,
    "avg_pause_time": 156475.01,
    "pauses_per_category": {
        "ICBufferFull": 16,
        "Cleanup": 1,
        "XMarkStart": 2061,
        "XMarkEnd": 2059,
        "CleanClassLoaderDataMetaspaces": 16,
        "XRelocateStart": 2061
    },
    "total_pause_time_per_category": {
        "ICBufferFull": 1464152,
        "Cleanup": 434755,
        "XMarkStart": 252424323,
        "XMarkEnd": 93424966,
        "CleanClassLoaderDataMetaspaces": 6466782,
        "XRelocateStart": 618120739
    },
    "avg_pause_time_per_category": {
        "ICBufferFull": 91509.5,
        "Cleanup": 434755.0,
        "XMarkStart": 122476.62,
        "XMarkEnd": 45373.95,
        "CleanClassLoaderDataMetaspaces": 404173.88,
        "XRelocateStart": 299913.02
    },
    "p90_pause_time": 180134.8,
    "throughput": 169608336976
}