{
    "garbage_collector": "Parallel",
    "jdk": "HotSpot_21.0.4",
    "benchmark_group": "Renaissance",
    "benchmark_name": "neo4j-analytics",
    "heap_size": "2048",
    "error": null,
    "avg_cpu_usage": 41.4,
    "avg_cpu_time": 40.1,
    "avg_io_time": 0.5,
    "p90_io": 1.2,
    "number_of_pauses": 135,
    "total_pause_time": 5188763616,
    "avg_pause_time": 38435286.04,
    "pauses_per_category": {
        "ICBufferFull": 41,
        "CollectForMetadataAllocation": 3,
        "ParallelGCFailedAllocation": 90,
        "Cleanup": 1
    },
    "total_pause_time_per_category": {
        "ICBufferFull": 5043513,
        "CollectForMetadataAllocation": 104871963,
        "ParallelGCFailedAllocation": 5078755339,
        "Cleanup": 92801
    },
    "avg_pause_time_per_category": {
        "ICBufferFull": 123012.51,
        "CollectForMetadataAllocation": 34957321.0,
        "ParallelGCFailedAllocation": 56430614.88,
        "Cleanup": 92801.0
    },
    "p90_pause_time": 89374093.2,
    "throughput": 36751074834
}