{
    "garbage_collector": "G1",
    "jdk": "HotSpot_21.0.4",
    "benchmark_group": "Renaissance",
    "benchmark_name": "philosophers",
    "heap_size": "4096",
    "error": null,
    "avg_cpu_usage": 87.0,
    "avg_cpu_time": 85.8,
    "avg_io_time": 0.0,
    "p90_io": 0.0,
    "number_of_pauses": 19,
    "total_pause_time": 72468585,
    "avg_pause_time": 3814136.05,
    "pauses_per_category": {
        "ICBufferFull": 1,
        "G1CollectForAllocation": 16,
        "Cleanup": 2
    },
    "total_pause_time_per_category": {
        "ICBufferFull": 61330,
        "G1CollectForAllocation": 72244603,
        "Cleanup": 162652
    },
    "avg_pause_time_per_category": {
        "ICBufferFull": 61330.0,
        "G1CollectForAllocation": 4515287.69,
        "Cleanup": 81326.0
    },
    "p90_pause_time": 5616652.4,
    "throughput": 17524918801
}