{
    "garbage_collector": "Z",
    "jdk": "HotSpot_21.0.4",
    "benchmark_group": "Renaissance",
    "benchmark_name": "dec-tree",
    "heap_size": "512",
    "error": null,
    "avg_cpu_usage": 47.2,
    "avg_cpu_time": 48.4,
    "avg_io_time": 0.0,
    "p90_io": 0.0,
    "number_of_pauses": 448,
    "total_pause_time": 48135337,
    "avg_pause_time": 107444.95,
    "pauses_per_category": {
        "ICBufferFull": 16,
        "Cleanup": 1,
        "XMarkStart": 138,
        "XMarkEnd": 136,
        "CleanClassLoaderDataMetaspaces": 16,
        "XRelocateStart": 141
    },
    "total_pause_time_per_category": {
        "ICBufferFull": 1328526,
        "Cleanup": 20722,
        "XMarkStart": 13784687,
        "XMarkEnd": 11644258,
        "CleanClassLoaderDataMetaspaces": 7817319,
        "XRelocateStart": 13539825
    },
    "avg_pause_time_per_category": {
        "ICBufferFull": 83032.88,
        "Cleanup": 20722.0,
        "XMarkStart": 99889.04,
        "XMarkEnd": 85619.54,
        "CleanClassLoaderDataMetaspaces": 488582.44,
        "XRelocateStart": 96027.13
    },
    "p90_pause_time": 146917.1,
    "throughput": 20115465584
}