{
    "garbage_collector": "G1",
    "jdk": "HotSpot_21.0.4",
    "benchmark_group": "Renaissance",
    "benchmark_name": "naive-bayes",
    "heap_size": "1024",
    "error": null,
    "avg_cpu_usage": 76.1,
    "avg_cpu_time": 75.9,
    "avg_io_time": 0.2,
    "p90_io": 0.0,
    "number_of_pauses": 2771,
    "total_pause_time": 4818466940,
    "avg_pause_time": 1738890.99,
    "pauses_per_category": {
        "ICBufferFull": 26,
        "Cleanup": 1,
        "G1CollectForAllocation": 1425,
        "CollectForMetadataAllocation": 10,
        "G1PauseRemark": 440,
        "G1PauseCleanup": 440,
        "G1TryInitiateConcMark": 429
    },
    "total_pause_time_per_category": {
        "ICBufferFull": 2427789,
        "Cleanup": 87350,
        "G1CollectForAllocation": 2379516965,
        "CollectForMetadataAllocation": 53887373,
        "G1PauseRemark": 1457059406,
        "G1PauseCleanup": 151647178,
        "G1TryInitiateConcMark": 773840879
    },
    "avg_pause_time_per_category": {
        "ICBufferFull": 93376.5,
        "Cleanup": 87350.0,
        "G1CollectForAllocation": 1669836.47,
        "CollectForMetadataAllocation": 5388737.3,
        "G1PauseRemark": 3311498.65,
        "G1PauseCleanup": 344652.68,
        "G1TryInitiateConcMark": 1803824.89
    },
    "p90_pause_time": 3294994.0,
    "throughput": 73030526217
}