{
    "garbage_collector": "Serial",
    "jdk": "HotSpot_21.0.4",
    "benchmark_group": "Renaissance",
    "benchmark_name": "par-mnemonics",
    "heap_size": "1024",
    "error": null,
    "avg_cpu_usage": 15.4,
    "avg_cpu_time": 16.0,
    "avg_io_time": 0.0,
    "p90_io": 0.0,
    "number_of_pauses": 234,
    "total_pause_time": 3113798005,
    "avg_pause_time": 13306829.08,
    "pauses_per_category": {
        "ICBufferFull": 1,
        "GenCollectForAllocation": 233
    },
    "total_pause_time_per_category": {
        "ICBufferFull": 134545,
        "GenCollectForAllocation": 3113663460
    },
    "avg_pause_time_per_category": {
        "ICBufferFull": 134545.0,
        "GenCollectForAllocation": 13363362.49
    },
    "p90_pause_time": 25526266.6,
    "throughput": 23719302734
}