{
    "garbage_collector": "G1",
    "jdk": "HotSpot_21.0.4",
    "benchmark_group": "Renaissance",
    "benchmark_name": "future-genetic",
    "heap_size": "256",
    "error": null,
    "avg_cpu_usage": 31.1,
    "avg_cpu_time": 31.8,
    "avg_io_time": 0.0,
    "p90_io": 0.0,
    "number_of_pauses": 107,
    "total_pause_time": 121829849,
    "avg_pause_time": 1138596.72,
    "pauses_per_category": {
        "G1CollectForAllocation": 105,
        "ICBufferFull": 2
    },
    "total_pause_time_per_category": {
        "G1CollectForAllocation": 121616514,
        "ICBufferFull": 213335
    },
    "avg_pause_time_per_category": {
        "G1CollectForAllocation": 1158252.51,
        "ICBufferFull": 106667.5
    },
    "p90_pause_time": 2135151.2,
    "throughput": 21315276229
}