{
    "garbage_collector": "Z",
    "jdk": "HotSpot_21.0.4",
    "benchmark_group": "Renaissance",
    "benchmark_name": "philosophers",
    "heap_size": "2048",
    "error": null,
    "avg_cpu_usage": 85.7,
    "avg_cpu_time": 82.7,
    "avg_io_time": 0.0,
    "p90_io": 0.0,
    "number_of_pauses": 83,
    "total_pause_time": 9220176,
    "avg_pause_time": 111086.46,
    "pauses_per_category": {
        "ICBufferFull": 1,
        "XMarkStart": 27,
        "XMarkEnd": 27,
        "CleanClassLoaderDataMetaspaces": 1,
        "XRelocateStart": 27
    },
    "total_pause_time_per_category": {
        "ICBufferFull": 58580,
        "XMarkStart": 2927489,
        "XMarkEnd": 2625314,
        "CleanClassLoaderDataMetaspaces": 916228,
        "XRelocateStart": 2692565
    },
    "avg_pause_time_per_category": {
        "ICBufferFull": 58580.0,
        "XMarkStart": 108425.52,
        "XMarkEnd": 97233.85,
        "CleanClassLoaderDataMetaspaces": 916228.0,
        "XRelocateStart": 99724.63
    },
    "p90_pause_time": 109991.2,
    "throughput": 16257655747
}