{
    "garbage_collector": "Parallel",
    "jdk": "HotSpot_21.0.4",
    "benchmark_group": "Renaissance",
    "benchmark_name": "scala-doku",
    "heap_size": "2048",
    "error": null,
    "avg_cpu_usage": 13.2,
    "avg_cpu_time": 13.8,
    "avg_io_time": 0.0,
    "p90_io": 0.0,
    "number_of_pauses": 18,
    "total_pause_time": 60943828,
    "avg_pause_time": 3385768.22,
    "pauses_per_category": {
        "ICBufferFull": 2,
        "Cleanup": 13,
        "ParallelGCFailedAllocation": 3
    },
    "total_pause_time_per_category": {
        "ICBufferFull": 246779,
        "Cleanup": 18332484,
        "ParallelGCFailedAllocation": 42364565
    },
    "avg_pause_time_per_category": {
        "ICBufferFull": 123389.5,
        "Cleanup": 1410191.08,
        "ParallelGCFailedAllocation": 14121521.67
    },
    "p90_pause_time": 12357625.7,
    "throughput": 22782478788
}