{
    "garbage_collector": "Z",
    "jdk": "HotSpot_21.0.4",
    "benchmark_group": "Renaissance",
    "benchmark_name": "log-regression",
    "heap_size": "8192",
    "error": null,
    "avg_cpu_usage": 42.4,
    "avg_cpu_time": 40.0,
    "avg_io_time": 0.2,
    "p90_io": 0.0,
    "number_of_pauses": 92,
    "total_pause_time": 25673549,
    "avg_pause_time": 279060.32,
    "pauses_per_category": {
        "ICBufferFull": 44,
        "Cleanup": 4,
        "XMarkStart": 13,
        "XMarkEnd": 12,
        "CleanClassLoaderDataMetaspaces": 7,
        "XRelocateStart": 12
    },
    "total_pause_time_per_category": {
        "ICBufferFull": 9607644,
        "Cleanup": 368509,
        "XMarkStart": 1705296,
        "XMarkEnd": 1859567,
        "CleanClassLoaderDataMetaspaces": 10734686,
        "XRelocateStart": 1397847
    },
    "avg_pause_time_per_category": {
        "ICBufferFull": 218355.55,
        "Cleanup": 92127.25,
        "XMarkStart": 131176.62,
        "XMarkEnd": 154963.92,
        "CleanClassLoaderDataMetaspaces": 1533526.57,
        "XRelocateStart": 116487.25
    },
    "p90_pause_time": 300185.3,
    "throughput": 22331240401
}