{
    "garbage_collector": "Z",
    "jdk": "HotSpot_21.0.4",
    "benchmark_group": "Renaissance",
    "benchmark_name": "fj-kmeans",
    "heap_size": "1024",
    "error": null,
    "avg_cpu_usage": 73.7,
    "avg_cpu_time": 72.9,
    "avg_io_time": 0.0,
    "p90_io": 0.0,
    "number_of_pauses": 1171,
    "total_pause_time": 213457208,
    "avg_pause_time": 182286.26,
    "pauses_per_category": {
        "ICBufferFull": 1,
        "XMarkStart": 389,
        "XMarkEnd": 389,
        "CleanClassLoaderDataMetaspaces": 3,
        "XRelocateStart": 389
    },
    "total_pause_time_per_category": {
        "ICBufferFull": 55916,
        "XMarkStart": 46337204,
        "XMarkEnd": 30330287,
        "CleanClassLoaderDataMetaspaces": 984982,
        "XRelocateStart": 135748819
    },
    "avg_pause_time_per_category": {
        "ICBufferFull": 55916.0,
        "XMarkStart": 119118.78,
        "XMarkEnd": 77969.89,
        "CleanClassLoaderDataMetaspaces": 328327.33,
        "XRelocateStart": 348968.69
    },
    "p90_pause_time": 134081.0,
    "throughput": 63988736598
}