{
    "garbage_collector": "Parallel",
    "jdk": "HotSpot_21.0.4",
    "benchmark_group": "Renaissance",
    "benchmark_name": "chi-square",
    "heap_size": "512",
    "error": null,
    "avg_cpu_usage": 28.8,
    "avg_cpu_time": 27.0,
    "avg_io_time": 0.0,
    "p90_io": 0.0,
    "number_of_pauses": 248,
    "total_pause_time": 973299415,
    "avg_pause_time": 3924594.42,
    "pauses_per_category": {
        "ICBufferFull": 3,
        "Cleanup": 1,
        "CollectForMetadataAllocation": 4,
        "ParallelGCFailedAllocation": 240
    },
    "total_pause_time_per_category": {
        "ICBufferFull": 262091,
        "Cleanup": 403618,
        "CollectForMetadataAllocation": 87268307,
        "ParallelGCFailedAllocation": 885365399
    },
    "avg_pause_time_per_category": {
        "ICBufferFull": 87363.67,
        "Cleanup": 403618.0,
        "CollectForMetadataAllocation": 21817076.75,
        "ParallelGCFailedAllocation": 3689022.5
    },
    "p90_pause_time": 7289036.2,
    "throughput": 15827183244
}