{
    "garbage_collector": "G1",
    "jdk": "HotSpot_21.0.4",
    "benchmark_group": "Renaissance",
    "benchmark_name": "rx-scrabble",
    "heap_size": "4096",
    "error": null,
    "avg_cpu_usage": 38.3,
    "avg_cpu_time": 30.2,
    "avg_io_time": 0.0,
    "p90_io": 0.0,
    "number_of_pauses": 9,
    "total_pause_time": 57162453,
    "avg_pause_time": 6351383.67,
    "pauses_per_category": {
        "ICBufferFull": 4,
        "G1CollectForAllocation": 5
    },
    "total_pause_time_per_category": {
        "ICBufferFull": 1294622,
        "G1CollectForAllocation": 55867831
    },
    "avg_pause_time_per_category": {
        "ICBufferFull": 323655.5,
        "G1CollectForAllocation": 11173566.2
    },
    "p90_pause_time": 16335397.6,
    "throughput": 2447247378
}