{
    "garbage_collector": "Z",
    "jdk": "HotSpot_21.0.4",
    "benchmark_group": "Renaissance",
    "benchmark_name": "als",
    "heap_size": "1024",
    "error": null,
    "avg_cpu_usage": 65.0,
    "avg_cpu_time": 64.0,
    "avg_io_time": 0.1,
    "p90_io": 0.0,
    "number_of_pauses": 887,
    "total_pause_time": 91654321,
    "avg_pause_time": 103330.69,
    "pauses_per_category": {
        "ICBufferFull": 18,
        "XMarkStart": 315,
        "XMarkEnd": 217,
        "CleanClassLoaderDataMetaspaces": 16,
        "XRelocateStart": 306,
        "Cleanup": 15
    },
    "total_pause_time_per_category": {
        "ICBufferFull": 2493270,
        "XMarkStart": 23482948,
        "XMarkEnd": 16667263,
        "CleanClassLoaderDataMetaspaces": 6786660,
        "XRelocateStart": 41085309,
        "Cleanup": 1138871
    },
    "avg_pause_time_per_category": {
        "ICBufferFull": 138515.0,
        "XMarkStart": 74549.04,
        "XMarkEnd": 76807.66,
        "CleanClassLoaderDataMetaspaces": 424166.25,
        "XRelocateStart": 134265.72,
        "Cleanup": 75924.73
    },
    "p90_pause_time": 131583.2,
    "throughput": 63396850512
}