{
    "garbage_collector": "Parallel",
    "jdk": "HotSpot_21.0.4",
    "benchmark_group": "Renaissance",
    "benchmark_name": "gauss-mix",
    "heap_size": "512",
    "error": null,
    "avg_cpu_usage": 30.8,
    "avg_cpu_time": 30.5,
    "avg_io_time": 0.0,
    "p90_io": 0.0,
    "number_of_pauses": 94,
    "total_pause_time": 184564847,
    "avg_pause_time": 1963455.82,
    "pauses_per_category": {
        "ICBufferFull": 5,
        "CollectForMetadataAllocation": 4,
        "ParallelGCFailedAllocation": 75,
        "Cleanup": 1,
        "ParallelGCSystemGC": 9
    },
    "total_pause_time_per_category": {
        "ICBufferFull": 296566,
        "CollectForMetadataAllocation": 80483084,
        "ParallelGCFailedAllocation": 90675974,
        "Cleanup": 83083,
        "ParallelGCSystemGC": 13026140
    },
    "avg_pause_time_per_category": {
        "ICBufferFull": 59313.2,
        "CollectForMetadataAllocation": 20120771.0,
        "ParallelGCFailedAllocation": 1209012.99,
        "Cleanup": 83083.0,
        "ParallelGCSystemGC": 1447348.89
    },
    "p90_pause_time": 2141083.9,
    "throughput": 12170722733
}