{
    "garbage_collector": "Parallel",
    "jdk": "HotSpot_21.0.4",
    "benchmark_group": "Renaissance",
    "benchmark_name": "akka-uct",
    "heap_size": "2048",
    "error": null,
    "avg_cpu_usage": 83.9,
    "avg_cpu_time": 80.9,
    "avg_io_time": 0.0,
    "p90_io": 0.0,
    "number_of_pauses": 383,
    "total_pause_time": 16860672733,
    "avg_pause_time": 44022644.21,
    "pauses_per_category": {
        "ICBufferFull": 17,
        "ParallelGCFailedAllocation": 365,
        "CollectForMetadataAllocation": 1
    },
    "total_pause_time_per_category": {
        "ICBufferFull": 7109395,
        "ParallelGCFailedAllocation": 16644803217,
        "CollectForMetadataAllocation": 208760121
    },
    "avg_pause_time_per_category": {
        "ICBufferFull": 418199.71,
        "ParallelGCFailedAllocation": 45602200.59,
        "CollectForMetadataAllocation": 208760121.0
    },
    "p90_pause_time": 49113576.0,
    "throughput": 72914888929
}