{
    "garbage_collector": "Parallel",
    "jdk": "HotSpot_21.0.4",
    "benchmark_group": "Renaissance",
    "benchmark_name": "mnemonics",
    "heap_size": "4096",
    "error": null,
    "avg_cpu_usage": 15.3,
    "avg_cpu_time": 14.4,
    "avg_io_time": 0.0,
    "p90_io": 0.0,
    "number_of_pauses": 51,
    "total_pause_time": 678662317,
    "avg_pause_time": 13307104.25,
    "pauses_per_category": {
        "ICBufferFull": 1,
        "ParallelGCFailedAllocation": 50
    },
    "total_pause_time_per_category": {
        "ICBufferFull": 56897,
        "ParallelGCFailedAllocation": 678605420
    },
    "avg_pause_time_per_category": {
        "ICBufferFull": 56897.0,
        "ParallelGCFailedAllocation": 13572108.4
    },
    "p90_pause_time": 33392669.0,
    "throughput": 24960890271
}