{
    "garbage_collector": "Parallel",
    "jdk": "HotSpot_21.0.4",
    "benchmark_group": "Renaissance",
    "benchmark_name": "dotty",
    "heap_size": "512",
    "error": null,
    "avg_cpu_usage": 41.0,
    "avg_cpu_time": 40.4,
    "avg_io_time": 0.0,
    "p90_io": 0.0,
    "number_of_pauses": 102,
    "total_pause_time": 645419778,
    "avg_pause_time": 6327644.88,
    "pauses_per_category": {
        "ICBufferFull": 71,
        "CollectForMetadataAllocation": 2,
        "ParallelGCFailedAllocation": 20,
        "ParallelGCSystemGC": 3,
        "Cleanup": 6
    },
    "total_pause_time_per_category": {
        "ICBufferFull": 32222854,
        "CollectForMetadataAllocation": 52299287,
        "ParallelGCFailedAllocation": 246246838,
        "ParallelGCSystemGC": 313851642,
        "Cleanup": 799157
    },
    "avg_pause_time_per_category": {
        "ICBufferFull": 453843.01,
        "CollectForMetadataAllocation": 26149643.5,
        "ParallelGCFailedAllocation": 12312341.9,
        "ParallelGCSystemGC": 104617214.0,
        "Cleanup": 133192.83
    },
    "p90_pause_time": 13716938.9,
    "throughput": 28026790052
}