{
    "garbage_collector": "Parallel",
    "jdk": "HotSpot_21.0.4",
    "benchmark_group": "Renaissance",
    "benchmark_name": "dotty",
    "heap_size": "2048",
    "error": null,
    "avg_cpu_usage": 40.4,
    "avg_cpu_time": 39.8,
    "avg_io_time": 0.1,
    "p90_io": 0.0,
    "number_of_pauses": 90,
    "total_pause_time": 465716753,
    "avg_pause_time": 5174630.59,
    "pauses_per_category": {
        "ICBufferFull": 74,
        "CollectForMetadataAllocation": 2,
        "ParallelGCSystemGC": 3,
        "Cleanup": 8,
        "ParallelGCFailedAllocation": 3
    },
    "total_pause_time_per_category": {
        "ICBufferFull": 39916483,
        "CollectForMetadataAllocation": 57749886,
        "ParallelGCSystemGC": 329744371,
        "Cleanup": 956761,
        "ParallelGCFailedAllocation": 37349252
    },
    "avg_pause_time_per_category": {
        "ICBufferFull": 539411.93,
        "CollectForMetadataAllocation": 28874943.0,
        "ParallelGCSystemGC": 109914790.33,
        "Cleanup": 119595.12,
        "ParallelGCFailedAllocation": 12449750.67
    },
    "p90_pause_time": 4335599.9,
    "throughput": 28029536707
}