{
    "garbage_collector": "Z",
    "jdk": "HotSpot_21.0.4",
    "benchmark_group": "Renaissance",
    "benchmark_name": "rx-scrabble",
    "heap_size": "256",
    "error": null,
    "avg_cpu_usage": 28.8,
    "avg_cpu_time": 36.8,
    "avg_io_time": 0.0,
    "p90_io": 0.0,
    "number_of_pauses": 72,
    "total_pause_time": 6458699,
    "avg_pause_time": 89704.15,
    "pauses_per_category": {
        "ICBufferFull": 1,
        "XMarkStart": 24,
        "XMarkEnd": 22,
        "CleanClassLoaderDataMetaspaces": 3,
        "XRelocateStart": 22
    },
    "total_pause_time_per_category": {
        "ICBufferFull": 56786,
        "XMarkStart": 2218505,
        "XMarkEnd": 1468734,
        "CleanClassLoaderDataMetaspaces": 644825,
        "XRelocateStart": 2069849
    },
    "avg_pause_time_per_category": {
        "ICBufferFull": 56786.0,
        "XMarkStart": 92437.71,
        "XMarkEnd": 66760.64,
        "CleanClassLoaderDataMetaspaces": 214941.67,
        "XRelocateStart": 94084.05
    },
    "p90_pause_time": 117487.9,
    "throughput": 3046745774
}