{
    "garbage_collector": "G1",
    "jdk": "HotSpot_21.0.4",
    "benchmark_group": "Renaissance",
    "benchmark_name": "chi-square",
    "heap_size": "512",
    "error": null,
    "avg_cpu_usage": 31.8,
    "avg_cpu_time": 33.8,
    "avg_io_time": 0.3,
    "p90_io": 0.0,
    "number_of_pauses": 213,
    "total_pause_time": 973585589,
    "avg_pause_time": 4570824.36,
    "pauses_per_category": {
        "ICBufferFull": 4,
        "G1CollectForAllocation": 112,
        "CollectForMetadataAllocation": 6,
        "G1PauseRemark": 39,
        "G1PauseCleanup": 39,
        "G1TryInitiateConcMark": 13
    },
    "total_pause_time_per_category": {
        "ICBufferFull": 295895,
        "G1CollectForAllocation": 787229320,
        "CollectForMetadataAllocation": 31306462,
        "G1PauseRemark": 77096845,
        "G1PauseCleanup": 7995013,
        "G1TryInitiateConcMark": 69662054
    },
    "avg_pause_time_per_category": {
        "ICBufferFull": 73973.75,
        "G1CollectForAllocation": 7028833.21,
        "CollectForMetadataAllocation": 5217743.67,
        "G1PauseRemark": 1976842.18,
        "G1PauseCleanup": 205000.33,
        "G1TryInitiateConcMark": 5358619.54
    },
    "p90_pause_time": 10805673.8,
    "throughput": 17045212551
}