{
    "garbage_collector": "Serial",
    "jdk": "HotSpot_21.0.4",
    "benchmark_group": "Renaissance",
    "benchmark_name": "reactors",
    "heap_size": "2048",
    "error": null,
    "avg_cpu_usage": 30.3,
    "avg_cpu_time": 28.7,
    "avg_io_time": 0.0,
    "p90_io": 0.0,
    "number_of_pauses": 117,
    "total_pause_time": 20111765561,
    "avg_pause_time": 171895432.15,
    "pauses_per_category": {
        "ICBufferFull": 8,
        "Cleanup": 12,
        "GenCollectForAllocation": 97
    },
    "total_pause_time_per_category": {
        "ICBufferFull": 733775,
        "Cleanup": 933403,
        "GenCollectForAllocation": 20110098383
    },
    "avg_pause_time_per_category": {
        "ICBufferFull": 91721.88,
        "Cleanup": 77783.58,
        "GenCollectForAllocation": 207320601.89
    },
    "p90_pause_time": 529901044.8,
    "throughput": 84764899579
}