{
    "garbage_collector": "G1",
    "jdk": "HotSpot_21.0.4",
    "benchmark_group": "Renaissance",
    "benchmark_name": "neo4j-analytics",
    "heap_size": "2048",
    "error": null,
    "avg_cpu_usage": 32.4,
    "avg_cpu_time": 36.1,
    "avg_io_time": 0.4,
    "p90_io": 1.18,
    "number_of_pauses": 140,
    "total_pause_time": 1947331463,
    "avg_pause_time": 13909510.45,
    "pauses_per_category": {
        "ICBufferFull": 40,
        "G1CollectForAllocation": 50,
        "CollectForMetadataAllocation": 9,
        "G1PauseRemark": 16,
        "G1PauseCleanup": 16,
        "G1TryInitiateConcMark": 5,
        "Cleanup": 4
    },
    "total_pause_time_per_category": {
        "ICBufferFull": 5516541,
        "G1CollectForAllocation": 1784583328,
        "CollectForMetadataAllocation": 20744772,
        "G1PauseRemark": 58352335,
        "G1PauseCleanup": 12925390,
        "G1TryInitiateConcMark": 64220997,
        "Cleanup": 988100
    },
    "avg_pause_time_per_category": {
        "ICBufferFull": 137913.52,
        "G1CollectForAllocation": 35691666.56,
        "CollectForMetadataAllocation": 2304974.67,
        "G1PauseRemark": 3647020.94,
        "G1PauseCleanup": 807836.88,
        "G1TryInitiateConcMark": 12844199.4,
        "Cleanup": 247025.0
    },
    "p90_pause_time": 40354946.5,
    "throughput": 37227799870
}