{
    "garbage_collector": "Serial",
    "jdk": "HotSpot_21.0.4",
    "benchmark_group": "Renaissance",
    "benchmark_name": "dec-tree",
    "heap_size": "1024",
    "error": null,
    "avg_cpu_usage": 40.4,
    "avg_cpu_time": 38.0,
    "avg_io_time": 0.0,
    "p90_io": 0.0,
    "number_of_pauses": 96,
    "total_pause_time": 645050926,
    "avg_pause_time": 6719280.48,
    "pauses_per_category": {
        "ICBufferFull": 35,
        "Cleanup": 1,
        "CollectForMetadataAllocation": 5,
        "GenCollectForAllocation": 54,
        "GenCollectFull": 1
    },
    "total_pause_time_per_category": {
        "ICBufferFull": 3213579,
        "Cleanup": 87494,
        "CollectForMetadataAllocation": 156534023,
        "GenCollectForAllocation": 388954017,
        "GenCollectFull": 96261813
    },
    "avg_pause_time_per_category": {
        "ICBufferFull": 91816.54,
        "Cleanup": 87494.0,
        "CollectForMetadataAllocation": 31306804.6,
        "GenCollectForAllocation": 7202852.17,
        "GenCollectFull": 96261813.0
    },
    "p90_pause_time": 13255618.0,
    "throughput": 15840343770
}