{
    "garbage_collector": "Z",
    "jdk": "HotSpot_21.0.4",
    "benchmark_group": "Renaissance",
    "benchmark_name": "future-genetic",
    "heap_size": "1024",
    "error": null,
    "avg_cpu_usage": 30.2,
    "avg_cpu_time": 28.3,
    "avg_io_time": 0.0,
    "p90_io": 0.0,
    "number_of_pauses": 89,
    "total_pause_time": 9086040,
    "avg_pause_time": 102090.34,
    "pauses_per_category": {
        "ICBufferFull": 3,
        "XMarkStart": 28,
        "XMarkEnd": 28,
        "CleanClassLoaderDataMetaspaces": 2,
        "XRelocateStart": 28
    },
    "total_pause_time_per_category": {
        "ICBufferFull": 204911,
        "XMarkStart": 2921827,
        "XMarkEnd": 2717692,
        "CleanClassLoaderDataMetaspaces": 585108,
        "XRelocateStart": 2656502
    },
    "avg_pause_time_per_category": {
        "ICBufferFull": 68303.67,
        "XMarkStart": 104350.96,
        "XMarkEnd": 97060.43,
        "CleanClassLoaderDataMetaspaces": 292554.0,
        "XRelocateStart": 94875.07
    },
    "p90_pause_time": 104797.6,
    "throughput": 23132868265
}