{
    "garbage_collector": "Z",
    "jdk": "HotSpot_21.0.4",
    "benchmark_group": "Renaissance",
    "benchmark_name": "movie-lens",
    "heap_size": "8192",
    "error": null,
    "avg_cpu_usage": 55.9,
    "avg_cpu_time": 50.4,
    "avg_io_time": 0.1,
    "p90_io": 0.0,
    "number_of_pauses": 243,
    "total_pause_time": 25362177,
    "avg_pause_time": 104371.1,
    "pauses_per_category": {
        "ICBufferFull": 29,
        "Cleanup": 52,
        "XMarkStart": 53,
        "XMarkEnd": 46,
        "CleanClassLoaderDataMetaspaces": 7,
        "XRelocateStart": 56
    },
    "total_pause_time_per_category": {
        "ICBufferFull": 3156760,
        "Cleanup": 3560600,
        "XMarkStart": 5191365,
        "XMarkEnd": 3885362,
        "CleanClassLoaderDataMetaspaces": 3128695,
        "XRelocateStart": 6439395
    },
    "avg_pause_time_per_category": {
        "ICBufferFull": 108853.79,
        "Cleanup": 68473.08,
        "XMarkStart": 97950.28,
        "XMarkEnd": 84464.39,
        "CleanClassLoaderDataMetaspaces": 446956.43,
        "XRelocateStart": 114989.2
    },
    "p90_pause_time": 161093.2,
    "throughput": 97902724815
}