{
    "garbage_collector": "G1",
    "jdk": "HotSpot_21.0.4",
    "benchmark_group": "Renaissance",
    "benchmark_name": "page-rank",
    "heap_size": "2048",
    "error": null,
    "avg_cpu_usage": 47.5,
    "avg_cpu_time": 49.2,
    "avg_io_time": 0.2,
    "p90_io": 0.0,
    "number_of_pauses": 192,
    "total_pause_time": 10295260463,
    "avg_pause_time": 53621148.24,
    "pauses_per_category": {
        "ICBufferFull": 8,
        "CollectForMetadataAllocation": 12,
        "G1PauseRemark": 25,
        "G1PauseCleanup": 25,
        "G1CollectForAllocation": 99,
        "Cleanup": 4,
        "G1TryInitiateConcMark": 19
    },
    "total_pause_time_per_category": {
        "ICBufferFull": 602210,
        "CollectForMetadataAllocation": 49523859,
        "G1PauseRemark": 88001107,
        "G1PauseCleanup": 11884586,
        "G1CollectForAllocation": 9291396883,
        "Cleanup": 453891,
        "G1TryInitiateConcMark": 853397927
    },
    "avg_pause_time_per_category": {
        "ICBufferFull": 75276.25,
        "CollectForMetadataAllocation": 4126988.25,
        "G1PauseRemark": 3520044.28,
        "G1PauseCleanup": 475383.44,
        "G1CollectForAllocation": 93852493.77,
        "Cleanup": 113472.75,
        "G1TryInitiateConcMark": 44915680.37
    },
    "p90_pause_time": 153952007.9,
    "throughput": 62058257632
}