{
    "garbage_collector": "Z",
    "jdk": "HotSpot_21.0.4",
    "benchmark_group": "Renaissance",
    "benchmark_name": "reactors",
    "heap_size": "2048",
    "error": null,
    "avg_cpu_usage": 39.8,
    "avg_cpu_time": 38.7,
    "avg_io_time": 0.0,
    "p90_io": 0.0,
    "number_of_pauses": 537,
    "total_pause_time": 53596322,
    "avg_pause_time": 99806.93,
    "pauses_per_category": {
        "ICBufferFull": 9,
        "Cleanup": 8,
        "XMarkStart": 173,
        "XMarkEnd": 173,
        "CleanClassLoaderDataMetaspaces": 1,
        "XRelocateStart": 173
    },
    "total_pause_time_per_category": {
        "ICBufferFull": 800094,
        "Cleanup": 624403,
        "XMarkStart": 17219963,
        "XMarkEnd": 17277230,
        "CleanClassLoaderDataMetaspaces": 1005757,
        "XRelocateStart": 16668875
    },
    "avg_pause_time_per_category": {
        "ICBufferFull": 88899.33,
        "Cleanup": 78050.38,
        "XMarkStart": 99537.36,
        "XMarkEnd": 99868.38,
        "CleanClassLoaderDataMetaspaces": 1005757.0,
        "XRelocateStart": 96351.88
    },
    "p90_pause_time": 113494.0,
    "throughput": 79769155464
}