{
    "garbage_collector": "G1",
    "jdk": "HotSpot_21.0.4",
    "benchmark_group": "Renaissance",
    "benchmark_name": "log-regression",
    "heap_size": "2048",
    "error": null,
    "avg_cpu_usage": 48.5,
    "avg_cpu_time": 47.8,
    "avg_io_time": 0.0,
    "p90_io": 0.0,
    "number_of_pauses": 118,
    "total_pause_time": 491020984,
    "avg_pause_time": 4161194.78,
    "pauses_per_category": {
        "ICBufferFull": 33,
        "Cleanup": 2,
        "CollectForMetadataAllocation": 13,
        "G1PauseRemark": 8,
        "G1PauseCleanup": 8,
        "G1CollectForAllocation": 18,
        "G1TryInitiateConcMark": 36
    },
    "total_pause_time_per_category": {
        "ICBufferFull": 3716389,
        "Cleanup": 361497,
        "CollectForMetadataAllocation": 64591116,
        "G1PauseRemark": 41648826,
        "G1PauseCleanup": 3780792,
        "G1CollectForAllocation": 130549790,
        "G1TryInitiateConcMark": 246372574
    },
    "avg_pause_time_per_category": {
        "ICBufferFull": 112617.85,
        "Cleanup": 180748.5,
        "CollectForMetadataAllocation": 4968547.38,
        "G1PauseRemark": 5206103.25,
        "G1PauseCleanup": 472599.0,
        "G1CollectForAllocation": 7252766.11,
        "G1TryInitiateConcMark": 6843682.61
    },
    "p90_pause_time": 11426849.1,
    "throughput": 19931216928
}