{
    "garbage_collector": "Parallel",
    "jdk": "HotSpot_21.0.4",
    "benchmark_group": "Renaissance",
    "benchmark_name": "chi-square",
    "heap_size": "2048",
    "error": null,
    "avg_cpu_usage": 31.1,
    "avg_cpu_time": 28.8,
    "avg_io_time": 0.0,
    "p90_io": 0.0,
    "number_of_pauses": 50,
    "total_pause_time": 417070753,
    "avg_pause_time": 8341415.06,
    "pauses_per_category": {
        "ICBufferFull": 4,
        "CollectForMetadataAllocation": 4,
        "ParallelGCFailedAllocation": 42
    },
    "total_pause_time_per_category": {
        "ICBufferFull": 381060,
        "CollectForMetadataAllocation": 85551148,
        "ParallelGCFailedAllocation": 331138545
    },
    "avg_pause_time_per_category": {
        "ICBufferFull": 95265.0,
        "CollectForMetadataAllocation": 21387787.0,
        "ParallelGCFailedAllocation": 7884251.07
    },
    "p90_pause_time": 34584514.3,
    "throughput": 10974791819
}