{
    "garbage_collector": "G1",
    "jdk": "HotSpot_21.0.4",
    "benchmark_group": "Renaissance",
    "benchmark_name": "fj-kmeans",
    "heap_size": "2048",
    "error": null,
    "avg_cpu_usage": 84.7,
    "avg_cpu_time": 84.3,
    "avg_io_time": 0.0,
    "p90_io": 0.0,
    "number_of_pauses": 93,
    "total_pause_time": 711497290,
    "avg_pause_time": 7650508.49,
    "pauses_per_category": {
        "ICBufferFull": 1,
        "G1CollectForAllocation": 84,
        "G1TryInitiateConcMark": 4,
        "G1PauseRemark": 2,
        "G1PauseCleanup": 2
    },
    "total_pause_time_per_category": {
        "ICBufferFull": 58633,
        "G1CollectForAllocation": 696116790,
        "G1TryInitiateConcMark": 11207600,
        "G1PauseRemark": 3473746,
        "G1PauseCleanup": 640521
    },
    "avg_pause_time_per_category": {
        "ICBufferFull": 58633.0,
        "G1CollectForAllocation": 8287104.64,
        "G1TryInitiateConcMark": 2801900.0,
        "G1PauseRemark": 1736873.0,
        "G1PauseCleanup": 320260.5
    },
    "p90_pause_time": 12167649.6,
    "throughput": 29331964913
}