{
    "garbage_collector": "Serial",
    "jdk": "HotSpot_21.0.4",
    "benchmark_group": "Renaissance",
    "benchmark_name": "finagle-http",
    "heap_size": "8192",
    "error": null,
    "avg_cpu_usage": 81.0,
    "avg_cpu_time": 63.4,
    "avg_io_time": 0.0,
    "p90_io": 0.0,
    "number_of_pauses": 110,
    "total_pause_time": 270770305,
    "avg_pause_time": 2461548.23,
    "pauses_per_category": {
        "ICBufferFull": 76,
        "CollectForMetadataAllocation": 2,
        "GenCollectForAllocation": 16,
        "Cleanup": 16
    },
    "total_pause_time_per_category": {
        "ICBufferFull": 10814304,
        "CollectForMetadataAllocation": 40775655,
        "GenCollectForAllocation": 215483023,
        "Cleanup": 3697323
    },
    "avg_pause_time_per_category": {
        "ICBufferFull": 142293.47,
        "CollectForMetadataAllocation": 20387827.5,
        "GenCollectForAllocation": 13467688.94,
        "Cleanup": 231082.69
    },
    "p90_pause_time": 11938041.5,
    "throughput": 38416145365
}