{
    "garbage_collector": "Parallel",
    "jdk": "HotSpot_21.0.4",
    "benchmark_group": "Renaissance",
    "benchmark_name": "par-mnemonics",
    "heap_size": "1024",
    "error": null,
    "avg_cpu_usage": 20.0,
    "avg_cpu_time": 19.0,
    "avg_io_time": 0.0,
    "p90_io": 0.0,
    "number_of_pauses": 245,
    "total_pause_time": 1200034336,
    "avg_pause_time": 4898099.33,
    "pauses_per_category": {
        "ICBufferFull": 3,
        "ParallelGCFailedAllocation": 242
    },
    "total_pause_time_per_category": {
        "ICBufferFull": 185097,
        "ParallelGCFailedAllocation": 1199849239
    },
    "avg_pause_time_per_category": {
        "ICBufferFull": 61699.0,
        "ParallelGCFailedAllocation": 4958054.71
    },
    "p90_pause_time": 11222981.4,
    "throughput": 22826480015
}