{
    "garbage_collector": "Parallel",
    "jdk": "HotSpot_21.0.4",
    "benchmark_group": "Renaissance",
    "benchmark_name": "dec-tree",
    "heap_size": "512",
    "error": null,
    "avg_cpu_usage": 41.1,
    "avg_cpu_time": 41.1,
    "avg_io_time": 0.0,
    "p90_io": 0.0,
    "number_of_pauses": 150,
    "total_pause_time": 519253350,
    "avg_pause_time": 3461689.0,
    "pauses_per_category": {
        "ICBufferFull": 31,
        "Cleanup": 1,
        "CollectForMetadataAllocation": 4,
        "ParallelGCFailedAllocation": 113,
        "ParallelGCSystemGC": 1
    },
    "total_pause_time_per_category": {
        "ICBufferFull": 2573049,
        "Cleanup": 277397,
        "CollectForMetadataAllocation": 124917568,
        "ParallelGCFailedAllocation": 312517133,
        "ParallelGCSystemGC": 78968203
    },
    "avg_pause_time_per_category": {
        "ICBufferFull": 83001.58,
        "Cleanup": 277397.0,
        "CollectForMetadataAllocation": 31229392.0,
        "ParallelGCFailedAllocation": 2765638.35,
        "ParallelGCSystemGC": 78968203.0
    },
    "p90_pause_time": 6003324.2,
    "throughput": 16148334786
}