{
    "garbage_collector": "Parallel",
    "jdk": "HotSpot_21.0.4",
    "benchmark_group": "Renaissance",
    "benchmark_name": "future-genetic",
    "heap_size": "1024",
    "error": null,
    "avg_cpu_usage": 31.8,
    "avg_cpu_time": 29.7,
    "avg_io_time": 0.0,
    "p90_io": 0.0,
    "number_of_pauses": 52,
    "total_pause_time": 59639127,
    "avg_pause_time": 1146906.29,
    "pauses_per_category": {
        "ICBufferFull": 4,
        "ParallelGCFailedAllocation": 48
    },
    "total_pause_time_per_category": {
        "ICBufferFull": 345305,
        "ParallelGCFailedAllocation": 59293822
    },
    "avg_pause_time_per_category": {
        "ICBufferFull": 86326.25,
        "ParallelGCFailedAllocation": 1235287.96
    },
    "p90_pause_time": 1782708.9,
    "throughput": 19485507714
}