{
    "garbage_collector": "Serial",
    "jdk": "HotSpot_21.0.4",
    "benchmark_group": "Renaissance",
    "benchmark_name": "rx-scrabble",
    "heap_size": "4096",
    "error": null,
    "avg_cpu_usage": 36.2,
    "avg_cpu_time": 31.9,
    "avg_io_time": 0.0,
    "p90_io": 0.0,
    "number_of_pauses": 7,
    "total_pause_time": 84863983,
    "avg_pause_time": 12123426.14,
    "pauses_per_category": {
        "ICBufferFull": 6,
        "GenCollectForAllocation": 1
    },
    "total_pause_time_per_category": {
        "ICBufferFull": 694161,
        "GenCollectForAllocation": 84169822
    },
    "avg_pause_time_per_category": {
        "ICBufferFull": 115693.5,
        "GenCollectForAllocation": 84169822.0
    },
    "p90_pause_time": 33782703.4,
    "throughput": 2446604605
}