{
    "garbage_collector": "Parallel",
    "jdk": "HotSpot_21.0.4",
    "benchmark_group": "Renaissance",
    "benchmark_name": "future-genetic",
    "heap_size": "8192",
    "error": null,
    "avg_cpu_usage": 31.7,
    "avg_cpu_time": 29.4,
    "avg_io_time": 0.0,
    "p90_io": 0.0,
    "number_of_pauses": 20,
    "total_pause_time": 24275597,
    "avg_pause_time": 1213779.85,
    "pauses_per_category": {
        "ICBufferFull": 4,
        "Cleanup": 9,
        "ParallelGCFailedAllocation": 7
    },
    "total_pause_time_per_category": {
        "ICBufferFull": 429543,
        "Cleanup": 733692,
        "ParallelGCFailedAllocation": 23112362
    },
    "avg_pause_time_per_category": {
        "ICBufferFull": 107385.75,
        "Cleanup": 81521.33,
        "ParallelGCFailedAllocation": 3301766.0
    },
    "p90_pause_time": 4797824.5,
    "throughput": 19788875837
}