{
    "garbage_collector": "Parallel",
    "jdk": "HotSpot_21.0.4",
    "benchmark_group": "Renaissance",
    "benchmark_name": "future-genetic",
    "heap_size": "4096",
    "error": null,
    "avg_cpu_usage": 31.5,
    "avg_cpu_time": 29.2,
    "avg_io_time": 0.1,
    "p90_io": 0.0,
    "number_of_pauses": 23,
    "total_pause_time": 28558680,
    "avg_pause_time": 1241681.74,
    "pauses_per_category": {
        "ICBufferFull": 3,
        "ParallelGCFailedAllocation": 13,
        "Cleanup": 7
    },
    "total_pause_time_per_category": {
        "ICBufferFull": 421019,
        "ParallelGCFailedAllocation": 27538641,
        "Cleanup": 599020
    },
    "avg_pause_time_per_category": {
        "ICBufferFull": 140339.67,
        "ParallelGCFailedAllocation": 2118357.0,
        "Cleanup": 85574.29
    },
    "p90_pause_time": 4139972.8,
    "throughput": 20102135225
}