{
    "garbage_collector": "Parallel",
    "jdk": "HotSpot_21.0.4",
    "benchmark_group": "Renaissance",
    "benchmark_name": "gauss-mix",
    "heap_size": "1024",
    "error": null,
    "avg_cpu_usage": 29.6,
    "avg_cpu_time": 30.0,
    "avg_io_time": 0.1,
    "p90_io": 0.0,
    "number_of_pauses": 54,
    "total_pause_time": 149129484,
    "avg_pause_time": 2761657.11,
    "pauses_per_category": {
        "ICBufferFull": 7,
        "Cleanup": 1,
        "CollectForMetadataAllocation": 3,
        "ParallelGCFailedAllocation": 37,
        "ParallelGCSystemGC": 6
    },
    "total_pause_time_per_category": {
        "ICBufferFull": 584413,
        "Cleanup": 85943,
        "CollectForMetadataAllocation": 82043365,
        "ParallelGCFailedAllocation": 54346895,
        "ParallelGCSystemGC": 12068868
    },
    "avg_pause_time_per_category": {
        "ICBufferFull": 83487.57,
        "Cleanup": 85943.0,
        "CollectForMetadataAllocation": 27347788.33,
        "ParallelGCFailedAllocation": 1468835.0,
        "ParallelGCSystemGC": 2011478.0
    },
    "p90_pause_time": 4742899.5,
    "throughput": 12481147058
}