{
    "garbage_collector": "G1",
    "jdk": "HotSpot_21.0.4",
    "benchmark_group": "Renaissance",
    "benchmark_name": "mnemonics",
    "heap_size": "2048",
    "error": null,
    "avg_cpu_usage": 17.0,
    "avg_cpu_time": 16.6,
    "avg_io_time": 0.0,
    "p90_io": 0.0,
    "number_of_pauses": 64,
    "total_pause_time": 1335215902,
    "avg_pause_time": 20862748.47,
    "pauses_per_category": {
        "ICBufferFull": 1,
        "G1CollectForAllocation": 60,
        "G1TryInitiateConcMark": 1,
        "G1PauseRemark": 1,
        "G1PauseCleanup": 1
    },
    "total_pause_time_per_category": {
        "ICBufferFull": 71134,
        "G1CollectForAllocation": 1329467406,
        "G1TryInitiateConcMark": 3881590,
        "G1PauseRemark": 1534725,
        "G1PauseCleanup": 261047
    },
    "avg_pause_time_per_category": {
        "ICBufferFull": 71134.0,
        "G1CollectForAllocation": 22157790.1,
        "G1TryInitiateConcMark": 3881590.0,
        "G1PauseRemark": 1534725.0,
        "G1PauseCleanup": 261047.0
    },
    "p90_pause_time": 31772013.0,
    "throughput": 26190361308
}