{
    "garbage_collector": "Z",
    "jdk": "HotSpot_21.0.4",
    "benchmark_group": "Renaissance",
    "benchmark_name": "gauss-mix",
    "heap_size": "4096",
    "error": null,
    "avg_cpu_usage": 27.5,
    "avg_cpu_time": 26.7,
    "avg_io_time": 0.1,
    "p90_io": 0.0,
    "number_of_pauses": 54,
    "total_pause_time": 6589681,
    "avg_pause_time": 122031.13,
    "pauses_per_category": {
        "ICBufferFull": 13,
        "Cleanup": 7,
        "XMarkStart": 10,
        "XMarkEnd": 9,
        "CleanClassLoaderDataMetaspaces": 5,
        "XRelocateStart": 10
    },
    "total_pause_time_per_category": {
        "ICBufferFull": 1215485,
        "Cleanup": 644511,
        "XMarkStart": 949083,
        "XMarkEnd": 723678,
        "CleanClassLoaderDataMetaspaces": 2145249,
        "XRelocateStart": 911675
    },
    "avg_pause_time_per_category": {
        "ICBufferFull": 93498.85,
        "Cleanup": 92073.0,
        "XMarkStart": 94908.3,
        "XMarkEnd": 80408.67,
        "CleanClassLoaderDataMetaspaces": 429049.8,
        "XRelocateStart": 91167.5
    },
    "p90_pause_time": 187485.9,
    "throughput": 15206169529
}