{
    "garbage_collector": "Parallel",
    "jdk": "HotSpot_21.0.4",
    "benchmark_group": "Renaissance",
    "benchmark_name": "naive-bayes",
    "heap_size": "1024",
    "error": null,
    "avg_cpu_usage": 62.7,
    "avg_cpu_time": 60.7,
    "avg_io_time": 0.1,
    "p90_io": 0.0,
    "number_of_pauses": 4651,
    "total_pause_time": 105557567303,
    "avg_pause_time": 22695671.32,
    "pauses_per_category": {
        "ICBufferFull": 31,
        "Cleanup": 1,
        "CollectForMetadataAllocation": 4,
        "ParallelGCFailedAllocation": 4614,
        "ParallelGCSystemGC": 1
    },
    "total_pause_time_per_category": {
        "ICBufferFull": 3445577,
        "Cleanup": 2092928,
        "CollectForMetadataAllocation": 128807980,
        "ParallelGCFailedAllocation": 105417811940,
        "ParallelGCSystemGC": 5408878
    },
    "avg_pause_time_per_category": {
        "ICBufferFull": 111147.65,
        "Cleanup": 2092928.0,
        "CollectForMetadataAllocation": 32201995.0,
        "ParallelGCFailedAllocation": 22847380.13,
        "ParallelGCSystemGC": 5408878.0
    },
    "p90_pause_time": 51321850.0,
    "throughput": 163175061417
}