{
    "garbage_collector": "Parallel",
    "jdk": "HotSpot_21.0.4",
    "benchmark_group": "Renaissance",
    "benchmark_name": "mnemonics",
    "heap_size": "8192",
    "error": null,
    "avg_cpu_usage": 14.1,
    "avg_cpu_time": 13.8,
    "avg_io_time": 0.0,
    "p90_io": 0.0,
    "number_of_pauses": 30,
    "total_pause_time": 337664983,
    "avg_pause_time": 11255499.43,
    "pauses_per_category": {
        "ICBufferFull": 2,
        "ParallelGCFailedAllocation": 25,
        "Cleanup": 3
    },
    "total_pause_time_per_category": {
        "ICBufferFull": 132472,
        "ParallelGCFailedAllocation": 337299679,
        "Cleanup": 232832
    },
    "avg_pause_time_per_category": {
        "ICBufferFull": 66236.0,
        "ParallelGCFailedAllocation": 13491987.16,
        "Cleanup": 77610.67
    },
    "p90_pause_time": 27293854.8,
    "throughput": 24339902715
}