{
    "garbage_collector": "Z",
    "jdk": "HotSpot_21.0.4",
    "benchmark_group": "Renaissance",
    "benchmark_name": "page-rank",
    "heap_size": "1024",
    "error": null,
    "avg_cpu_usage": 48.1,
    "avg_cpu_time": 47.6,
    "avg_io_time": 0.0,
    "p90_io": 0.0,
    "number_of_pauses": 1025,
    "total_pause_time": 85722844,
    "avg_pause_time": 83632.04,
    "pauses_per_category": {
        "ICBufferFull": 6,
        "XMarkStart": 337,
        "XMarkEnd": 334,
        "CleanClassLoaderDataMetaspaces": 12,
        "XRelocateStart": 336
    },
    "total_pause_time_per_category": {
        "ICBufferFull": 439982,
        "XMarkStart": 30682980,
        "XMarkEnd": 21661523,
        "CleanClassLoaderDataMetaspaces": 3642106,
        "XRelocateStart": 29296253
    },
    "avg_pause_time_per_category": {
        "ICBufferFull": 73330.33,
        "XMarkStart": 91047.42,
        "XMarkEnd": 64854.86,
        "CleanClassLoaderDataMetaspaces": 303508.83,
        "XRelocateStart": 87191.23
    },
    "p90_pause_time": 117036.6,
    "throughput": 119464527687
}