{
    "garbage_collector": "Parallel",
    "jdk": "HotSpot_21.0.4",
    "benchmark_group": "Renaissance",
    "benchmark_name": "reactors",
    "heap_size": "8192",
    "error": null,
    "avg_cpu_usage": 37.3,
    "avg_cpu_time": 34.2,
    "avg_io_time": 0.0,
    "p90_io": 0.0,
    "number_of_pauses": 53,
    "total_pause_time": 1336155611,
    "avg_pause_time": 25210483.23,
    "pauses_per_category": {
        "ICBufferFull": 9,
        "Cleanup": 15,
        "ParallelGCFailedAllocation": 29
    },
    "total_pause_time_per_category": {
        "ICBufferFull": 698824,
        "Cleanup": 1329849,
        "ParallelGCFailedAllocation": 1334126938
    },
    "avg_pause_time_per_category": {
        "ICBufferFull": 77647.11,
        "Cleanup": 88656.6,
        "ParallelGCFailedAllocation": 46004377.17
    },
    "p90_pause_time": 88079923.8,
    "throughput": 65685433729
}