{
    "garbage_collector": "Serial",
    "jdk": "HotSpot_21.0.4",
    "benchmark_group": "Renaissance",
    "benchmark_name": "future-genetic",
    "heap_size": "2048",
    "error": null,
    "avg_cpu_usage": 31.8,
    "avg_cpu_time": 29.7,
    "avg_io_time": 0.0,
    "p90_io": 0.0,
    "number_of_pauses": 31,
    "total_pause_time": 124142591,
    "avg_pause_time": 4004599.71,
    "pauses_per_category": {
        "ICBufferFull": 3,
        "GenCollectForAllocation": 28
    },
    "total_pause_time_per_category": {
        "ICBufferFull": 353526,
        "GenCollectForAllocation": 123789065
    },
    "avg_pause_time_per_category": {
        "ICBufferFull": 117842.0,
        "GenCollectForAllocation": 4421038.04
    },
    "p90_pause_time": 7731228.0,
    "throughput": 19487369499
}