{
    "garbage_collector": "Parallel",
    "jdk": "HotSpot_21.0.4",
    "benchmark_group": "Renaissance",
    "benchmark_name": "future-genetic",
    "heap_size": "256",
    "error": null,
    "avg_cpu_usage": 32.3,
    "avg_cpu_time": 30.0,
    "avg_io_time": 0.0,
    "p90_io": 0.0,
    "number_of_pauses": 196,
    "total_pause_time": 128189060,
    "avg_pause_time": 654025.82,
    "pauses_per_category": {
        "ICBufferFull": 2,
        "ParallelGCFailedAllocation": 194
    },
    "total_pause_time_per_category": {
        "ICBufferFull": 259835,
        "ParallelGCFailedAllocation": 127929225
    },
    "avg_pause_time_per_category": {
        "ICBufferFull": 129917.5,
        "ParallelGCFailedAllocation": 659428.99
    },
    "p90_pause_time": 863633.0,
    "throughput": 19789512159
}