{
    "garbage_collector": "Z",
    "jdk": "HotSpot_21.0.4",
    "benchmark_group": "Renaissance",
    "benchmark_name": "finagle-http",
    "heap_size": "256",
    "error": null,
    "avg_cpu_usage": 81.1,
    "avg_cpu_time": 66.0,
    "avg_io_time": 0.0,
    "p90_io": 0.0,
    "number_of_pauses": 1207,
    "total_pause_time": 186167961,
    "avg_pause_time": 154240.23,
    "pauses_per_category": {
        "ICBufferFull": 25,
        "XMarkStart": 394,
        "XMarkEnd": 392,
        "CleanClassLoaderDataMetaspaces": 4,
        "XRelocateStart": 392
    },
    "total_pause_time_per_category": {
        "ICBufferFull": 5951841,
        "XMarkStart": 66068699,
        "XMarkEnd": 46574561,
        "CleanClassLoaderDataMetaspaces": 1935226,
        "XRelocateStart": 65637634
    },
    "avg_pause_time_per_category": {
        "ICBufferFull": 238073.64,
        "XMarkStart": 167687.05,
        "XMarkEnd": 118812.66,
        "CleanClassLoaderDataMetaspaces": 483806.5,
        "XRelocateStart": 167442.94
    },
    "p90_pause_time": 266503.8,
    "throughput": 44554903982
}