{
    "garbage_collector": "G1",
    "jdk": "HotSpot_21.0.4",
    "benchmark_group": "Renaissance",
    "benchmark_name": "future-genetic",
    "heap_size": "4096",
    "error": null,
    "avg_cpu_usage": 31.2,
    "avg_cpu_time": 29.6,
    "avg_io_time": 0.0,
    "p90_io": 0.0,
    "number_of_pauses": 23,
    "total_pause_time": 31868960,
    "avg_pause_time": 1385606.96,
    "pauses_per_category": {
        "ICBufferFull": 5,
        "G1CollectForAllocation": 8,
        "Cleanup": 10
    },
    "total_pause_time_per_category": {
        "ICBufferFull": 484125,
        "G1CollectForAllocation": 30500950,
        "Cleanup": 883885
    },
    "avg_pause_time_per_category": {
        "ICBufferFull": 96825.0,
        "G1CollectForAllocation": 3812618.75,
        "Cleanup": 88388.5
    },
    "p90_pause_time": 4169981.4,
    "throughput": 21613919329
}