{
    "garbage_collector": "Z",
    "jdk": "HotSpot_21.0.4",
    "benchmark_group": "Renaissance",
    "benchmark_name": "par-mnemonics",
    "heap_size": "256",
    "error": null,
    "avg_cpu_usage": 21.6,
    "avg_cpu_time": 21.8,
    "avg_io_time": 0.0,
    "p90_io": 0.0,
    "number_of_pauses": 1878,
    "total_pause_time": 139510670,
    "avg_pause_time": 74286.83,
    "pauses_per_category": {
        "XMarkStart": 625,
        "XMarkEnd": 625,
        "CleanClassLoaderDataMetaspaces": 3,
        "XRelocateStart": 625
    },
    "total_pause_time_per_category": {
        "XMarkStart": 41214709,
        "XMarkEnd": 39851016,
        "CleanClassLoaderDataMetaspaces": 748824,
        "XRelocateStart": 57696121
    },
    "avg_pause_time_per_category": {
        "XMarkStart": 65943.53,
        "XMarkEnd": 63761.63,
        "CleanClassLoaderDataMetaspaces": 249608.0,
        "XRelocateStart": 92313.79
    },
    "p90_pause_time": 103601.2,
    "throughput": 31629617060
}