{
    "garbage_collector": "G1",
    "jdk": "HotSpot_21.0.4",
    "benchmark_group": "Renaissance",
    "benchmark_name": "naive-bayes",
    "heap_size": "4096",
    "error": null,
    "avg_cpu_usage": 72.3,
    "avg_cpu_time": 72.6,
    "avg_io_time": 0.0,
    "p90_io": 0.0,
    "number_of_pauses": 189,
    "total_pause_time": 562836214,
    "avg_pause_time": 2977969.39,
    "pauses_per_category": {
        "ICBufferFull": 26,
        "Cleanup": 1,
        "CollectForMetadataAllocation": 10,
        "G1PauseRemark": 29,
        "G1PauseCleanup": 29,
        "G1CollectForAllocation": 69,
        "G1TryInitiateConcMark": 25
    },
    "total_pause_time_per_category": {
        "ICBufferFull": 2820822,
        "Cleanup": 275499,
        "CollectForMetadataAllocation": 62767120,
        "G1PauseRemark": 98348769,
        "G1PauseCleanup": 12878002,
        "G1CollectForAllocation": 300965988,
        "G1TryInitiateConcMark": 84780014
    },
    "avg_pause_time_per_category": {
        "ICBufferFull": 108493.15,
        "Cleanup": 275499.0,
        "CollectForMetadataAllocation": 6276712.0,
        "G1PauseRemark": 3391336.86,
        "G1PauseCleanup": 444069.03,
        "G1CollectForAllocation": 4361825.91,
        "G1TryInitiateConcMark": 3391200.56
    },
    "p90_pause_time": 7226763.0,
    "throughput": 26765459321
}