{
    "garbage_collector": "Serial",
    "jdk": "HotSpot_21.0.4",
    "benchmark_group": "Renaissance",
    "benchmark_name": "finagle-http",
    "heap_size": "1024",
    "error": null,
    "avg_cpu_usage": 78.7,
    "avg_cpu_time": 61.9,
    "avg_io_time": 0.0,
    "p90_io": 0.0,
    "number_of_pauses": 181,
    "total_pause_time": 695505162,
    "avg_pause_time": 3842569.96,
    "pauses_per_category": {
        "ICBufferFull": 46,
        "CollectForMetadataAllocation": 2,
        "GenCollectForAllocation": 133
    },
    "total_pause_time_per_category": {
        "ICBufferFull": 8685079,
        "CollectForMetadataAllocation": 43161302,
        "GenCollectForAllocation": 643658781
    },
    "avg_pause_time_per_category": {
        "ICBufferFull": 188806.07,
        "CollectForMetadataAllocation": 21580651.0,
        "GenCollectForAllocation": 4839539.71
    },
    "p90_pause_time": 5293252.0,
    "throughput": 38686314512
}