{
    "garbage_collector": "G1",
    "jdk": "HotSpot_21.0.4",
    "benchmark_group": "Renaissance",
    "benchmark_name": "philosophers",
    "heap_size": "1024",
    "error": null,
    "avg_cpu_usage": 88.1,
    "avg_cpu_time": 89.0,
    "avg_io_time": 0.0,
    "p90_io": 0.0,
    "number_of_pauses": 62,
    "total_pause_time": 107566069,
    "avg_pause_time": 1734936.6,
    "pauses_per_category": {
        "ICBufferFull": 1,
        "G1CollectForAllocation": 61
    },
    "total_pause_time_per_category": {
        "ICBufferFull": 54147,
        "G1CollectForAllocation": 107511922
    },
    "avg_pause_time_per_category": {
        "ICBufferFull": 54147.0,
        "G1CollectForAllocation": 1762490.52
    },
    "p90_pause_time": 2015720.6,
    "throughput": 18159404765
}