{
    "garbage_collector": "Z",
    "jdk": "HotSpot_21.0.4",
    "benchmark_group": "Renaissance",
    "benchmark_name": "mnemonics",
    "heap_size": "4096",
    "error": null,
    "avg_cpu_usage": 13.3,
    "avg_cpu_time": 12.4,
    "avg_io_time": 0.0,
    "p90_io": 0.0,
    "number_of_pauses": 92,
    "total_pause_time": 9179971,
    "avg_pause_time": 99782.29,
    "pauses_per_category": {
        "ICBufferFull": 1,
        "XMarkStart": 28,
        "XMarkEnd": 28,
        "CleanClassLoaderDataMetaspaces": 2,
        "XRelocateStart": 28,
        "Cleanup": 5
    },
    "total_pause_time_per_category": {
        "ICBufferFull": 58004,
        "XMarkStart": 2731469,
        "XMarkEnd": 2793832,
        "CleanClassLoaderDataMetaspaces": 580069,
        "XRelocateStart": 2588171,
        "Cleanup": 428426
    },
    "avg_pause_time_per_category": {
        "ICBufferFull": 58004.0,
        "XMarkStart": 97552.46,
        "XMarkEnd": 99779.71,
        "CleanClassLoaderDataMetaspaces": 290034.5,
        "XRelocateStart": 92434.68,
        "Cleanup": 85685.2
    },
    "p90_pause_time": 102186.7,
    "throughput": 28882621735
}