{
    "garbage_collector": "Serial",
    "jdk": "HotSpot_21.0.4",
    "benchmark_group": "Renaissance",
    "benchmark_name": "page-rank",
    "heap_size": "1024",
    "error": null,
    "avg_cpu_usage": 28.8,
    "avg_cpu_time": 27.4,
    "avg_io_time": 0.1,
    "p90_io": 0.0,
    "number_of_pauses": 319,
    "total_pause_time": 25054902895,
    "avg_pause_time": 78542015.34,
    "pauses_per_category": {
        "ICBufferFull": 7,
        "CollectForMetadataAllocation": 3,
        "GenCollectForAllocation": 309
    },
    "total_pause_time_per_category": {
        "ICBufferFull": 653942,
        "CollectForMetadataAllocation": 185101043,
        "GenCollectForAllocation": 24869147910
    },
    "avg_pause_time_per_category": {
        "ICBufferFull": 93420.29,
        "CollectForMetadataAllocation": 61700347.67,
        "GenCollectForAllocation": 80482679.32
    },
    "p90_pause_time": 117445824.6,
    "throughput": 84870999615
}