{
    "garbage_collector": "Serial",
    "jdk": "HotSpot_21.0.4",
    "benchmark_group": "Renaissance",
    "benchmark_name": "finagle-chirper",
    "heap_size": "256",
    "error": null,
    "avg_cpu_usage": 74.0,
    "avg_cpu_time": 67.3,
    "avg_io_time": 0.0,
    "p90_io": 0.0,
    "number_of_pauses": 536,
    "total_pause_time": 3380089423,
    "avg_pause_time": 6306136.98,
    "pauses_per_category": {
        "ICBufferFull": 46,
        "GenCollectForAllocation": 487,
        "CollectForMetadataAllocation": 2,
        "GenCollectFull": 1
    },
    "total_pause_time_per_category": {
        "ICBufferFull": 13406388,
        "GenCollectForAllocation": 3223412513,
        "CollectForMetadataAllocation": 44534420,
        "GenCollectFull": 98736102
    },
    "avg_pause_time_per_category": {
        "ICBufferFull": 291443.22,
        "GenCollectForAllocation": 6618916.86,
        "CollectForMetadataAllocation": 22267210.0,
        "GenCollectFull": 98736102.0
    },
    "p90_pause_time": 8897872.0,
    "throughput": 36513832021
}