{
    "garbage_collector": "Serial",
    "jdk": "HotSpot_21.0.4",
    "benchmark_group": "Renaissance",
    "benchmark_name": "gauss-mix",
    "heap_size": "4096",
    "error": null,
    "avg_cpu_usage": 30.0,
    "avg_cpu_time": 29.9,
    "avg_io_time": 0.0,
    "p90_io": 0.0,
    "number_of_pauses": 29,
    "total_pause_time": 195397206,
    "avg_pause_time": 6737834.69,
    "pauses_per_category": {
        "ICBufferFull": 12,
        "Cleanup": 2,
        "CollectForMetadataAllocation": 3,
        "GenCollectForAllocation": 12
    },
    "total_pause_time_per_category": {
        "ICBufferFull": 980504,
        "Cleanup": 219746,
        "CollectForMetadataAllocation": 94855146,
        "GenCollectForAllocation": 99341810
    },
    "avg_pause_time_per_category": {
        "ICBufferFull": 81708.67,
        "Cleanup": 109873.0,
        "CollectForMetadataAllocation": 31618382.0,
        "GenCollectForAllocation": 8278484.17
    },
    "p90_pause_time": 14129799.6,
    "throughput": 12480139665
}