{
    "garbage_collector": "Z",
    "jdk": "HotSpot_21.0.4",
    "benchmark_group": "Renaissance",
    "benchmark_name": "finagle-http",
    "heap_size": "512",
    "error": null,
    "avg_cpu_usage": 80.4,
    "avg_cpu_time": 64.5,
    "avg_io_time": 0.0,
    "p90_io": 0.0,
    "number_of_pauses": 629,
    "total_pause_time": 94672605,
    "avg_pause_time": 150512.89,
    "pauses_per_category": {
        "ICBufferFull": 34,
        "XMarkStart": 197,
        "XMarkEnd": 197,
        "CleanClassLoaderDataMetaspaces": 4,
        "XRelocateStart": 197
    },
    "total_pause_time_per_category": {
        "ICBufferFull": 4620907,
        "XMarkStart": 30824480,
        "XMarkEnd": 27102967,
        "CleanClassLoaderDataMetaspaces": 1628182,
        "XRelocateStart": 30496069
    },
    "avg_pause_time_per_category": {
        "ICBufferFull": 135909.03,
        "XMarkStart": 156469.44,
        "XMarkEnd": 137578.51,
        "CleanClassLoaderDataMetaspaces": 407045.5,
        "XRelocateStart": 154802.38
    },
    "p90_pause_time": 175368.2,
    "throughput": 42668550757
}