{
    "garbage_collector": "G1",
    "jdk": "HotSpot_21.0.4",
    "benchmark_group": "Renaissance",
    "benchmark_name": "finagle-chirper",
    "heap_size": "512",
    "error": null,
    "avg_cpu_usage": 79.3,
    "avg_cpu_time": 72.0,
    "avg_io_time": 0.0,
    "p90_io": 0.0,
    "number_of_pauses": 194,
    "total_pause_time": 694234280,
    "avg_pause_time": 3578527.22,
    "pauses_per_category": {
        "ICBufferFull": 69,
        "G1CollectForAllocation": 114,
        "CollectForMetadataAllocation": 4,
        "G1PauseRemark": 3,
        "G1PauseCleanup": 3,
        "G1TryInitiateConcMark": 1
    },
    "total_pause_time_per_category": {
        "ICBufferFull": 9496612,
        "G1CollectForAllocation": 650893259,
        "CollectForMetadataAllocation": 16388249,
        "G1PauseRemark": 10727367,
        "G1PauseCleanup": 761981,
        "G1TryInitiateConcMark": 5966812
    },
    "avg_pause_time_per_category": {
        "ICBufferFull": 137632.06,
        "G1CollectForAllocation": 5709589.99,
        "CollectForMetadataAllocation": 4097062.25,
        "G1PauseRemark": 3575789.0,
        "G1PauseCleanup": 253993.67,
        "G1TryInitiateConcMark": 5966812.0
    },
    "p90_pause_time": 6494924.0,
    "throughput": 36824580816
}