{
    "garbage_collector": "Parallel",
    "jdk": "HotSpot_21.0.4",
    "benchmark_group": "Renaissance",
    "benchmark_name": "par-mnemonics",
    "heap_size": "256",
    "error": null,
    "avg_cpu_usage": 18.6,
    "avg_cpu_time": 19.1,
    "avg_io_time": 0.0,
    "p90_io": 0.0,
    "number_of_pauses": 1044,
    "total_pause_time": 1752836143,
    "avg_pause_time": 1678961.82,
    "pauses_per_category": {
        "ICBufferFull": 1,
        "ParallelGCFailedAllocation": 1043
    },
    "total_pause_time_per_category": {
        "ICBufferFull": 290409,
        "ParallelGCFailedAllocation": 1752545734
    },
    "avg_pause_time_per_category": {
        "ICBufferFull": 290409.0,
        "ParallelGCFailedAllocation": 1680293.13
    },
    "p90_pause_time": 2709748.3,
    "throughput": 23115082232
}