{
    "garbage_collector": "Serial",
    "jdk": "HotSpot_21.0.4",
    "benchmark_group": "Renaissance",
    "benchmark_name": "fj-kmeans",
    "heap_size": "8192",
    "error": null,
    "avg_cpu_usage": 80.5,
    "avg_cpu_time": 81.5,
    "avg_io_time": 0.0,
    "p90_io": 0.0,
    "number_of_pauses": 46,
    "total_pause_time": 948578218,
    "avg_pause_time": 20621265.61,
    "pauses_per_category": {
        "ICBufferFull": 1,
        "GenCollectForAllocation": 45
    },
    "total_pause_time_per_category": {
        "ICBufferFull": 142193,
        "GenCollectForAllocation": 948436025
    },
    "avg_pause_time_per_category": {
        "ICBufferFull": 142193.0,
        "GenCollectForAllocation": 21076356.11
    },
    "p90_pause_time": 57539353.0,
    "throughput": 28822599987
}