{
    "garbage_collector": "Parallel",
    "jdk": "HotSpot_21.0.4",
    "benchmark_group": "Renaissance",
    "benchmark_name": "finagle-chirper",
    "heap_size": "2048",
    "error": null,
    "avg_cpu_usage": 77.4,
    "avg_cpu_time": 69.9,
    "avg_io_time": 0.0,
    "p90_io": 0.0,
    "number_of_pauses": 129,
    "total_pause_time": 358340142,
    "avg_pause_time": 2777830.56,
    "pauses_per_category": {
        "ICBufferFull": 75,
        "CollectForMetadataAllocation": 2,
        "ParallelGCFailedAllocation": 51,
        "ParallelGCSystemGC": 1
    },
    "total_pause_time_per_category": {
        "ICBufferFull": 14678448,
        "CollectForMetadataAllocation": 43515363,
        "ParallelGCFailedAllocation": 234504090,
        "ParallelGCSystemGC": 65642241
    },
    "avg_pause_time_per_category": {
        "ICBufferFull": 195712.64,
        "CollectForMetadataAllocation": 21757681.5,
        "ParallelGCFailedAllocation": 4598119.41,
        "ParallelGCSystemGC": 65642241.0
    },
    "p90_pause_time": 7731710.6,
    "throughput": 33444155288
}