{
    "garbage_collector": "Serial",
    "jdk": "HotSpot_21.0.4",
    "benchmark_group": "Renaissance",
    "benchmark_name": "neo4j-analytics",
    "heap_size": "2048",
    "error": null,
    "avg_cpu_usage": 27.2,
    "avg_cpu_time": 28.5,
    "avg_io_time": 0.5,
    "p90_io": 1.2,
    "number_of_pauses": 117,
    "total_pause_time": 8143061797,
    "avg_pause_time": 69598818.78,
    "pauses_per_category": {
        "ICBufferFull": 47,
        "CollectForMetadataAllocation": 3,
        "GenCollectForAllocation": 64,
        "Cleanup": 2,
        "GenCollectFull": 1
    },
    "total_pause_time_per_category": {
        "ICBufferFull": 6078013,
        "CollectForMetadataAllocation": 135364602,
        "GenCollectForAllocation": 7818553316,
        "Cleanup": 235648,
        "GenCollectFull": 182830218
    },
    "avg_pause_time_per_category": {
        "ICBufferFull": 129319.43,
        "CollectForMetadataAllocation": 45121534.0,
        "GenCollectForAllocation": 122164895.56,
        "Cleanup": 117824.0,
        "GenCollectFull": 182830218.0
    },
    "p90_pause_time": 196972214.0,
    "throughput": 39956763745
}