{
    "garbage_collector": "Parallel",
    "jdk": "HotSpot_21.0.4",
    "benchmark_group": "Renaissance",
    "benchmark_name": "finagle-chirper",
    "heap_size": "4096",
    "error": null,
    "avg_cpu_usage": 77.6,
    "avg_cpu_time": 71.3,
    "avg_io_time": 0.0,
    "p90_io": 0.0,
    "number_of_pauses": 112,
    "total_pause_time": 321821961,
    "avg_pause_time": 2873410.37,
    "pauses_per_category": {
        "ICBufferFull": 65,
        "CollectForMetadataAllocation": 2,
        "ParallelGCFailedAllocation": 26,
        "Cleanup": 18,
        "ParallelGCSystemGC": 1
    },
    "total_pause_time_per_category": {
        "ICBufferFull": 27610938,
        "CollectForMetadataAllocation": 43395845,
        "ParallelGCFailedAllocation": 168797312,
        "Cleanup": 1369264,
        "ParallelGCSystemGC": 80648602
    },
    "avg_pause_time_per_category": {
        "ICBufferFull": 424783.66,
        "CollectForMetadataAllocation": 21697922.5,
        "ParallelGCFailedAllocation": 6492204.31,
        "Cleanup": 76070.22,
        "ParallelGCSystemGC": 80648602.0
    },
    "p90_pause_time": 7909366.9,
    "throughput": 34388650559
}