{
    "garbage_collector": "Parallel",
    "jdk": "HotSpot_21.0.4",
    "benchmark_group": "Renaissance",
    "benchmark_name": "als",
    "heap_size": "2048",
    "error": null,
    "avg_cpu_usage": 66.4,
    "avg_cpu_time": 65.5,
    "avg_io_time": 0.2,
    "p90_io": 0.0,
    "number_of_pauses": 145,
    "total_pause_time": 809148830,
    "avg_pause_time": 5580336.76,
    "pauses_per_category": {
        "ICBufferFull": 30,
        "CollectForMetadataAllocation": 4,
        "ParallelGCFailedAllocation": 79,
        "Cleanup": 23,
        "ParallelGCSystemGC": 9
    },
    "total_pause_time_per_category": {
        "ICBufferFull": 2832111,
        "CollectForMetadataAllocation": 124212593,
        "ParallelGCFailedAllocation": 561053088,
        "Cleanup": 10835589,
        "ParallelGCSystemGC": 110215449
    },
    "avg_pause_time_per_category": {
        "ICBufferFull": 94403.7,
        "CollectForMetadataAllocation": 31053148.25,
        "ParallelGCFailedAllocation": 7101937.82,
        "Cleanup": 471112.57,
        "ParallelGCSystemGC": 12246161.0
    },
    "p90_pause_time": 11670183.4,
    "throughput": 52968785133
}