{
    "garbage_collector": "G1",
    "jdk": "HotSpot_21.0.4",
    "benchmark_group": "Renaissance",
    "benchmark_name": "finagle-http",
    "heap_size": "256",
    "error": null,
    "avg_cpu_usage": 80.2,
    "avg_cpu_time": 64.8,
    "avg_io_time": 0.0,
    "p90_io": 0.0,
    "number_of_pauses": 299,
    "total_pause_time": 382586770,
    "avg_pause_time": 1279554.41,
    "pauses_per_category": {
        "ICBufferFull": 44,
        "G1CollectForAllocation": 244,
        "CollectForMetadataAllocation": 7,
        "G1PauseRemark": 2,
        "G1PauseCleanup": 2
    },
    "total_pause_time_per_category": {
        "ICBufferFull": 7334941,
        "G1CollectForAllocation": 353718626,
        "CollectForMetadataAllocation": 18081971,
        "G1PauseRemark": 3117613,
        "G1PauseCleanup": 333619
    },
    "avg_pause_time_per_category": {
        "ICBufferFull": 166703.2,
        "G1CollectForAllocation": 1449666.5,
        "CollectForMetadataAllocation": 2583138.71,
        "G1PauseRemark": 1558806.5,
        "G1PauseCleanup": 166809.5
    },
    "p90_pause_time": 1766995.4,
    "throughput": 41840645119
}