{
    "garbage_collector": "Parallel",
    "jdk": "HotSpot_21.0.4",
    "benchmark_group": "Renaissance",
    "benchmark_name": "philosophers",
    "heap_size": "8192",
    "error": null,
    "avg_cpu_usage": 88.6,
    "avg_cpu_time": 84.2,
    "avg_io_time": 0.0,
    "p90_io": 0.0,
    "number_of_pauses": 17,
    "total_pause_time": 48330004,
    "avg_pause_time": 2842941.41,
    "pauses_per_category": {
        "ICBufferFull": 2,
        "ParallelGCFailedAllocation": 14,
        "Cleanup": 1
    },
    "total_pause_time_per_category": {
        "ICBufferFull": 211326,
        "ParallelGCFailedAllocation": 48033267,
        "Cleanup": 85411
    },
    "avg_pause_time_per_category": {
        "ICBufferFull": 105663.0,
        "ParallelGCFailedAllocation": 3430947.64,
        "Cleanup": 85411.0
    },
    "p90_pause_time": 4936891.0,
    "throughput": 17223416962
}