{
    "garbage_collector": "Serial",
    "jdk": "HotSpot_21.0.4",
    "benchmark_group": "Renaissance",
    "benchmark_name": "fj-kmeans",
    "heap_size": "4096",
    "error": null,
    "avg_cpu_usage": 83.7,
    "avg_cpu_time": 83.9,
    "avg_io_time": 0.0,
    "p90_io": 0.0,
    "number_of_pauses": 91,
    "total_pause_time": 215929979,
    "avg_pause_time": 2372856.91,
    "pauses_per_category": {
        "ICBufferFull": 1,
        "GenCollectForAllocation": 90
    },
    "total_pause_time_per_category": {
        "ICBufferFull": 61981,
        "GenCollectForAllocation": 215867998
    },
    "avg_pause_time_per_category": {
        "ICBufferFull": 61981.0,
        "GenCollectForAllocation": 2398533.31
    },
    "p90_pause_time": 1132836.0,
    "throughput": 26585124912
}