{
    "garbage_collector": "Z",
    "jdk": "HotSpot_21.0.4",
    "benchmark_group": "Renaissance",
    "benchmark_name": "fj-kmeans",
    "heap_size": "512",
    "error": null,
    "avg_cpu_usage": 59.0,
    "avg_cpu_time": 58.0,
    "avg_io_time": 0.0,
    "p90_io": 0.0,
    "number_of_pauses": 2286,
    "total_pause_time": 243958796,
    "avg_pause_time": 106718.63,
    "pauses_per_category": {
        "ICBufferFull": 1,
        "XMarkStart": 762,
        "XMarkEnd": 760,
        "CleanClassLoaderDataMetaspaces": 3,
        "XRelocateStart": 760
    },
    "total_pause_time_per_category": {
        "ICBufferFull": 124877,
        "XMarkStart": 87006025,
        "XMarkEnd": 27152270,
        "CleanClassLoaderDataMetaspaces": 1501031,
        "XRelocateStart": 128174593
    },
    "avg_pause_time_per_category": {
        "ICBufferFull": 124877.0,
        "XMarkStart": 114181.14,
        "XMarkEnd": 35726.67,
        "CleanClassLoaderDataMetaspaces": 500343.67,
        "XRelocateStart": 168650.78
    },
    "p90_pause_time": 135461.5,
    "throughput": 93767484085
}