{
    "garbage_collector": "G1",
    "jdk": "HotSpot_21.0.4",
    "benchmark_group": "Renaissance",
    "benchmark_name": "chi-square",
    "heap_size": "1024",
    "error": null,
    "avg_cpu_usage": 31.5,
    "avg_cpu_time": 33.4,
    "avg_io_time": 0.0,
    "p90_io": 0.0,
    "number_of_pauses": 81,
    "total_pause_time": 450049523,
    "avg_pause_time": 5556166.95,
    "pauses_per_category": {
        "ICBufferFull": 4,
        "Cleanup": 1,
        "G1CollectForAllocation": 39,
        "CollectForMetadataAllocation": 7,
        "G1PauseRemark": 14,
        "G1PauseCleanup": 14,
        "G1TryInitiateConcMark": 2
    },
    "total_pause_time_per_category": {
        "ICBufferFull": 565043,
        "Cleanup": 88206,
        "G1CollectForAllocation": 341878525,
        "CollectForMetadataAllocation": 49444822,
        "G1PauseRemark": 30284128,
        "G1PauseCleanup": 3238697,
        "G1TryInitiateConcMark": 24550102
    },
    "avg_pause_time_per_category": {
        "ICBufferFull": 141260.75,
        "Cleanup": 88206.0,
        "G1CollectForAllocation": 8766116.03,
        "CollectForMetadataAllocation": 7063546.0,
        "G1PauseRemark": 2163152.0,
        "G1PauseCleanup": 231335.5,
        "G1TryInitiateConcMark": 12275051.0
    },
    "p90_pause_time": 15817904.0,
    "throughput": 11872006813
}