{
    "garbage_collector": "G1",
    "jdk": "HotSpot_21.0.4",
    "benchmark_group": "Renaissance",
    "benchmark_name": "future-genetic",
    "heap_size": "8192",
    "error": null,
    "avg_cpu_usage": 31.6,
    "avg_cpu_time": 29.5,
    "avg_io_time": 0.1,
    "p90_io": 0.0,
    "number_of_pauses": 17,
    "total_pause_time": 23340282,
    "avg_pause_time": 1372957.76,
    "pauses_per_category": {
        "ICBufferFull": 3,
        "G1CollectForAllocation": 5,
        "Cleanup": 9
    },
    "total_pause_time_per_category": {
        "ICBufferFull": 415484,
        "G1CollectForAllocation": 22149573,
        "Cleanup": 775225
    },
    "avg_pause_time_per_category": {
        "ICBufferFull": 138494.67,
        "G1CollectForAllocation": 4429914.6,
        "Cleanup": 86136.11
    },
    "p90_pause_time": 4490887.8,
    "throughput": 21618324616
}