{
    "garbage_collector": "G1",
    "jdk": "HotSpot_21.0.4",
    "benchmark_group": "Renaissance",
    "benchmark_name": "future-genetic",
    "heap_size": "2048",
    "error": null,
    "avg_cpu_usage": 32.6,
    "avg_cpu_time": 31.2,
    "avg_io_time": 0.0,
    "p90_io": 0.0,
    "number_of_pauses": 23,
    "total_pause_time": 48006718,
    "avg_pause_time": 2087248.61,
    "pauses_per_category": {
        "ICBufferFull": 2,
        "G1CollectForAllocation": 14,
        "Cleanup": 7
    },
    "total_pause_time_per_category": {
        "ICBufferFull": 183402,
        "G1CollectForAllocation": 47187788,
        "Cleanup": 635528
    },
    "avg_pause_time_per_category": {
        "ICBufferFull": 91701.0,
        "G1CollectForAllocation": 3370556.29,
        "Cleanup": 90789.71
    },
    "p90_pause_time": 3344988.8,
    "throughput": 20700747902
}