{
    "garbage_collector": "Parallel",
    "jdk": "HotSpot_21.0.4",
    "benchmark_group": "Renaissance",
    "benchmark_name": "reactors",
    "heap_size": "2048",
    "error": null,
    "avg_cpu_usage": 43.2,
    "avg_cpu_time": 41.0,
    "avg_io_time": 0.0,
    "p90_io": 0.0,
    "number_of_pauses": 211,
    "total_pause_time": 9227407375,
    "avg_pause_time": 43731788.51,
    "pauses_per_category": {
        "ICBufferFull": 9,
        "Cleanup": 10,
        "ParallelGCFailedAllocation": 192
    },
    "total_pause_time_per_category": {
        "ICBufferFull": 725653,
        "Cleanup": 759893,
        "ParallelGCFailedAllocation": 9225921829
    },
    "avg_pause_time_per_category": {
        "ICBufferFull": 80628.11,
        "Cleanup": 75989.3,
        "ParallelGCFailedAllocation": 48051676.19
    },
    "p90_pause_time": 91560157.0,
    "throughput": 74691504948
}