{
    "garbage_collector": "Z",
    "jdk": "HotSpot_21.0.4",
    "benchmark_group": "Renaissance",
    "benchmark_name": "dec-tree",
    "heap_size": "2048",
    "error": null,
    "avg_cpu_usage": 39.3,
    "avg_cpu_time": 37.4,
    "avg_io_time": 0.1,
    "p90_io": 0.0,
    "number_of_pauses": 102,
    "total_pause_time": 14353943,
    "avg_pause_time": 140724.93,
    "pauses_per_category": {
        "ICBufferFull": 36,
        "Cleanup": 1,
        "XMarkStart": 19,
        "XMarkEnd": 19,
        "CleanClassLoaderDataMetaspaces": 8,
        "XRelocateStart": 19
    },
    "total_pause_time_per_category": {
        "ICBufferFull": 3605425,
        "Cleanup": 19439,
        "XMarkStart": 2450761,
        "XMarkEnd": 1536091,
        "CleanClassLoaderDataMetaspaces": 4580276,
        "XRelocateStart": 2161951
    },
    "avg_pause_time_per_category": {
        "ICBufferFull": 100150.69,
        "Cleanup": 19439.0,
        "XMarkStart": 128987.42,
        "XMarkEnd": 80846.89,
        "CleanClassLoaderDataMetaspaces": 572534.5,
        "XRelocateStart": 113786.89
    },
    "p90_pause_time": 227986.5,
    "throughput": 17654429661
}