{
    "garbage_collector": "Parallel",
    "jdk": "HotSpot_21.0.4",
    "benchmark_group": "Renaissance",
    "benchmark_name": "page-rank",
    "heap_size": "2048",
    "error": null,
    "avg_cpu_usage": 42.5,
    "avg_cpu_time": 42.7,
    "avg_io_time": 0.1,
    "p90_io": 0.0,
    "number_of_pauses": 165,
    "total_pause_time": 6842030786,
    "avg_pause_time": 41466853.25,
    "pauses_per_category": {
        "ICBufferFull": 8,
        "CollectForMetadataAllocation": 3,
        "ParallelGCFailedAllocation": 154
    },
    "total_pause_time_per_category": {
        "ICBufferFull": 603915,
        "CollectForMetadataAllocation": 500298822,
        "ParallelGCFailedAllocation": 6341128049
    },
    "avg_pause_time_per_category": {
        "ICBufferFull": 75489.38,
        "CollectForMetadataAllocation": 166766274.0,
        "ParallelGCFailedAllocation": 41176156.16
    },
    "p90_pause_time": 51207374.0,
    "throughput": 49149931886
}