{
    "garbage_collector": "G1",
    "jdk": "HotSpot_21.0.4",
    "benchmark_group": "Renaissance",
    "benchmark_name": "dotty",
    "heap_size": "4096",
    "error": null,
    "avg_cpu_usage": 41.7,
    "avg_cpu_time": 40.3,
    "avg_io_time": 0.0,
    "p90_io": 0.0,
    "number_of_pauses": 100,
    "total_pause_time": 241426609,
    "avg_pause_time": 2414266.09,
    "pauses_per_category": {
        "ICBufferFull": 71,
        "CollectForMetadataAllocation": 4,
        "G1PauseRemark": 5,
        "G1PauseCleanup": 5,
        "G1TryInitiateConcMark": 3,
        "G1CollectForAllocation": 4,
        "Cleanup": 8
    },
    "total_pause_time_per_category": {
        "ICBufferFull": 39184915,
        "CollectForMetadataAllocation": 39027819,
        "G1PauseRemark": 30902552,
        "G1PauseCleanup": 2580545,
        "G1TryInitiateConcMark": 50583418,
        "G1CollectForAllocation": 77833338,
        "Cleanup": 1314022
    },
    "avg_pause_time_per_category": {
        "ICBufferFull": 551900.21,
        "CollectForMetadataAllocation": 9756954.75,
        "G1PauseRemark": 6180510.4,
        "G1PauseCleanup": 516109.0,
        "G1TryInitiateConcMark": 16861139.33,
        "G1CollectForAllocation": 19458334.5,
        "Cleanup": 164252.75
    },
    "p90_pause_time": 8378647.8,
    "throughput": 28947135896
}