{
    "garbage_collector": "Parallel",
    "jdk": "HotSpot_21.0.4",
    "benchmark_group": "Renaissance",
    "benchmark_name": "par-mnemonics",
    "heap_size": "2048",
    "error": null,
    "avg_cpu_usage": 19.6,
    "avg_cpu_time": 18.1,
    "avg_io_time": 0.1,
    "p90_io": 0.0,
    "number_of_pauses": 119,
    "total_pause_time": 1079384839,
    "avg_pause_time": 9070460.83,
    "pauses_per_category": {
        "ICBufferFull": 2,
        "ParallelGCFailedAllocation": 117
    },
    "total_pause_time_per_category": {
        "ICBufferFull": 210737,
        "ParallelGCFailedAllocation": 1079174102
    },
    "avg_pause_time_per_category": {
        "ICBufferFull": 105368.5,
        "ParallelGCFailedAllocation": 9223710.27
    },
    "p90_pause_time": 21283701.4,
    "throughput": 22216966863
}