{
    "garbage_collector": "Serial",
    "jdk": "HotSpot_21.0.4",
    "benchmark_group": "Renaissance",
    "benchmark_name": "gauss-mix",
    "heap_size": "8192",
    "error": null,
    "avg_cpu_usage": 29.7,
    "avg_cpu_time": 31.7,
    "avg_io_time": 0.0,
    "p90_io": 0.0,
    "number_of_pauses": 29,
    "total_pause_time": 158701685,
    "avg_pause_time": 5472471.9,
    "pauses_per_category": {
        "ICBufferFull": 14,
        "Cleanup": 4,
        "CollectForMetadataAllocation": 4,
        "GenCollectForAllocation": 7
    },
    "total_pause_time_per_category": {
        "ICBufferFull": 1418516,
        "Cleanup": 300839,
        "CollectForMetadataAllocation": 99406223,
        "GenCollectForAllocation": 57576107
    },
    "avg_pause_time_per_category": {
        "ICBufferFull": 101322.57,
        "Cleanup": 75209.75,
        "CollectForMetadataAllocation": 24851555.75,
        "GenCollectForAllocation": 8225158.14
    },
    "p90_pause_time": 14337142.6,
    "throughput": 12480780904
}