{
    "garbage_collector": "Z",
    "jdk": "HotSpot_21.0.4",
    "benchmark_group": "Renaissance",
    "benchmark_name": "chi-square",
    "heap_size": "512",
    "error": null,
    "avg_cpu_usage": 34.0,
    "avg_cpu_time": 33.3,
    "avg_io_time": 0.0,
    "p90_io": 0.0,
    "number_of_pauses": 541,
    "total_pause_time": 40849258,
    "avg_pause_time": 75506.95,
    "pauses_per_category": {
        "ICBufferFull": 2,
        "Cleanup": 1,
        "XMarkStart": 174,
        "XMarkEnd": 172,
        "CleanClassLoaderDataMetaspaces": 16,
        "XRelocateStart": 176
    },
    "total_pause_time_per_category": {
        "ICBufferFull": 144296,
        "Cleanup": 213864,
        "XMarkStart": 13752922,
        "XMarkEnd": 11255853,
        "CleanClassLoaderDataMetaspaces": 3343322,
        "XRelocateStart": 12139001
    },
    "avg_pause_time_per_category": {
        "ICBufferFull": 72148.0,
        "Cleanup": 213864.0,
        "XMarkStart": 79039.78,
        "XMarkEnd": 65441.01,
        "CleanClassLoaderDataMetaspaces": 208957.62,
        "XRelocateStart": 68971.6
    },
    "p90_pause_time": 117431.0,
    "throughput": 22214791020
}