{
    "garbage_collector": "Z",
    "jdk": "HotSpot_21.0.4",
    "benchmark_group": "Renaissance",
    "benchmark_name": "finagle-http",
    "heap_size": "1024",
    "error": null,
    "avg_cpu_usage": 79.5,
    "avg_cpu_time": 63.8,
    "avg_io_time": 0.0,
    "p90_io": 0.0,
    "number_of_pauses": 280,
    "total_pause_time": 52877633,
    "avg_pause_time": 188848.69,
    "pauses_per_category": {
        "ICBufferFull": 55,
        "XMarkStart": 74,
        "XMarkEnd": 74,
        "CleanClassLoaderDataMetaspaces": 3,
        "XRelocateStart": 74
    },
    "total_pause_time_per_category": {
        "ICBufferFull": 10064078,
        "XMarkStart": 15840031,
        "XMarkEnd": 9627393,
        "CleanClassLoaderDataMetaspaces": 3073582,
        "XRelocateStart": 14272549
    },
    "avg_pause_time_per_category": {
        "ICBufferFull": 182983.24,
        "XMarkStart": 214054.47,
        "XMarkEnd": 130099.91,
        "CleanClassLoaderDataMetaspaces": 1024527.33,
        "XRelocateStart": 192872.28
    },
    "p90_pause_time": 404065.4,
    "throughput": 42066723136
}