{
    "garbage_collector": "Serial",
    "jdk": "HotSpot_21.0.4",
    "benchmark_group": "Renaissance",
    "benchmark_name": "fj-kmeans",
    "heap_size": "512",
    "error": null,
    "avg_cpu_usage": 81.6,
    "avg_cpu_time": 82.3,
    "avg_io_time": 0.0,
    "p90_io": 0.0,
    "number_of_pauses": 722,
    "total_pause_time": 727808127,
    "avg_pause_time": 1008044.5,
    "pauses_per_category": {
        "ICBufferFull": 1,
        "GenCollectForAllocation": 721
    },
    "total_pause_time_per_category": {
        "ICBufferFull": 63125,
        "GenCollectForAllocation": 727745002
    },
    "avg_pause_time_per_category": {
        "ICBufferFull": 63125.0,
        "GenCollectForAllocation": 1009355.07
    },
    "p90_pause_time": 1085210.6,
    "throughput": 26000118631
}