{
    "garbage_collector": "Serial",
    "jdk": "HotSpot_21.0.4",
    "benchmark_group": "Renaissance",
    "benchmark_name": "future-genetic",
    "heap_size": "512",
    "error": null,
    "avg_cpu_usage": 31.1,
    "avg_cpu_time": 29.3,
    "avg_io_time": 0.0,
    "p90_io": 0.0,
    "number_of_pauses": 118,
    "total_pause_time": 272990054,
    "avg_pause_time": 2313475.03,
    "pauses_per_category": {
        "ICBufferFull": 4,
        "GenCollectForAllocation": 114
    },
    "total_pause_time_per_category": {
        "ICBufferFull": 427478,
        "GenCollectForAllocation": 272562576
    },
    "avg_pause_time_per_category": {
        "ICBufferFull": 106869.5,
        "GenCollectForAllocation": 2390899.79
    },
    "p90_pause_time": 5112484.7,
    "throughput": 19795477148
}