{
    "garbage_collector": "G1",
    "jdk": "HotSpot_21.0.4",
    "benchmark_group": "Renaissance",
    "benchmark_name": "scala-doku",
    "heap_size": "1024",
    "error": null,
    "avg_cpu_usage": 13.9,
    "avg_cpu_time": 13.9,
    "avg_io_time": 0.0,
    "p90_io": 0.0,
    "number_of_pauses": 22,
    "total_pause_time": 71201240,
    "avg_pause_time": 3236420.0,
    "pauses_per_category": {
        "ICBufferFull": 1,
        "G1CollectForAllocation": 7,
        "Cleanup": 14
    },
    "total_pause_time_per_category": {
        "ICBufferFull": 69537,
        "G1CollectForAllocation": 69894340,
        "Cleanup": 1237363
    },
    "avg_pause_time_per_category": {
        "ICBufferFull": 69537.0,
        "G1CollectForAllocation": 9984905.71,
        "Cleanup": 88383.07
    },
    "p90_pause_time": 11119316.5,
    "throughput": 21263489915
}