{
    "garbage_collector": "G1",
    "jdk": "HotSpot_21.0.4",
    "benchmark_group": "Renaissance",
    "benchmark_name": "rx-scrabble",
    "heap_size": "512",
    "error": null,
    "avg_cpu_usage": 28.0,
    "avg_cpu_time": 27.4,
    "avg_io_time": 0.0,
    "p90_io": 0.0,
    "number_of_pauses": 17,
    "total_pause_time": 53621382,
    "avg_pause_time": 3154198.94,
    "pauses_per_category": {
        "ICBufferFull": 8,
        "G1CollectForAllocation": 9
    },
    "total_pause_time_per_category": {
        "ICBufferFull": 690437,
        "G1CollectForAllocation": 52930945
    },
    "avg_pause_time_per_category": {
        "ICBufferFull": 86304.62,
        "G1CollectForAllocation": 5881216.11
    },
    "p90_pause_time": 8733165.6,
    "throughput": 2750071662
}