{
    "garbage_collector": "G1",
    "jdk": "HotSpot_21.0.4",
    "benchmark_group": "Renaissance",
    "benchmark_name": "movie-lens",
    "heap_size": "512",
    "error": null,
    "avg_cpu_usage": 58.1,
    "avg_cpu_time": 53.6,
    "avg_io_time": 0.1,
    "p90_io": 0.0,
    "number_of_pauses": 2064,
    "total_pause_time": 4085746911,
    "avg_pause_time": 1979528.54,
    "pauses_per_category": {
        "ICBufferFull": 23,
        "G1CollectForAllocation": 1223,
        "CollectForMetadataAllocation": 9,
        "G1PauseRemark": 227,
        "G1PauseCleanup": 226,
        "G1TryInitiateConcMark": 356
    },
    "total_pause_time_per_category": {
        "ICBufferFull": 3261665,
        "G1CollectForAllocation": 2587190657,
        "CollectForMetadataAllocation": 45101025,
        "G1PauseRemark": 919808983,
        "G1PauseCleanup": 79568583,
        "G1TryInitiateConcMark": 450815998
    },
    "avg_pause_time_per_category": {
        "ICBufferFull": 141811.52,
        "G1CollectForAllocation": 2115446.16,
        "CollectForMetadataAllocation": 5011225.0,
        "G1PauseRemark": 4052021.95,
        "G1PauseCleanup": 352073.38,
        "G1TryInitiateConcMark": 1266337.07
    },
    "p90_pause_time": 3913345.2,
    "throughput": 99973833388
}