{
    "garbage_collector": "G1",
    "jdk": "HotSpot_21.0.4",
    "benchmark_group": "Renaissance",
    "benchmark_name": "fj-kmeans",
    "heap_size": "512",
    "error": null,
    "avg_cpu_usage": 86.2,
    "avg_cpu_time": 85.6,
    "avg_io_time": 0.0,
    "p90_io": 0.0,
    "number_of_pauses": 541,
    "total_pause_time": 1044352532,
    "avg_pause_time": 1930411.33,
    "pauses_per_category": {
        "ICBufferFull": 1,
        "G1CollectForAllocation": 279,
        "G1TryInitiateConcMark": 119,
        "G1PauseRemark": 71,
        "G1PauseCleanup": 71
    },
    "total_pause_time_per_category": {
        "ICBufferFull": 59326,
        "G1CollectForAllocation": 749602724,
        "G1TryInitiateConcMark": 229676459,
        "G1PauseRemark": 51554752,
        "G1PauseCleanup": 13459271
    },
    "avg_pause_time_per_category": {
        "ICBufferFull": 59326.0,
        "G1CollectForAllocation": 2686748.11,
        "G1TryInitiateConcMark": 1930054.28,
        "G1PauseRemark": 726123.27,
        "G1PauseCleanup": 189567.2
    },
    "p90_pause_time": 2629159.0,
    "throughput": 31916280342
}