{
    "garbage_collector": "Parallel",
    "jdk": "HotSpot_21.0.4",
    "benchmark_group": "Renaissance",
    "benchmark_name": "finagle-chirper",
    "heap_size": "512",
    "error": null,
    "avg_cpu_usage": 78.6,
    "avg_cpu_time": 70.2,
    "avg_io_time": 0.0,
    "p90_io": 0.0,
    "number_of_pauses": 274,
    "total_pause_time": 572347426,
    "avg_pause_time": 2088859.22,
    "pauses_per_category": {
        "ICBufferFull": 58,
        "CollectForMetadataAllocation": 2,
        "ParallelGCFailedAllocation": 213,
        "ParallelGCSystemGC": 1
    },
    "total_pause_time_per_category": {
        "ICBufferFull": 27676940,
        "CollectForMetadataAllocation": 42376737,
        "ParallelGCFailedAllocation": 441103850,
        "ParallelGCSystemGC": 61189899
    },
    "avg_pause_time_per_category": {
        "ICBufferFull": 477188.62,
        "CollectForMetadataAllocation": 21188368.5,
        "ParallelGCFailedAllocation": 2070910.09,
        "ParallelGCSystemGC": 61189899.0
    },
    "p90_pause_time": 3438231.3,
    "throughput": 33455032933
}