{
    "garbage_collector": "G1",
    "jdk": "HotSpot_21.0.4",
    "benchmark_group": "Renaissance",
    "benchmark_name": "movie-lens",
    "heap_size": "2048",
    "error": null,
    "avg_cpu_usage": 57.0,
    "avg_cpu_time": 52.4,
    "avg_io_time": 0.0,
    "p90_io": 0.0,
    "number_of_pauses": 482,
    "total_pause_time": 1425574441,
    "avg_pause_time": 2957623.32,
    "pauses_per_category": {
        "ICBufferFull": 35,
        "CollectForMetadataAllocation": 7,
        "G1PauseRemark": 59,
        "G1PauseCleanup": 59,
        "G1CollectForAllocation": 201,
        "G1TryInitiateConcMark": 121
    },
    "total_pause_time_per_category": {
        "ICBufferFull": 4439348,
        "CollectForMetadataAllocation": 37978364,
        "G1PauseRemark": 251376655,
        "G1PauseCleanup": 40364909,
        "G1CollectForAllocation": 871475961,
        "G1TryInitiateConcMark": 219939204
    },
    "avg_pause_time_per_category": {
        "ICBufferFull": 126838.51,
        "CollectForMetadataAllocation": 5425480.57,
        "G1PauseRemark": 4260621.27,
        "G1PauseCleanup": 684151.0,
        "G1CollectForAllocation": 4335701.3,
        "G1TryInitiateConcMark": 1817679.37
    },
    "p90_pause_time": 6104542.5,
    "throughput": 94245283452
}