{
    "garbage_collector": "Parallel",
    "jdk": "HotSpot_21.0.4",
    "benchmark_group": "Renaissance",
    "benchmark_name": "neo4j-analytics",
    "heap_size": "8192",
    "error": null,
    "avg_cpu_usage": 33.6,
    "avg_cpu_time": 32.5,
    "avg_io_time": 0.7,
    "p90_io": 2.5,
    "number_of_pauses": 81,
    "total_pause_time": 1554501472,
    "avg_pause_time": 19191376.2,
    "pauses_per_category": {
        "ICBufferFull": 45,
        "CollectForMetadataAllocation": 6,
        "ParallelGCFailedAllocation": 23,
        "Cleanup": 7
    },
    "total_pause_time_per_category": {
        "ICBufferFull": 5304598,
        "CollectForMetadataAllocation": 255996214,
        "ParallelGCFailedAllocation": 1292486540,
        "Cleanup": 714120
    },
    "avg_pause_time_per_category": {
        "ICBufferFull": 117879.96,
        "CollectForMetadataAllocation": 42666035.67,
        "ParallelGCFailedAllocation": 56195066.96,
        "Cleanup": 102017.14
    },
    "p90_pause_time": 27360644.0,
    "throughput": 33904844633
}