{
    "garbage_collector": "Serial",
    "jdk": "HotSpot_21.0.4",
    "benchmark_group": "Renaissance",
    "benchmark_name": "scala-doku",
    "heap_size": "256",
    "error": null,
    "avg_cpu_usage": 13.9,
    "avg_cpu_time": 14.5,
    "avg_io_time": 0.0,
    "p90_io": 0.0,
    "number_of_pauses": 25,
    "total_pause_time": 497543482,
    "avg_pause_time": 19901739.28,
    "pauses_per_category": {
        "ICBufferFull": 2,
        "GenCollectForAllocation": 22,
        "Cleanup": 1
    },
    "total_pause_time_per_category": {
        "ICBufferFull": 195603,
        "GenCollectForAllocation": 497253442,
        "Cleanup": 94437
    },
    "avg_pause_time_per_category": {
        "ICBufferFull": 97801.5,
        "GenCollectForAllocation": 22602429.18,
        "Cleanup": 94437.0
    },
    "p90_pause_time": 31116979.4,
    "throughput": 19742354246
}