{
    "garbage_collector": "Parallel",
    "jdk": "HotSpot_21.0.4",
    "benchmark_group": "Renaissance",
    "benchmark_name": "reactors",
    "heap_size": "1024",
    "error": null,
    "avg_cpu_usage": 43.9,
    "avg_cpu_time": 44.4,
    "avg_io_time": 0.0,
    "p90_io": 0.0,
    "number_of_pauses": 392,
    "total_pause_time": 11023424632,
    "avg_pause_time": 28120981.2,
    "pauses_per_category": {
        "ICBufferFull": 9,
        "Cleanup": 10,
        "ParallelGCFailedAllocation": 373
    },
    "total_pause_time_per_category": {
        "ICBufferFull": 728856,
        "Cleanup": 912575,
        "ParallelGCFailedAllocation": 11021783201
    },
    "avg_pause_time_per_category": {
        "ICBufferFull": 80984.0,
        "Cleanup": 91257.5,
        "ParallelGCFailedAllocation": 29549016.62
    },
    "p90_pause_time": 57908330.2,
    "throughput": 77172593932
}