{
    "garbage_collector": "Serial",
    "jdk": "HotSpot_21.0.4",
    "benchmark_group": "Renaissance",
    "benchmark_name": "mnemonics",
    "heap_size": "1024",
    "error": null,
    "avg_cpu_usage": 13.1,
    "avg_cpu_time": 13.2,
    "avg_io_time": 0.1,
    "p90_io": 0.0,
    "number_of_pauses": 231,
    "total_pause_time": 2876434127,
    "avg_pause_time": 12452095.79,
    "pauses_per_category": {
        "ICBufferFull": 1,
        "GenCollectForAllocation": 230
    },
    "total_pause_time_per_category": {
        "ICBufferFull": 63425,
        "GenCollectForAllocation": 2876370702
    },
    "avg_pause_time_per_category": {
        "ICBufferFull": 63425.0,
        "GenCollectForAllocation": 12505959.57
    },
    "p90_pause_time": 15522737.0,
    "throughput": 26448095601
}