{
    "garbage_collector": "G1",
    "jdk": "HotSpot_21.0.4",
    "benchmark_group": "Renaissance",
    "benchmark_name": "reactors",
    "heap_size": "256",
    "error": "Error code not found: 1\n\nException: java.lang.OutOfMemoryError thrown from the UncaughtExceptionHandler in thread \"reactors-io-scheduler-reanimator\"\njava.lang.OutOfMemoryError: Java heap space: failed reallocation of scalar replaced objects\njava.lang.OutOfMemoryError: Java heap space\njava.lang.OutOfMemoryError: Java heap space: failed reallocation of scalar replaced objects\njava.lang.OutOfMemoryError: Java heap space: failed reallocation of scalar replaced objects\njava.lang.OutOfMemoryError: Java heap space\njava.lang.reflect.InvocationTargetException\n\tat java.base/jdk.internal.reflect.DirectConstructorHandleAccessor.newInstance(DirectConstructorHandleAccessor.java:74)\n\tat java.base/java.lang.reflect.Constructor.newInstanceWithCaller(Constructor.java:502)\n\tat java.base/java.lang.reflect.Constructor.newInstance(Constructor.java:486)\n\tat io.reactors.Platform$Reflect$.instantiate(Platform.scala:193)\n\tat io.reactors.Proto.create(Proto.scala:25)\n\tat io.reactors.concurrent.Frame.checkFresh(Frame.scala:237)\n\tat io.reactors.concurrent.Frame.processBatch(Frame.scala:491)\n\tat io.reactors.concurrent.Frame.isolateAndProcessBatch(Frame.scala:210)\n\tat io.reactors.concurrent.Frame.executeBatch(Frame.scala:183)\n\tat io.reactors.JvmScheduler$Executed$$anon$5.run(JvmScheduler.scala:255)\n\tat java.base/java.util.concurrent.ForkJoinTask$RunnableExecuteAction.exec(ForkJoinTask.java:1423)\n\tat java.base/java.util.concurrent.ForkJoinTask.doExec(ForkJoinTask.java:387)\n\tat java.base/java.util.concurrent.ForkJoinTask.invoke(ForkJoinTask.java:667)\n\tat io.reactors.JvmScheduler$ReactorForkJoinWorkerThread.pollPool(JvmScheduler.scala:103)\n\tat io.reactors.JvmScheduler$ReactorForkJoinWorkerThread.postschedule(JvmScheduler.scala:150)\n\tat io.reactors.JvmScheduler$Executed.postschedule(JvmScheduler.scala:273)\n\tat io.reactors.concurrent.Frame.executeBatch(Frame.scala:202)\n\tat io.reactors.JvmScheduler$Executed$$anon$5.run(JvmScheduler.scala:255)\n\tat java.base/java.util.concurrent.ForkJoinTask$RunnableExecuteAction.exec(ForkJoinTask.java:1423)\n\tat java.base/java.util.concurrent.ForkJoinTask.doExec(ForkJoinTask.java:387)\n\tat java.base/java.util.concurrent.ForkJoinPool$WorkQueue.topLevelExec(ForkJoinPool.java:1312)\n\tat java.base/java.util.concurrent.ForkJoinPool.scan(ForkJoinPool.java:1843)\n\tat java.base/java.util.concurrent.ForkJoinPool.runWorker(ForkJoinPool.java:1808)\n\tat java.base/java.util.concurrent.ForkJoinWorkerThread.run(ForkJoinWorkerThread.java:188)\nCaused by: java.lang.OutOfMemoryError: Java heap space\n\tat java.base/java.lang.invoke.DirectMethodHandle.allocateInstance(DirectMethodHandle.java:501)\n\tat java.base/java.lang.invoke.DirectMethodHandle$Holder.newInvokeSpecial(DirectMethodHandle$Holder)\n\tat java.base/java.lang.invoke.LambdaForm$MH/0x00007c911c233c00.invoke(LambdaForm$MH)\n\tat java.base/java.lang.invoke.Invokers$Holder.invokeExact_MT(Invokers$Holder)\n\tat java.base/jdk.internal.reflect.DirectConstructorHandleAccessor.invokeImpl(DirectConstructorHandleAccessor.java:87)\n\tat java.base/jdk.internal.reflect.DirectConstructorHandleAccessor.newInstance(DirectConstructorHandleAccessor.java:62)\n\t... 23 more\njava.lang.reflect.InvocationTargetException\n\tat java.base/jdk.internal.reflect.DirectConstructorHandleAccessor.newInstance(DirectConstructorHandleAccessor.java:74)\n\tat java.base/java.lang.reflect.Constructor.newInstanceWithCaller(Constructor.java:502)\n\tat java.base/java.lang.reflect.Constructor.newInstance(Constructor.java:486)\n\tat io.reactors.Platform$Reflect$.instantiate(Platform.scala:193)\n\tat io.reactors.Proto.create(Proto.scala:25)\n\tat io.reactors.concurrent.Frame.checkFresh(Frame.scala:237)\n\tat io.reactors.concurrent.Frame.processBatch(Frame.scala:491)\n\tat io.reactors.concurrent.Frame.isolateAndProcessBatch(Frame.scala:210)\n\tat io.reactors.concurrent.Frame.executeBatch(Frame.scala:183)\n\tat io.reactors.JvmScheduler$Executed$$anon$5.run(JvmScheduler.scala:255)\n\tat java.base/java.util.concurrent.ForkJoinTask$RunnableExecuteAction.exec(ForkJoinTask.java:1423)\n\tat java.base/java.util.concurrent.ForkJoinTask.doExec(ForkJoinTask.java:387)\n\tat java.base/java.util.concurrent.ForkJoinTask.invoke(ForkJoinTask.java:667)\n\tat io.reactors.JvmScheduler$ReactorForkJoinWorkerThread.pollPool(JvmScheduler.scala:103)\n\tat io.reactors.JvmScheduler$ReactorForkJoinWorkerThread.postschedule(JvmScheduler.scala:150)\n\tat io.reactors.JvmScheduler$Executed.postschedule(JvmScheduler.scala:273)\n\tat io.reactors.concurrent.Frame.executeBatch(Frame.scala:202)\n\tat io.reactors.JvmScheduler$Executed$$anon$5.run(JvmScheduler.scala:255)\n\tat java.base/java.util.concurrent.ForkJoinTask$RunnableExecuteAction.exec(ForkJoinTask.java:1423)\n\tat java.base/java.util.concurrent.ForkJoinTask.doExec(ForkJoinTask.java:387)\n\tat java.base/java.util.concurrent.ForkJoinPool$WorkQueue.topLevelExec(ForkJoinPool.java:1312)\n\tat java.base/java.util.concurrent.ForkJoinPool.scan(ForkJoinPool.java:1843)\n\tat java.base/java.util.concurrent.ForkJoinPool.runWorker(ForkJoinPool.java:1808)\n\tat java.base/java.util.concurrent.ForkJoinWorkerThread.run(ForkJoinWorkerThread.java:188)\nCaused by: java.lang.OutOfMemoryError: Java heap space\njava.lang.reflect.InvocationTargetException\n\tat java.base/jdk.internal.reflect.DirectConstructorHandleAccessor.newInstance(DirectConstructorHandleAccessor.java:74)\n\tat java.base/java.lang.reflect.Constructor.newInstanceWithCaller(Constructor.java:502)\n\tat java.base/java.lang.reflect.Constructor.newInstance(Constructor.java:486)\n\tat io.reactors.Platform$Reflect$.instantiate(Platform.scala:193)\n\tat io.reactors.Proto.create(Proto.scala:25)\n\tat io.reactors.concurrent.Frame.checkFresh(Frame.scala:237)\n\tat io.reactors.concurrent.Frame.processBatch(Frame.scala:491)\n\tat io.reactors.concurrent.Frame.isolateAndProcessBatch(Frame.scala:210)\n\tat io.reactors.concurrent.Frame.executeBatch(Frame.scala:183)\n\tat io.reactors.JvmScheduler$Executed$$anon$5.run(JvmScheduler.scala:255)\n\tat java.base/java.util.concurrent.ForkJoinTask$RunnableExecuteAction.exec(ForkJoinTask.java:1423)\n\tat java.base/java.util.concurrent.ForkJoinTask.doExec(ForkJoinTask.java:387)\n\tat java.base/java.util.concurrent.ForkJoinTask.invoke(ForkJoinTask.java:667)\n\tat io.reactors.JvmScheduler$ReactorForkJoinWorkerThread.pollPool(JvmScheduler.scala:103)\n\tat io.reactors.JvmScheduler$ReactorForkJoinWorkerThread.postschedule(JvmScheduler.scala:150)\n\tat io.reactors.JvmScheduler$Executed.postschedule(JvmScheduler.scala:273)\n\tat io.reactors.concurrent.Frame.executeBatch(Frame.scala:202)\n\tat io.reactors.JvmScheduler$Executed$$anon$5.run(JvmScheduler.scala:255)\n\tat java.base/java.util.concurrent.ForkJoinTask$RunnableExecuteAction.exec(ForkJoinTask.java:1423)\n\tat java.base/java.util.concurrent.ForkJoinTask.doExec(ForkJoinTask.java:387)\n\tat java.base/java.util.concurrent.ForkJoinPool$WorkQueue.topLevelExec(ForkJoinPool.java:1312)\n\tat java.base/java.util.concurrent.ForkJoinPool.scan(ForkJoinPool.java:1843)\n\tat java.base/java.util.concurrent.ForkJoinPool.runWorker(ForkJoinPool.java:1808)\n\tat java.base/java.util.concurrent.ForkJoinWorkerThread.run(ForkJoinWorkerThread.java:188)\nCaused by: java.lang.OutOfMemoryError: Java heap space\nBenchmark 'reactors' failed with exception:\njava.lang.OutOfMemoryError: Java heap space: failed reallocation of scalar replaced objects\n",
    "avg_cpu_usage": 66.4,
    "avg_cpu_time": 66.5,
    "avg_io_time": 0.0,
    "p90_io": 0.0,
    "number_of_pauses": 0,
    "total_pause_time": 0,
    "avg_pause_time": 0,
    "pauses_per_category": {},
    "total_pause_time_per_category": {},
    "avg_pause_time_per_category": {},
    "p90_pause_time": 0,
    "throughput": 0
}