{
    "garbage_collector": "Parallel",
    "jdk": "HotSpot_21.0.4",
    "benchmark_group": "Renaissance",
    "benchmark_name": "gauss-mix",
    "heap_size": "8192",
    "error": null,
    "avg_cpu_usage": 30.2,
    "avg_cpu_time": 31.7,
    "avg_io_time": 0.4,
    "p90_io": 0.0,
    "number_of_pauses": 23,
    "total_pause_time": 111535053,
    "avg_pause_time": 4849350.13,
    "pauses_per_category": {
        "ICBufferFull": 13,
        "CollectForMetadataAllocation": 3,
        "ParallelGCFailedAllocation": 5,
        "Cleanup": 2
    },
    "total_pause_time_per_category": {
        "ICBufferFull": 1094484,
        "CollectForMetadataAllocation": 81246485,
        "ParallelGCFailedAllocation": 29003729,
        "Cleanup": 190355
    },
    "avg_pause_time_per_category": {
        "ICBufferFull": 84191.08,
        "CollectForMetadataAllocation": 27082161.67,
        "ParallelGCFailedAllocation": 5800745.8,
        "Cleanup": 95177.5
    },
    "p90_pause_time": 19740747.0,
    "throughput": 12175506075
}