{
    "garbage_collector": "Z",
    "jdk": "HotSpot_21.0.4",
    "benchmark_group": "Renaissance",
    "benchmark_name": "dotty",
    "heap_size": "256",
    "error": null,
    "avg_cpu_usage": 40.7,
    "avg_cpu_time": 40.1,
    "avg_io_time": 0.0,
    "p90_io": 0.0,
    "number_of_pauses": 193,
    "total_pause_time": 53759240,
    "avg_pause_time": 278545.28,
    "pauses_per_category": {
        "XMarkStart": 45,
        "XMarkEnd": 44,
        "CleanClassLoaderDataMetaspaces": 5,
        "XRelocateStart": 45,
        "ICBufferFull": 52,
        "Cleanup": 2
    },
    "total_pause_time_per_category": {
        "XMarkStart": 12346051,
        "XMarkEnd": 5178610,
        "CleanClassLoaderDataMetaspaces": 7183160,
        "XRelocateStart": 5815346,
        "ICBufferFull": 22945627,
        "Cleanup": 290446
    },
    "avg_pause_time_per_category": {
        "XMarkStart": 274356.69,
        "XMarkEnd": 117695.68,
        "CleanClassLoaderDataMetaspaces": 1436632.0,
        "XRelocateStart": 129229.91,
        "ICBufferFull": 441262.06,
        "Cleanup": 145223.0
    },
    "p90_pause_time": 358288.4,
    "throughput": 29544295002
}