{
    "garbage_collector": "G1",
    "jdk": "HotSpot_21.0.4",
    "benchmark_group": "Renaissance",
    "benchmark_name": "future-genetic",
    "heap_size": "512",
    "error": null,
    "avg_cpu_usage": 31.3,
    "avg_cpu_time": 31.1,
    "avg_io_time": 0.0,
    "p90_io": 0.0,
    "number_of_pauses": 54,
    "total_pause_time": 69003572,
    "avg_pause_time": 1277843.93,
    "pauses_per_category": {
        "ICBufferFull": 2,
        "G1CollectForAllocation": 52
    },
    "total_pause_time_per_category": {
        "ICBufferFull": 179924,
        "G1CollectForAllocation": 68823648
    },
    "avg_pause_time_per_category": {
        "ICBufferFull": 89962.0,
        "G1CollectForAllocation": 1323531.69
    },
    "p90_pause_time": 1611180.5,
    "throughput": 21317174789
}