{
    "garbage_collector": "Serial",
    "jdk": "HotSpot_21.0.4",
    "benchmark_group": "Renaissance",
    "benchmark_name": "akka-uct",
    "heap_size": "1024",
    "error": null,
    "avg_cpu_usage": 39.9,
    "avg_cpu_time": 40.1,
    "avg_io_time": 0.0,
    "p90_io": 0.0,
    "number_of_pauses": 724,
    "total_pause_time": 80253250877,
    "avg_pause_time": 110847031.6,
    "pauses_per_category": {
        "ICBufferFull": 8,
        "GenCollectForAllocation": 715,
        "CollectForMetadataAllocation": 1
    },
    "total_pause_time_per_category": {
        "ICBufferFull": 1011268,
        "GenCollectForAllocation": 79921725574,
        "CollectForMetadataAllocation": 330514035
    },
    "avg_pause_time_per_category": {
        "ICBufferFull": 126408.5,
        "GenCollectForAllocation": 111778637.17,
        "CollectForMetadataAllocation": 330514035.0
    },
    "p90_pause_time": 114988992.4,
    "throughput": 135654785600
}