{
    "garbage_collector": "Parallel",
    "jdk": "HotSpot_21.0.4",
    "benchmark_group": "Renaissance",
    "benchmark_name": "log-regression",
    "heap_size": "4096",
    "error": null,
    "avg_cpu_usage": 47.6,
    "avg_cpu_time": 44.4,
    "avg_io_time": 0.1,
    "p90_io": 0.0,
    "number_of_pauses": 69,
    "total_pause_time": 494735119,
    "avg_pause_time": 7170074.19,
    "pauses_per_category": {
        "ICBufferFull": 37,
        "Cleanup": 2,
        "CollectForMetadataAllocation": 5,
        "ParallelGCFailedAllocation": 24,
        "ParallelGCSystemGC": 1
    },
    "total_pause_time_per_category": {
        "ICBufferFull": 4138055,
        "Cleanup": 442815,
        "CollectForMetadataAllocation": 136059192,
        "ParallelGCFailedAllocation": 255137312,
        "ParallelGCSystemGC": 98957745
    },
    "avg_pause_time_per_category": {
        "ICBufferFull": 111839.32,
        "Cleanup": 221407.5,
        "CollectForMetadataAllocation": 27211838.4,
        "ParallelGCFailedAllocation": 10630721.33,
        "ParallelGCSystemGC": 98957745.0
    },
    "p90_pause_time": 23443754.0,
    "throughput": 19000092537
}