{
    "garbage_collector": "Parallel",
    "jdk": "HotSpot_21.0.4",
    "benchmark_group": "Renaissance",
    "benchmark_name": "scala-doku",
    "heap_size": "8192",
    "error": null,
    "avg_cpu_usage": 13.5,
    "avg_cpu_time": 14.0,
    "avg_io_time": 0.1,
    "p90_io": 0.0,
    "number_of_pauses": 14,
    "total_pause_time": 23922885,
    "avg_pause_time": 1708777.5,
    "pauses_per_category": {
        "ICBufferFull": 2,
        "Cleanup": 12
    },
    "total_pause_time_per_category": {
        "ICBufferFull": 193874,
        "Cleanup": 23729011
    },
    "avg_pause_time_per_category": {
        "ICBufferFull": 96937.0,
        "Cleanup": 1977417.58
    },
    "p90_pause_time": 136555.3,
    "throughput": 20359056067
}