{
    "garbage_collector": "G1",
    "jdk": "HotSpot_21.0.4",
    "benchmark_group": "Renaissance",
    "benchmark_name": "chi-square",
    "heap_size": "4096",
    "error": null,
    "avg_cpu_usage": 30.2,
    "avg_cpu_time": 33.0,
    "avg_io_time": 0.5,
    "p90_io": 0.0,
    "number_of_pauses": 36,
    "total_pause_time": 355416850,
    "avg_pause_time": 9872690.28,
    "pauses_per_category": {
        "ICBufferFull": 5,
        "CollectForMetadataAllocation": 7,
        "G1PauseRemark": 3,
        "G1PauseCleanup": 3,
        "G1CollectForAllocation": 18
    },
    "total_pause_time_per_category": {
        "ICBufferFull": 441056,
        "CollectForMetadataAllocation": 66318562,
        "G1PauseRemark": 6272777,
        "G1PauseCleanup": 909293,
        "G1CollectForAllocation": 281475162
    },
    "avg_pause_time_per_category": {
        "ICBufferFull": 88211.2,
        "CollectForMetadataAllocation": 9474080.29,
        "G1PauseRemark": 2090925.67,
        "G1PauseCleanup": 303097.67,
        "G1CollectForAllocation": 15637509.0
    },
    "p90_pause_time": 28816288.5,
    "throughput": 11880342763
}