{
    "garbage_collector": "G1",
    "jdk": "HotSpot_21.0.4",
    "benchmark_group": "Renaissance",
    "benchmark_name": "fj-kmeans",
    "heap_size": "8192",
    "error": null,
    "avg_cpu_usage": 83.3,
    "avg_cpu_time": 84.0,
    "avg_io_time": 0.0,
    "p90_io": 0.0,
    "number_of_pauses": 36,
    "total_pause_time": 119213526,
    "avg_pause_time": 3311486.83,
    "pauses_per_category": {
        "ICBufferFull": 1,
        "G1CollectForAllocation": 25,
        "Cleanup": 10
    },
    "total_pause_time_per_category": {
        "ICBufferFull": 56457,
        "G1CollectForAllocation": 118156165,
        "Cleanup": 1000904
    },
    "avg_pause_time_per_category": {
        "ICBufferFull": 56457.0,
        "G1CollectForAllocation": 4726246.6,
        "Cleanup": 100090.4
    },
    "p90_pause_time": 2713181.5,
    "throughput": 27562535982
}