{
    "garbage_collector": "Parallel",
    "jdk": "HotSpot_21.0.4",
    "benchmark_group": "Renaissance",
    "benchmark_name": "als",
    "heap_size": "4096",
    "error": null,
    "avg_cpu_usage": 65.2,
    "avg_cpu_time": 64.2,
    "avg_io_time": 0.4,
    "p90_io": 0.0,
    "number_of_pauses": 114,
    "total_pause_time": 760224143,
    "avg_pause_time": 6668632.83,
    "pauses_per_category": {
        "ICBufferFull": 40,
        "CollectForMetadataAllocation": 4,
        "ParallelGCFailedAllocation": 37,
        "ParallelGCSystemGC": 7,
        "Cleanup": 26
    },
    "total_pause_time_per_category": {
        "ICBufferFull": 3962498,
        "CollectForMetadataAllocation": 128314592,
        "ParallelGCFailedAllocation": 542185010,
        "ParallelGCSystemGC": 81841910,
        "Cleanup": 3920133
    },
    "avg_pause_time_per_category": {
        "ICBufferFull": 99062.45,
        "CollectForMetadataAllocation": 32078648.0,
        "ParallelGCFailedAllocation": 14653648.92,
        "ParallelGCSystemGC": 11691701.43,
        "Cleanup": 150774.35
    },
    "p90_pause_time": 19333366.0,
    "throughput": 54526699200
}