{
    "garbage_collector": "Serial",
    "jdk": "HotSpot_21.0.4",
    "benchmark_group": "Renaissance",
    "benchmark_name": "future-genetic",
    "heap_size": "4096",
    "error": null,
    "avg_cpu_usage": 31.3,
    "avg_cpu_time": 29.8,
    "avg_io_time": 0.0,
    "p90_io": 0.0,
    "number_of_pauses": 31,
    "total_pause_time": 90644702,
    "avg_pause_time": 2924022.65,
    "pauses_per_category": {
        "ICBufferFull": 8,
        "GenCollectForAllocation": 14,
        "Cleanup": 9
    },
    "total_pause_time_per_category": {
        "ICBufferFull": 692327,
        "GenCollectForAllocation": 89193422,
        "Cleanup": 758953
    },
    "avg_pause_time_per_category": {
        "ICBufferFull": 86540.88,
        "GenCollectForAllocation": 6370958.71,
        "Cleanup": 84328.11
    },
    "p90_pause_time": 7790466.0,
    "throughput": 19789135485
}