{
    "garbage_collector": "Z",
    "jdk": "HotSpot_21.0.4",
    "benchmark_group": "Renaissance",
    "benchmark_name": "dec-tree",
    "heap_size": "1024",
    "error": null,
    "avg_cpu_usage": 41.4,
    "avg_cpu_time": 41.9,
    "avg_io_time": 0.0,
    "p90_io": 0.0,
    "number_of_pauses": 195,
    "total_pause_time": 22547146,
    "avg_pause_time": 115626.39,
    "pauses_per_category": {
        "ICBufferFull": 28,
        "Cleanup": 1,
        "XMarkStart": 52,
        "XMarkEnd": 51,
        "CleanClassLoaderDataMetaspaces": 9,
        "XRelocateStart": 54
    },
    "total_pause_time_per_category": {
        "ICBufferFull": 2581188,
        "Cleanup": 88167,
        "XMarkStart": 5412037,
        "XMarkEnd": 4136285,
        "CleanClassLoaderDataMetaspaces": 5133693,
        "XRelocateStart": 5195776
    },
    "avg_pause_time_per_category": {
        "ICBufferFull": 92185.29,
        "Cleanup": 88167.0,
        "XMarkStart": 104077.63,
        "XMarkEnd": 81103.63,
        "CleanClassLoaderDataMetaspaces": 570410.33,
        "XRelocateStart": 96218.07
    },
    "p90_pause_time": 162837.0,
    "throughput": 17976230906
}