{
    "garbage_collector": "Parallel",
    "jdk": "HotSpot_21.0.4",
    "benchmark_group": "Renaissance",
    "benchmark_name": "fj-kmeans",
    "heap_size": "1024",
    "error": null,
    "avg_cpu_usage": 84.5,
    "avg_cpu_time": 84.1,
    "avg_io_time": 0.0,
    "p90_io": 0.0,
    "number_of_pauses": 309,
    "total_pause_time": 374501203,
    "avg_pause_time": 1211978.0,
    "pauses_per_category": {
        "ICBufferFull": 1,
        "ParallelGCFailedAllocation": 308
    },
    "total_pause_time_per_category": {
        "ICBufferFull": 55476,
        "ParallelGCFailedAllocation": 374445727
    },
    "avg_pause_time_per_category": {
        "ICBufferFull": 55476.0,
        "ParallelGCFailedAllocation": 1215732.88
    },
    "p90_pause_time": 893511.4,
    "throughput": 26896025906
}