{
    "garbage_collector": "Z",
    "jdk": "HotSpot_21.0.4",
    "benchmark_group": "Renaissance",
    "benchmark_name": "finagle-chirper",
    "heap_size": "8192",
    "error": null,
    "avg_cpu_usage": 74.4,
    "avg_cpu_time": 65.1,
    "avg_io_time": 0.0,
    "p90_io": 0.0,
    "number_of_pauses": 118,
    "total_pause_time": 30007262,
    "avg_pause_time": 254298.83,
    "pauses_per_category": {
        "ICBufferFull": 63,
        "XMarkStart": 10,
        "XMarkEnd": 10,
        "CleanClassLoaderDataMetaspaces": 3,
        "XRelocateStart": 10,
        "Cleanup": 22
    },
    "total_pause_time_per_category": {
        "ICBufferFull": 21408858,
        "XMarkStart": 1191097,
        "XMarkEnd": 1119202,
        "CleanClassLoaderDataMetaspaces": 1578732,
        "XRelocateStart": 2533487,
        "Cleanup": 2175886
    },
    "avg_pause_time_per_category": {
        "ICBufferFull": 339823.14,
        "XMarkStart": 119109.7,
        "XMarkEnd": 111920.2,
        "CleanClassLoaderDataMetaspaces": 526244.0,
        "XRelocateStart": 253348.7,
        "Cleanup": 98903.91
    },
    "p90_pause_time": 483960.2,
    "throughput": 39842391397
}