{
    "garbage_collector": "Z",
    "jdk": "HotSpot_21.0.4",
    "benchmark_group": "Renaissance",
    "benchmark_name": "mnemonics",
    "heap_size": "512",
    "error": null,
    "avg_cpu_usage": 17.3,
    "avg_cpu_time": 17.3,
    "avg_io_time": 0.0,
    "p90_io": 0.0,
    "number_of_pauses": 934,
    "total_pause_time": 87746004,
    "avg_pause_time": 93946.47,
    "pauses_per_category": {
        "ICBufferFull": 1,
        "XMarkStart": 310,
        "XMarkEnd": 310,
        "CleanClassLoaderDataMetaspaces": 3,
        "XRelocateStart": 310
    },
    "total_pause_time_per_category": {
        "ICBufferFull": 57350,
        "XMarkStart": 29861156,
        "XMarkEnd": 29302074,
        "CleanClassLoaderDataMetaspaces": 650380,
        "XRelocateStart": 27875044
    },
    "avg_pause_time_per_category": {
        "ICBufferFull": 57350.0,
        "XMarkStart": 96326.31,
        "XMarkEnd": 94522.82,
        "CleanClassLoaderDataMetaspaces": 216793.33,
        "XRelocateStart": 89919.5
    },
    "p90_pause_time": 101100.8,
    "throughput": 31931037068
}