{
    "garbage_collector": "Z",
    "jdk": "HotSpot_21.0.4",
    "benchmark_group": "Renaissance",
    "benchmark_name": "page-rank",
    "heap_size": "8192",
    "error": null,
    "avg_cpu_usage": 39.8,
    "avg_cpu_time": 38.6,
    "avg_io_time": 0.1,
    "p90_io": 0.0,
    "number_of_pauses": 131,
    "total_pause_time": 13003698,
    "avg_pause_time": 99264.87,
    "pauses_per_category": {
        "ICBufferFull": 11,
        "Cleanup": 31,
        "XMarkStart": 27,
        "XMarkEnd": 27,
        "CleanClassLoaderDataMetaspaces": 7,
        "XRelocateStart": 28
    },
    "total_pause_time_per_category": {
        "ICBufferFull": 1296394,
        "Cleanup": 2402617,
        "XMarkStart": 2431729,
        "XMarkEnd": 2058838,
        "CleanClassLoaderDataMetaspaces": 2267355,
        "XRelocateStart": 2546765
    },
    "avg_pause_time_per_category": {
        "ICBufferFull": 117854.0,
        "Cleanup": 77503.77,
        "XMarkStart": 90064.04,
        "XMarkEnd": 76253.26,
        "CleanClassLoaderDataMetaspaces": 323907.86,
        "XRelocateStart": 90955.89
    },
    "p90_pause_time": 137392.0,
    "throughput": 62719082434
}