{
    "garbage_collector": "G1",
    "jdk": "HotSpot_21.0.4",
    "benchmark_group": "Renaissance",
    "benchmark_name": "log-regression",
    "heap_size": "8192",
    "error": null,
    "avg_cpu_usage": 50.0,
    "avg_cpu_time": 49.1,
    "avg_io_time": 0.0,
    "p90_io": 0.0,
    "number_of_pauses": 80,
    "total_pause_time": 277322138,
    "avg_pause_time": 3466526.73,
    "pauses_per_category": {
        "ICBufferFull": 54,
        "CollectForMetadataAllocation": 6,
        "G1PauseRemark": 5,
        "G1PauseCleanup": 5,
        "G1CollectForAllocation": 8,
        "Cleanup": 1,
        "G1TryInitiateConcMark": 1
    },
    "total_pause_time_per_category": {
        "ICBufferFull": 6709463,
        "CollectForMetadataAllocation": 60978496,
        "G1PauseRemark": 14186301,
        "G1PauseCleanup": 1483041,
        "G1CollectForAllocation": 171547797,
        "Cleanup": 132589,
        "G1TryInitiateConcMark": 22284451
    },
    "avg_pause_time_per_category": {
        "ICBufferFull": 124249.31,
        "CollectForMetadataAllocation": 10163082.67,
        "G1PauseRemark": 2837260.2,
        "G1PauseCleanup": 296608.2,
        "G1CollectForAllocation": 21443474.62,
        "Cleanup": 132589.0,
        "G1TryInitiateConcMark": 22284451.0
    },
    "p90_pause_time": 12475532.3,
    "throughput": 19626915053
}