{
    "garbage_collector": "Parallel",
    "jdk": "HotSpot_21.0.4",
    "benchmark_group": "Renaissance",
    "benchmark_name": "page-rank",
    "heap_size": "1024",
    "error": null,
    "avg_cpu_usage": 41.3,
    "avg_cpu_time": 41.1,
    "avg_io_time": 0.1,
    "p90_io": 0.0,
    "number_of_pauses": 427,
    "total_pause_time": 10991907763,
    "avg_pause_time": 25742172.75,
    "pauses_per_category": {
        "ICBufferFull": 7,
        "CollectForMetadataAllocation": 3,
        "ParallelGCFailedAllocation": 417
    },
    "total_pause_time_per_category": {
        "ICBufferFull": 582759,
        "CollectForMetadataAllocation": 437688853,
        "ParallelGCFailedAllocation": 10553636151
    },
    "avg_pause_time_per_category": {
        "ICBufferFull": 83251.29,
        "CollectForMetadataAllocation": 145896284.33,
        "ParallelGCFailedAllocation": 25308479.98
    },
    "p90_pause_time": 30211190.2,
    "throughput": 69229835026
}