{
    "garbage_collector": "Parallel",
    "jdk": "HotSpot_21.0.4",
    "benchmark_group": "Renaissance",
    "benchmark_name": "scala-doku",
    "heap_size": "512",
    "error": null,
    "avg_cpu_usage": 14.2,
    "avg_cpu_time": 13.9,
    "avg_io_time": 0.1,
    "p90_io": 0.0,
    "number_of_pauses": 23,
    "total_pause_time": 138970227,
    "avg_pause_time": 6042183.78,
    "pauses_per_category": {
        "ICBufferFull": 2,
        "Cleanup": 6,
        "ParallelGCFailedAllocation": 15
    },
    "total_pause_time_per_category": {
        "ICBufferFull": 128942,
        "Cleanup": 600131,
        "ParallelGCFailedAllocation": 138241154
    },
    "avg_pause_time_per_category": {
        "ICBufferFull": 64471.0,
        "Cleanup": 100021.83,
        "ParallelGCFailedAllocation": 9216076.93
    },
    "p90_pause_time": 12407518.2,
    "throughput": 19452349246
}