{
    "garbage_collector": "Parallel",
    "jdk": "HotSpot_21.0.4",
    "benchmark_group": "Renaissance",
    "benchmark_name": "movie-lens",
    "heap_size": "512",
    "error": null,
    "avg_cpu_usage": 55.4,
    "avg_cpu_time": 50.8,
    "avg_io_time": 0.0,
    "p90_io": 0.0,
    "number_of_pauses": 1538,
    "total_pause_time": 2876466445,
    "avg_pause_time": 1870264.27,
    "pauses_per_category": {
        "ICBufferFull": 14,
        "CollectForMetadataAllocation": 4,
        "ParallelGCFailedAllocation": 1402,
        "ParallelGCSystemGC": 118
    },
    "total_pause_time_per_category": {
        "ICBufferFull": 2489909,
        "CollectForMetadataAllocation": 78819630,
        "ParallelGCFailedAllocation": 2511685176,
        "ParallelGCSystemGC": 283471730
    },
    "avg_pause_time_per_category": {
        "ICBufferFull": 177850.64,
        "CollectForMetadataAllocation": 19704907.5,
        "ParallelGCFailedAllocation": 1791501.55,
        "ParallelGCSystemGC": 2402302.8
    },
    "p90_pause_time": 2269419.6,
    "throughput": 91407628427
}