{
    "garbage_collector": "G1",
    "jdk": "HotSpot_21.0.4",
    "benchmark_group": "Renaissance",
    "benchmark_name": "mnemonics",
    "heap_size": "8192",
    "error": null,
    "avg_cpu_usage": 13.3,
    "avg_cpu_time": 13.8,
    "avg_io_time": 0.0,
    "p90_io": 0.0,
    "number_of_pauses": 24,
    "total_pause_time": 108861301,
    "avg_pause_time": 4535887.54,
    "pauses_per_category": {
        "ICBufferFull": 1,
        "G1CollectForAllocation": 17,
        "Cleanup": 6
    },
    "total_pause_time_per_category": {
        "ICBufferFull": 56879,
        "G1CollectForAllocation": 108278518,
        "Cleanup": 525904
    },
    "avg_pause_time_per_category": {
        "ICBufferFull": 56879.0,
        "G1CollectForAllocation": 6369324.59,
        "Cleanup": 87650.67
    },
    "p90_pause_time": 7542678.6,
    "throughput": 27059149904
}