{
    "garbage_collector": "Serial",
    "jdk": "HotSpot_21.0.4",
    "benchmark_group": "Renaissance",
    "benchmark_name": "als",
    "heap_size": "8192",
    "error": null,
    "avg_cpu_usage": 64.2,
    "avg_cpu_time": 63.5,
    "avg_io_time": 0.2,
    "p90_io": 0.0,
    "number_of_pauses": 93,
    "total_pause_time": 832910235,
    "avg_pause_time": 8956024.03,
    "pauses_per_category": {
        "ICBufferFull": 35,
        "Cleanup": 34,
        "CollectForMetadataAllocation": 4,
        "GenCollectForAllocation": 19,
        "GenCollectFull": 1
    },
    "total_pause_time_per_category": {
        "ICBufferFull": 3624046,
        "Cleanup": 5867676,
        "CollectForMetadataAllocation": 306075552,
        "GenCollectForAllocation": 323332178,
        "GenCollectFull": 194010783
    },
    "avg_pause_time_per_category": {
        "ICBufferFull": 103544.17,
        "Cleanup": 172578.71,
        "CollectForMetadataAllocation": 76518888.0,
        "GenCollectForAllocation": 17017483.05,
        "GenCollectFull": 194010783.0
    },
    "p90_pause_time": 21541995.0,
    "throughput": 53918313518
}