{
    "garbage_collector": "Serial",
    "jdk": "HotSpot_21.0.4",
    "benchmark_group": "Renaissance",
    "benchmark_name": "scala-doku",
    "heap_size": "1024",
    "error": null,
    "avg_cpu_usage": 13.8,
    "avg_cpu_time": 14.0,
    "avg_io_time": 0.1,
    "p90_io": 0.0,
    "number_of_pauses": 20,
    "total_pause_time": 117396074,
    "avg_pause_time": 5869803.7,
    "pauses_per_category": {
        "ICBufferFull": 3,
        "Cleanup": 11,
        "GenCollectForAllocation": 6
    },
    "total_pause_time_per_category": {
        "ICBufferFull": 246402,
        "Cleanup": 979207,
        "GenCollectForAllocation": 116170465
    },
    "avg_pause_time_per_category": {
        "ICBufferFull": 82134.0,
        "Cleanup": 89018.82,
        "GenCollectForAllocation": 19361744.17
    },
    "p90_pause_time": 23235709.9,
    "throughput": 20354561060
}