{
    "garbage_collector": "Serial",
    "jdk": "HotSpot_21.0.4",
    "benchmark_group": "Renaissance",
    "benchmark_name": "naive-bayes",
    "heap_size": "8192",
    "error": null,
    "avg_cpu_usage": 69.3,
    "avg_cpu_time": 69.9,
    "avg_io_time": 0.2,
    "p90_io": 0.0,
    "number_of_pauses": 137,
    "total_pause_time": 1402690317,
    "avg_pause_time": 10238615.45,
    "pauses_per_category": {
        "ICBufferFull": 50,
        "Cleanup": 2,
        "CollectForMetadataAllocation": 4,
        "GenCollectForAllocation": 81
    },
    "total_pause_time_per_category": {
        "ICBufferFull": 5742597,
        "Cleanup": 136085,
        "CollectForMetadataAllocation": 178383726,
        "GenCollectForAllocation": 1218427909
    },
    "avg_pause_time_per_category": {
        "ICBufferFull": 114851.94,
        "Cleanup": 68042.5,
        "CollectForMetadataAllocation": 44595931.5,
        "GenCollectForAllocation": 15042319.86
    },
    "p90_pause_time": 29075880.4,
    "throughput": 25205245020
}