{
    "garbage_collector": "Parallel",
    "jdk": "HotSpot_21.0.4",
    "benchmark_group": "Renaissance",
    "benchmark_name": "page-rank",
    "heap_size": "8192",
    "error": null,
    "avg_cpu_usage": 38.8,
    "avg_cpu_time": 37.6,
    "avg_io_time": 0.1,
    "p90_io": 0.0,
    "number_of_pauses": 66,
    "total_pause_time": 1138243622,
    "avg_pause_time": 17246115.48,
    "pauses_per_category": {
        "ICBufferFull": 13,
        "Cleanup": 22,
        "CollectForMetadataAllocation": 3,
        "ParallelGCFailedAllocation": 28
    },
    "total_pause_time_per_category": {
        "ICBufferFull": 1145291,
        "Cleanup": 1710529,
        "CollectForMetadataAllocation": 85538672,
        "ParallelGCFailedAllocation": 1049849130
    },
    "avg_pause_time_per_category": {
        "ICBufferFull": 88099.31,
        "Cleanup": 77751.32,
        "CollectForMetadataAllocation": 28512890.67,
        "ParallelGCFailedAllocation": 37494611.79
    },
    "p90_pause_time": 50318007.0,
    "throughput": 45084660202
}