{
    "garbage_collector": "Z",
    "jdk": "HotSpot_21.0.4",
    "benchmark_group": "Renaissance",
    "benchmark_name": "fj-kmeans",
    "heap_size": "8192",
    "error": null,
    "avg_cpu_usage": 76.8,
    "avg_cpu_time": 75.2,
    "avg_io_time": 0.0,
    "p90_io": 0.0,
    "number_of_pauses": 106,
    "total_pause_time": 12413074,
    "avg_pause_time": 117104.47,
    "pauses_per_category": {
        "ICBufferFull": 1,
        "XMarkStart": 32,
        "XMarkEnd": 31,
        "CleanClassLoaderDataMetaspaces": 1,
        "XRelocateStart": 31,
        "Cleanup": 10
    },
    "total_pause_time_per_category": {
        "ICBufferFull": 56189,
        "XMarkStart": 3575112,
        "XMarkEnd": 3868349,
        "CleanClassLoaderDataMetaspaces": 734887,
        "XRelocateStart": 3275539,
        "Cleanup": 902998
    },
    "avg_pause_time_per_category": {
        "ICBufferFull": 56189.0,
        "XMarkStart": 111722.25,
        "XMarkEnd": 124785.45,
        "CleanClassLoaderDataMetaspaces": 734887.0,
        "XRelocateStart": 105662.55,
        "Cleanup": 90299.8
    },
    "p90_pause_time": 132533.5,
    "throughput": 42375324508
}