{
    "garbage_collector": "Z",
    "jdk": "HotSpot_21.0.4",
    "benchmark_group": "Renaissance",
    "benchmark_name": "reactors",
    "heap_size": "512",
    "error": "Error code not found: 1\njava.lang.OutOfMemoryError: Java heap space\nException in thread \"reactors-io-scheduler-ForkJoinPool-1-worker-6\" java.lang.OutOfMemoryError: Java heap space\n\nException: java.lang.OutOfMemoryError thrown from the UncaughtExceptionHandler in thread \"reactors-io-scheduler-ForkJoinPool-1-worker-2\"\njava.lang.OutOfMemoryError: Java heap space\nException in thread \"reactors-io-scheduler-ForkJoinPool-1-worker-1\" java.lang.OutOfMemoryError: Java heap space\njava.lang.OutOfMemoryError: Java heap space\nException in thread \"reactors-io-scheduler-reanimator\" java.lang.NullPointerException: Cannot invoke \"java.lang.Thread$UncaughtExceptionHandler.uncaughtException(java.lang.Thread, java.lang.Throwable)\" because the return value of \"io.reactors.JvmScheduler$ReactorForkJoinPool.getUncaughtExceptionHandler()\" is null\n\tat io.reactors.JvmScheduler$ReactorForkJoinReanimatorThread.run(JvmScheduler.scala:51)\njava.lang.OutOfMemoryError: Java heap space\nException in thread \"reactors-io-scheduler-ForkJoinPool-1-worker-5\" java.lang.OutOfMemoryError: Java heap space\nBenchmark 'reactors' failed with exception:\njava.lang.OutOfMemoryError: Java heap space\n",
    "avg_cpu_usage": 34.4,
    "avg_cpu_time": 34.0,
    "avg_io_time": 0.0,
    "p90_io": 0.0,
    "number_of_pauses": 0,
    "total_pause_time": 0,
    "avg_pause_time": 0,
    "pauses_per_category": {},
    "total_pause_time_per_category": {},
    "avg_pause_time_per_category": {},
    "p90_pause_time": 0,
    "throughput": 0
}