{
    "garbage_collector": "Z",
    "jdk": "HotSpot_21.0.4",
    "benchmark_group": "Renaissance",
    "benchmark_name": "dec-tree",
    "heap_size": "4096",
    "error": null,
    "avg_cpu_usage": 35.0,
    "avg_cpu_time": 38.1,
    "avg_io_time": 0.1,
    "p90_io": 0.0,
    "number_of_pauses": 90,
    "total_pause_time": 15881926,
    "avg_pause_time": 176465.84,
    "pauses_per_category": {
        "ICBufferFull": 47,
        "Cleanup": 1,
        "XMarkStart": 11,
        "XMarkEnd": 11,
        "CleanClassLoaderDataMetaspaces": 8,
        "XRelocateStart": 12
    },
    "total_pause_time_per_category": {
        "ICBufferFull": 4668792,
        "Cleanup": 216040,
        "XMarkStart": 1335787,
        "XMarkEnd": 1014191,
        "CleanClassLoaderDataMetaspaces": 5609501,
        "XRelocateStart": 3037615
    },
    "avg_pause_time_per_category": {
        "ICBufferFull": 99336.0,
        "Cleanup": 216040.0,
        "XMarkStart": 121435.18,
        "XMarkEnd": 92199.18,
        "CleanClassLoaderDataMetaspaces": 701187.62,
        "XRelocateStart": 253134.58
    },
    "p90_pause_time": 250743.8,
    "throughput": 18270941928
}