{
    "garbage_collector": "Serial",
    "jdk": "HotSpot_21.0.4",
    "benchmark_group": "Renaissance",
    "benchmark_name": "chi-square",
    "heap_size": "512",
    "error": null,
    "avg_cpu_usage": 24.7,
    "avg_cpu_time": 23.3,
    "avg_io_time": 0.1,
    "p90_io": 0.0,
    "number_of_pauses": 260,
    "total_pause_time": 2448885417,
    "avg_pause_time": 9418790.07,
    "pauses_per_category": {
        "ICBufferFull": 3,
        "Cleanup": 1,
        "CollectForMetadataAllocation": 4,
        "GenCollectForAllocation": 252
    },
    "total_pause_time_per_category": {
        "ICBufferFull": 351212,
        "Cleanup": 84132,
        "CollectForMetadataAllocation": 97679025,
        "GenCollectForAllocation": 2350771048
    },
    "avg_pause_time_per_category": {
        "ICBufferFull": 117070.67,
        "Cleanup": 84132.0,
        "CollectForMetadataAllocation": 24419756.25,
        "GenCollectForAllocation": 9328456.54
    },
    "p90_pause_time": 18754699.7,
    "throughput": 16723664112
}