{
    "garbage_collector": "Z",
    "jdk": "HotSpot_21.0.4",
    "benchmark_group": "Renaissance",
    "benchmark_name": "akka-uct",
    "heap_size": "512",
    "error": null,
    "avg_cpu_usage": 36.0,
    "avg_cpu_time": 35.4,
    "avg_io_time": 0.0,
    "p90_io": 0.0,
    "number_of_pauses": 3518,
    "total_pause_time": 391306359,
    "avg_pause_time": 111229.78,
    "pauses_per_category": {
        "ICBufferFull": 1,
        "XMarkStart": 1171,
        "XMarkEnd": 1172,
        "CleanClassLoaderDataMetaspaces": 3,
        "XRelocateStart": 1171
    },
    "total_pause_time_per_category": {
        "ICBufferFull": 55584,
        "XMarkStart": 260989044,
        "XMarkEnd": 43440498,
        "CleanClassLoaderDataMetaspaces": 1134387,
        "XRelocateStart": 85686846
    },
    "avg_pause_time_per_category": {
        "ICBufferFull": 55584.0,
        "XMarkStart": 222877.07,
        "XMarkEnd": 37065.27,
        "CleanClassLoaderDataMetaspaces": 378129.0,
        "XRelocateStart": 73174.08
    },
    "p90_pause_time": 139183.4,
    "throughput": 436777252424
}