{
    "garbage_collector": "Parallel",
    "jdk": "HotSpot_21.0.4",
    "benchmark_group": "Renaissance",
    "benchmark_name": "dotty",
    "heap_size": "1024",
    "error": null,
    "avg_cpu_usage": 41.5,
    "avg_cpu_time": 39.1,
    "avg_io_time": 0.0,
    "p90_io": 0.0,
    "number_of_pauses": 92,
    "total_pause_time": 476423211,
    "avg_pause_time": 5178513.16,
    "pauses_per_category": {
        "ICBufferFull": 73,
        "CollectForMetadataAllocation": 2,
        "ParallelGCSystemGC": 3,
        "ParallelGCFailedAllocation": 7,
        "Cleanup": 7
    },
    "total_pause_time_per_category": {
        "ICBufferFull": 36328210,
        "CollectForMetadataAllocation": 56721004,
        "ParallelGCSystemGC": 311457605,
        "ParallelGCFailedAllocation": 70142980,
        "Cleanup": 1773412
    },
    "avg_pause_time_per_category": {
        "ICBufferFull": 497646.71,
        "CollectForMetadataAllocation": 28360502.0,
        "ParallelGCSystemGC": 103819201.67,
        "ParallelGCFailedAllocation": 10020425.71,
        "Cleanup": 253344.57
    },
    "p90_pause_time": 4914186.6,
    "throughput": 27726849887
}