{
    "garbage_collector": "Serial",
    "jdk": "HotSpot_21.0.4",
    "benchmark_group": "Renaissance",
    "benchmark_name": "naive-bayes",
    "heap_size": "4096",
    "error": null,
    "avg_cpu_usage": 66.8,
    "avg_cpu_time": 69.3,
    "avg_io_time": 0.1,
    "p90_io": 0.0,
    "number_of_pauses": 178,
    "total_pause_time": 1370469392,
    "avg_pause_time": 7699266.25,
    "pauses_per_category": {
        "ICBufferFull": 30,
        "Cleanup": 2,
        "CollectForMetadataAllocation": 5,
        "GenCollectForAllocation": 141
    },
    "total_pause_time_per_category": {
        "ICBufferFull": 5407723,
        "Cleanup": 74246,
        "CollectForMetadataAllocation": 171582989,
        "GenCollectForAllocation": 1193404434
    },
    "avg_pause_time_per_category": {
        "ICBufferFull": 180257.43,
        "Cleanup": 37123.0,
        "CollectForMetadataAllocation": 34316597.8,
        "GenCollectForAllocation": 8463861.23
    },
    "p90_pause_time": 14494679.8,
    "throughput": 23589789194
}