{
    "garbage_collector": "Serial",
    "jdk": "HotSpot_21.0.4",
    "benchmark_group": "Renaissance",
    "benchmark_name": "mnemonics",
    "heap_size": "4096",
    "error": null,
    "avg_cpu_usage": 12.7,
    "avg_cpu_time": 13.1,
    "avg_io_time": 0.0,
    "p90_io": 0.0,
    "number_of_pauses": 58,
    "total_pause_time": 612948250,
    "avg_pause_time": 10568073.28,
    "pauses_per_category": {
        "ICBufferFull": 1,
        "GenCollectForAllocation": 57
    },
    "total_pause_time_per_category": {
        "ICBufferFull": 137828,
        "GenCollectForAllocation": 612810422
    },
    "avg_pause_time_per_category": {
        "ICBufferFull": 137828.0,
        "GenCollectForAllocation": 10751060.04
    },
    "p90_pause_time": 16724788.7,
    "throughput": 24024429164
}