{
    "garbage_collector": "Z",
    "jdk": "HotSpot_21.0.4",
    "benchmark_group": "Renaissance",
    "benchmark_name": "philosophers",
    "heap_size": "512",
    "error": null,
    "avg_cpu_usage": 87.4,
    "avg_cpu_time": 85.3,
    "avg_io_time": 0.0,
    "p90_io": 0.0,
    "number_of_pauses": 392,
    "total_pause_time": 39798510,
    "avg_pause_time": 101526.81,
    "pauses_per_category": {
        "ICBufferFull": 1,
        "XMarkStart": 130,
        "XMarkEnd": 130,
        "CleanClassLoaderDataMetaspaces": 1,
        "XRelocateStart": 130
    },
    "total_pause_time_per_category": {
        "ICBufferFull": 57902,
        "XMarkStart": 13164080,
        "XMarkEnd": 12777961,
        "CleanClassLoaderDataMetaspaces": 1001128,
        "XRelocateStart": 12797439
    },
    "avg_pause_time_per_category": {
        "ICBufferFull": 57902.0,
        "XMarkStart": 101262.15,
        "XMarkEnd": 98292.01,
        "CleanClassLoaderDataMetaspaces": 1001128.0,
        "XRelocateStart": 98441.84
    },
    "p90_pause_time": 104238.6,
    "throughput": 14412291861
}