{
    "garbage_collector": "Z",
    "jdk": "HotSpot_21.0.4",
    "benchmark_group": "Renaissance",
    "benchmark_name": "dotty",
    "heap_size": "512",
    "error": null,
    "avg_cpu_usage": 38.4,
    "avg_cpu_time": 36.3,
    "avg_io_time": 0.0,
    "p90_io": 0.0,
    "number_of_pauses": 120,
    "total_pause_time": 53702785,
    "avg_pause_time": 447523.21,
    "pauses_per_category": {
        "ICBufferFull": 64,
        "XMarkStart": 14,
        "XMarkEnd": 14,
        "CleanClassLoaderDataMetaspaces": 6,
        "XRelocateStart": 14,
        "Cleanup": 8
    },
    "total_pause_time_per_category": {
        "ICBufferFull": 37190422,
        "XMarkStart": 2999643,
        "XMarkEnd": 2357255,
        "CleanClassLoaderDataMetaspaces": 2063920,
        "XRelocateStart": 8191632,
        "Cleanup": 899913
    },
    "avg_pause_time_per_category": {
        "ICBufferFull": 581100.34,
        "XMarkStart": 214260.21,
        "XMarkEnd": 168375.36,
        "CleanClassLoaderDataMetaspaces": 343986.67,
        "XRelocateStart": 585116.57,
        "Cleanup": 112489.12
    },
    "p90_pause_time": 595075.4,
    "throughput": 28923043044
}