{
    "garbage_collector": "Parallel",
    "jdk": "HotSpot_21.0.4",
    "benchmark_group": "Renaissance",
    "benchmark_name": "log-regression",
    "heap_size": "512",
    "error": null,
    "avg_cpu_usage": 49.4,
    "avg_cpu_time": 44.6,
    "avg_io_time": 0.0,
    "p90_io": 0.0,
    "number_of_pauses": 335,
    "total_pause_time": 1450244907,
    "avg_pause_time": 4329089.27,
    "pauses_per_category": {
        "ICBufferFull": 27,
        "CollectForMetadataAllocation": 5,
        "ParallelGCFailedAllocation": 303
    },
    "total_pause_time_per_category": {
        "ICBufferFull": 2653560,
        "CollectForMetadataAllocation": 122463371,
        "ParallelGCFailedAllocation": 1325127976
    },
    "avg_pause_time_per_category": {
        "ICBufferFull": 98280.0,
        "CollectForMetadataAllocation": 24492674.2,
        "ParallelGCFailedAllocation": 4373359.66
    },
    "p90_pause_time": 4269728.6,
    "throughput": 20537700240
}