{
    "garbage_collector": "Parallel",
    "jdk": "HotSpot_21.0.4",
    "benchmark_group": "Renaissance",
    "benchmark_name": "gauss-mix",
    "heap_size": "2048",
    "error": null,
    "avg_cpu_usage": 30.7,
    "avg_cpu_time": 30.2,
    "avg_io_time": 0.2,
    "p90_io": 0.0,
    "number_of_pauses": 36,
    "total_pause_time": 132962329,
    "avg_pause_time": 3693398.03,
    "pauses_per_category": {
        "ICBufferFull": 10,
        "Cleanup": 2,
        "CollectForMetadataAllocation": 3,
        "ParallelGCFailedAllocation": 19,
        "ParallelGCSystemGC": 2
    },
    "total_pause_time_per_category": {
        "ICBufferFull": 940534,
        "Cleanup": 349388,
        "CollectForMetadataAllocation": 83426780,
        "ParallelGCFailedAllocation": 43997085,
        "ParallelGCSystemGC": 4248542
    },
    "avg_pause_time_per_category": {
        "ICBufferFull": 94053.4,
        "Cleanup": 174694.0,
        "CollectForMetadataAllocation": 27808926.67,
        "ParallelGCFailedAllocation": 2315636.05,
        "ParallelGCSystemGC": 2124271.0
    },
    "p90_pause_time": 6291452.0,
    "throughput": 12476507205
}