{
    "garbage_collector": "Parallel",
    "jdk": "HotSpot_21.0.4",
    "benchmark_group": "Renaissance",
    "benchmark_name": "dec-tree",
    "heap_size": "8192",
    "error": null,
    "avg_cpu_usage": 41.0,
    "avg_cpu_time": 41.7,
    "avg_io_time": 0.3,
    "p90_io": 0.0,
    "number_of_pauses": 59,
    "total_pause_time": 287732159,
    "avg_pause_time": 4876816.25,
    "pauses_per_category": {
        "ICBufferFull": 47,
        "Cleanup": 2,
        "CollectForMetadataAllocation": 4,
        "ParallelGCFailedAllocation": 5,
        "ParallelGCSystemGC": 1
    },
    "total_pause_time_per_category": {
        "ICBufferFull": 4666271,
        "Cleanup": 164951,
        "CollectForMetadataAllocation": 129694293,
        "ParallelGCFailedAllocation": 61088597,
        "ParallelGCSystemGC": 92118047
    },
    "avg_pause_time_per_category": {
        "ICBufferFull": 99282.36,
        "Cleanup": 82475.5,
        "CollectForMetadataAllocation": 32423573.25,
        "ParallelGCFailedAllocation": 12217719.4,
        "ParallelGCSystemGC": 92118047.0
    },
    "p90_pause_time": 21820892.4,
    "throughput": 15837246991
}