{
    "garbage_collector": "G1",
    "jdk": "HotSpot_21.0.4",
    "benchmark_group": "Renaissance",
    "benchmark_name": "als",
    "heap_size": "2048",
    "error": null,
    "avg_cpu_usage": 66.6,
    "avg_cpu_time": 66.0,
    "avg_io_time": 0.1,
    "p90_io": 0.0,
    "number_of_pauses": 171,
    "total_pause_time": 500957796,
    "avg_pause_time": 2929577.75,
    "pauses_per_category": {
        "ICBufferFull": 41,
        "CollectForMetadataAllocation": 10,
        "G1PauseRemark": 15,
        "G1PauseCleanup": 15,
        "G1CollectForAllocation": 46,
        "G1TryInitiateConcMark": 16,
        "Cleanup": 28
    },
    "total_pause_time_per_category": {
        "ICBufferFull": 4064306,
        "CollectForMetadataAllocation": 56057834,
        "G1PauseRemark": 73024498,
        "G1PauseCleanup": 9145638,
        "G1CollectForAllocation": 316383790,
        "G1TryInitiateConcMark": 40170266,
        "Cleanup": 2111464
    },
    "avg_pause_time_per_category": {
        "ICBufferFull": 99129.41,
        "CollectForMetadataAllocation": 5605783.4,
        "G1PauseRemark": 4868299.87,
        "G1PauseCleanup": 609709.2,
        "G1CollectForAllocation": 6877908.48,
        "G1TryInitiateConcMark": 2510641.62,
        "Cleanup": 75409.43
    },
    "p90_pause_time": 7416566.0,
    "throughput": 54199453706
}