{
    "garbage_collector": "Z",
    "jdk": "HotSpot_21.0.4",
    "benchmark_group": "Renaissance",
    "benchmark_name": "par-mnemonics",
    "heap_size": "8192",
    "error": null,
    "avg_cpu_usage": 15.8,
    "avg_cpu_time": 14.2,
    "avg_io_time": 0.0,
    "p90_io": 0.0,
    "number_of_pauses": 64,
    "total_pause_time": 6719056,
    "avg_pause_time": 104985.25,
    "pauses_per_category": {
        "ICBufferFull": 3,
        "XMarkStart": 17,
        "XMarkEnd": 17,
        "CleanClassLoaderDataMetaspaces": 3,
        "XRelocateStart": 17,
        "Cleanup": 7
    },
    "total_pause_time_per_category": {
        "ICBufferFull": 252242,
        "XMarkStart": 1713744,
        "XMarkEnd": 1833059,
        "CleanClassLoaderDataMetaspaces": 735140,
        "XRelocateStart": 1611451,
        "Cleanup": 573420
    },
    "avg_pause_time_per_category": {
        "ICBufferFull": 84080.67,
        "XMarkStart": 100808.47,
        "XMarkEnd": 107827.0,
        "CleanClassLoaderDataMetaspaces": 245046.67,
        "XRelocateStart": 94791.24,
        "Cleanup": 81917.14
    },
    "p90_pause_time": 123323.6,
    "throughput": 28891663236
}