{
    "garbage_collector": "Parallel",
    "jdk": "HotSpot_21.0.4",
    "benchmark_group": "Renaissance",
    "benchmark_name": "gauss-mix",
    "heap_size": "4096",
    "error": null,
    "avg_cpu_usage": 29.8,
    "avg_cpu_time": 29.2,
    "avg_io_time": 0.1,
    "p90_io": 0.0,
    "number_of_pauses": 26,
    "total_pause_time": 117106978,
    "avg_pause_time": 4504114.54,
    "pauses_per_category": {
        "ICBufferFull": 12,
        "Cleanup": 2,
        "CollectForMetadataAllocation": 3,
        "ParallelGCFailedAllocation": 9
    },
    "total_pause_time_per_category": {
        "ICBufferFull": 980238,
        "Cleanup": 244103,
        "CollectForMetadataAllocation": 83223501,
        "ParallelGCFailedAllocation": 32659136
    },
    "avg_pause_time_per_category": {
        "ICBufferFull": 81686.5,
        "Cleanup": 122051.5,
        "CollectForMetadataAllocation": 27741167.0,
        "ParallelGCFailedAllocation": 3628792.89
    },
    "p90_pause_time": 15111969.5,
    "throughput": 12478199435
}