{
    "garbage_collector": "Serial",
    "jdk": "HotSpot_21.0.4",
    "benchmark_group": "Renaissance",
    "benchmark_name": "movie-lens",
    "heap_size": "4096",
    "error": null,
    "avg_cpu_usage": 55.9,
    "avg_cpu_time": 49.5,
    "avg_io_time": 0.1,
    "p90_io": 0.0,
    "number_of_pauses": 246,
    "total_pause_time": 2204427381,
    "avg_pause_time": 8961086.91,
    "pauses_per_category": {
        "ICBufferFull": 25,
        "Cleanup": 1,
        "CollectForMetadataAllocation": 4,
        "GenCollectForAllocation": 207,
        "GenCollectFull": 9
    },
    "total_pause_time_per_category": {
        "ICBufferFull": 2845019,
        "Cleanup": 339978,
        "CollectForMetadataAllocation": 95209888,
        "GenCollectForAllocation": 1882528868,
        "GenCollectFull": 223503628
    },
    "avg_pause_time_per_category": {
        "ICBufferFull": 113800.76,
        "Cleanup": 339978.0,
        "CollectForMetadataAllocation": 23802472.0,
        "GenCollectForAllocation": 9094342.36,
        "GenCollectFull": 24833736.44
    },
    "p90_pause_time": 15612362.0,
    "throughput": 90804949675
}