{
    "garbage_collector": "Parallel",
    "jdk": "HotSpot_21.0.4",
    "benchmark_group": "Renaissance",
    "benchmark_name": "reactors",
    "heap_size": "256",
    "error": "Error code not found: 1\njava.lang.OutOfMemoryError: GC overhead limit exceeded\n\tat java.base/java.lang.invoke.LambdaFormEditor.makeArgumentCombinationForm(LambdaFormEditor.java:835)\n\tat java.base/java.lang.invoke.LambdaFormEditor.filterArgumentForm(LambdaFormEditor.java:714)\n\tat java.base/java.lang.invoke.MethodHandleImpl.makePairwiseConvertByEditor(MethodHandleImpl.java:331)\n\tat java.base/java.lang.invoke.MethodHandleImpl.makePairwiseConvert(MethodHandleImpl.java:265)\n\tat java.base/java.lang.invoke.MethodHandleImpl.makePairwiseConvert(MethodHandleImpl.java:382)\n\tat java.base/java.lang.invoke.MethodHandle.asTypeUncached(MethodHandle.java:905)\n\tat java.base/java.lang.invoke.MethodHandle.asType(MethodHandle.java:870)\n\tat java.base/jdk.internal.reflect.MethodHandleAccessorFactory.newConstructorAccessor(MethodHandleAccessorFactory.java:114)\n\tat java.base/jdk.internal.reflect.ReflectionFactory.newConstructorAccessor(ReflectionFactory.java:200)\n\tat java.base/java.lang.reflect.Constructor.acquireConstructorAccessor(Constructor.java:549)\n\tat java.base/java.lang.reflect.Constructor.newInstanceWithCaller(Constructor.java:499)\n\tat java.base/java.lang.reflect.Constructor.newInstance(Constructor.java:486)\n\tat io.reactors.Platform$Reflect$.instantiate(Platform.scala:193)\n\tat io.reactors.Proto.create(Proto.scala:25)\n\tat io.reactors.concurrent.Frame.checkFresh(Frame.scala:237)\n\tat io.reactors.concurrent.Frame.processBatch(Frame.scala:491)\n\tat io.reactors.concurrent.Frame.isolateAndProcessBatch(Frame.scala:210)\n\tat io.reactors.concurrent.Frame.executeBatch(Frame.scala:183)\n\tat io.reactors.JvmScheduler$Executed$$anon$5.run(JvmScheduler.scala:255)\n\tat java.base/java.util.concurrent.ForkJoinTask$RunnableExecuteAction.exec(ForkJoinTask.java:1423)\n\tat java.base/java.util.concurrent.ForkJoinTask.doExec(ForkJoinTask.java:387)\n\tat java.base/java.util.concurrent.ForkJoinTask.invoke(ForkJoinTask.java:667)\n\tat io.reactors.JvmScheduler$ReactorForkJoinWorkerThread.pollPool(JvmScheduler.scala:103)\n\tat io.reactors.JvmScheduler$ReactorForkJoinWorkerThread.postschedule(JvmScheduler.scala:150)\n\tat io.reactors.JvmScheduler$Executed.postschedule(JvmScheduler.scala:273)\n\tat io.reactors.concurrent.Frame.executeBatch(Frame.scala:202)\n\tat io.reactors.JvmScheduler$Executed$$anon$5.run(JvmScheduler.scala:255)\n\tat java.base/java.util.concurrent.ForkJoinTask$RunnableExecuteAction.exec(ForkJoinTask.java:1423)\n\tat java.base/java.util.concurrent.ForkJoinTask.doExec(ForkJoinTask.java:387)\n\tat java.base/java.util.concurrent.ForkJoinPool$WorkQueue.topLevelExec(ForkJoinPool.java:1312)\n\tat java.base/java.util.concurrent.ForkJoinPool.scan(ForkJoinPool.java:1843)\n\tat java.base/java.util.concurrent.ForkJoinPool.runWorker(ForkJoinPool.java:1808)\nFailed to load benchmark 'reactors': GC overhead limit exceeded\n",
    "avg_cpu_usage": 57.3,
    "avg_cpu_time": 58.9,
    "avg_io_time": 0.0,
    "p90_io": 0.0,
    "number_of_pauses": 0,
    "total_pause_time": 0,
    "avg_pause_time": 0,
    "pauses_per_category": {},
    "total_pause_time_per_category": {},
    "avg_pause_time_per_category": {},
    "p90_pause_time": 0,
    "throughput": 0
}