{
    "garbage_collector": "Serial",
    "jdk": "HotSpot_21.0.4",
    "benchmark_group": "Renaissance",
    "benchmark_name": "log-regression",
    "heap_size": "512",
    "error": null,
    "avg_cpu_usage": 42.0,
    "avg_cpu_time": 40.2,
    "avg_io_time": 0.1,
    "p90_io": 0.0,
    "number_of_pauses": 315,
    "total_pause_time": 2071081081,
    "avg_pause_time": 6574860.57,
    "pauses_per_category": {
        "ICBufferFull": 21,
        "Cleanup": 1,
        "CollectForMetadataAllocation": 5,
        "GenCollectForAllocation": 288
    },
    "total_pause_time_per_category": {
        "ICBufferFull": 2000715,
        "Cleanup": 87740,
        "CollectForMetadataAllocation": 144269479,
        "GenCollectForAllocation": 1924723147
    },
    "avg_pause_time_per_category": {
        "ICBufferFull": 95272.14,
        "Cleanup": 87740.0,
        "CollectForMetadataAllocation": 28853895.8,
        "GenCollectForAllocation": 6683066.48
    },
    "p90_pause_time": 7139678.4,
    "throughput": 21720253760
}