{
    "garbage_collector": "Z",
    "jdk": "HotSpot_21.0.4",
    "benchmark_group": "Renaissance",
    "benchmark_name": "philosophers",
    "heap_size": "256",
    "error": null,
    "avg_cpu_usage": 85.0,
    "avg_cpu_time": 86.7,
    "avg_io_time": 0.0,
    "p90_io": 0.0,
    "number_of_pauses": 508,
    "total_pause_time": 44896664,
    "avg_pause_time": 88379.26,
    "pauses_per_category": {
        "XMarkStart": 169,
        "XMarkEnd": 168,
        "CleanClassLoaderDataMetaspaces": 2,
        "XRelocateStart": 169
    },
    "total_pause_time_per_category": {
        "XMarkStart": 18264774,
        "XMarkEnd": 9270997,
        "CleanClassLoaderDataMetaspaces": 949445,
        "XRelocateStart": 16411448
    },
    "avg_pause_time_per_category": {
        "XMarkStart": 108075.59,
        "XMarkEnd": 55184.51,
        "CleanClassLoaderDataMetaspaces": 474722.5,
        "XRelocateStart": 97109.16
    },
    "p90_pause_time": 107876.6,
    "throughput": 17477347468
}