{
    "garbage_collector": "Serial",
    "jdk": "HotSpot_21.0.4",
    "benchmark_group": "Renaissance",
    "benchmark_name": "page-rank",
    "heap_size": "8192",
    "error": null,
    "avg_cpu_usage": 34.5,
    "avg_cpu_time": 34.9,
    "avg_io_time": 0.1,
    "p90_io": 0.0,
    "number_of_pauses": 70,
    "total_pause_time": 4141985567,
    "avg_pause_time": 59171222.39,
    "pauses_per_category": {
        "ICBufferFull": 12,
        "Cleanup": 24,
        "CollectForMetadataAllocation": 4,
        "GenCollectForAllocation": 30
    },
    "total_pause_time_per_category": {
        "ICBufferFull": 1129357,
        "Cleanup": 1613587,
        "CollectForMetadataAllocation": 196702028,
        "GenCollectForAllocation": 3942540595
    },
    "avg_pause_time_per_category": {
        "ICBufferFull": 94113.08,
        "Cleanup": 67232.79,
        "CollectForMetadataAllocation": 49175507.0,
        "GenCollectForAllocation": 131418019.83
    },
    "p90_pause_time": 213683928.6,
    "throughput": 47775077592
}