{
    "garbage_collector": "Z",
    "jdk": "HotSpot_21.0.4",
    "benchmark_group": "Renaissance",
    "benchmark_name": "naive-bayes",
    "heap_size": "512",
    "error": "Error code not found: 52\n00:41:37.122 WARN  [Executor task launch worker for task 2.0 in stage 0.0 (TID 2)] org.apache.spark.storage.BlockManager - Block rdd_3_2 could not be removed as it was not found on disk or in memory\n00:41:37.299 ERROR [Executor task launch worker for task 2.0 in stage 0.0 (TID 2)] org.apache.spark.executor.Executor - Exception in task 2.0 in stage 0.0 (TID 2)\njava.lang.OutOfMemoryError: Java heap space\n\tat java.util.Arrays.copyOf(Arrays.java:3482) ~[?:?]\n\tat java.util.ArrayList.grow(ArrayList.java:237) ~[?:?]\n\tat java.util.ArrayList.grow(ArrayList.java:244) ~[?:?]\n\tat java.util.ArrayList.add(ArrayList.java:483) ~[?:?]\n\tat java.util.ArrayList.add(ArrayList.java:496) ~[?:?]\n\tat java.lang.String.split(String.java:3371) ~[?:?]\n\tat java.lang.String.split(String.java:3354) ~[?:?]\n\tat java.lang.String.split(String.java:3447) ~[?:?]\n\tat scala.collection.StringOps$.split$extension(StringOps.scala:836) ~[scala-library-2.13.12.jar:?]\n\tat org.apache.spark.mllib.util.MLUtils$.parseLibSVMRecord(MLUtils.scala:130) ~[spark-mllib_2.13-3.5.0.jar:3.5.0]\n\tat org.apache.spark.ml.source.libsvm.LibSVMFileFormat.$anonfun$buildReader$6(LibSVMRelation.scala:166) ~[spark-mllib_2.13-3.5.0.jar:3.5.0]\n\tat org.apache.spark.ml.source.libsvm.LibSVMFileFormat$$Lambda/0x00007c3cc8d19e08.apply(Unknown Source) ~[?:?]\n\tat scala.collection.Iterator$$anon$9.next(Iterator.scala:584) ~[scala-library-2.13.12.jar:?]\n\tat scala.collection.Iterator$$anon$9.next(Iterator.scala:584) ~[scala-library-2.13.12.jar:?]\n\tat scala.collection.Iterator$$anon$9.next(Iterator.scala:584) ~[scala-library-2.13.12.jar:?]\n\tat org.apache.spark.sql.execution.datasources.FileScanRDD$$anon$1.next(FileScanRDD.scala:197) ~[spark-sql_2.13-3.5.0.jar:3.5.0]\n\tat scala.collection.Iterator$$anon$9.next(Iterator.scala:584) ~[scala-library-2.13.12.jar:?]\n\tat org.apache.spark.sql.execution.columnar.DefaultCachedBatchSerializer$$anon$1.next(InMemoryRelation.scala:90) ~[spark-sql_2.13-3.5.0.jar:3.5.0]\n\tat org.apache.spark.sql.execution.columnar.DefaultCachedBatchSerializer$$anon$1.next(InMemoryRelation.scala:80) ~[spark-sql_2.13-3.5.0.jar:3.5.0]\n\tat org.apache.spark.sql.execution.columnar.CachedRDDBuilder$$anon$2.next(InMemoryRelation.scala:288) ~[spark-sql_2.13-3.5.0.jar:3.5.0]\n\tat org.apache.spark.sql.execution.columnar.CachedRDDBuilder$$anon$2.next(InMemoryRelation.scala:285) ~[spark-sql_2.13-3.5.0.jar:3.5.0]\n\tat org.apache.spark.storage.memory.MemoryStore.putIterator(MemoryStore.scala:224) ~[spark-core_2.13-3.5.0.jar:3.5.0]\n\tat org.apache.spark.storage.memory.MemoryStore.putIteratorAsValues(MemoryStore.scala:302) ~[spark-core_2.13-3.5.0.jar:3.5.0]\n\tat org.apache.spark.storage.BlockManager.$anonfun$doPutIterator$1(BlockManager.scala:1601) ~[spark-core_2.13-3.5.0.jar:3.5.0]\n\tat org.apache.spark.storage.BlockManager$$Lambda/0x00007c3cc8b28b10.apply(Unknown Source) ~[?:?]\n\tat org.apache.spark.storage.BlockManager.org$apache$spark$storage$BlockManager$$doPut(BlockManager.scala:1528) ~[spark-core_2.13-3.5.0.jar:3.5.0]\n\tat org.apache.spark.storage.BlockManager.doPutIterator(BlockManager.scala:1592) ~[spark-core_2.13-3.5.0.jar:3.5.0]\n\tat org.apache.spark.storage.BlockManager.getOrElseUpdate(BlockManager.scala:1389) ~[spark-core_2.13-3.5.0.jar:3.5.0]\n\tat org.apache.spark.storage.BlockManager.getOrElseUpdateRDDBlock(BlockManager.scala:1343) ~[spark-core_2.13-3.5.0.jar:3.5.0]\n\tat org.apache.spark.rdd.RDD.getOrCompute(RDD.scala:376) ~[spark-core_2.13-3.5.0.jar:3.5.0]\n\tat org.apache.spark.rdd.RDD.iterator(RDD.scala:326) ~[spark-core_2.13-3.5.0.jar:3.5.0]\n\tat org.apache.spark.scheduler.ResultTask.runTask(ResultTask.scala:93) ~[spark-core_2.13-3.5.0.jar:3.5.0]\n00:41:37.666 ERROR [Executor task launch worker for task 2.0 in stage 0.0 (TID 2)] org.apache.spark.util.SparkUncaughtExceptionHandler - Uncaught exception in thread Thread[#82,Executor task launch worker for task 2.0 in stage 0.0 (TID 2),5,main]\njava.lang.OutOfMemoryError: Java heap space\n\tat java.util.Arrays.copyOf(Arrays.java:3482) ~[?:?]\n\tat java.util.ArrayList.grow(ArrayList.java:237) ~[?:?]\n\tat java.util.ArrayList.grow(ArrayList.java:244) ~[?:?]\n\tat java.util.ArrayList.add(ArrayList.java:483) ~[?:?]\n\tat java.util.ArrayList.add(ArrayList.java:496) ~[?:?]\n\tat java.lang.String.split(String.java:3371) ~[?:?]\n\tat java.lang.String.split(String.java:3354) ~[?:?]\n\tat java.lang.String.split(String.java:3447) ~[?:?]\n\tat scala.collection.StringOps$.split$extension(StringOps.scala:836) ~[scala-library-2.13.12.jar:?]\n\tat org.apache.spark.mllib.util.MLUtils$.parseLibSVMRecord(MLUtils.scala:130) ~[spark-mllib_2.13-3.5.0.jar:3.5.0]\n\tat org.apache.spark.ml.source.libsvm.LibSVMFileFormat.$anonfun$buildReader$6(LibSVMRelation.scala:166) ~[spark-mllib_2.13-3.5.0.jar:3.5.0]\n\tat org.apache.spark.ml.source.libsvm.LibSVMFileFormat$$Lambda/0x00007c3cc8d19e08.apply(Unknown Source) ~[?:?]\n\tat scala.collection.Iterator$$anon$9.next(Iterator.scala:584) ~[scala-library-2.13.12.jar:?]\n\tat scala.collection.Iterator$$anon$9.next(Iterator.scala:584) ~[scala-library-2.13.12.jar:?]\n\tat scala.collection.Iterator$$anon$9.next(Iterator.scala:584) ~[scala-library-2.13.12.jar:?]\n\tat org.apache.spark.sql.execution.datasources.FileScanRDD$$anon$1.next(FileScanRDD.scala:197) ~[spark-sql_2.13-3.5.0.jar:3.5.0]\n\tat scala.collection.Iterator$$anon$9.next(Iterator.scala:584) ~[scala-library-2.13.12.jar:?]\n\tat org.apache.spark.sql.execution.columnar.DefaultCachedBatchSerializer$$anon$1.next(InMemoryRelation.scala:90) ~[spark-sql_2.13-3.5.0.jar:3.5.0]\n\tat org.apache.spark.sql.execution.columnar.DefaultCachedBatchSerializer$$anon$1.next(InMemoryRelation.scala:80) ~[spark-sql_2.13-3.5.0.jar:3.5.0]\n\tat org.apache.spark.sql.execution.columnar.CachedRDDBuilder$$anon$2.next(InMemoryRelation.scala:288) ~[spark-sql_2.13-3.5.0.jar:3.5.0]\n\tat org.apache.spark.sql.execution.columnar.CachedRDDBuilder$$anon$2.next(InMemoryRelation.scala:285) ~[spark-sql_2.13-3.5.0.jar:3.5.0]\n\tat org.apache.spark.storage.memory.MemoryStore.putIterator(MemoryStore.scala:224) ~[spark-core_2.13-3.5.0.jar:3.5.0]\n\tat org.apache.spark.storage.memory.MemoryStore.putIteratorAsValues(MemoryStore.scala:302) ~[spark-core_2.13-3.5.0.jar:3.5.0]\n\tat org.apache.spark.storage.BlockManager.$anonfun$doPutIterator$1(BlockManager.scala:1601) ~[spark-core_2.13-3.5.0.jar:3.5.0]\n\tat org.apache.spark.storage.BlockManager$$Lambda/0x00007c3cc8b28b10.apply(Unknown Source) ~[?:?]\n\tat org.apache.spark.storage.BlockManager.org$apache$spark$storage$BlockManager$$doPut(BlockManager.scala:1528) ~[spark-core_2.13-3.5.0.jar:3.5.0]\n\tat org.apache.spark.storage.BlockManager.doPutIterator(BlockManager.scala:1592) ~[spark-core_2.13-3.5.0.jar:3.5.0]\n\tat org.apache.spark.storage.BlockManager.getOrElseUpdate(BlockManager.scala:1389) ~[spark-core_2.13-3.5.0.jar:3.5.0]\n\tat org.apache.spark.storage.BlockManager.getOrElseUpdateRDDBlock(BlockManager.scala:1343) ~[spark-core_2.13-3.5.0.jar:3.5.0]\n\tat org.apache.spark.rdd.RDD.getOrCompute(RDD.scala:376) ~[spark-core_2.13-3.5.0.jar:3.5.0]\n\tat org.apache.spark.rdd.RDD.iterator(RDD.scala:326) ~[spark-core_2.13-3.5.0.jar:3.5.0]\n\tat org.apache.spark.scheduler.ResultTask.runTask(ResultTask.scala:93) ~[spark-core_2.13-3.5.0.jar:3.5.0]\n",
    "avg_cpu_usage": 35.1,
    "avg_cpu_time": 32.5,
    "avg_io_time": 0.3,
    "p90_io": 0.0,
    "number_of_pauses": 0,
    "total_pause_time": 0,
    "avg_pause_time": 0,
    "pauses_per_category": {},
    "total_pause_time_per_category": {},
    "avg_pause_time_per_category": {},
    "p90_pause_time": 0,
    "throughput": 0
}