{
    "garbage_collector": "Z",
    "jdk": "HotSpot_21.0.4",
    "benchmark_group": "Renaissance",
    "benchmark_name": "akka-uct",
    "heap_size": "1024",
    "error": null,
    "avg_cpu_usage": 51.6,
    "avg_cpu_time": 45.4,
    "avg_io_time": 0.0,
    "p90_io": 0.0,
    "number_of_pauses": 1269,
    "total_pause_time": 366845761,
    "avg_pause_time": 289082.55,
    "pauses_per_category": {
        "ICBufferFull": 13,
        "XMarkStart": 417,
        "XMarkEnd": 420,
        "CleanClassLoaderDataMetaspaces": 2,
        "XRelocateStart": 417
    },
    "total_pause_time_per_category": {
        "ICBufferFull": 34130573,
        "XMarkStart": 234751768,
        "XMarkEnd": 20192118,
        "CleanClassLoaderDataMetaspaces": 1214352,
        "XRelocateStart": 76556950
    },
    "avg_pause_time_per_category": {
        "ICBufferFull": 2625428.69,
        "XMarkStart": 562953.88,
        "XMarkEnd": 48076.47,
        "CleanClassLoaderDataMetaspaces": 607176.0,
        "XRelocateStart": 183589.81
    },
    "p90_pause_time": 201651.8,
    "throughput": 220849023975
}