{
    "garbage_collector": "Z",
    "jdk": "HotSpot_21.0.4",
    "benchmark_group": "Renaissance",
    "benchmark_name": "dotty",
    "heap_size": "1024",
    "error": null,
    "avg_cpu_usage": 39.2,
    "avg_cpu_time": 35.7,
    "avg_io_time": 0.0,
    "p90_io": 0.0,
    "number_of_pauses": 106,
    "total_pause_time": 40949476,
    "avg_pause_time": 386315.81,
    "pauses_per_category": {
        "ICBufferFull": 64,
        "XMarkStart": 10,
        "XMarkEnd": 8,
        "CleanClassLoaderDataMetaspaces": 6,
        "XRelocateStart": 8,
        "Cleanup": 10
    },
    "total_pause_time_per_category": {
        "ICBufferFull": 29912384,
        "XMarkStart": 3346963,
        "XMarkEnd": 1347948,
        "CleanClassLoaderDataMetaspaces": 4313530,
        "XRelocateStart": 846073,
        "Cleanup": 1182578
    },
    "avg_pause_time_per_category": {
        "ICBufferFull": 467381.0,
        "XMarkStart": 334696.3,
        "XMarkEnd": 168493.5,
        "CleanClassLoaderDataMetaspaces": 718921.67,
        "XRelocateStart": 105759.12,
        "Cleanup": 118257.8
    },
    "p90_pause_time": 449375.5,
    "throughput": 28927127304
}