{
    "garbage_collector": "Serial",
    "jdk": "HotSpot_21.0.4",
    "benchmark_group": "Renaissance",
    "benchmark_name": "movie-lens",
    "heap_size": "2048",
    "error": null,
    "avg_cpu_usage": 54.6,
    "avg_cpu_time": 49.4,
    "avg_io_time": 0.1,
    "p90_io": 0.0,
    "number_of_pauses": 471,
    "total_pause_time": 3137517315,
    "avg_pause_time": 6661395.57,
    "pauses_per_category": {
        "ICBufferFull": 37,
        "Cleanup": 1,
        "CollectForMetadataAllocation": 3,
        "GenCollectForAllocation": 404,
        "GenCollectFull": 26
    },
    "total_pause_time_per_category": {
        "ICBufferFull": 3995202,
        "Cleanup": 21163,
        "CollectForMetadataAllocation": 89122911,
        "GenCollectForAllocation": 2823846869,
        "GenCollectFull": 220531170
    },
    "avg_pause_time_per_category": {
        "ICBufferFull": 107978.43,
        "Cleanup": 21163.0,
        "CollectForMetadataAllocation": 29707637.0,
        "GenCollectForAllocation": 6989719.97,
        "GenCollectFull": 8481968.08
    },
    "p90_pause_time": 12088263.0,
    "throughput": 91357404634
}