{
    "garbage_collector": "Serial",
    "jdk": "HotSpot_21.0.4",
    "benchmark_group": "Renaissance",
    "benchmark_name": "mnemonics",
    "heap_size": "2048",
    "error": null,
    "avg_cpu_usage": 12.9,
    "avg_cpu_time": 13.6,
    "avg_io_time": 0.0,
    "p90_io": 0.0,
    "number_of_pauses": 115,
    "total_pause_time": 1021416855,
    "avg_pause_time": 8881885.7,
    "pauses_per_category": {
        "ICBufferFull": 1,
        "GenCollectForAllocation": 114
    },
    "total_pause_time_per_category": {
        "ICBufferFull": 61761,
        "GenCollectForAllocation": 1021355094
    },
    "avg_pause_time_per_category": {
        "ICBufferFull": 61761.0,
        "GenCollectForAllocation": 8959255.21
    },
    "p90_pause_time": 13953622.6,
    "throughput": 24022817566
}