{
    "garbage_collector": "Parallel",
    "jdk": "HotSpot_21.0.4",
    "benchmark_group": "Renaissance",
    "benchmark_name": "finagle-chirper",
    "heap_size": "256",
    "error": null,
    "avg_cpu_usage": 77.8,
    "avg_cpu_time": 70.7,
    "avg_io_time": 0.0,
    "p90_io": 0.0,
    "number_of_pauses": 484,
    "total_pause_time": 847864037,
    "avg_pause_time": 1751785.2,
    "pauses_per_category": {
        "ICBufferFull": 49,
        "ParallelGCFailedAllocation": 432,
        "CollectForMetadataAllocation": 2,
        "ParallelGCSystemGC": 1
    },
    "total_pause_time_per_category": {
        "ICBufferFull": 27412236,
        "ParallelGCFailedAllocation": 709381672,
        "CollectForMetadataAllocation": 37039783,
        "ParallelGCSystemGC": 74030346
    },
    "avg_pause_time_per_category": {
        "ICBufferFull": 559433.39,
        "ParallelGCFailedAllocation": 1642087.2,
        "CollectForMetadataAllocation": 18519891.5,
        "ParallelGCSystemGC": 74030346.0
    },
    "p90_pause_time": 2402651.9,
    "throughput": 34689344991
}