{
    "garbage_collector": "G1",
    "jdk": "HotSpot_21.0.4",
    "benchmark_group": "Renaissance",
    "benchmark_name": "akka-uct",
    "heap_size": "256",
    "error": null,
    "avg_cpu_usage": 74.7,
    "avg_cpu_time": 74.8,
    "avg_io_time": 0.0,
    "p90_io": 0.0,
    "number_of_pauses": 6036,
    "total_pause_time": 78780179571,
    "avg_pause_time": 13051719.61,
    "pauses_per_category": {
        "ICBufferFull": 1,
        "G1CollectForAllocation": 5903,
        "G1PauseRemark": 114,
        "G1PauseCleanup": 18
    },
    "total_pause_time_per_category": {
        "ICBufferFull": 56714,
        "G1CollectForAllocation": 78485809158,
        "G1PauseRemark": 289953542,
        "G1PauseCleanup": 4360157
    },
    "avg_pause_time_per_category": {
        "ICBufferFull": 56714.0,
        "G1CollectForAllocation": 13295918.88,
        "G1PauseRemark": 2543452.12,
        "G1PauseCleanup": 242230.94
    },
    "p90_pause_time": 13235135.0,
    "throughput": 144782413846
}