{
    "garbage_collector": "Z",
    "jdk": "HotSpot_21.0.4",
    "benchmark_group": "Renaissance",
    "benchmark_name": "scala-doku",
    "heap_size": "2048",
    "error": null,
    "avg_cpu_usage": 13.8,
    "avg_cpu_time": 13.9,
    "avg_io_time": 0.1,
    "p90_io": 0.0,
    "number_of_pauses": 35,
    "total_pause_time": 3953030,
    "avg_pause_time": 112943.71,
    "pauses_per_category": {
        "ICBufferFull": 2,
        "Cleanup": 14,
        "XMarkStart": 6,
        "XMarkEnd": 6,
        "CleanClassLoaderDataMetaspaces": 1,
        "XRelocateStart": 6
    },
    "total_pause_time_per_category": {
        "ICBufferFull": 192723,
        "Cleanup": 1218790,
        "XMarkStart": 548535,
        "XMarkEnd": 580963,
        "CleanClassLoaderDataMetaspaces": 796901,
        "XRelocateStart": 615118
    },
    "avg_pause_time_per_category": {
        "ICBufferFull": 96361.5,
        "Cleanup": 87056.43,
        "XMarkStart": 91422.5,
        "XMarkEnd": 96827.17,
        "CleanClassLoaderDataMetaspaces": 796901.0,
        "XRelocateStart": 102519.67
    },
    "p90_pause_time": 112548.8,
    "throughput": 23385562381
}