{
    "garbage_collector": "Serial",
    "jdk": "HotSpot_21.0.4",
    "benchmark_group": "Renaissance",
    "benchmark_name": "philosophers",
    "heap_size": "2048",
    "error": null,
    "avg_cpu_usage": 83.7,
    "avg_cpu_time": 77.3,
    "avg_io_time": 0.0,
    "p90_io": 0.0,
    "number_of_pauses": 66,
    "total_pause_time": 252858158,
    "avg_pause_time": 3831184.21,
    "pauses_per_category": {
        "ICBufferFull": 2,
        "GenCollectForAllocation": 64
    },
    "total_pause_time_per_category": {
        "ICBufferFull": 232033,
        "GenCollectForAllocation": 252626125
    },
    "avg_pause_time_per_category": {
        "ICBufferFull": 116016.5,
        "GenCollectForAllocation": 3947283.2
    },
    "p90_pause_time": 6988145.5,
    "throughput": 22100447204
}