{
    "garbage_collector": "Z",
    "jdk": "HotSpot_21.0.4",
    "benchmark_group": "Renaissance",
    "benchmark_name": "finagle-http",
    "heap_size": "2048",
    "error": null,
    "avg_cpu_usage": 79.0,
    "avg_cpu_time": 62.8,
    "avg_io_time": 0.0,
    "p90_io": 0.0,
    "number_of_pauses": 172,
    "total_pause_time": 28487483,
    "avg_pause_time": 165624.9,
    "pauses_per_category": {
        "ICBufferFull": 54,
        "XMarkStart": 33,
        "XMarkEnd": 33,
        "CleanClassLoaderDataMetaspaces": 3,
        "XRelocateStart": 34,
        "Cleanup": 15
    },
    "total_pause_time_per_category": {
        "ICBufferFull": 8583658,
        "XMarkStart": 5352557,
        "XMarkEnd": 4690033,
        "CleanClassLoaderDataMetaspaces": 2037726,
        "XRelocateStart": 5893752,
        "Cleanup": 1929757
    },
    "avg_pause_time_per_category": {
        "ICBufferFull": 158956.63,
        "XMarkStart": 162198.7,
        "XMarkEnd": 142122.21,
        "CleanClassLoaderDataMetaspaces": 679242.0,
        "XRelocateStart": 173345.65,
        "Cleanup": 128650.47
    },
    "p90_pause_time": 259601.0,
    "throughput": 42051185588
}