{
    "garbage_collector": "Serial",
    "jdk": "HotSpot_21.0.4",
    "benchmark_group": "Renaissance",
    "benchmark_name": "finagle-chirper",
    "heap_size": "512",
    "error": null,
    "avg_cpu_usage": 74.2,
    "avg_cpu_time": 68.4,
    "avg_io_time": 0.0,
    "p90_io": 0.0,
    "number_of_pauses": 287,
    "total_pause_time": 2100741500,
    "avg_pause_time": 7319656.79,
    "pauses_per_category": {
        "ICBufferFull": 45,
        "CollectForMetadataAllocation": 2,
        "GenCollectForAllocation": 239,
        "GenCollectFull": 1
    },
    "total_pause_time_per_category": {
        "ICBufferFull": 5896304,
        "CollectForMetadataAllocation": 53252177,
        "GenCollectForAllocation": 1932827260,
        "GenCollectFull": 108765759
    },
    "avg_pause_time_per_category": {
        "ICBufferFull": 131028.98,
        "CollectForMetadataAllocation": 26626088.5,
        "GenCollectForAllocation": 8087143.35,
        "GenCollectFull": 108765759.0
    },
    "p90_pause_time": 12273670.8,
    "throughput": 35269209540
}