{
    "garbage_collector": "Z",
    "jdk": "HotSpot_21.0.4",
    "benchmark_group": "Renaissance",
    "benchmark_name": "neo4j-analytics",
    "heap_size": "4096",
    "error": null,
    "avg_cpu_usage": 34.6,
    "avg_cpu_time": 34.1,
    "avg_io_time": 0.6,
    "p90_io": 1.2,
    "number_of_pauses": 143,
    "total_pause_time": 21909038,
    "avg_pause_time": 153210.06,
    "pauses_per_category": {
        "ICBufferFull": 39,
        "XMarkStart": 28,
        "XMarkEnd": 28,
        "CleanClassLoaderDataMetaspaces": 7,
        "XRelocateStart": 28,
        "Cleanup": 13
    },
    "total_pause_time_per_category": {
        "ICBufferFull": 4374342,
        "XMarkStart": 2947087,
        "XMarkEnd": 7087030,
        "CleanClassLoaderDataMetaspaces": 3129497,
        "XRelocateStart": 2948707,
        "Cleanup": 1422375
    },
    "avg_pause_time_per_category": {
        "ICBufferFull": 112162.62,
        "XMarkStart": 105253.11,
        "XMarkEnd": 253108.21,
        "CleanClassLoaderDataMetaspaces": 447071.0,
        "XRelocateStart": 105310.96,
        "Cleanup": 109413.46
    },
    "p90_pause_time": 162297.6,
    "throughput": 39952758449
}