{
    "garbage_collector": "G1",
    "jdk": "HotSpot_21.0.4",
    "benchmark_group": "Renaissance",
    "benchmark_name": "finagle-chirper",
    "heap_size": "1024",
    "error": null,
    "avg_cpu_usage": 79.5,
    "avg_cpu_time": 71.6,
    "avg_io_time": 0.0,
    "p90_io": 0.0,
    "number_of_pauses": 153,
    "total_pause_time": 436906485,
    "avg_pause_time": 2855597.94,
    "pauses_per_category": {
        "ICBufferFull": 85,
        "G1CollectForAllocation": 57,
        "CollectForMetadataAllocation": 4,
        "G1PauseRemark": 3,
        "G1PauseCleanup": 3,
        "G1TryInitiateConcMark": 1
    },
    "total_pause_time_per_category": {
        "ICBufferFull": 27911247,
        "G1CollectForAllocation": 379254806,
        "CollectForMetadataAllocation": 13808724,
        "G1PauseRemark": 10549963,
        "G1PauseCleanup": 1650936,
        "G1TryInitiateConcMark": 3730809
    },
    "avg_pause_time_per_category": {
        "ICBufferFull": 328367.61,
        "G1CollectForAllocation": 6653593.09,
        "CollectForMetadataAllocation": 3452181.0,
        "G1PauseRemark": 3516654.33,
        "G1PauseCleanup": 550312.0,
        "G1TryInitiateConcMark": 3730809.0
    },
    "p90_pause_time": 7759315.0,
    "throughput": 36851242292
}