{
    "garbage_collector": "Parallel",
    "jdk": "HotSpot_21.0.4",
    "benchmark_group": "Renaissance",
    "benchmark_name": "fj-kmeans",
    "heap_size": "256",
    "error": null,
    "avg_cpu_usage": 83.4,
    "avg_cpu_time": 83.1,
    "avg_io_time": 0.0,
    "p90_io": 0.0,
    "number_of_pauses": 1296,
    "total_pause_time": 919543492,
    "avg_pause_time": 709524.3,
    "pauses_per_category": {
        "ICBufferFull": 1,
        "ParallelGCFailedAllocation": 1295
    },
    "total_pause_time_per_category": {
        "ICBufferFull": 55590,
        "ParallelGCFailedAllocation": 919487902
    },
    "avg_pause_time_per_category": {
        "ICBufferFull": 55590.0,
        "ParallelGCFailedAllocation": 710029.27
    },
    "p90_pause_time": 821085.0,
    "throughput": 27797329392
}