{
    "garbage_collector": "G1",
    "jdk": "HotSpot_21.0.4",
    "benchmark_group": "Renaissance",
    "benchmark_name": "akka-uct",
    "heap_size": "512",
    "error": null,
    "avg_cpu_usage": 81.6,
    "avg_cpu_time": 81.6,
    "avg_io_time": 0.0,
    "p90_io": 0.0,
    "number_of_pauses": 2046,
    "total_pause_time": 36561035095,
    "avg_pause_time": 17869518.62,
    "pauses_per_category": {
        "ICBufferFull": 7,
        "G1CollectForAllocation": 1862,
        "CollectForMetadataAllocation": 1,
        "G1PauseRemark": 93,
        "G1PauseCleanup": 83
    },
    "total_pause_time_per_category": {
        "ICBufferFull": 15646738,
        "G1CollectForAllocation": 36202922859,
        "CollectForMetadataAllocation": 11594199,
        "G1PauseRemark": 301803037,
        "G1PauseCleanup": 29068262
    },
    "avg_pause_time_per_category": {
        "ICBufferFull": 2235248.29,
        "G1CollectForAllocation": 19443030.54,
        "CollectForMetadataAllocation": 11594199.0,
        "G1PauseRemark": 3245193.95,
        "G1PauseCleanup": 350220.02
    },
    "p90_pause_time": 28274094.0,
    "throughput": 98384413741
}