{
    "garbage_collector": "Serial",
    "jdk": "HotSpot_21.0.4",
    "benchmark_group": "Renaissance",
    "benchmark_name": "chi-square",
    "heap_size": "2048",
    "error": null,
    "avg_cpu_usage": 26.9,
    "avg_cpu_time": 26.5,
    "avg_io_time": 0.0,
    "p90_io": 0.0,
    "number_of_pauses": 55,
    "total_pause_time": 907986192,
    "avg_pause_time": 16508839.85,
    "pauses_per_category": {
        "ICBufferFull": 5,
        "CollectForMetadataAllocation": 3,
        "GenCollectForAllocation": 47
    },
    "total_pause_time_per_category": {
        "ICBufferFull": 452826,
        "CollectForMetadataAllocation": 137414505,
        "GenCollectForAllocation": 770118861
    },
    "avg_pause_time_per_category": {
        "ICBufferFull": 90565.2,
        "CollectForMetadataAllocation": 45804835.0,
        "GenCollectForAllocation": 16385507.68
    },
    "p90_pause_time": 61642518.2,
    "throughput": 12170105164
}