{
    "garbage_collector": "Z",
    "jdk": "HotSpot_21.0.4",
    "benchmark_group": "Renaissance",
    "benchmark_name": "log-regression",
    "heap_size": "2048",
    "error": null,
    "avg_cpu_usage": 46.8,
    "avg_cpu_time": 44.7,
    "avg_io_time": 0.2,
    "p90_io": 0.0,
    "number_of_pauses": 214,
    "total_pause_time": 51336409,
    "avg_pause_time": 239889.76,
    "pauses_per_category": {
        "ICBufferFull": 35,
        "Cleanup": 1,
        "XMarkStart": 56,
        "XMarkEnd": 52,
        "CleanClassLoaderDataMetaspaces": 13,
        "XRelocateStart": 57
    },
    "total_pause_time_per_category": {
        "ICBufferFull": 9113142,
        "Cleanup": 87146,
        "XMarkStart": 5198931,
        "XMarkEnd": 5174225,
        "CleanClassLoaderDataMetaspaces": 19237886,
        "XRelocateStart": 12525079
    },
    "avg_pause_time_per_category": {
        "ICBufferFull": 260375.49,
        "Cleanup": 87146.0,
        "XMarkStart": 92838.05,
        "XMarkEnd": 99504.33,
        "CleanClassLoaderDataMetaspaces": 1479837.38,
        "XRelocateStart": 219738.23
    },
    "p90_pause_time": 205867.4,
    "throughput": 21738371897
}