{
    "garbage_collector": "Serial",
    "jdk": "HotSpot_21.0.4",
    "benchmark_group": "Renaissance",
    "benchmark_name": "dec-tree",
    "heap_size": "8192",
    "error": null,
    "avg_cpu_usage": 40.3,
    "avg_cpu_time": 38.0,
    "avg_io_time": 0.1,
    "p90_io": 0.0,
    "number_of_pauses": 63,
    "total_pause_time": 404646152,
    "avg_pause_time": 6422954.79,
    "pauses_per_category": {
        "ICBufferFull": 50,
        "CollectForMetadataAllocation": 5,
        "GenCollectForAllocation": 7,
        "GenCollectFull": 1
    },
    "total_pause_time_per_category": {
        "ICBufferFull": 4538101,
        "CollectForMetadataAllocation": 155423181,
        "GenCollectForAllocation": 124207391,
        "GenCollectFull": 120477479
    },
    "avg_pause_time_per_category": {
        "ICBufferFull": 90762.02,
        "CollectForMetadataAllocation": 31084636.2,
        "GenCollectForAllocation": 17743913.0,
        "GenCollectFull": 120477479.0
    },
    "p90_pause_time": 24381774.6,
    "throughput": 15831824212
}