{
    "garbage_collector": "Serial",
    "jdk": "HotSpot_21.0.4",
    "benchmark_group": "Renaissance",
    "benchmark_name": "page-rank",
    "heap_size": "2048",
    "error": null,
    "avg_cpu_usage": 31.3,
    "avg_cpu_time": 30.6,
    "avg_io_time": 0.1,
    "p90_io": 0.0,
    "number_of_pauses": 135,
    "total_pause_time": 15589209226,
    "avg_pause_time": 115475623.9,
    "pauses_per_category": {
        "ICBufferFull": 8,
        "Cleanup": 1,
        "CollectForMetadataAllocation": 4,
        "GenCollectForAllocation": 122
    },
    "total_pause_time_per_category": {
        "ICBufferFull": 581824,
        "Cleanup": 402895,
        "CollectForMetadataAllocation": 184951149,
        "GenCollectForAllocation": 15403273358
    },
    "avg_pause_time_per_category": {
        "ICBufferFull": 72728.0,
        "Cleanup": 402895.0,
        "CollectForMetadataAllocation": 46237787.25,
        "GenCollectForAllocation": 126256339.0
    },
    "p90_pause_time": 175033861.8,
    "throughput": 59333180999
}