{
    "garbage_collector": "Serial",
    "jdk": "HotSpot_21.0.4",
    "benchmark_group": "Renaissance",
    "benchmark_name": "als",
    "heap_size": "1024",
    "error": null,
    "avg_cpu_usage": 64.1,
    "avg_cpu_time": 63.1,
    "avg_io_time": 0.1,
    "p90_io": 0.0,
    "number_of_pauses": 205,
    "total_pause_time": 1838769098,
    "avg_pause_time": 8969605.36,
    "pauses_per_category": {
        "ICBufferFull": 25,
        "Cleanup": 1,
        "CollectForMetadataAllocation": 5,
        "GenCollectForAllocation": 169,
        "GenCollectFull": 5
    },
    "total_pause_time_per_category": {
        "ICBufferFull": 2388069,
        "Cleanup": 275700,
        "CollectForMetadataAllocation": 202481553,
        "GenCollectForAllocation": 1502189498,
        "GenCollectFull": 131434278
    },
    "avg_pause_time_per_category": {
        "ICBufferFull": 95522.76,
        "Cleanup": 275700.0,
        "CollectForMetadataAllocation": 40496310.6,
        "GenCollectForAllocation": 8888695.25,
        "GenCollectFull": 26286855.6
    },
    "p90_pause_time": 11545698.8,
    "throughput": 54497577161
}