{
    "garbage_collector": "Parallel",
    "jdk": "HotSpot_21.0.4",
    "benchmark_group": "Renaissance",
    "benchmark_name": "log-regression",
    "heap_size": "2048",
    "error": null,
    "avg_cpu_usage": 48.3,
    "avg_cpu_time": 44.9,
    "avg_io_time": 0.1,
    "p90_io": 0.0,
    "number_of_pauses": 97,
    "total_pause_time": 707021640,
    "avg_pause_time": 7288882.89,
    "pauses_per_category": {
        "ICBufferFull": 38,
        "Cleanup": 2,
        "CollectForMetadataAllocation": 4,
        "ParallelGCFailedAllocation": 52,
        "ParallelGCSystemGC": 1
    },
    "total_pause_time_per_category": {
        "ICBufferFull": 7063015,
        "Cleanup": 743767,
        "CollectForMetadataAllocation": 126369523,
        "ParallelGCFailedAllocation": 465811196,
        "ParallelGCSystemGC": 107034139
    },
    "avg_pause_time_per_category": {
        "ICBufferFull": 185868.82,
        "Cleanup": 371883.5,
        "CollectForMetadataAllocation": 31592380.75,
        "ParallelGCFailedAllocation": 8957907.62,
        "ParallelGCSystemGC": 107034139.0
    },
    "p90_pause_time": 18553315.8,
    "throughput": 19014842767
}