{
    "garbage_collector": "Serial",
    "jdk": "HotSpot_21.0.4",
    "benchmark_group": "Renaissance",
    "benchmark_name": "akka-uct",
    "heap_size": "4096",
    "error": null,
    "avg_cpu_usage": 49.0,
    "avg_cpu_time": 46.7,
    "avg_io_time": 0.0,
    "p90_io": 0.0,
    "number_of_pauses": 197,
    "total_pause_time": 54431137501,
    "avg_pause_time": 276300190.36,
    "pauses_per_category": {
        "ICBufferFull": 17,
        "GenCollectForAllocation": 179,
        "CollectForMetadataAllocation": 1
    },
    "total_pause_time_per_category": {
        "ICBufferFull": 7569597,
        "GenCollectForAllocation": 53972725785,
        "CollectForMetadataAllocation": 450842119
    },
    "avg_pause_time_per_category": {
        "ICBufferFull": 445270.41,
        "GenCollectForAllocation": 301523607.74,
        "CollectForMetadataAllocation": 450842119.0
    },
    "p90_pause_time": 336480344.4,
    "throughput": 116871053556
}