{
    "garbage_collector": "Z",
    "jdk": "HotSpot_21.0.4",
    "benchmark_group": "Renaissance",
    "benchmark_name": "par-mnemonics",
    "heap_size": "4096",
    "error": null,
    "avg_cpu_usage": 16.0,
    "avg_cpu_time": 16.0,
    "avg_io_time": 0.0,
    "p90_io": 0.0,
    "number_of_pauses": 112,
    "total_pause_time": 11366119,
    "avg_pause_time": 101483.21,
    "pauses_per_category": {
        "ICBufferFull": 4,
        "XMarkStart": 35,
        "XMarkEnd": 35,
        "CleanClassLoaderDataMetaspaces": 2,
        "XRelocateStart": 35,
        "Cleanup": 1
    },
    "total_pause_time_per_category": {
        "ICBufferFull": 354367,
        "XMarkStart": 3556031,
        "XMarkEnd": 3587940,
        "CleanClassLoaderDataMetaspaces": 506327,
        "XRelocateStart": 3266106,
        "Cleanup": 95348
    },
    "avg_pause_time_per_category": {
        "ICBufferFull": 88591.75,
        "XMarkStart": 101600.89,
        "XMarkEnd": 102512.57,
        "CleanClassLoaderDataMetaspaces": 253163.5,
        "XRelocateStart": 93317.31,
        "Cleanup": 95348.0
    },
    "p90_pause_time": 112521.1,
    "throughput": 26460649692
}