{
    "garbage_collector": "G1",
    "jdk": "HotSpot_21.0.4",
    "benchmark_group": "Renaissance",
    "benchmark_name": "finagle-chirper",
    "heap_size": "256",
    "error": null,
    "avg_cpu_usage": 78.9,
    "avg_cpu_time": 71.9,
    "avg_io_time": 0.0,
    "p90_io": 0.0,
    "number_of_pauses": 288,
    "total_pause_time": 779171343,
    "avg_pause_time": 2705456.05,
    "pauses_per_category": {
        "ICBufferFull": 49,
        "G1CollectForAllocation": 227,
        "CollectForMetadataAllocation": 5,
        "G1PauseRemark": 3,
        "G1PauseCleanup": 3,
        "G1TryInitiateConcMark": 1
    },
    "total_pause_time_per_category": {
        "ICBufferFull": 20021861,
        "G1CollectForAllocation": 722901594,
        "CollectForMetadataAllocation": 18248083,
        "G1PauseRemark": 11924904,
        "G1PauseCleanup": 1926347,
        "G1TryInitiateConcMark": 4148554
    },
    "avg_pause_time_per_category": {
        "ICBufferFull": 408609.41,
        "G1CollectForAllocation": 3184588.52,
        "CollectForMetadataAllocation": 3649616.6,
        "G1PauseRemark": 3974968.0,
        "G1PauseCleanup": 642115.67,
        "G1TryInitiateConcMark": 4148554.0
    },
    "p90_pause_time": 4567487.0,
    "throughput": 37164746943
}