{
    "garbage_collector": "Serial",
    "jdk": "HotSpot_21.0.4",
    "benchmark_group": "Renaissance",
    "benchmark_name": "rx-scrabble",
    "heap_size": "256",
    "error": null,
    "avg_cpu_usage": 24.7,
    "avg_cpu_time": 24.1,
    "avg_io_time": 0.0,
    "p90_io": 0.0,
    "number_of_pauses": 36,
    "total_pause_time": 214264688,
    "avg_pause_time": 5951796.89,
    "pauses_per_category": {
        "ICBufferFull": 8,
        "GenCollectForAllocation": 28
    },
    "total_pause_time_per_category": {
        "ICBufferFull": 658791,
        "GenCollectForAllocation": 213605897
    },
    "avg_pause_time_per_category": {
        "ICBufferFull": 82348.88,
        "GenCollectForAllocation": 7628782.04
    },
    "p90_pause_time": 17200043.0,
    "throughput": 2745482447
}