{
    "garbage_collector": "Serial",
    "jdk": "HotSpot_21.0.4",
    "benchmark_group": "Renaissance",
    "benchmark_name": "future-genetic",
    "heap_size": "1024",
    "error": null,
    "avg_cpu_usage": 32.6,
    "avg_cpu_time": 29.8,
    "avg_io_time": 0.0,
    "p90_io": 0.0,
    "number_of_pauses": 60,
    "total_pause_time": 182293879,
    "avg_pause_time": 3038231.32,
    "pauses_per_category": {
        "ICBufferFull": 3,
        "GenCollectForAllocation": 57
    },
    "total_pause_time_per_category": {
        "ICBufferFull": 338700,
        "GenCollectForAllocation": 181955179
    },
    "avg_pause_time_per_category": {
        "ICBufferFull": 112900.0,
        "GenCollectForAllocation": 3192196.12
    },
    "p90_pause_time": 6801784.3,
    "throughput": 19483833618
}