{
    "garbage_collector": "Parallel",
    "jdk": "HotSpot_21.0.4",
    "benchmark_group": "Renaissance",
    "benchmark_name": "philosophers",
    "heap_size": "256",
    "error": null,
    "avg_cpu_usage": 87.8,
    "avg_cpu_time": 84.2,
    "avg_io_time": 0.0,
    "p90_io": 0.0,
    "number_of_pauses": 437,
    "total_pause_time": 335532610,
    "avg_pause_time": 767809.18,
    "pauses_per_category": {
        "ICBufferFull": 1,
        "ParallelGCFailedAllocation": 436
    },
    "total_pause_time_per_category": {
        "ICBufferFull": 57510,
        "ParallelGCFailedAllocation": 335475100
    },
    "avg_pause_time_per_category": {
        "ICBufferFull": 57510.0,
        "ParallelGCFailedAllocation": 769438.3
    },
    "p90_pause_time": 946234.4,
    "throughput": 17805709784
}