{
    "garbage_collector": "Z",
    "jdk": "HotSpot_21.0.4",
    "benchmark_group": "Renaissance",
    "benchmark_name": "als",
    "heap_size": "4096",
    "error": null,
    "avg_cpu_usage": 62.7,
    "avg_cpu_time": 63.0,
    "avg_io_time": 0.1,
    "p90_io": 0.0,
    "number_of_pauses": 194,
    "total_pause_time": 40778957,
    "avg_pause_time": 210200.81,
    "pauses_per_category": {
        "ICBufferFull": 41,
        "Cleanup": 40,
        "XMarkStart": 36,
        "XMarkEnd": 33,
        "CleanClassLoaderDataMetaspaces": 7,
        "XRelocateStart": 37
    },
    "total_pause_time_per_category": {
        "ICBufferFull": 5780867,
        "Cleanup": 3929132,
        "XMarkStart": 8538679,
        "XMarkEnd": 10943154,
        "CleanClassLoaderDataMetaspaces": 8070227,
        "XRelocateStart": 3516898
    },
    "avg_pause_time_per_category": {
        "ICBufferFull": 140996.76,
        "Cleanup": 98228.3,
        "XMarkStart": 237185.53,
        "XMarkEnd": 331610.73,
        "CleanClassLoaderDataMetaspaces": 1152889.57,
        "XRelocateStart": 95051.3
    },
    "p90_pause_time": 230123.9,
    "throughput": 59429183292
}