{
    "garbage_collector": "Z",
    "jdk": "HotSpot_21.0.4",
    "benchmark_group": "Renaissance",
    "benchmark_name": "akka-uct",
    "heap_size": "256",
    "error": "Error code not found: 255\nUncaught error from thread [UCT-akka.actor.default-dispatcher-13]: Java heap space, shutting down JVM since 'akka.jvm-exit-on-fatal-error' is enabled for ActorSystem[UCT]\nUncaught error from thread [UCT-akka.actor.default-dispatcher-5]: Java heap space, shutting down JVM since 'akka.jvm-exit-on-fatal-error' is enabled for ActorSystem[UCT]\njava.lang.OutOfMemoryError: Java heap space\n\tat akka.dispatch.Envelope$.apply(AbstractDispatcher.scala:41)\n\tat akka.actor.Cell.sendMessage(ActorCell.scala:326)\n\tat akka.actor.Cell.sendMessage$(ActorCell.scala:241)\n\tat akka.actor.ActorCell.sendMessage(ActorCell.scala:410)\n\tat akka.actor.RepointableActorRef.$bang(RepointableActorRef.scala:182)\n\tat edu.rice.habanero.benchmarks.uct.UctAkkaActorBenchmark$NodeActor.terminateMe(UctAkkaActorBenchmark.scala:418)\n\tat edu.rice.habanero.benchmarks.uct.UctAkkaActorBenchmark$NodeActor.process(UctAkkaActorBenchmark.scala:262)\n\tat edu.rice.habanero.actors.AkkaActor$$anon$1.applyOrElse(AkkaActor.scala:33)\n\tat akka.actor.Actor.aroundReceive(Actor.scala:537)\n\tat akka.actor.Actor.aroundReceive$(Actor.scala:471)\n\tat edu.rice.habanero.actors.AkkaActor.aroundReceive(AkkaActor.scala:17)\n\tat akka.actor.ActorCell.receiveMessage(ActorCell.scala:579)\n\tat akka.actor.ActorCell.invoke(ActorCell.scala:547)\n\tat akka.dispatch.Mailbox.processMailbox(Mailbox.scala:270)\n\tat akka.dispatch.Mailbox.run(Mailbox.scala:231)\n\tat akka.dispatch.Mailbox.exec(Mailbox.scala:243)\n\tat java.base/java.util.concurrent.ForkJoinTask.doExec(ForkJoinTask.java:387)\n\tat java.base/java.util.concurrent.ForkJoinPool$WorkQueue.topLevelExec(ForkJoinPool.java:1312)\n\tat java.base/java.util.concurrent.ForkJoinPool.scan(ForkJoinPool.java:1843)\n\tat java.base/java.util.concurrent.ForkJoinPool.runWorker(ForkJoinPool.java:1808)\n\tat java.base/java.util.concurrent.ForkJoinWorkerThread.run(ForkJoinWorkerThread.java:188)\njava.lang.OutOfMemoryError: Java heap space\n\tat java.base/java.util.LinkedList.linkLast(LinkedList.java:153)\n\tat java.base/java.util.LinkedList.add(LinkedList.java:349)\n\tat java.base/java.util.LinkedList.offer(LinkedList.java:707)\n\tat akka.actor.UnstartedCell.sendMessage(RepointableActorRef.scala:260)\n\tat akka.actor.Cell.sendMessage(ActorCell.scala:326)\n\tat akka.actor.Cell.sendMessage$(ActorCell.scala:241)\n\tat akka.actor.UnstartedCell.sendMessage(RepointableActorRef.scala:190)\n\tat akka.actor.RepointableActorRef.$bang(RepointableActorRef.scala:182)\n\tat edu.rice.habanero.benchmarks.uct.UctAkkaActorBenchmark$NodeActor.traverse(UctAkkaActorBenchmark.scala:354)\n\tat edu.rice.habanero.benchmarks.uct.UctAkkaActorBenchmark$NodeActor.process(UctAkkaActorBenchmark.scala:254)\n\tat edu.rice.habanero.actors.AkkaActor$$anon$1.applyOrElse(AkkaActor.scala:33)\n\tat akka.actor.Actor.aroundReceive(Actor.scala:537)\n\tat akka.actor.Actor.aroundReceive$(Actor.scala:471)\n\tat edu.rice.habanero.actors.AkkaActor.aroundReceive(AkkaActor.scala:17)\n\tat akka.actor.ActorCell.receiveMessage(ActorCell.scala:579)\n\tat akka.actor.ActorCell.invoke(ActorCell.scala:547)\n\tat akka.dispatch.Mailbox.processMailbox(Mailbox.scala:270)\n\tat akka.dispatch.Mailbox.run(Mailbox.scala:231)\n\tat akka.dispatch.Mailbox.exec(Mailbox.scala:243)\n\tat java.base/java.util.concurrent.ForkJoinTask.doExec(ForkJoinTask.java:387)\n\tat java.base/java.util.concurrent.ForkJoinPool$WorkQueue.topLevelExec(ForkJoinPool.java:1312)\n\tat java.base/java.util.concurrent.ForkJoinPool.scan(ForkJoinPool.java:1843)\n\tat java.base/java.util.concurrent.ForkJoinPool.runWorker(ForkJoinPool.java:1808)\n\tat java.base/java.util.concurrent.ForkJoinWorkerThread.run(ForkJoinWorkerThread.java:188)\nUncaught error from thread [UCT-akka.actor.default-dispatcher-19]: Java heap space, shutting down JVM since 'akka.jvm-exit-on-fatal-error' is enabled for ActorSystem[UCT]\njava.lang.OutOfMemoryError: Java heap space\n\tat scala.Tuple2.copy(Tuple2.scala:24)\n\tat akka.actor.dungeon.ReceiveTimeout.setReceiveTimeout(ReceiveTimeout.scala:27)\n\tat akka.actor.dungeon.ReceiveTimeout.setReceiveTimeout$(ReceiveTimeout.scala:18)\n\tat akka.actor.ActorCell.setReceiveTimeout(ActorCell.scala:410)\n\tat akka.actor.AbstractActor$ActorContext.cancelReceiveTimeout(AbstractActor.scala:190)\n\tat akka.actor.AbstractActor$ActorContext.cancelReceiveTimeout$(AbstractActor.scala:54)\n\tat akka.actor.ActorCell.cancelReceiveTimeout(ActorCell.scala:410)\n\tat akka.actor.dungeon.FaultHandling.terminate(FaultHandling.scala:170)\n\tat akka.actor.dungeon.FaultHandling.terminate$(FaultHandling.scala:36)\n\tat akka.actor.ActorCell.terminate(ActorCell.scala:410)\n\tat akka.actor.ActorCell.invokeAll$1(ActorCell.scala:519)\n\tat akka.actor.ActorCell.systemInvoke(ActorCell.scala:535)\n\tat akka.dispatch.Mailbox.processAllSystemMessages(Mailbox.scala:295)\n\tat akka.dispatch.Mailbox.processMailbox(Mailbox.scala:273)\n\tat akka.dispatch.Mailbox.run(Mailbox.scala:231)\n\tat akka.dispatch.Mailbox.exec(Mailbox.scala:243)\n\tat java.base/java.util.concurrent.ForkJoinTask.doExec(ForkJoinTask.java:387)\n\tat java.base/java.util.concurrent.ForkJoinPool$WorkQueue.topLevelExec(ForkJoinPool.java:1312)\n\tat java.base/java.util.concurrent.ForkJoinPool.scan(ForkJoinPool.java:1843)\n\tat java.base/java.util.concurrent.ForkJoinPool.runWorker(ForkJoinPool.java:1808)\n\tat java.base/java.util.concurrent.ForkJoinWorkerThread.run(ForkJoinWorkerThread.java:188)\nUncaught error from thread [UCT-akka.actor.default-dispatcher-20]: Java heap space, Uncaught error from thread [UCT-akka.actor.internal-dispatcher-2]: Java heap space, shutting down JVM since 'akka.jvm-exit-on-fatal-error' is enabled for ActorSystem[UCT]\njava.lang.OutOfMemoryError: Java heap space\nUncaught error from thread [UCT-akka.actor.default-dispatcher-6]: Java heap space, shutting down JVM since 'akka.jvm-exit-on-fatal-error' is enabled for ActorSystem[UCT]\njava.lang.OutOfMemoryError: Java heap space\nUncaught error from thread [UCT-akka.actor.default-dispatcher-8]: Java heap space, shutting down JVM since 'akka.jvm-exit-on-fatal-error' is enabled for ActorSystem[UCT]\njava.lang.OutOfMemoryError: Java heap space\nUncaught error from thread [UCT-akka.actor.default-dispatcher-16]: Java heap space, shutting down JVM since 'akka.jvm-exit-on-fatal-error' is enabled for ActorSystem[UCT]\njava.lang.OutOfMemoryError: Java heap space\nUncaught error from thread [UCT-akka.actor.default-dispatcher-11]: Java heap space, shutting down JVM since 'akka.jvm-exit-on-fatal-error' is enabled for ActorSystem[UCT]\nUncaught error from thread [UCT-akka.actor.default-dispatcher-12]: Java heap space, shutting down JVM since 'akka.jvm-exit-on-fatal-error' is enabled for ActorSystem[UCT]\njava.lang.OutOfMemoryError: Java heap space\n",
    "avg_cpu_usage": 31.5,
    "avg_cpu_time": 31.0,
    "avg_io_time": 0.0,
    "p90_io": 0.0,
    "number_of_pauses": 0,
    "total_pause_time": 0,
    "avg_pause_time": 0,
    "pauses_per_category": {},
    "total_pause_time_per_category": {},
    "avg_pause_time_per_category": {},
    "p90_pause_time": 0,
    "throughput": 0
}