{
    "garbage_collector": "Parallel",
    "jdk": "HotSpot_21.0.4",
    "benchmark_group": "Renaissance",
    "benchmark_name": "als",
    "heap_size": "8192",
    "error": null,
    "avg_cpu_usage": 66.0,
    "avg_cpu_time": 63.6,
    "avg_io_time": 0.3,
    "p90_io": 0.0,
    "number_of_pauses": 102,
    "total_pause_time": 449077275,
    "avg_pause_time": 4402718.38,
    "pauses_per_category": {
        "ICBufferFull": 44,
        "Cleanup": 32,
        "CollectForMetadataAllocation": 4,
        "ParallelGCFailedAllocation": 17,
        "ParallelGCSystemGC": 5
    },
    "total_pause_time_per_category": {
        "ICBufferFull": 6511403,
        "Cleanup": 2374987,
        "CollectForMetadataAllocation": 132216115,
        "ParallelGCFailedAllocation": 214503727,
        "ParallelGCSystemGC": 93471043
    },
    "avg_pause_time_per_category": {
        "ICBufferFull": 147986.43,
        "Cleanup": 74218.34,
        "CollectForMetadataAllocation": 33054028.75,
        "ParallelGCFailedAllocation": 12617866.29,
        "ParallelGCSystemGC": 18694208.6
    },
    "p90_pause_time": 17096087.1,
    "throughput": 53594439251
}