{
    "garbage_collector": "Serial",
    "jdk": "HotSpot_21.0.4",
    "benchmark_group": "Renaissance",
    "benchmark_name": "movie-lens",
    "heap_size": "1024",
    "error": null,
    "avg_cpu_usage": 53.9,
    "avg_cpu_time": 49.4,
    "avg_io_time": 0.1,
    "p90_io": 0.0,
    "number_of_pauses": 883,
    "total_pause_time": 5063419077,
    "avg_pause_time": 5734336.44,
    "pauses_per_category": {
        "ICBufferFull": 26,
        "Cleanup": 1,
        "CollectForMetadataAllocation": 4,
        "GenCollectForAllocation": 818,
        "GenCollectFull": 34
    },
    "total_pause_time_per_category": {
        "ICBufferFull": 2317648,
        "Cleanup": 90884,
        "CollectForMetadataAllocation": 100039880,
        "GenCollectForAllocation": 4653317449,
        "GenCollectFull": 307653216
    },
    "avg_pause_time_per_category": {
        "ICBufferFull": 89140.31,
        "Cleanup": 90884.0,
        "CollectForMetadataAllocation": 25009970.0,
        "GenCollectForAllocation": 5688652.14,
        "GenCollectFull": 9048624.0
    },
    "p90_pause_time": 9600255.2,
    "throughput": 93518604536
}