{
    "garbage_collector": "Serial",
    "jdk": "HotSpot_21.0.4",
    "benchmark_group": "Renaissance",
    "benchmark_name": "mnemonics",
    "heap_size": "512",
    "error": null,
    "avg_cpu_usage": 13.1,
    "avg_cpu_time": 13.3,
    "avg_io_time": 0.0,
    "p90_io": 0.0,
    "number_of_pauses": 461,
    "total_pause_time": 3328631997,
    "avg_pause_time": 7220459.86,
    "pauses_per_category": {
        "ICBufferFull": 2,
        "GenCollectForAllocation": 459
    },
    "total_pause_time_per_category": {
        "ICBufferFull": 192633,
        "GenCollectForAllocation": 3328439364
    },
    "avg_pause_time_per_category": {
        "ICBufferFull": 96316.5,
        "GenCollectForAllocation": 7251501.88
    },
    "p90_pause_time": 9583041.0,
    "throughput": 27357652191
}