{
    "garbage_collector": "Z",
    "jdk": "HotSpot_21.0.4",
    "benchmark_group": "Renaissance",
    "benchmark_name": "mnemonics",
    "heap_size": "256",
    "error": null,
    "avg_cpu_usage": 18.5,
    "avg_cpu_time": 18.1,
    "avg_io_time": 0.0,
    "p90_io": 0.0,
    "number_of_pauses": 1890,
    "total_pause_time": 143053089,
    "avg_pause_time": 75689.47,
    "pauses_per_category": {
        "XMarkStart": 629,
        "XMarkEnd": 629,
        "CleanClassLoaderDataMetaspaces": 3,
        "XRelocateStart": 629
    },
    "total_pause_time_per_category": {
        "XMarkStart": 43271587,
        "XMarkEnd": 42332794,
        "CleanClassLoaderDataMetaspaces": 563196,
        "XRelocateStart": 56885512
    },
    "avg_pause_time_per_category": {
        "XMarkStart": 68794.26,
        "XMarkEnd": 67301.74,
        "CleanClassLoaderDataMetaspaces": 187732.0,
        "XRelocateStart": 90438.02
    },
    "p90_pause_time": 102605.5,
    "throughput": 34360343705
}