{
    "garbage_collector": "Serial",
    "jdk": "HotSpot_21.0.4",
    "benchmark_group": "Renaissance",
    "benchmark_name": "neo4j-analytics",
    "heap_size": "4096",
    "error": null,
    "avg_cpu_usage": 28.5,
    "avg_cpu_time": 29.3,
    "avg_io_time": 0.5,
    "p90_io": 1.2,
    "number_of_pauses": 85,
    "total_pause_time": 4916049940,
    "avg_pause_time": 57835881.65,
    "pauses_per_category": {
        "ICBufferFull": 45,
        "CollectForMetadataAllocation": 3,
        "Cleanup": 5,
        "GenCollectForAllocation": 32
    },
    "total_pause_time_per_category": {
        "ICBufferFull": 5095669,
        "CollectForMetadataAllocation": 129787692,
        "Cleanup": 492926,
        "GenCollectForAllocation": 4780673653
    },
    "avg_pause_time_per_category": {
        "ICBufferFull": 113237.09,
        "CollectForMetadataAllocation": 43262564.0,
        "Cleanup": 98585.2,
        "GenCollectForAllocation": 149396051.66
    },
    "p90_pause_time": 82805570.4,
    "throughput": 37218176671
}