{
    "garbage_collector": "G1",
    "jdk": "HotSpot_21.0.4",
    "benchmark_group": "Renaissance",
    "benchmark_name": "scala-doku",
    "heap_size": "2048",
    "error": null,
    "avg_cpu_usage": 14.2,
    "avg_cpu_time": 14.5,
    "avg_io_time": 0.0,
    "p90_io": 0.0,
    "number_of_pauses": 16,
    "total_pause_time": 63457200,
    "avg_pause_time": 3966075.0,
    "pauses_per_category": {
        "ICBufferFull": 2,
        "G1CollectForAllocation": 5,
        "Cleanup": 9
    },
    "total_pause_time_per_category": {
        "ICBufferFull": 190088,
        "G1CollectForAllocation": 62492138,
        "Cleanup": 774974
    },
    "avg_pause_time_per_category": {
        "ICBufferFull": 95044.0,
        "G1CollectForAllocation": 12498427.6,
        "Cleanup": 86108.22
    },
    "p90_pause_time": 12149394.5,
    "throughput": 19747207415
}