{
    "garbage_collector": "Z",
    "jdk": "HotSpot_21.0.4",
    "benchmark_group": "Renaissance",
    "benchmark_name": "dotty",
    "heap_size": "2048",
    "error": null,
    "avg_cpu_usage": 36.8,
    "avg_cpu_time": 34.3,
    "avg_io_time": 0.0,
    "p90_io": 0.0,
    "number_of_pauses": 103,
    "total_pause_time": 35991969,
    "avg_pause_time": 349436.59,
    "pauses_per_category": {
        "ICBufferFull": 69,
        "XMarkStart": 6,
        "XMarkEnd": 6,
        "CleanClassLoaderDataMetaspaces": 4,
        "XRelocateStart": 7,
        "Cleanup": 11
    },
    "total_pause_time_per_category": {
        "ICBufferFull": 22748900,
        "XMarkStart": 3837632,
        "XMarkEnd": 762468,
        "CleanClassLoaderDataMetaspaces": 1985767,
        "XRelocateStart": 1258695,
        "Cleanup": 5398507
    },
    "avg_pause_time_per_category": {
        "ICBufferFull": 329694.2,
        "XMarkStart": 639605.33,
        "XMarkEnd": 127078.0,
        "CleanClassLoaderDataMetaspaces": 496441.75,
        "XRelocateStart": 179813.57,
        "Cleanup": 490773.36
    },
    "p90_pause_time": 428236.8,
    "throughput": 29223692140
}