{
    "garbage_collector": "Parallel",
    "jdk": "HotSpot_21.0.4",
    "benchmark_group": "Renaissance",
    "benchmark_name": "rx-scrabble",
    "heap_size": "256",
    "error": null,
    "avg_cpu_usage": 31.9,
    "avg_cpu_time": 25.7,
    "avg_io_time": 0.0,
    "p90_io": 0.0,
    "number_of_pauses": 43,
    "total_pause_time": 87735960,
    "avg_pause_time": 2040371.16,
    "pauses_per_category": {
        "ICBufferFull": 8,
        "ParallelGCFailedAllocation": 35
    },
    "total_pause_time_per_category": {
        "ICBufferFull": 673671,
        "ParallelGCFailedAllocation": 87062289
    },
    "avg_pause_time_per_category": {
        "ICBufferFull": 84208.88,
        "ParallelGCFailedAllocation": 2487493.97
    },
    "p90_pause_time": 8118497.8,
    "throughput": 2449127819
}