{
    "garbage_collector": "Z",
    "jdk": "HotSpot_21.0.4",
    "benchmark_group": "Renaissance",
    "benchmark_name": "rx-scrabble",
    "heap_size": "8192",
    "error": null,
    "avg_cpu_usage": 22.9,
    "avg_cpu_time": 12.6,
    "avg_io_time": 0.0,
    "p90_io": 0.0,
    "number_of_pauses": 11,
    "total_pause_time": 1470323,
    "avg_pause_time": 133665.73,
    "pauses_per_category": {
        "ICBufferFull": 3,
        "XMarkStart": 2,
        "XMarkEnd": 2,
        "CleanClassLoaderDataMetaspaces": 1,
        "XRelocateStart": 2,
        "Cleanup": 1
    },
    "total_pause_time_per_category": {
        "ICBufferFull": 315090,
        "XMarkStart": 165286,
        "XMarkEnd": 187806,
        "CleanClassLoaderDataMetaspaces": 471289,
        "XRelocateStart": 208035,
        "Cleanup": 122817
    },
    "avg_pause_time_per_category": {
        "ICBufferFull": 105030.0,
        "XMarkStart": 82643.0,
        "XMarkEnd": 93903.0,
        "CleanClassLoaderDataMetaspaces": 471289.0,
        "XRelocateStart": 104017.5,
        "Cleanup": 122817.0
    },
    "p90_pause_time": 126944.0,
    "throughput": 5174545016
}