{
    "garbage_collector": "G1",
    "jdk": "HotSpot_21.0.4",
    "benchmark_group": "Renaissance",
    "benchmark_name": "gauss-mix",
    "heap_size": "512",
    "error": null,
    "avg_cpu_usage": 30.8,
    "avg_cpu_time": 32.1,
    "avg_io_time": 0.1,
    "p90_io": 0.0,
    "number_of_pauses": 60,
    "total_pause_time": 190078094,
    "avg_pause_time": 3167968.23,
    "pauses_per_category": {
        "ICBufferFull": 7,
        "G1CollectForAllocation": 41,
        "CollectForMetadataAllocation": 5,
        "G1PauseRemark": 3,
        "G1PauseCleanup": 3,
        "Cleanup": 1
    },
    "total_pause_time_per_category": {
        "ICBufferFull": 653299,
        "G1CollectForAllocation": 153071118,
        "CollectForMetadataAllocation": 29917817,
        "G1PauseRemark": 5479286,
        "G1PauseCleanup": 824343,
        "Cleanup": 132231
    },
    "avg_pause_time_per_category": {
        "ICBufferFull": 93328.43,
        "G1CollectForAllocation": 3733441.9,
        "CollectForMetadataAllocation": 5983563.4,
        "G1PauseRemark": 1826428.67,
        "G1PauseCleanup": 274781.0,
        "Cleanup": 132231.0
    },
    "p90_pause_time": 7997955.6,
    "throughput": 12776954568
}