{
    "garbage_collector": "Z",
    "jdk": "HotSpot_21.0.4",
    "benchmark_group": "Renaissance",
    "benchmark_name": "naive-bayes",
    "heap_size": "8192",
    "error": null,
    "avg_cpu_usage": 68.9,
    "avg_cpu_time": 65.3,
    "avg_io_time": 0.3,
    "p90_io": 0.0,
    "number_of_pauses": 289,
    "total_pause_time": 51049483,
    "avg_pause_time": 176641.81,
    "pauses_per_category": {
        "ICBufferFull": 26,
        "Cleanup": 2,
        "XMarkStart": 83,
        "XMarkEnd": 83,
        "CleanClassLoaderDataMetaspaces": 12,
        "XRelocateStart": 83
    },
    "total_pause_time_per_category": {
        "ICBufferFull": 2876039,
        "Cleanup": 110141,
        "XMarkStart": 22700870,
        "XMarkEnd": 9702534,
        "CleanClassLoaderDataMetaspaces": 5778864,
        "XRelocateStart": 9881035
    },
    "avg_pause_time_per_category": {
        "ICBufferFull": 110616.88,
        "Cleanup": 55070.5,
        "XMarkStart": 273504.46,
        "XMarkEnd": 116898.0,
        "CleanClassLoaderDataMetaspaces": 481572.0,
        "XRelocateStart": 119048.61
    },
    "p90_pause_time": 211597.2,
    "throughput": 31708981979
}