{
    "garbage_collector": "G1",
    "jdk": "HotSpot_21.0.4",
    "benchmark_group": "Renaissance",
    "benchmark_name": "als",
    "heap_size": "8192",
    "error": null,
    "avg_cpu_usage": 67.1,
    "avg_cpu_time": 63.5,
    "avg_io_time": 0.3,
    "p90_io": 0.0,
    "number_of_pauses": 106,
    "total_pause_time": 325948014,
    "avg_pause_time": 3074981.26,
    "pauses_per_category": {
        "ICBufferFull": 33,
        "Cleanup": 38,
        "CollectForMetadataAllocation": 9,
        "G1PauseRemark": 5,
        "G1PauseCleanup": 5,
        "G1CollectForAllocation": 11,
        "G1TryInitiateConcMark": 5
    },
    "total_pause_time_per_category": {
        "ICBufferFull": 4396425,
        "Cleanup": 6914034,
        "CollectForMetadataAllocation": 52389438,
        "G1PauseRemark": 18867791,
        "G1PauseCleanup": 1503905,
        "G1CollectForAllocation": 188562619,
        "G1TryInitiateConcMark": 53313802
    },
    "avg_pause_time_per_category": {
        "ICBufferFull": 133225.0,
        "Cleanup": 181948.26,
        "CollectForMetadataAllocation": 5821048.67,
        "G1PauseRemark": 3773558.2,
        "G1PauseCleanup": 300781.0,
        "G1CollectForAllocation": 17142056.27,
        "G1TryInitiateConcMark": 10662760.4
    },
    "p90_pause_time": 10458209.0,
    "throughput": 53927328252
}