{
    "garbage_collector": "G1",
    "jdk": "HotSpot_21.0.4",
    "benchmark_group": "Renaissance",
    "benchmark_name": "movie-lens",
    "heap_size": "8192",
    "error": null,
    "avg_cpu_usage": 56.9,
    "avg_cpu_time": 52.0,
    "avg_io_time": 0.1,
    "p90_io": 0.0,
    "number_of_pauses": 220,
    "total_pause_time": 619938454,
    "avg_pause_time": 2817902.06,
    "pauses_per_category": {
        "ICBufferFull": 51,
        "Cleanup": 42,
        "CollectForMetadataAllocation": 5,
        "G1PauseRemark": 4,
        "G1PauseCleanup": 4,
        "G1CollectForAllocation": 5,
        "G1TryInitiateConcMark": 109
    },
    "total_pause_time_per_category": {
        "ICBufferFull": 13437915,
        "Cleanup": 2895747,
        "CollectForMetadataAllocation": 42965656,
        "G1PauseRemark": 11201372,
        "G1PauseCleanup": 1293760,
        "G1CollectForAllocation": 97873977,
        "G1TryInitiateConcMark": 450270027
    },
    "avg_pause_time_per_category": {
        "ICBufferFull": 263488.53,
        "Cleanup": 68946.36,
        "CollectForMetadataAllocation": 8593131.2,
        "G1PauseRemark": 2800343.0,
        "G1PauseCleanup": 323440.0,
        "G1CollectForAllocation": 19574795.4,
        "G1TryInitiateConcMark": 4130917.68
    },
    "p90_pause_time": 5918282.9,
    "throughput": 93600667194
}