{
    "garbage_collector": "Z",
    "jdk": "HotSpot_21.0.4",
    "benchmark_group": "Renaissance",
    "benchmark_name": "future-genetic",
    "heap_size": "2048",
    "error": null,
    "avg_cpu_usage": 29.7,
    "avg_cpu_time": 28.4,
    "avg_io_time": 0.0,
    "p90_io": 0.0,
    "number_of_pauses": 82,
    "total_pause_time": 8334611,
    "avg_pause_time": 101641.6,
    "pauses_per_category": {
        "ICBufferFull": 5,
        "XMarkStart": 25,
        "XMarkEnd": 25,
        "CleanClassLoaderDataMetaspaces": 2,
        "XRelocateStart": 25
    },
    "total_pause_time_per_category": {
        "ICBufferFull": 458073,
        "XMarkStart": 2529210,
        "XMarkEnd": 2431584,
        "CleanClassLoaderDataMetaspaces": 553339,
        "XRelocateStart": 2362405
    },
    "avg_pause_time_per_category": {
        "ICBufferFull": 91614.6,
        "XMarkStart": 101168.4,
        "XMarkEnd": 97263.36,
        "CleanClassLoaderDataMetaspaces": 276669.5,
        "XRelocateStart": 94496.2
    },
    "p90_pause_time": 104899.8,
    "throughput": 23438239905
}