{
    "garbage_collector": "Serial",
    "jdk": "HotSpot_21.0.4",
    "benchmark_group": "Renaissance",
    "benchmark_name": "gauss-mix",
    "heap_size": "512",
    "error": null,
    "avg_cpu_usage": 28.2,
    "avg_cpu_time": 29.5,
    "avg_io_time": 0.5,
    "p90_io": 0.0,
    "number_of_pauses": 103,
    "total_pause_time": 400553121,
    "avg_pause_time": 3888865.25,
    "pauses_per_category": {
        "ICBufferFull": 7,
        "Cleanup": 1,
        "CollectForMetadataAllocation": 3,
        "GenCollectForAllocation": 92
    },
    "total_pause_time_per_category": {
        "ICBufferFull": 527577,
        "Cleanup": 341565,
        "CollectForMetadataAllocation": 92233763,
        "GenCollectForAllocation": 307450216
    },
    "avg_pause_time_per_category": {
        "ICBufferFull": 75368.14,
        "Cleanup": 341565.0,
        "CollectForMetadataAllocation": 30744587.67,
        "GenCollectForAllocation": 3341850.17
    },
    "p90_pause_time": 7044337.2,
    "throughput": 12778748038
}