{
    "garbage_collector": "G1",
    "jdk": "HotSpot_21.0.4",
    "benchmark_group": "Renaissance",
    "benchmark_name": "als",
    "heap_size": "512",
    "error": null,
    "avg_cpu_usage": 65.8,
    "avg_cpu_time": 67.4,
    "avg_io_time": 0.3,
    "p90_io": 0.0,
    "number_of_pauses": 532,
    "total_pause_time": 1315093581,
    "avg_pause_time": 2471980.42,
    "pauses_per_category": {
        "ICBufferFull": 22,
        "G1CollectForAllocation": 308,
        "CollectForMetadataAllocation": 9,
        "G1PauseRemark": 61,
        "G1PauseCleanup": 61,
        "G1TryInitiateConcMark": 71
    },
    "total_pause_time_per_category": {
        "ICBufferFull": 2082596,
        "G1CollectForAllocation": 858616369,
        "CollectForMetadataAllocation": 45692805,
        "G1PauseRemark": 261295258,
        "G1PauseCleanup": 19239765,
        "G1TryInitiateConcMark": 128166788
    },
    "avg_pause_time_per_category": {
        "ICBufferFull": 94663.45,
        "G1CollectForAllocation": 2787715.48,
        "CollectForMetadataAllocation": 5076978.33,
        "G1PauseRemark": 4283528.82,
        "G1PauseCleanup": 315405.98,
        "G1TryInitiateConcMark": 1805166.03
    },
    "p90_pause_time": 4618135.5,
    "throughput": 55822676399
}