{
    "garbage_collector": "Serial",
    "jdk": "HotSpot_21.0.4",
    "benchmark_group": "Renaissance",
    "benchmark_name": "par-mnemonics",
    "heap_size": "4096",
    "error": null,
    "avg_cpu_usage": 16.1,
    "avg_cpu_time": 16.4,
    "avg_io_time": 0.0,
    "p90_io": 0.0,
    "number_of_pauses": 68,
    "total_pause_time": 685553515,
    "avg_pause_time": 10081669.34,
    "pauses_per_category": {
        "ICBufferFull": 3,
        "GenCollectForAllocation": 65
    },
    "total_pause_time_per_category": {
        "ICBufferFull": 196468,
        "GenCollectForAllocation": 685357047
    },
    "avg_pause_time_per_category": {
        "ICBufferFull": 65489.33,
        "GenCollectForAllocation": 10543954.57
    },
    "p90_pause_time": 16298288.7,
    "throughput": 26763898444
}