{
    "garbage_collector": "Parallel",
    "jdk": "HotSpot_21.0.4",
    "benchmark_group": "Renaissance",
    "benchmark_name": "akka-uct",
    "heap_size": "1024",
    "error": null,
    "avg_cpu_usage": 84.8,
    "avg_cpu_time": 84.5,
    "avg_io_time": 0.0,
    "p90_io": 0.0,
    "number_of_pauses": 764,
    "total_pause_time": 24461541386,
    "avg_pause_time": 32017724.33,
    "pauses_per_category": {
        "ICBufferFull": 10,
        "ParallelGCFailedAllocation": 753,
        "CollectForMetadataAllocation": 1
    },
    "total_pause_time_per_category": {
        "ICBufferFull": 10809651,
        "ParallelGCFailedAllocation": 24246808761,
        "CollectForMetadataAllocation": 203922974
    },
    "avg_pause_time_per_category": {
        "ICBufferFull": 1080965.1,
        "ParallelGCFailedAllocation": 32200277.24,
        "CollectForMetadataAllocation": 203922974.0
    },
    "p90_pause_time": 31432017.5,
    "throughput": 77682948592
}