{
    "garbage_collector": "Z",
    "jdk": "HotSpot_21.0.4",
    "benchmark_group": "Renaissance",
    "benchmark_name": "reactors",
    "heap_size": "256",
    "error": "Error code not found: 1\n\nException: java.lang.OutOfMemoryError thrown from the UncaughtExceptionHandler in thread \"reactors-io-scheduler-reanimator\"\nFailed to load benchmark 'reactors': Java heap space\n",
    "avg_cpu_usage": 45.3,
    "avg_cpu_time": 42.0,
    "avg_io_time": 0.0,
    "p90_io": 0.0,
    "number_of_pauses": 0,
    "total_pause_time": 0,
    "avg_pause_time": 0,
    "pauses_per_category": {},
    "total_pause_time_per_category": {},
    "avg_pause_time_per_category": {},
    "p90_pause_time": 0,
    "throughput": 0
}