{
    "garbage_collector": "Serial",
    "jdk": "HotSpot_21.0.4",
    "benchmark_group": "Renaissance",
    "benchmark_name": "log-regression",
    "heap_size": "4096",
    "error": null,
    "avg_cpu_usage": 44.4,
    "avg_cpu_time": 45.4,
    "avg_io_time": 0.0,
    "p90_io": 0.0,
    "number_of_pauses": 77,
    "total_pause_time": 695150045,
    "avg_pause_time": 9027922.66,
    "pauses_per_category": {
        "ICBufferFull": 43,
        "Cleanup": 2,
        "CollectForMetadataAllocation": 4,
        "GenCollectForAllocation": 27,
        "GenCollectFull": 1
    },
    "total_pause_time_per_category": {
        "ICBufferFull": 9275658,
        "Cleanup": 138272,
        "CollectForMetadataAllocation": 155632428,
        "GenCollectForAllocation": 397585153,
        "GenCollectFull": 132518534
    },
    "avg_pause_time_per_category": {
        "ICBufferFull": 215712.98,
        "Cleanup": 69136.0,
        "CollectForMetadataAllocation": 38908107.0,
        "GenCollectForAllocation": 14725376.04,
        "GenCollectFull": 132518534.0
    },
    "p90_pause_time": 22020094.2,
    "throughput": 18997469124
}