{
    "garbage_collector": "Parallel",
    "jdk": "HotSpot_21.0.4",
    "benchmark_group": "Renaissance",
    "benchmark_name": "akka-uct",
    "heap_size": "256",
    "error": "Error code not found: 255\nUncaught error from thread [UCT-akka.actor.internal-dispatcher-2]: GC overhead limit exceeded, shutting down JVM since 'akka.jvm-exit-on-fatal-error' is enabled for ActorSystem[UCT]\njava.lang.OutOfMemoryError: GC overhead limit exceeded\n\tat scala.Some$.apply(Option.scala:618)\n\tat akka.dispatch.Dispatcher$$anon$1.<init>(Dispatcher.scala:98)\n\tat akka.dispatch.Dispatcher.createMailbox(Dispatcher.scala:98)\n\tat akka.actor.dungeon.Dispatch.init(Dispatch.scala:72)\n\tat akka.actor.dungeon.Dispatch.init$(Dispatch.scala:37)\n\tat akka.actor.ActorCell.init(ActorCell.scala:410)\n\tat akka.actor.RepointableActorRef.newCell(RepointableActorRef.scala:128)\n\tat akka.actor.RepointableActorRef.point(RepointableActorRef.scala:102)\n\tat akka.actor.ActorCell.handleSupervise(ActorCell.scala:700)\n\tat akka.actor.ActorCell.supervise(ActorCell.scala:686)\n\tat akka.actor.ActorCell.invokeAll$1(ActorCell.scala:520)\n\tat akka.actor.ActorCell.systemInvoke(ActorCell.scala:535)\n\tat akka.dispatch.Mailbox.processAllSystemMessages(Mailbox.scala:295)\n\tat akka.dispatch.Mailbox.run(Mailbox.scala:230)\n\tat akka.dispatch.Mailbox.exec(Mailbox.scala:243)\n\tat java.base/java.util.concurrent.ForkJoinTask.doExec(ForkJoinTask.java:387)\n\tat java.base/java.util.concurrent.ForkJoinPool$WorkQueue.topLevelExec(ForkJoinPool.java:1312)\n\tat java.base/java.util.concurrent.ForkJoinPool.scan(ForkJoinPool.java:1843)\n\tat java.base/java.util.concurrent.ForkJoinPool.runWorker(ForkJoinPool.java:1808)\n\tat java.base/java.util.concurrent.ForkJoinWorkerThread.run(ForkJoinWorkerThread.java:188)\nUncaught error from thread [UCT-akka.actor.default-dispatcher-8]: GC overhead limit exceeded, shutting down JVM since 'akka.jvm-exit-on-fatal-error' is enabled for ActorSystem[UCT]\njava.lang.OutOfMemoryError: GC overhead limit exceeded\n\tat scala.collection.immutable.RedBlackTree$Tree.withLeft(RedBlackTree.scala:681)\n\tat scala.collection.immutable.RedBlackTree$.balanceLeft(RedBlackTree.scala:362)\n\tat scala.collection.immutable.RedBlackTree$.upd(RedBlackTree.scala:417)\n\tat scala.collection.immutable.RedBlackTree$.upd(RedBlackTree.scala:417)\n\tat scala.collection.immutable.RedBlackTree$.upd(RedBlackTree.scala:417)\n\tat scala.collection.immutable.RedBlackTree$.update(RedBlackTree.scala:175)\n\tat scala.collection.immutable.TreeMap.updated(TreeMap.scala:139)\n\tat akka.actor.dungeon.ChildrenContainer$NormalChildrenContainer.add(ChildrenContainer.scala:113)\n\tat akka.actor.dungeon.Children.initChild(Children.scala:161)\n\tat akka.actor.dungeon.Children.initChild$(Children.scala:22)\n\tat akka.actor.ActorCell.initChild(ActorCell.scala:410)\n\tat akka.actor.dungeon.Children.makeChild(Children.scala:324)\n\tat akka.actor.dungeon.Children.attachChild(Children.scala:50)\n\tat akka.actor.dungeon.Children.attachChild$(Children.scala:22)\n\tat akka.actor.ActorCell.attachChild(ActorCell.scala:410)\n\tat akka.actor.ActorSystemImpl.actorOf(ActorSystem.scala:905)\n\tat edu.rice.habanero.benchmarks.uct.UctAkkaActorBenchmark$NodeActor$.createNodeActor(UctAkkaActorBenchmark.scala:217)\n\tat edu.rice.habanero.benchmarks.uct.UctAkkaActorBenchmark$NodeActor.generateUrgentChildren(UctAkkaActorBenchmark.scala:323)\n\tat edu.rice.habanero.benchmarks.uct.UctAkkaActorBenchmark$NodeActor.process(UctAkkaActorBenchmark.scala:249)\n\tat edu.rice.habanero.actors.AkkaActor$$anon$1.applyOrElse(AkkaActor.scala:33)\n\tat akka.actor.Actor.aroundReceive(Actor.scala:537)\n\tat akka.actor.Actor.aroundReceive$(Actor.scala:471)\n\tat edu.rice.habanero.actors.AkkaActor.aroundReceive(AkkaActor.scala:17)\n\tat akka.actor.ActorCell.receiveMessage(ActorCell.scala:579)\n\tat akka.actor.ActorCell.invoke(ActorCell.scala:547)\n\tat akka.dispatch.Mailbox.processMailbox(Mailbox.scala:270)\n\tat akka.dispatch.Mailbox.run(Mailbox.scala:231)\n\tat akka.dispatch.Mailbox.exec(Mailbox.scala:243)\n\tat java.base/java.util.concurrent.ForkJoinTask.doExec(ForkJoinTask.java:387)\n\tat java.base/java.util.concurrent.ForkJoinPool$WorkQueue.topLevelExec(ForkJoinPool.java:1312)\n\tat java.base/java.util.concurrent.ForkJoinPool.scan(ForkJoinPool.java:1843)\n\tat java.base/java.util.concurrent.ForkJoinPool.runWorker(ForkJoinPool.java:1808)\nUncaught error from thread [UCT-akka.actor.internal-dispatcher-2]: GC overhead limit exceeded, shutting down JVM since 'akka.jvm-exit-on-fatal-error' is enabled for ActorSystem[UCT]\njava.lang.OutOfMemoryError: GC overhead limit exceeded\n\tat scala.collection.immutable.RedBlackTree$Tree.black(RedBlackTree.scala:656)\n\tat scala.collection.immutable.RedBlackTree$.balRight(RedBlackTree.scala:1072)\n\tat scala.collection.immutable.RedBlackTree$.del(RedBlackTree.scala:1047)\n\tat scala.collection.immutable.RedBlackTree$.del(RedBlackTree.scala:1045)\n\tat scala.collection.immutable.RedBlackTree$.del(RedBlackTree.scala:1045)\n\tat scala.collection.immutable.RedBlackTree$.del(RedBlackTree.scala:1040)\n\tat scala.collection.immutable.RedBlackTree$.del(RedBlackTree.scala:1045)\n\tat scala.collection.immutable.RedBlackTree$.del(RedBlackTree.scala:1040)\n\tat scala.collection.immutable.RedBlackTree$.delete(RedBlackTree.scala:176)\n\tat scala.collection.immutable.TreeMap.removed(TreeMap.scala:136)\n\tat scala.collection.immutable.TreeMap.removed(TreeMap.scala:73)\n\tat scala.collection.immutable.MapOps.$minus(Map.scala:76)\n\tat scala.collection.immutable.MapOps.$minus$(Map.scala:76)\n\tat scala.collection.immutable.AbstractMap.$minus(Map.scala:659)\n\tat akka.actor.dungeon.ChildrenContainer$NormalChildrenContainer.remove(ChildrenContainer.scala:115)\n\tat akka.actor.dungeon.Children.removeChild$1(Children.scala:231)\n\tat akka.actor.dungeon.Children.removeChildAndGetStateChange(Children.scala:242)\n\tat akka.actor.dungeon.Children.removeChildAndGetStateChange$(Children.scala:22)\n\tat akka.actor.ActorCell.removeChildAndGetStateChange(ActorCell.scala:410)\n\tat akka.actor.dungeon.FaultHandling.handleChildTerminated(FaultHandling.scala:311)\n\tat akka.actor.dungeon.FaultHandling.handleChildTerminated$(FaultHandling.scala:36)\n\tat akka.actor.ActorCell.handleChildTerminated(ActorCell.scala:410)\n\tat akka.actor.dungeon.DeathWatch.watchedActorTerminated(DeathWatch.scala:102)\n\tat akka.actor.dungeon.DeathWatch.watchedActorTerminated$(DeathWatch.scala:13)\n\tat akka.actor.ActorCell.watchedActorTerminated(ActorCell.scala:410)\n\tat akka.actor.ActorCell.invokeAll$1(ActorCell.scala:512)\n\tat akka.actor.ActorCell.systemInvoke(ActorCell.scala:535)\n\tat akka.dispatch.Mailbox.processAllSystemMessages(Mailbox.scala:295)\n\tat akka.dispatch.Mailbox.run(Mailbox.scala:230)\n\tat akka.dispatch.Mailbox.exec(Mailbox.scala:243)\n\tat java.base/java.util.concurrent.ForkJoinTask.doExec(ForkJoinTask.java:387)\n\tat java.base/java.util.concurrent.ForkJoinPool$WorkQueue.topLevelExec(ForkJoinPool.java:1312)\n",
    "avg_cpu_usage": 84.4,
    "avg_cpu_time": 87.0,
    "avg_io_time": 0.0,
    "p90_io": 0.0,
    "number_of_pauses": 0,
    "total_pause_time": 0,
    "avg_pause_time": 0,
    "pauses_per_category": {},
    "total_pause_time_per_category": {},
    "avg_pause_time_per_category": {},
    "p90_pause_time": 0,
    "throughput": 0
}