{
    "garbage_collector": "G1",
    "jdk": "HotSpot_21.0.4",
    "benchmark_group": "Renaissance",
    "benchmark_name": "scala-doku",
    "heap_size": "4096",
    "error": null,
    "avg_cpu_usage": 13.7,
    "avg_cpu_time": 14.5,
    "avg_io_time": 0.0,
    "p90_io": 0.0,
    "number_of_pauses": 18,
    "total_pause_time": 49256281,
    "avg_pause_time": 2736460.06,
    "pauses_per_category": {
        "ICBufferFull": 2,
        "Cleanup": 12,
        "G1CollectForAllocation": 4
    },
    "total_pause_time_per_category": {
        "ICBufferFull": 264783,
        "Cleanup": 1051163,
        "G1CollectForAllocation": 47940335
    },
    "avg_pause_time_per_category": {
        "ICBufferFull": 132391.5,
        "Cleanup": 87596.92,
        "G1CollectForAllocation": 11985083.75
    },
    "p90_pause_time": 10084889.7,
    "throughput": 23091109912
}