{
    "garbage_collector": "Serial",
    "jdk": "HotSpot_21.0.4",
    "benchmark_group": "Renaissance",
    "benchmark_name": "finagle-chirper",
    "heap_size": "8192",
    "error": null,
    "avg_cpu_usage": 76.6,
    "avg_cpu_time": 69.7,
    "avg_io_time": 0.1,
    "p90_io": 0.0,
    "number_of_pauses": 107,
    "total_pause_time": 655027970,
    "avg_pause_time": 6121756.73,
    "pauses_per_category": {
        "ICBufferFull": 75,
        "CollectForMetadataAllocation": 2,
        "GenCollectForAllocation": 15,
        "Cleanup": 14,
        "GenCollectFull": 1
    },
    "total_pause_time_per_category": {
        "ICBufferFull": 17676282,
        "CollectForMetadataAllocation": 53738143,
        "GenCollectForAllocation": 373481471,
        "Cleanup": 1239084,
        "GenCollectFull": 208892990
    },
    "avg_pause_time_per_category": {
        "ICBufferFull": 235683.76,
        "CollectForMetadataAllocation": 26869071.5,
        "GenCollectForAllocation": 24898764.73,
        "Cleanup": 88506.0,
        "GenCollectFull": 208892990.0
    },
    "p90_pause_time": 24750197.6,
    "throughput": 34073797826
}