{
    "garbage_collector": "Parallel",
    "jdk": "HotSpot_21.0.4",
    "benchmark_group": "Renaissance",
    "benchmark_name": "finagle-chirper",
    "heap_size": "1024",
    "error": null,
    "avg_cpu_usage": 78.2,
    "avg_cpu_time": 72.0,
    "avg_io_time": 0.0,
    "p90_io": 0.0,
    "number_of_pauses": 180,
    "total_pause_time": 445007941,
    "avg_pause_time": 2472266.34,
    "pauses_per_category": {
        "ICBufferFull": 74,
        "CollectForMetadataAllocation": 2,
        "ParallelGCFailedAllocation": 103,
        "ParallelGCSystemGC": 1
    },
    "total_pause_time_per_category": {
        "ICBufferFull": 19416381,
        "CollectForMetadataAllocation": 43964175,
        "ParallelGCFailedAllocation": 312752581,
        "ParallelGCSystemGC": 68874804
    },
    "avg_pause_time_per_category": {
        "ICBufferFull": 262383.53,
        "CollectForMetadataAllocation": 21982087.5,
        "ParallelGCFailedAllocation": 3036432.83,
        "ParallelGCSystemGC": 68874804.0
    },
    "p90_pause_time": 6113930.6,
    "throughput": 33780299076
}