{
    "garbage_collector": "Z",
    "jdk": "HotSpot_21.0.4",
    "benchmark_group": "Renaissance",
    "benchmark_name": "rx-scrabble",
    "heap_size": "4096",
    "error": null,
    "avg_cpu_usage": 26.6,
    "avg_cpu_time": 23.2,
    "avg_io_time": 0.1,
    "p90_io": 0.0,
    "number_of_pauses": 15,
    "total_pause_time": 1886873,
    "avg_pause_time": 125791.53,
    "pauses_per_category": {
        "ICBufferFull": 4,
        "XMarkStart": 3,
        "XMarkEnd": 3,
        "CleanClassLoaderDataMetaspaces": 2,
        "XRelocateStart": 3
    },
    "total_pause_time_per_category": {
        "ICBufferFull": 404855,
        "XMarkStart": 333337,
        "XMarkEnd": 310767,
        "CleanClassLoaderDataMetaspaces": 540871,
        "XRelocateStart": 297043
    },
    "avg_pause_time_per_category": {
        "ICBufferFull": 101213.75,
        "XMarkStart": 111112.33,
        "XMarkEnd": 103589.0,
        "CleanClassLoaderDataMetaspaces": 270435.5,
        "XRelocateStart": 99014.33
    },
    "p90_pause_time": 148302.2,
    "throughput": 4266049698
}