{
    "garbage_collector": "G1",
    "jdk": "HotSpot_21.0.4",
    "benchmark_group": "Renaissance",
    "benchmark_name": "chi-square",
    "heap_size": "8192",
    "error": null,
    "avg_cpu_usage": 30.1,
    "avg_cpu_time": 29.2,
    "avg_io_time": 0.0,
    "p90_io": 0.0,
    "number_of_pauses": 31,
    "total_pause_time": 422662562,
    "avg_pause_time": 13634276.19,
    "pauses_per_category": {
        "ICBufferFull": 4,
        "CollectForMetadataAllocation": 5,
        "G1PauseRemark": 3,
        "G1PauseCleanup": 3,
        "G1CollectForAllocation": 13,
        "Cleanup": 3
    },
    "total_pause_time_per_category": {
        "ICBufferFull": 365780,
        "CollectForMetadataAllocation": 48010720,
        "G1PauseRemark": 5255505,
        "G1PauseCleanup": 769705,
        "G1CollectForAllocation": 367973923,
        "Cleanup": 286929
    },
    "avg_pause_time_per_category": {
        "ICBufferFull": 91445.0,
        "CollectForMetadataAllocation": 9602144.0,
        "G1PauseRemark": 1751835.0,
        "G1PauseCleanup": 256568.33,
        "G1CollectForAllocation": 28305686.38,
        "Cleanup": 95643.0
    },
    "p90_pause_time": 30339629.0,
    "throughput": 12485012891
}