{
    "garbage_collector": "G1",
    "jdk": "HotSpot_21.0.4",
    "benchmark_group": "Renaissance",
    "benchmark_name": "log-regression",
    "heap_size": "512",
    "error": null,
    "avg_cpu_usage": 50.0,
    "avg_cpu_time": 48.5,
    "avg_io_time": 0.2,
    "p90_io": 0.0,
    "number_of_pauses": 456,
    "total_pause_time": 1803202762,
    "avg_pause_time": 3954392.02,
    "pauses_per_category": {
        "ICBufferFull": 32,
        "G1CollectForAllocation": 240,
        "CollectForMetadataAllocation": 13,
        "G1PauseRemark": 53,
        "G1PauseCleanup": 50,
        "G1TryInitiateConcMark": 68
    },
    "total_pause_time_per_category": {
        "ICBufferFull": 6001816,
        "G1CollectForAllocation": 1327673103,
        "CollectForMetadataAllocation": 73467067,
        "G1PauseRemark": 218970786,
        "G1PauseCleanup": 14007004,
        "G1TryInitiateConcMark": 163082986
    },
    "avg_pause_time_per_category": {
        "ICBufferFull": 187556.75,
        "G1CollectForAllocation": 5531971.26,
        "CollectForMetadataAllocation": 5651312.85,
        "G1PauseRemark": 4131524.26,
        "G1PauseCleanup": 280140.08,
        "G1TryInitiateConcMark": 2398279.21
    },
    "p90_pause_time": 5010566.0,
    "throughput": 22681950347
}