{
    "garbage_collector": "Parallel",
    "jdk": "HotSpot_21.0.4",
    "benchmark_group": "Renaissance",
    "benchmark_name": "scala-doku",
    "heap_size": "256",
    "error": null,
    "avg_cpu_usage": 14.6,
    "avg_cpu_time": 14.7,
    "avg_io_time": 0.1,
    "p90_io": 0.0,
    "number_of_pauses": 45,
    "total_pause_time": 368726635,
    "avg_pause_time": 8193925.22,
    "pauses_per_category": {
        "ICBufferFull": 2,
        "ParallelGCFailedAllocation": 42,
        "Cleanup": 1
    },
    "total_pause_time_per_category": {
        "ICBufferFull": 189421,
        "ParallelGCFailedAllocation": 368428185,
        "Cleanup": 109029
    },
    "avg_pause_time_per_category": {
        "ICBufferFull": 94710.5,
        "ParallelGCFailedAllocation": 8772099.64,
        "Cleanup": 109029.0
    },
    "p90_pause_time": 14057145.4,
    "throughput": 19746922827
}