{
    "garbage_collector": "G1",
    "jdk": "HotSpot_21.0.4",
    "benchmark_group": "Renaissance",
    "benchmark_name": "neo4j-analytics",
    "heap_size": "8192",
    "error": null,
    "avg_cpu_usage": 32.5,
    "avg_cpu_time": 34.0,
    "avg_io_time": 0.6,
    "p90_io": 1.44,
    "number_of_pauses": 95,
    "total_pause_time": 1353760415,
    "avg_pause_time": 14250109.63,
    "pauses_per_category": {
        "ICBufferFull": 46,
        "CollectForMetadataAllocation": 6,
        "G1PauseRemark": 4,
        "G1PauseCleanup": 4,
        "G1CollectForAllocation": 24,
        "Cleanup": 11
    },
    "total_pause_time_per_category": {
        "ICBufferFull": 5503602,
        "CollectForMetadataAllocation": 57944784,
        "G1PauseRemark": 10770983,
        "G1PauseCleanup": 1375502,
        "G1CollectForAllocation": 1276964087,
        "Cleanup": 1201457
    },
    "avg_pause_time_per_category": {
        "ICBufferFull": 119643.52,
        "CollectForMetadataAllocation": 9657464.0,
        "G1PauseRemark": 2692745.75,
        "G1PauseCleanup": 343875.5,
        "G1CollectForAllocation": 53206836.96,
        "Cleanup": 109223.36
    },
    "p90_pause_time": 55350589.2,
    "throughput": 36321130978
}