{
    "garbage_collector": "Serial",
    "jdk": "HotSpot_21.0.4",
    "benchmark_group": "Renaissance",
    "benchmark_name": "scala-doku",
    "heap_size": "4096",
    "error": null,
    "avg_cpu_usage": 13.4,
    "avg_cpu_time": 13.9,
    "avg_io_time": 0.0,
    "p90_io": 0.0,
    "number_of_pauses": 17,
    "total_pause_time": 74565593,
    "avg_pause_time": 4386211.35,
    "pauses_per_category": {
        "ICBufferFull": 2,
        "Cleanup": 14,
        "GenCollectForAllocation": 1
    },
    "total_pause_time_per_category": {
        "ICBufferFull": 187030,
        "Cleanup": 40003512,
        "GenCollectForAllocation": 34375051
    },
    "avg_pause_time_per_category": {
        "ICBufferFull": 93515.0,
        "Cleanup": 2857393.71,
        "GenCollectForAllocation": 34375051.0
    },
    "p90_pause_time": 13828191.4,
    "throughput": 22784609997
}