{
    "garbage_collector": "G1",
    "jdk": "HotSpot_21.0.4",
    "benchmark_group": "Renaissance",
    "benchmark_name": "reactors",
    "heap_size": "1024",
    "error": null,
    "avg_cpu_usage": 44.4,
    "avg_cpu_time": 43.2,
    "avg_io_time": 0.0,
    "p90_io": 0.0,
    "number_of_pauses": 251,
    "total_pause_time": 5783687016,
    "avg_pause_time": 23042577.75,
    "pauses_per_category": {
        "ICBufferFull": 2,
        "G1CollectForAllocation": 155,
        "Cleanup": 5,
        "G1TryInitiateConcMark": 11,
        "G1PauseRemark": 39,
        "G1PauseCleanup": 39
    },
    "total_pause_time_per_category": {
        "ICBufferFull": 223090,
        "G1CollectForAllocation": 5107844169,
        "Cleanup": 411974,
        "G1TryInitiateConcMark": 617581834,
        "G1PauseRemark": 46239616,
        "G1PauseCleanup": 11386333
    },
    "avg_pause_time_per_category": {
        "ICBufferFull": 111545.0,
        "G1CollectForAllocation": 32953833.35,
        "Cleanup": 82394.8,
        "G1TryInitiateConcMark": 56143803.09,
        "G1PauseRemark": 1185631.18,
        "G1PauseCleanup": 291957.26
    },
    "p90_pause_time": 57604536.0,
    "throughput": 77636156175
}