{
    "garbage_collector": "G1",
    "jdk": "HotSpot_21.0.4",
    "benchmark_group": "Renaissance",
    "benchmark_name": "neo4j-analytics",
    "heap_size": "4096",
    "error": null,
    "avg_cpu_usage": 33.5,
    "avg_cpu_time": 35.6,
    "avg_io_time": 0.6,
    "p90_io": 1.2,
    "number_of_pauses": 102,
    "total_pause_time": 1495673810,
    "avg_pause_time": 14663468.73,
    "pauses_per_category": {
        "ICBufferFull": 41,
        "CollectForMetadataAllocation": 7,
        "G1PauseRemark": 5,
        "G1PauseCleanup": 5,
        "G1CollectForAllocation": 31,
        "Cleanup": 11,
        "G1TryInitiateConcMark": 2
    },
    "total_pause_time_per_category": {
        "ICBufferFull": 5961511,
        "CollectForMetadataAllocation": 44599035,
        "G1PauseRemark": 15621627,
        "G1PauseCleanup": 1675507,
        "G1CollectForAllocation": 1393491135,
        "Cleanup": 1295134,
        "G1TryInitiateConcMark": 33029861
    },
    "avg_pause_time_per_category": {
        "ICBufferFull": 145402.71,
        "CollectForMetadataAllocation": 6371290.71,
        "G1PauseRemark": 3124325.4,
        "G1PauseCleanup": 335101.4,
        "G1CollectForAllocation": 44951326.94,
        "Cleanup": 117739.45,
        "G1TryInitiateConcMark": 16514930.5
    },
    "p90_pause_time": 51834880.2,
    "throughput": 35719630638
}