{
    "garbage_collector": "G1",
    "jdk": "HotSpot_21.0.4",
    "benchmark_group": "Renaissance",
    "benchmark_name": "philosophers",
    "heap_size": "256",
    "error": null,
    "avg_cpu_usage": 87.7,
    "avg_cpu_time": 85.8,
    "avg_io_time": 0.0,
    "p90_io": 0.0,
    "number_of_pauses": 218,
    "total_pause_time": 237372051,
    "avg_pause_time": 1088862.62,
    "pauses_per_category": {
        "ICBufferFull": 1,
        "G1CollectForAllocation": 217
    },
    "total_pause_time_per_category": {
        "ICBufferFull": 125869,
        "G1CollectForAllocation": 237246182
    },
    "avg_pause_time_per_category": {
        "ICBufferFull": 125869.0,
        "G1CollectForAllocation": 1093300.38
    },
    "p90_pause_time": 1385952.5,
    "throughput": 17835807430
}