{
    "garbage_collector": "G1",
    "jdk": "GraalVM_21.0.4",
    "benchmark_group": "Renaissance",
    "benchmark_name": "als",
    "heap_size": "512",
    "error": null,
    "avg_cpu_usage": 68.6,
    "avg_cpu_time": 67.4,
    "avg_io_time": 0.1,
    "p90_io": 0.0,
    "number_of_pauses": 503,
    "total_pause_time": 1240402670,
    "avg_pause_time": 2466009.28,
    "pauses_per_category": {
        "ICBufferFull": 26,
        "G1CollectForAllocation": 276,
        "CollectForMetadataAllocation": 10,
        "G1PauseRemark": 59,
        "G1PauseCleanup": 59,
        "G1TryInitiateConcMark": 73
    },
    "total_pause_time_per_category": {
        "ICBufferFull": 2693373,
        "G1CollectForAllocation": 799038425,
        "CollectForMetadataAllocation": 47411454,
        "G1PauseRemark": 262602465,
        "G1PauseCleanup": 18696588,
        "G1TryInitiateConcMark": 109960365
    },
    "avg_pause_time_per_category": {
        "ICBufferFull": 103591.27,
        "G1CollectForAllocation": 2895066.76,
        "CollectForMetadataAllocation": 4741145.4,
        "G1PauseRemark": 4450889.24,
        "G1PauseCleanup": 316891.32,
        "G1TryInitiateConcMark": 1506306.37
    },
    "p90_pause_time": 4803410.0,
    "throughput": 57663176434
}