{
    "garbage_collector": "G1",
    "jdk": "GraalVM_21.0.4",
    "benchmark_group": "Renaissance",
    "benchmark_name": "dotty",
    "heap_size": "1024",
    "error": null,
    "avg_cpu_usage": 27.3,
    "avg_cpu_time": 26.6,
    "avg_io_time": 0.0,
    "p90_io": 0.0,
    "number_of_pauses": 103,
    "total_pause_time": 260885032,
    "avg_pause_time": 2532864.39,
    "pauses_per_category": {
        "ICBufferFull": 70,
        "G1CollectForAllocation": 7,
        "CollectForMetadataAllocation": 2,
        "G1PauseRemark": 5,
        "G1PauseCleanup": 5,
        "G1TryInitiateConcMark": 3,
        "Cleanup": 11
    },
    "total_pause_time_per_category": {
        "ICBufferFull": 10239020,
        "G1CollectForAllocation": 153351429,
        "CollectForMetadataAllocation": 16367621,
        "G1PauseRemark": 27145698,
        "G1PauseCleanup": 1361206,
        "G1TryInitiateConcMark": 51111289,
        "Cleanup": 1308769
    },
    "avg_pause_time_per_category": {
        "ICBufferFull": 146271.71,
        "G1CollectForAllocation": 21907347.0,
        "CollectForMetadataAllocation": 8183810.5,
        "G1PauseRemark": 5429139.6,
        "G1PauseCleanup": 272241.2,
        "G1TryInitiateConcMark": 17037096.33,
        "Cleanup": 118979.0
    },
    "p90_pause_time": 10531207.0,
    "throughput": 32557091350
}