{
    "garbage_collector": "Serial",
    "jdk": "GraalVM_21.0.4",
    "benchmark_group": "Renaissance",
    "benchmark_name": "reactors",
    "heap_size": "8192",
    "error": null,
    "avg_cpu_usage": 37.3,
    "avg_cpu_time": 37.5,
    "avg_io_time": 0.0,
    "p90_io": 0.0,
    "number_of_pauses": 50,
    "total_pause_time": 5514073450,
    "avg_pause_time": 110281469.0,
    "pauses_per_category": {
        "ICBufferFull": 2,
        "Cleanup": 24,
        "GenCollectForAllocation": 24
    },
    "total_pause_time_per_category": {
        "ICBufferFull": 213475,
        "Cleanup": 2535901,
        "GenCollectForAllocation": 5511324074
    },
    "avg_pause_time_per_category": {
        "ICBufferFull": 106737.5,
        "Cleanup": 105662.54,
        "GenCollectForAllocation": 229638503.08
    },
    "p90_pause_time": 411415145.3,
    "throughput": 71151589356
}