{
    "garbage_collector": "G1",
    "jdk": "GraalVM_21.0.4",
    "benchmark_group": "Renaissance",
    "benchmark_name": "scala-doku",
    "heap_size": "1024",
    "error": null,
    "avg_cpu_usage": 15.7,
    "avg_cpu_time": 16.6,
    "avg_io_time": 0.0,
    "p90_io": 0.0,
    "number_of_pauses": 19,
    "total_pause_time": 65983629,
    "avg_pause_time": 3472822.58,
    "pauses_per_category": {
        "ICBufferFull": 2,
        "G1CollectForAllocation": 6,
        "Cleanup": 11
    },
    "total_pause_time_per_category": {
        "ICBufferFull": 177421,
        "G1CollectForAllocation": 64744480,
        "Cleanup": 1061728
    },
    "avg_pause_time_per_category": {
        "ICBufferFull": 88710.5,
        "G1CollectForAllocation": 10790746.67,
        "Cleanup": 96520.73
    },
    "p90_pause_time": 11585755.2,
    "throughput": 16414053575
}