{
    "garbage_collector": "Z",
    "jdk": "GraalVM_21.0.4",
    "benchmark_group": "Renaissance",
    "benchmark_name": "rx-scrabble",
    "heap_size": "4096",
    "error": null,
    "avg_cpu_usage": 25.6,
    "avg_cpu_time": 19.7,
    "avg_io_time": 0.0,
    "p90_io": 0.0,
    "number_of_pauses": 14,
    "total_pause_time": 2411965,
    "avg_pause_time": 172283.21,
    "pauses_per_category": {
        "ICBufferFull": 3,
        "XMarkStart": 3,
        "XMarkEnd": 3,
        "CleanClassLoaderDataMetaspaces": 2,
        "XRelocateStart": 3
    },
    "total_pause_time_per_category": {
        "ICBufferFull": 765243,
        "XMarkStart": 425190,
        "XMarkEnd": 233463,
        "CleanClassLoaderDataMetaspaces": 678865,
        "XRelocateStart": 309204
    },
    "avg_pause_time_per_category": {
        "ICBufferFull": 255081.0,
        "XMarkStart": 141730.0,
        "XMarkEnd": 77821.0,
        "CleanClassLoaderDataMetaspaces": 339432.5,
        "XRelocateStart": 103068.0
    },
    "p90_pause_time": 400530.7,
    "throughput": 4260632791
}