{
    "garbage_collector": "Z",
    "jdk": "GraalVM_21.0.4",
    "benchmark_group": "Renaissance",
    "benchmark_name": "page-rank",
    "heap_size": "4096",
    "error": null,
    "avg_cpu_usage": 49.5,
    "avg_cpu_time": 49.9,
    "avg_io_time": 0.1,
    "p90_io": 0.0,
    "number_of_pauses": 265,
    "total_pause_time": 93128621,
    "avg_pause_time": 351428.76,
    "pauses_per_category": {
        "ICBufferFull": 12,
        "Cleanup": 4,
        "XMarkStart": 80,
        "XMarkEnd": 80,
        "CleanClassLoaderDataMetaspaces": 8,
        "XRelocateStart": 81
    },
    "total_pause_time_per_category": {
        "ICBufferFull": 980891,
        "Cleanup": 346250,
        "XMarkStart": 74139886,
        "XMarkEnd": 6489362,
        "CleanClassLoaderDataMetaspaces": 3447660,
        "XRelocateStart": 7724572
    },
    "avg_pause_time_per_category": {
        "ICBufferFull": 81740.92,
        "Cleanup": 86562.5,
        "XMarkStart": 926748.57,
        "XMarkEnd": 81117.02,
        "CleanClassLoaderDataMetaspaces": 430957.5,
        "XRelocateStart": 95365.09
    },
    "p90_pause_time": 149905.8,
    "throughput": 66443640360
}