{
    "garbage_collector": "Parallel",
    "jdk": "GraalVM_21.0.4",
    "benchmark_group": "Renaissance",
    "benchmark_name": "als",
    "heap_size": "2048",
    "error": null,
    "avg_cpu_usage": 65.8,
    "avg_cpu_time": 65.9,
    "avg_io_time": 0.1,
    "p90_io": 0.0,
    "number_of_pauses": 158,
    "total_pause_time": 886045560,
    "avg_pause_time": 5607883.29,
    "pauses_per_category": {
        "ICBufferFull": 37,
        "Cleanup": 21,
        "CollectForMetadataAllocation": 9,
        "ParallelGCFailedAllocation": 80,
        "ParallelGCSystemGC": 11
    },
    "total_pause_time_per_category": {
        "ICBufferFull": 3770634,
        "Cleanup": 1844047,
        "CollectForMetadataAllocation": 128829564,
        "ParallelGCFailedAllocation": 625741083,
        "ParallelGCSystemGC": 125860232
    },
    "avg_pause_time_per_category": {
        "ICBufferFull": 101909.03,
        "Cleanup": 87811.76,
        "CollectForMetadataAllocation": 14314396.0,
        "ParallelGCFailedAllocation": 7821763.54,
        "ParallelGCSystemGC": 11441839.27
    },
    "p90_pause_time": 11885626.2,
    "throughput": 56413936422
}