{
    "garbage_collector": "Parallel",
    "jdk": "GraalVM_21.0.4",
    "benchmark_group": "Renaissance",
    "benchmark_name": "par-mnemonics",
    "heap_size": "8192",
    "error": null,
    "avg_cpu_usage": 19.3,
    "avg_cpu_time": 19.3,
    "avg_io_time": 0.0,
    "p90_io": 0.0,
    "number_of_pauses": 15,
    "total_pause_time": 121867625,
    "avg_pause_time": 8124508.33,
    "pauses_per_category": {
        "ICBufferFull": 2,
        "ParallelGCFailedAllocation": 13
    },
    "total_pause_time_per_category": {
        "ICBufferFull": 193488,
        "ParallelGCFailedAllocation": 121674137
    },
    "avg_pause_time_per_category": {
        "ICBufferFull": 96744.0,
        "ParallelGCFailedAllocation": 9359549.0
    },
    "p90_pause_time": 14497948.6,
    "throughput": 13380317459
}