{
    "garbage_collector": "Serial",
    "jdk": "GraalVM_21.0.4",
    "benchmark_group": "Renaissance",
    "benchmark_name": "philosophers",
    "heap_size": "8192",
    "error": null,
    "avg_cpu_usage": 79.9,
    "avg_cpu_time": 75.1,
    "avg_io_time": 0.1,
    "p90_io": 0.0,
    "number_of_pauses": 17,
    "total_pause_time": 103382909,
    "avg_pause_time": 6081347.59,
    "pauses_per_category": {
        "ICBufferFull": 2,
        "GenCollectForAllocation": 12,
        "Cleanup": 3
    },
    "total_pause_time_per_category": {
        "ICBufferFull": 300240,
        "GenCollectForAllocation": 102813397,
        "Cleanup": 269272
    },
    "avg_pause_time_per_category": {
        "ICBufferFull": 150120.0,
        "GenCollectForAllocation": 8567783.08,
        "Cleanup": 89757.33
    },
    "p90_pause_time": 10414641.0,
    "throughput": 18385452141
}