{
    "garbage_collector": "Parallel",
    "jdk": "GraalVM_21.0.4",
    "benchmark_group": "Renaissance",
    "benchmark_name": "akka-uct",
    "heap_size": "2048",
    "error": null,
    "avg_cpu_usage": 86.3,
    "avg_cpu_time": 81.8,
    "avg_io_time": 0.0,
    "p90_io": 0.0,
    "number_of_pauses": 375,
    "total_pause_time": 17195971964,
    "avg_pause_time": 45855925.24,
    "pauses_per_category": {
        "ICBufferFull": 22,
        "CollectForMetadataAllocation": 2,
        "ParallelGCFailedAllocation": 351
    },
    "total_pause_time_per_category": {
        "ICBufferFull": 8946825,
        "CollectForMetadataAllocation": 29168471,
        "ParallelGCFailedAllocation": 17157856668
    },
    "avg_pause_time_per_category": {
        "ICBufferFull": 406673.86,
        "CollectForMetadataAllocation": 14584235.5,
        "ParallelGCFailedAllocation": 48882782.53
    },
    "p90_pause_time": 54664692.2,
    "throughput": 71440553976
}