{
    "garbage_collector": "G1",
    "jdk": "GraalVM_21.0.4",
    "benchmark_group": "Renaissance",
    "benchmark_name": "gauss-mix",
    "heap_size": "1024",
    "error": null,
    "avg_cpu_usage": 31.8,
    "avg_cpu_time": 33.5,
    "avg_io_time": 0.0,
    "p90_io": 0.0,
    "number_of_pauses": 45,
    "total_pause_time": 137557951,
    "avg_pause_time": 3056843.36,
    "pauses_per_category": {
        "ICBufferFull": 15,
        "Cleanup": 1,
        "G1CollectForAllocation": 18,
        "CollectForMetadataAllocation": 5,
        "G1PauseRemark": 3,
        "G1PauseCleanup": 3
    },
    "total_pause_time_per_category": {
        "ICBufferFull": 1333526,
        "Cleanup": 45562,
        "G1CollectForAllocation": 113616723,
        "CollectForMetadataAllocation": 17015438,
        "G1PauseRemark": 4901845,
        "G1PauseCleanup": 644857
    },
    "avg_pause_time_per_category": {
        "ICBufferFull": 88901.73,
        "Cleanup": 45562.0,
        "G1CollectForAllocation": 6312040.17,
        "CollectForMetadataAllocation": 3403087.6,
        "G1PauseRemark": 1633948.33,
        "G1PauseCleanup": 214952.33
    },
    "p90_pause_time": 7115230.6,
    "throughput": 12780413679
}