{
    "garbage_collector": "Z",
    "jdk": "GraalVM_21.0.4",
    "benchmark_group": "Renaissance",
    "benchmark_name": "reactors",
    "heap_size": "512",
    "error": "Error code not found: 1\njava.lang.OutOfMemoryError: Java heap space: failed reallocation of scalar replaced objects\n\tat java.base/java.lang.Class.privateGetDeclaredConstructors(Class.java:3540)\n\tat java.base/java.lang.Class.getDeclaredConstructors(Class.java:2727)\n\tat io.reactors.Platform$Reflect$.matchingConstructor(Platform.scala:223)\n\tat io.reactors.Platform$Reflect$.instantiate(Platform.scala:191)\n\tat io.reactors.Proto.create(Proto.scala:25)\n\tat io.reactors.concurrent.Frame.checkFresh(Frame.scala:237)\n\tat io.reactors.concurrent.Frame.processBatch(Frame.scala:491)\n\tat io.reactors.concurrent.Frame.isolateAndProcessBatch(Frame.scala:210)\n\tat io.reactors.concurrent.Frame.executeBatch(Frame.scala:183)\n\tat io.reactors.JvmScheduler$Executed$$anon$5.run(JvmScheduler.scala:255)\n\tat java.base/java.util.concurrent.ForkJoinTask$RunnableExecuteAction.exec(ForkJoinTask.java:1423)\n\tat java.base/java.util.concurrent.ForkJoinTask.doExec(ForkJoinTask.java:387)\n\tat java.base/java.util.concurrent.ForkJoinPool$WorkQueue.topLevelExec(ForkJoinPool.java:1312)\n\nException: java.lang.OutOfMemoryError thrown from the UncaughtExceptionHandler in thread \"reactors-io-scheduler-reanimator\"\n\tat java.base/java.util.concurrent.ForkJoinPool.scan(ForkJoinPool.java:1843)\n\tat java.base/java.util.concurrent.ForkJoinPool.runWorker(ForkJoinPool.java:1808)\n\tat java.base/java.util.concurrent.ForkJoinWorkerThread.run(ForkJoinWorkerThread.java:188)\njava.lang.OutOfMemoryError: Java heap space: failed reallocation of scalar replaced objects\njava.lang.OutOfMemoryError: Java heap space: failed reallocation of scalar replaced objects\n\nException: java.lang.OutOfMemoryError thrown from the UncaughtExceptionHandler in thread \"reactors-io-scheduler-ForkJoinPool-1-worker-7\"\n\nException: java.lang.OutOfMemoryError thrown from the UncaughtExceptionHandler in thread \"reactors-io-scheduler-ForkJoinPool-1-worker-9\"\n\nException: java.lang.OutOfMemoryError thrown from the UncaughtExceptionHandler in thread \"reactors-io-scheduler-ForkJoinPool-1-worker-8\"\n\nException: java.lang.OutOfMemoryError thrown from the UncaughtExceptionHandler in thread \"reactors-io-scheduler-ForkJoinPool-1-worker-10\"\n\nException: java.lang.OutOfMemoryError thrown from the UncaughtExceptionHandler in thread \"reactors-io-scheduler-ForkJoinPool-1-worker-12\"\n\nException: java.lang.OutOfMemoryError thrown from the UncaughtExceptionHandler in thread \"reactors-io-scheduler-ForkJoinPool-1-worker-5\"\n\nException: java.lang.OutOfMemoryError thrown from the UncaughtExceptionHandler in thread \"reactors-io-scheduler-ForkJoinPool-1-worker-6\"\n\nException: java.lang.OutOfMemoryError thrown from the UncaughtExceptionHandler in thread \"reactors-io-scheduler-ForkJoinPool-1-worker-14\"\n\nException: java.lang.OutOfMemoryError thrown from the UncaughtExceptionHandler in thread \"reactors-io-scheduler-ForkJoinPool-1-worker-1\"\n\nException: java.lang.OutOfMemoryError thrown from the UncaughtExceptionHandler in thread \"reactors-io-scheduler-ForkJoinPool-1-worker-16\"\n\nException: java.lang.OutOfMemoryError thrown from the UncaughtExceptionHandler in thread \"reactors-io-scheduler-ForkJoinPool-1-worker-15\"\n\nException: java.lang.OutOfMemoryError thrown from the UncaughtExceptionHandler in thread \"reactors-io-scheduler-ForkJoinPool-1-worker-19\"\nException in thread \"reactors-io-scheduler-ForkJoinPool-1-worker-1\" java.lang.OutOfMemoryError: Java heap space: failed reallocation of scalar replaced objects\n\nException: java.lang.OutOfMemoryError thrown from the UncaughtExceptionHandler in thread \"reactors-io-scheduler-ForkJoinPool-1-worker-2\"\nException in thread \"reactors-io-scheduler-ForkJoinPool-1-worker-13\" \nException: java.lang.OutOfMemoryError thrown from the UncaughtExceptionHandler in thread \"reactors-io-scheduler-ForkJoinPool-1-worker-13\"\nException in thread \"reactors-io-scheduler-ForkJoinPool-1-worker-20\" java.lang.OutOfMemoryError: Java heap space\n\nException: java.lang.OutOfMemoryError thrown from the UncaughtExceptionHandler in thread \"reactors-io-scheduler-ForkJoinPool-1-worker-3\"\n\nException: java.lang.OutOfMemoryError thrown from the UncaughtExceptionHandler in thread \"reactors-io-scheduler-ForkJoinPool-1-worker-22\"\n\nException: java.lang.OutOfMemoryError thrown from the UncaughtExceptionHandler in thread \"reactors-io-scheduler-ForkJoinPool-1-worker-25\"\n\nException: java.lang.OutOfMemoryError thrown from the UncaughtExceptionHandler in thread \"reactors-io-scheduler-ForkJoinPool-1-worker-23\"\n\nException: java.lang.OutOfMemoryError thrown from the UncaughtExceptionHandler in thread \"main\"\nException in thread \"reactors-io-scheduler-ForkJoinPool-1-worker-18\" java.lang.OutOfMemoryError: Java heap space\n\nException: java.lang.OutOfMemoryError thrown from the UncaughtExceptionHandler in thread \"reactors-io-scheduler-ForkJoinPool-1-worker-24\"\n\nException: java.lang.OutOfMemoryError thrown from the UncaughtExceptionHandler in thread \"reactors-io-scheduler-ForkJoinPool-1-worker-26\"\n\nException: java.lang.OutOfMemoryError thrown from the UncaughtExceptionHandler in thread \"reactors-io-scheduler-ForkJoinPool-1-worker-28\"\n",
    "avg_cpu_usage": 32.1,
    "avg_cpu_time": 32.6,
    "avg_io_time": 0.0,
    "p90_io": 0.0,
    "number_of_pauses": 0,
    "total_pause_time": 0,
    "avg_pause_time": 0,
    "pauses_per_category": {},
    "total_pause_time_per_category": {},
    "avg_pause_time_per_category": {},
    "p90_pause_time": 0,
    "throughput": 0
}