{
    "garbage_collector": "Serial",
    "jdk": "GraalVM_21.0.4",
    "benchmark_group": "Renaissance",
    "benchmark_name": "reactors",
    "heap_size": "256",
    "error": "Error code not found: 1\nException in thread \"reactors-io-scheduler-reanimator\" java.lang.OutOfMemoryError: Java heap space\n\nException: java.lang.OutOfMemoryError thrown from the UncaughtExceptionHandler in thread \"reactors-io-scheduler-reanimator\"\nException in thread \"reactors-io-scheduler-ForkJoinPool-1-worker-7\" java.lang.OutOfMemoryError: Java heap space\nBenchmark 'reactors' failed with exception:\njava.lang.OutOfMemoryError: Java heap space: failed reallocation of scalar replaced objects\n",
    "avg_cpu_usage": 16.9,
    "avg_cpu_time": 18.3,
    "avg_io_time": 0.0,
    "p90_io": 0.0,
    "number_of_pauses": 0,
    "total_pause_time": 0,
    "avg_pause_time": 0,
    "pauses_per_category": {},
    "total_pause_time_per_category": {},
    "avg_pause_time_per_category": {},
    "p90_pause_time": 0,
    "throughput": 0
}