{
    "garbage_collector": "Z",
    "jdk": "GraalVM_21.0.4",
    "benchmark_group": "Renaissance",
    "benchmark_name": "finagle-http",
    "heap_size": "256",
    "error": null,
    "avg_cpu_usage": 84.5,
    "avg_cpu_time": 70.8,
    "avg_io_time": 0.0,
    "p90_io": 0.0,
    "number_of_pauses": 1255,
    "total_pause_time": 184253669,
    "avg_pause_time": 146815.67,
    "pauses_per_category": {
        "ICBufferFull": 51,
        "XMarkStart": 400,
        "XMarkEnd": 400,
        "CleanClassLoaderDataMetaspaces": 4,
        "XRelocateStart": 400
    },
    "total_pause_time_per_category": {
        "ICBufferFull": 7230054,
        "XMarkStart": 64774536,
        "XMarkEnd": 49933941,
        "CleanClassLoaderDataMetaspaces": 2203976,
        "XRelocateStart": 60111162
    },
    "avg_pause_time_per_category": {
        "ICBufferFull": 141765.76,
        "XMarkStart": 161936.34,
        "XMarkEnd": 124834.85,
        "CleanClassLoaderDataMetaspaces": 550994.0,
        "XRelocateStart": 150277.9
    },
    "p90_pause_time": 229543.8,
    "throughput": 54604190548
}