{
    "garbage_collector": "Z",
    "jdk": "GraalVM_21.0.4",
    "benchmark_group": "Renaissance",
    "benchmark_name": "chi-square",
    "heap_size": "8192",
    "error": null,
    "avg_cpu_usage": 27.3,
    "avg_cpu_time": 24.5,
    "avg_io_time": 0.2,
    "p90_io": 0.0,
    "number_of_pauses": 45,
    "total_pause_time": 7927382,
    "avg_pause_time": 176164.04,
    "pauses_per_category": {
        "ICBufferFull": 7,
        "Cleanup": 5,
        "XMarkStart": 9,
        "XMarkEnd": 9,
        "CleanClassLoaderDataMetaspaces": 5,
        "XRelocateStart": 10
    },
    "total_pause_time_per_category": {
        "ICBufferFull": 720972,
        "Cleanup": 511670,
        "XMarkStart": 2917102,
        "XMarkEnd": 863379,
        "CleanClassLoaderDataMetaspaces": 1842667,
        "XRelocateStart": 1071592
    },
    "avg_pause_time_per_category": {
        "ICBufferFull": 102996.0,
        "Cleanup": 102334.0,
        "XMarkStart": 324122.44,
        "XMarkEnd": 95931.0,
        "CleanClassLoaderDataMetaspaces": 368533.4,
        "XRelocateStart": 107159.2
    },
    "p90_pause_time": 230107.4,
    "throughput": 16427248098
}