{
    "garbage_collector": "Z",
    "jdk": "GraalVM_21.0.4",
    "benchmark_group": "Renaissance",
    "benchmark_name": "naive-bayes",
    "heap_size": "1024",
    "error": null,
    "avg_cpu_usage": 53.7,
    "avg_cpu_time": 46.9,
    "avg_io_time": 0.2,
    "p90_io": 0.0,
    "number_of_pauses": 5409,
    "total_pause_time": 1008671599,
    "avg_pause_time": 186480.24,
    "pauses_per_category": {
        "ICBufferFull": 21,
        "Cleanup": 2,
        "XMarkStart": 1790,
        "XMarkEnd": 1789,
        "CleanClassLoaderDataMetaspaces": 17,
        "XRelocateStart": 1790
    },
    "total_pause_time_per_category": {
        "ICBufferFull": 1990640,
        "Cleanup": 91580,
        "XMarkStart": 208073779,
        "XMarkEnd": 81986286,
        "CleanClassLoaderDataMetaspaces": 9535975,
        "XRelocateStart": 706993339
    },
    "avg_pause_time_per_category": {
        "ICBufferFull": 94792.38,
        "Cleanup": 45790.0,
        "XMarkStart": 116242.33,
        "XMarkEnd": 45828.0,
        "CleanClassLoaderDataMetaspaces": 560939.71,
        "XRelocateStart": 394968.35
    },
    "p90_pause_time": 237220.0,
    "throughput": 155446747691
}