{
    "garbage_collector": "Z",
    "jdk": "GraalVM_21.0.4",
    "benchmark_group": "Renaissance",
    "benchmark_name": "mnemonics",
    "heap_size": "256",
    "error": null,
    "avg_cpu_usage": 18.2,
    "avg_cpu_time": 18.5,
    "avg_io_time": 0.0,
    "p90_io": 0.0,
    "number_of_pauses": 847,
    "total_pause_time": 61598988,
    "avg_pause_time": 72726.08,
    "pauses_per_category": {
        "ICBufferFull": 1,
        "XMarkStart": 281,
        "XMarkEnd": 280,
        "CleanClassLoaderDataMetaspaces": 4,
        "XRelocateStart": 281
    },
    "total_pause_time_per_category": {
        "ICBufferFull": 127419,
        "XMarkStart": 17700303,
        "XMarkEnd": 17004183,
        "CleanClassLoaderDataMetaspaces": 812301,
        "XRelocateStart": 25954782
    },
    "avg_pause_time_per_category": {
        "ICBufferFull": 127419.0,
        "XMarkStart": 62990.4,
        "XMarkEnd": 60729.22,
        "CleanClassLoaderDataMetaspaces": 203075.25,
        "XRelocateStart": 92365.77
    },
    "p90_pause_time": 101444.2,
    "throughput": 21895086312
}