{
    "garbage_collector": "Z",
    "jdk": "GraalVM_21.0.4",
    "benchmark_group": "Renaissance",
    "benchmark_name": "reactors",
    "heap_size": "2048",
    "error": null,
    "avg_cpu_usage": 43.2,
    "avg_cpu_time": 42.6,
    "avg_io_time": 0.0,
    "p90_io": 0.0,
    "number_of_pauses": 515,
    "total_pause_time": 54479732,
    "avg_pause_time": 105785.89,
    "pauses_per_category": {
        "ICBufferFull": 2,
        "XMarkStart": 168,
        "XMarkEnd": 168,
        "CleanClassLoaderDataMetaspaces": 2,
        "XRelocateStart": 168,
        "Cleanup": 7
    },
    "total_pause_time_per_category": {
        "ICBufferFull": 213260,
        "XMarkStart": 16805190,
        "XMarkEnd": 16754520,
        "CleanClassLoaderDataMetaspaces": 1934285,
        "XRelocateStart": 18133915,
        "Cleanup": 638562
    },
    "avg_pause_time_per_category": {
        "ICBufferFull": 106630.0,
        "XMarkStart": 100030.89,
        "XMarkEnd": 99729.29,
        "CleanClassLoaderDataMetaspaces": 967142.5,
        "XRelocateStart": 107939.97,
        "Cleanup": 91223.14
    },
    "p90_pause_time": 109916.8,
    "throughput": 76757127309
}