{
    "garbage_collector": "Serial",
    "jdk": "GraalVM_21.0.4",
    "benchmark_group": "Renaissance",
    "benchmark_name": "dec-tree",
    "heap_size": "512",
    "error": null,
    "avg_cpu_usage": 33.8,
    "avg_cpu_time": 36.1,
    "avg_io_time": 0.1,
    "p90_io": 0.0,
    "number_of_pauses": 136,
    "total_pause_time": 755303040,
    "avg_pause_time": 5553698.82,
    "pauses_per_category": {
        "ICBufferFull": 41,
        "Cleanup": 1,
        "CollectForMetadataAllocation": 4,
        "GenCollectForAllocation": 89,
        "GenCollectFull": 1
    },
    "total_pause_time_per_category": {
        "ICBufferFull": 3659513,
        "Cleanup": 26202,
        "CollectForMetadataAllocation": 142284069,
        "GenCollectForAllocation": 507917316,
        "GenCollectFull": 101415940
    },
    "avg_pause_time_per_category": {
        "ICBufferFull": 89256.41,
        "Cleanup": 26202.0,
        "CollectForMetadataAllocation": 35571017.25,
        "GenCollectForAllocation": 5706936.13,
        "GenCollectFull": 101415940.0
    },
    "p90_pause_time": 9271776.0,
    "throughput": 17359463912
}