{
    "garbage_collector": "G1",
    "jdk": "GraalVM_21.0.4",
    "benchmark_group": "Renaissance",
    "benchmark_name": "par-mnemonics",
    "heap_size": "1024",
    "error": null,
    "avg_cpu_usage": 22.9,
    "avg_cpu_time": 23.0,
    "avg_io_time": 0.0,
    "p90_io": 0.0,
    "number_of_pauses": 62,
    "total_pause_time": 869396485,
    "avg_pause_time": 14022523.95,
    "pauses_per_category": {
        "ICBufferFull": 1,
        "G1CollectForAllocation": 57,
        "G1PauseRemark": 2,
        "G1PauseCleanup": 2
    },
    "total_pause_time_per_category": {
        "ICBufferFull": 66177,
        "G1CollectForAllocation": 865294994,
        "G1PauseRemark": 3556985,
        "G1PauseCleanup": 478329
    },
    "avg_pause_time_per_category": {
        "ICBufferFull": 66177.0,
        "G1CollectForAllocation": 15180613.93,
        "G1PauseRemark": 1778492.5,
        "G1PauseCleanup": 239164.5
    },
    "p90_pause_time": 33011091.1,
    "throughput": 15224009704
}