{
    "garbage_collector": "Z",
    "jdk": "GraalVM_21.0.4",
    "benchmark_group": "Renaissance",
    "benchmark_name": "log-regression",
    "heap_size": "512",
    "error": null,
    "avg_cpu_usage": 50.7,
    "avg_cpu_time": 49.9,
    "avg_io_time": 0.2,
    "p90_io": 0.0,
    "number_of_pauses": 782,
    "total_pause_time": 297695601,
    "avg_pause_time": 380684.91,
    "pauses_per_category": {
        "ICBufferFull": 26,
        "Cleanup": 1,
        "XMarkStart": 246,
        "XMarkEnd": 236,
        "CleanClassLoaderDataMetaspaces": 26,
        "XRelocateStart": 247
    },
    "total_pause_time_per_category": {
        "ICBufferFull": 19621501,
        "Cleanup": 39559,
        "XMarkStart": 61985219,
        "XMarkEnd": 126977830,
        "CleanClassLoaderDataMetaspaces": 29496928,
        "XRelocateStart": 59574564
    },
    "avg_pause_time_per_category": {
        "ICBufferFull": 754673.12,
        "Cleanup": 39559.0,
        "XMarkStart": 251972.43,
        "XMarkEnd": 538041.65,
        "CleanClassLoaderDataMetaspaces": 1134497.23,
        "XRelocateStart": 241192.57
    },
    "p90_pause_time": 183786.9,
    "throughput": 30912691830
}