{
    "garbage_collector": "Z",
    "jdk": "GraalVM_21.0.4",
    "benchmark_group": "Renaissance",
    "benchmark_name": "philosophers",
    "heap_size": "8192",
    "error": null,
    "avg_cpu_usage": 75.3,
    "avg_cpu_time": 72.7,
    "avg_io_time": 0.0,
    "p90_io": 0.0,
    "number_of_pauses": 36,
    "total_pause_time": 5086686,
    "avg_pause_time": 141296.83,
    "pauses_per_category": {
        "ICBufferFull": 2,
        "XMarkStart": 10,
        "XMarkEnd": 10,
        "CleanClassLoaderDataMetaspaces": 2,
        "XRelocateStart": 10,
        "Cleanup": 2
    },
    "total_pause_time_per_category": {
        "ICBufferFull": 215793,
        "XMarkStart": 1103822,
        "XMarkEnd": 981191,
        "CleanClassLoaderDataMetaspaces": 1692495,
        "XRelocateStart": 924134,
        "Cleanup": 169251
    },
    "avg_pause_time_per_category": {
        "ICBufferFull": 107896.5,
        "XMarkStart": 110382.2,
        "XMarkEnd": 98119.1,
        "CleanClassLoaderDataMetaspaces": 846247.5,
        "XRelocateStart": 92413.4,
        "Cleanup": 84625.5
    },
    "p90_pause_time": 135822.0,
    "throughput": 15955012414
}