{
    "garbage_collector": "Parallel",
    "jdk": "GraalVM_21.0.4",
    "benchmark_group": "Renaissance",
    "benchmark_name": "page-rank",
    "heap_size": "1024",
    "error": null,
    "avg_cpu_usage": 42.3,
    "avg_cpu_time": 42.5,
    "avg_io_time": 0.1,
    "p90_io": 0.0,
    "number_of_pauses": 401,
    "total_pause_time": 10588291697,
    "avg_pause_time": 26404717.45,
    "pauses_per_category": {
        "ICBufferFull": 11,
        "Cleanup": 1,
        "CollectForMetadataAllocation": 2,
        "ParallelGCFailedAllocation": 387
    },
    "total_pause_time_per_category": {
        "ICBufferFull": 807805,
        "Cleanup": 224780,
        "CollectForMetadataAllocation": 54088082,
        "ParallelGCFailedAllocation": 10533171030
    },
    "avg_pause_time_per_category": {
        "ICBufferFull": 73436.82,
        "Cleanup": 224780.0,
        "CollectForMetadataAllocation": 27044041.0,
        "ParallelGCFailedAllocation": 27217496.2
    },
    "p90_pause_time": 30704903.0,
    "throughput": 73001288916
}