{
    "garbage_collector": "Z",
    "jdk": "GraalVM_21.0.4",
    "benchmark_group": "Renaissance",
    "benchmark_name": "log-regression",
    "heap_size": "2048",
    "error": null,
    "avg_cpu_usage": 48.9,
    "avg_cpu_time": 45.4,
    "avg_io_time": 0.2,
    "p90_io": 0.0,
    "number_of_pauses": 194,
    "total_pause_time": 205495448,
    "avg_pause_time": 1059254.89,
    "pauses_per_category": {
        "ICBufferFull": 48,
        "Cleanup": 1,
        "XMarkStart": 43,
        "XMarkEnd": 42,
        "CleanClassLoaderDataMetaspaces": 14,
        "XRelocateStart": 46
    },
    "total_pause_time_per_category": {
        "ICBufferFull": 4934508,
        "Cleanup": 97530,
        "XMarkStart": 18681676,
        "XMarkEnd": 67834089,
        "CleanClassLoaderDataMetaspaces": 109759352,
        "XRelocateStart": 4188293
    },
    "avg_pause_time_per_category": {
        "ICBufferFull": 102802.25,
        "Cleanup": 97530.0,
        "XMarkStart": 434457.58,
        "XMarkEnd": 1615097.36,
        "CleanClassLoaderDataMetaspaces": 7839953.71,
        "XRelocateStart": 91049.85
    },
    "p90_pause_time": 205973.4,
    "throughput": 22352911408
}