{
    "garbage_collector": "Parallel",
    "jdk": "GraalVM_21.0.4",
    "benchmark_group": "Renaissance",
    "benchmark_name": "naive-bayes",
    "heap_size": "2048",
    "error": null,
    "avg_cpu_usage": 61.9,
    "avg_cpu_time": 62.1,
    "avg_io_time": 0.3,
    "p90_io": 0.0,
    "number_of_pauses": 685,
    "total_pause_time": 5941143457,
    "avg_pause_time": 8673202.13,
    "pauses_per_category": {
        "ICBufferFull": 37,
        "Cleanup": 1,
        "CollectForMetadataAllocation": 5,
        "ParallelGCFailedAllocation": 642
    },
    "total_pause_time_per_category": {
        "ICBufferFull": 8247895,
        "Cleanup": 91575,
        "CollectForMetadataAllocation": 128801948,
        "ParallelGCFailedAllocation": 5804002039
    },
    "avg_pause_time_per_category": {
        "ICBufferFull": 222916.08,
        "Cleanup": 91575.0,
        "CollectForMetadataAllocation": 25760389.6,
        "ParallelGCFailedAllocation": 9040501.62
    },
    "p90_pause_time": 10353023.4,
    "throughput": 51521436407
}