{
    "garbage_collector": "Serial",
    "jdk": "GraalVM_21.0.4",
    "benchmark_group": "Renaissance",
    "benchmark_name": "future-genetic",
    "heap_size": "2048",
    "error": null,
    "avg_cpu_usage": 38.4,
    "avg_cpu_time": 37.0,
    "avg_io_time": 0.0,
    "p90_io": 0.0,
    "number_of_pauses": 30,
    "total_pause_time": 147419080,
    "avg_pause_time": 4913969.33,
    "pauses_per_category": {
        "ICBufferFull": 3,
        "GenCollectForAllocation": 27
    },
    "total_pause_time_per_category": {
        "ICBufferFull": 346902,
        "GenCollectForAllocation": 147072178
    },
    "avg_pause_time_per_category": {
        "ICBufferFull": 115634.0,
        "GenCollectForAllocation": 5447117.7
    },
    "p90_pause_time": 9121200.2,
    "throughput": 14623057316
}