{
    "garbage_collector": "Z",
    "jdk": "GraalVM_21.0.4",
    "benchmark_group": "Renaissance",
    "benchmark_name": "fj-kmeans",
    "heap_size": "4096",
    "error": null,
    "avg_cpu_usage": 79.5,
    "avg_cpu_time": 79.9,
    "avg_io_time": 0.0,
    "p90_io": 0.0,
    "number_of_pauses": 213,
    "total_pause_time": 24301956,
    "avg_pause_time": 114093.69,
    "pauses_per_category": {
        "ICBufferFull": 1,
        "XMarkStart": 70,
        "XMarkEnd": 70,
        "CleanClassLoaderDataMetaspaces": 2,
        "XRelocateStart": 70
    },
    "total_pause_time_per_category": {
        "ICBufferFull": 57209,
        "XMarkStart": 7675693,
        "XMarkEnd": 7881801,
        "CleanClassLoaderDataMetaspaces": 785483,
        "XRelocateStart": 7901770
    },
    "avg_pause_time_per_category": {
        "ICBufferFull": 57209.0,
        "XMarkStart": 109652.76,
        "XMarkEnd": 112597.16,
        "CleanClassLoaderDataMetaspaces": 392741.5,
        "XRelocateStart": 112882.43
    },
    "p90_pause_time": 129084.2,
    "throughput": 41540317291
}