{
    "garbage_collector": "Parallel",
    "jdk": "GraalVM_21.0.4",
    "benchmark_group": "Renaissance",
    "benchmark_name": "chi-square",
    "heap_size": "4096",
    "error": null,
    "avg_cpu_usage": 30.8,
    "avg_cpu_time": 30.5,
    "avg_io_time": 0.0,
    "p90_io": 0.0,
    "number_of_pauses": 35,
    "total_pause_time": 463577191,
    "avg_pause_time": 13245062.6,
    "pauses_per_category": {
        "ICBufferFull": 8,
        "Cleanup": 2,
        "CollectForMetadataAllocation": 3,
        "ParallelGCFailedAllocation": 22
    },
    "total_pause_time_per_category": {
        "ICBufferFull": 744507,
        "Cleanup": 91630,
        "CollectForMetadataAllocation": 81191631,
        "ParallelGCFailedAllocation": 381549423
    },
    "avg_pause_time_per_category": {
        "ICBufferFull": 93063.38,
        "Cleanup": 45815.0,
        "CollectForMetadataAllocation": 27063877.0,
        "ParallelGCFailedAllocation": 17343155.59
    },
    "p90_pause_time": 45797060.2,
    "throughput": 12487025067
}