{
    "garbage_collector": "Z",
    "jdk": "GraalVM_21.0.4",
    "benchmark_group": "Renaissance",
    "benchmark_name": "dotty",
    "heap_size": "4096",
    "error": null,
    "avg_cpu_usage": 26.1,
    "avg_cpu_time": 24.7,
    "avg_io_time": 0.2,
    "p90_io": 0.0,
    "number_of_pauses": 101,
    "total_pause_time": 17147167,
    "avg_pause_time": 169773.93,
    "pauses_per_category": {
        "ICBufferFull": 67,
        "XMarkStart": 6,
        "XMarkEnd": 6,
        "CleanClassLoaderDataMetaspaces": 4,
        "XRelocateStart": 6,
        "Cleanup": 12
    },
    "total_pause_time_per_category": {
        "ICBufferFull": 9589990,
        "XMarkStart": 1809908,
        "XMarkEnd": 800118,
        "CleanClassLoaderDataMetaspaces": 1801103,
        "XRelocateStart": 1544066,
        "Cleanup": 1601982
    },
    "avg_pause_time_per_category": {
        "ICBufferFull": 143134.18,
        "XMarkStart": 301651.33,
        "XMarkEnd": 133353.0,
        "CleanClassLoaderDataMetaspaces": 450275.75,
        "XRelocateStart": 257344.33,
        "Cleanup": 133498.5
    },
    "p90_pause_time": 233824.0,
    "throughput": 33752486897
}