{
    "garbage_collector": "Parallel",
    "jdk": "GraalVM_21.0.4",
    "benchmark_group": "Renaissance",
    "benchmark_name": "dotty",
    "heap_size": "4096",
    "error": null,
    "avg_cpu_usage": 26.8,
    "avg_cpu_time": 25.8,
    "avg_io_time": 0.1,
    "p90_io": 0.0,
    "number_of_pauses": 86,
    "total_pause_time": 389631854,
    "avg_pause_time": 4530602.95,
    "pauses_per_category": {
        "ICBufferFull": 69,
        "CollectForMetadataAllocation": 2,
        "ParallelGCSystemGC": 3,
        "Cleanup": 11,
        "ParallelGCFailedAllocation": 1
    },
    "total_pause_time_per_category": {
        "ICBufferFull": 9850014,
        "CollectForMetadataAllocation": 59171654,
        "ParallelGCSystemGC": 298016967,
        "Cleanup": 1356140,
        "ParallelGCFailedAllocation": 21237079
    },
    "avg_pause_time_per_category": {
        "ICBufferFull": 142753.83,
        "CollectForMetadataAllocation": 29585827.0,
        "ParallelGCSystemGC": 99338989.0,
        "Cleanup": 123285.45,
        "ParallelGCFailedAllocation": 21237079.0
    },
    "p90_pause_time": 236748.0,
    "throughput": 32252949107
}