{
    "garbage_collector": "Z",
    "jdk": "GraalVM_21.0.4",
    "benchmark_group": "Renaissance",
    "benchmark_name": "movie-lens",
    "heap_size": "2048",
    "error": null,
    "avg_cpu_usage": 58.2,
    "avg_cpu_time": 53.2,
    "avg_io_time": 0.1,
    "p90_io": 0.0,
    "number_of_pauses": 1099,
    "total_pause_time": 129487182,
    "avg_pause_time": 117822.73,
    "pauses_per_category": {
        "ICBufferFull": 33,
        "Cleanup": 1,
        "XMarkStart": 384,
        "XMarkEnd": 293,
        "CleanClassLoaderDataMetaspaces": 9,
        "XRelocateStart": 379
    },
    "total_pause_time_per_category": {
        "ICBufferFull": 4630780,
        "Cleanup": 99150,
        "XMarkStart": 41566685,
        "XMarkEnd": 25899633,
        "CleanClassLoaderDataMetaspaces": 4636653,
        "XRelocateStart": 52654281
    },
    "avg_pause_time_per_category": {
        "ICBufferFull": 140326.67,
        "Cleanup": 99150.0,
        "XMarkStart": 108246.58,
        "XMarkEnd": 88394.65,
        "CleanClassLoaderDataMetaspaces": 515183.67,
        "XRelocateStart": 138929.5
    },
    "p90_pause_time": 129236.4,
    "throughput": 106206028112
}