{
    "garbage_collector": "Parallel",
    "jdk": "GraalVM_21.0.4",
    "benchmark_group": "Renaissance",
    "benchmark_name": "fj-kmeans",
    "heap_size": "4096",
    "error": null,
    "avg_cpu_usage": 83.9,
    "avg_cpu_time": 85.2,
    "avg_io_time": 0.0,
    "p90_io": 0.0,
    "number_of_pauses": 79,
    "total_pause_time": 386594858,
    "avg_pause_time": 4893605.8,
    "pauses_per_category": {
        "ICBufferFull": 1,
        "ParallelGCFailedAllocation": 78
    },
    "total_pause_time_per_category": {
        "ICBufferFull": 123444,
        "ParallelGCFailedAllocation": 386471414
    },
    "avg_pause_time_per_category": {
        "ICBufferFull": 123444.0,
        "ParallelGCFailedAllocation": 4954761.72
    },
    "p90_pause_time": 1495094.0,
    "throughput": 29388084448
}