{
    "garbage_collector": "Z",
    "jdk": "GraalVM_21.0.4",
    "benchmark_group": "Renaissance",
    "benchmark_name": "chi-square",
    "heap_size": "1024",
    "error": null,
    "avg_cpu_usage": 33.9,
    "avg_cpu_time": 34.9,
    "avg_io_time": 0.4,
    "p90_io": 0.0,
    "number_of_pauses": 198,
    "total_pause_time": 17898713,
    "avg_pause_time": 90397.54,
    "pauses_per_category": {
        "ICBufferFull": 4,
        "Cleanup": 1,
        "XMarkStart": 62,
        "XMarkEnd": 61,
        "CleanClassLoaderDataMetaspaces": 8,
        "XRelocateStart": 62
    },
    "total_pause_time_per_category": {
        "ICBufferFull": 294931,
        "Cleanup": 33265,
        "XMarkStart": 5429917,
        "XMarkEnd": 4534027,
        "CleanClassLoaderDataMetaspaces": 2124893,
        "XRelocateStart": 5481680
    },
    "avg_pause_time_per_category": {
        "ICBufferFull": 73732.75,
        "Cleanup": 33265.0,
        "XMarkStart": 87579.31,
        "XMarkEnd": 74328.31,
        "CleanClassLoaderDataMetaspaces": 265611.62,
        "XRelocateStart": 88414.19
    },
    "p90_pause_time": 133094.7,
    "throughput": 16134123451
}