{
    "garbage_collector": "G1",
    "jdk": "GraalVM_21.0.4",
    "benchmark_group": "Renaissance",
    "benchmark_name": "log-regression",
    "heap_size": "8192",
    "error": null,
    "avg_cpu_usage": 49.0,
    "avg_cpu_time": 46.4,
    "avg_io_time": 0.1,
    "p90_io": 0.0,
    "number_of_pauses": 98,
    "total_pause_time": 244692381,
    "avg_pause_time": 2496861.03,
    "pauses_per_category": {
        "ICBufferFull": 70,
        "Cleanup": 2,
        "CollectForMetadataAllocation": 6,
        "G1PauseRemark": 5,
        "G1PauseCleanup": 5,
        "G1CollectForAllocation": 9,
        "G1TryInitiateConcMark": 1
    },
    "total_pause_time_per_category": {
        "ICBufferFull": 7783674,
        "Cleanup": 605184,
        "CollectForMetadataAllocation": 56543681,
        "G1PauseRemark": 19485116,
        "G1PauseCleanup": 1331704,
        "G1CollectForAllocation": 148980010,
        "G1TryInitiateConcMark": 9963012
    },
    "avg_pause_time_per_category": {
        "ICBufferFull": 111195.34,
        "Cleanup": 302592.0,
        "CollectForMetadataAllocation": 9423946.83,
        "G1PauseRemark": 3897023.2,
        "G1PauseCleanup": 266340.8,
        "G1CollectForAllocation": 16553334.44,
        "G1TryInitiateConcMark": 9963012.0
    },
    "p90_pause_time": 10159682.7,
    "throughput": 21466835518
}