{
    "garbage_collector": "Serial",
    "jdk": "GraalVM_21.0.4",
    "benchmark_group": "Renaissance",
    "benchmark_name": "mnemonics",
    "heap_size": "2048",
    "error": null,
    "avg_cpu_usage": 14.4,
    "avg_cpu_time": 15.3,
    "avg_io_time": 0.0,
    "p90_io": 0.0,
    "number_of_pauses": 57,
    "total_pause_time": 635999947,
    "avg_pause_time": 11157893.81,
    "pauses_per_category": {
        "ICBufferFull": 1,
        "GenCollectForAllocation": 56
    },
    "total_pause_time_per_category": {
        "ICBufferFull": 76088,
        "GenCollectForAllocation": 635923859
    },
    "avg_pause_time_per_category": {
        "ICBufferFull": 76088.0,
        "GenCollectForAllocation": 11355783.2
    },
    "p90_pause_time": 16860710.6,
    "throughput": 15509151547
}