{
    "garbage_collector": "G1",
    "jdk": "GraalVM_21.0.4",
    "benchmark_group": "Renaissance",
    "benchmark_name": "mnemonics",
    "heap_size": "4096",
    "error": null,
    "avg_cpu_usage": 15.3,
    "avg_cpu_time": 17.9,
    "avg_io_time": 0.0,
    "p90_io": 0.0,
    "number_of_pauses": 21,
    "total_pause_time": 592176043,
    "avg_pause_time": 28198859.19,
    "pauses_per_category": {
        "ICBufferFull": 1,
        "G1CollectForAllocation": 18,
        "Cleanup": 2
    },
    "total_pause_time_per_category": {
        "ICBufferFull": 62444,
        "G1CollectForAllocation": 591915520,
        "Cleanup": 198079
    },
    "avg_pause_time_per_category": {
        "ICBufferFull": 62444.0,
        "G1CollectForAllocation": 32884195.56,
        "Cleanup": 99039.5
    },
    "p90_pause_time": 54814780.0,
    "throughput": 17044649094
}