{
    "garbage_collector": "Parallel",
    "jdk": "GraalVM_21.0.4",
    "benchmark_group": "Renaissance",
    "benchmark_name": "dec-tree",
    "heap_size": "4096",
    "error": null,
    "avg_cpu_usage": 35.7,
    "avg_cpu_time": 36.0,
    "avg_io_time": 0.0,
    "p90_io": 0.0,
    "number_of_pauses": 66,
    "total_pause_time": 293381071,
    "avg_pause_time": 4445167.74,
    "pauses_per_category": {
        "ICBufferFull": 48,
        "Cleanup": 1,
        "CollectForMetadataAllocation": 6,
        "ParallelGCFailedAllocation": 10,
        "ParallelGCSystemGC": 1
    },
    "total_pause_time_per_category": {
        "ICBufferFull": 4575240,
        "Cleanup": 26655,
        "CollectForMetadataAllocation": 129406969,
        "ParallelGCFailedAllocation": 81724289,
        "ParallelGCSystemGC": 77647918
    },
    "avg_pause_time_per_category": {
        "ICBufferFull": 95317.5,
        "Cleanup": 26655.0,
        "CollectForMetadataAllocation": 21567828.17,
        "ParallelGCFailedAllocation": 8172428.9,
        "ParallelGCSystemGC": 77647918.0
    },
    "p90_pause_time": 16124439.5,
    "throughput": 16753988169
}