{
    "garbage_collector": "Z",
    "jdk": "GraalVM_21.0.4",
    "benchmark_group": "Renaissance",
    "benchmark_name": "philosophers",
    "heap_size": "4096",
    "error": null,
    "avg_cpu_usage": 79.8,
    "avg_cpu_time": 78.5,
    "avg_io_time": 0.0,
    "p90_io": 0.0,
    "number_of_pauses": 40,
    "total_pause_time": 4822057,
    "avg_pause_time": 120551.43,
    "pauses_per_category": {
        "ICBufferFull": 1,
        "XMarkStart": 11,
        "XMarkEnd": 11,
        "CleanClassLoaderDataMetaspaces": 2,
        "XRelocateStart": 11,
        "Cleanup": 4
    },
    "total_pause_time_per_category": {
        "ICBufferFull": 59858,
        "XMarkStart": 1252874,
        "XMarkEnd": 1055937,
        "CleanClassLoaderDataMetaspaces": 1014766,
        "XRelocateStart": 1078891,
        "Cleanup": 359731
    },
    "avg_pause_time_per_category": {
        "ICBufferFull": 59858.0,
        "XMarkStart": 113897.64,
        "XMarkEnd": 95994.27,
        "CleanClassLoaderDataMetaspaces": 507383.0,
        "XRelocateStart": 98081.0,
        "Cleanup": 89932.75
    },
    "p90_pause_time": 119746.2,
    "throughput": 15324608550
}