{
    "garbage_collector": "G1",
    "jdk": "GraalVM_21.0.4",
    "benchmark_group": "Renaissance",
    "benchmark_name": "chi-square",
    "heap_size": "4096",
    "error": null,
    "avg_cpu_usage": 31.3,
    "avg_cpu_time": 31.6,
    "avg_io_time": 0.0,
    "p90_io": 0.0,
    "number_of_pauses": 37,
    "total_pause_time": 422698355,
    "avg_pause_time": 11424279.86,
    "pauses_per_category": {
        "ICBufferFull": 7,
        "Cleanup": 1,
        "CollectForMetadataAllocation": 7,
        "G1PauseRemark": 3,
        "G1PauseCleanup": 3,
        "G1CollectForAllocation": 16
    },
    "total_pause_time_per_category": {
        "ICBufferFull": 553342,
        "Cleanup": 102077,
        "CollectForMetadataAllocation": 50968256,
        "G1PauseRemark": 5230251,
        "G1PauseCleanup": 903623,
        "G1CollectForAllocation": 364940806
    },
    "avg_pause_time_per_category": {
        "ICBufferFull": 79048.86,
        "Cleanup": 102077.0,
        "CollectForMetadataAllocation": 7281179.43,
        "G1PauseRemark": 1743417.0,
        "G1PauseCleanup": 301207.67,
        "G1CollectForAllocation": 22808800.38
    },
    "p90_pause_time": 24632197.4,
    "throughput": 12185674911
}