{
    "garbage_collector": "G1",
    "jdk": "GraalVM_21.0.4",
    "benchmark_group": "Renaissance",
    "benchmark_name": "scala-doku",
    "heap_size": "2048",
    "error": null,
    "avg_cpu_usage": 15.5,
    "avg_cpu_time": 16.0,
    "avg_io_time": 0.1,
    "p90_io": 0.0,
    "number_of_pauses": 22,
    "total_pause_time": 72737702,
    "avg_pause_time": 3306259.18,
    "pauses_per_category": {
        "ICBufferFull": 2,
        "G1CollectForAllocation": 5,
        "Cleanup": 15
    },
    "total_pause_time_per_category": {
        "ICBufferFull": 143720,
        "G1CollectForAllocation": 71232737,
        "Cleanup": 1361245
    },
    "avg_pause_time_per_category": {
        "ICBufferFull": 71860.0,
        "G1CollectForAllocation": 14246547.4,
        "Cleanup": 90749.67
    },
    "p90_pause_time": 12320142.0,
    "throughput": 18842245400
}