{
    "garbage_collector": "Parallel",
    "jdk": "GraalVM_21.0.4",
    "benchmark_group": "Renaissance",
    "benchmark_name": "mnemonics",
    "heap_size": "512",
    "error": null,
    "avg_cpu_usage": 18.3,
    "avg_cpu_time": 18.7,
    "avg_io_time": 0.1,
    "p90_io": 0.0,
    "number_of_pauses": 232,
    "total_pause_time": 904309627,
    "avg_pause_time": 3897886.32,
    "pauses_per_category": {
        "ICBufferFull": 1,
        "ParallelGCFailedAllocation": 231
    },
    "total_pause_time_per_category": {
        "ICBufferFull": 61053,
        "ParallelGCFailedAllocation": 904248574
    },
    "avg_pause_time_per_category": {
        "ICBufferFull": 61053.0,
        "ParallelGCFailedAllocation": 3914495.99
    },
    "p90_pause_time": 6089417.8,
    "throughput": 15518574265
}