{
    "garbage_collector": "Z",
    "jdk": "GraalVM_21.0.4",
    "benchmark_group": "Renaissance",
    "benchmark_name": "reactors",
    "heap_size": "1024",
    "error": null,
    "avg_cpu_usage": 38.0,
    "avg_cpu_time": 39.6,
    "avg_io_time": 0.0,
    "p90_io": 0.0,
    "number_of_pauses": 664,
    "total_pause_time": 158263218,
    "avg_pause_time": 238348.22,
    "pauses_per_category": {
        "ICBufferFull": 1,
        "XMarkStart": 217,
        "XMarkEnd": 216,
        "CleanClassLoaderDataMetaspaces": 2,
        "XRelocateStart": 216,
        "Cleanup": 12
    },
    "total_pause_time_per_category": {
        "ICBufferFull": 126216,
        "XMarkStart": 120493552,
        "XMarkEnd": 15637075,
        "CleanClassLoaderDataMetaspaces": 870399,
        "XRelocateStart": 20001899,
        "Cleanup": 1134077
    },
    "avg_pause_time_per_category": {
        "ICBufferFull": 126216.0,
        "XMarkStart": 555269.82,
        "XMarkEnd": 72393.87,
        "CleanClassLoaderDataMetaspaces": 435199.5,
        "XRelocateStart": 92601.38,
        "Cleanup": 94506.42
    },
    "p90_pause_time": 111072.5,
    "throughput": 94015939009
}