{
    "garbage_collector": "Parallel",
    "jdk": "GraalVM_21.0.4",
    "benchmark_group": "Renaissance",
    "benchmark_name": "finagle-http",
    "heap_size": "256",
    "error": null,
    "avg_cpu_usage": 84.0,
    "avg_cpu_time": 71.7,
    "avg_io_time": 0.0,
    "p90_io": 0.0,
    "number_of_pauses": 495,
    "total_pause_time": 413457241,
    "avg_pause_time": 835267.15,
    "pauses_per_category": {
        "ICBufferFull": 59,
        "ParallelGCFailedAllocation": 433,
        "CollectForMetadataAllocation": 3
    },
    "total_pause_time_per_category": {
        "ICBufferFull": 7107066,
        "ParallelGCFailedAllocation": 373001738,
        "CollectForMetadataAllocation": 33348437
    },
    "avg_pause_time_per_category": {
        "ICBufferFull": 120458.75,
        "ParallelGCFailedAllocation": 861435.88,
        "CollectForMetadataAllocation": 11116145.67
    },
    "p90_pause_time": 1043623.4,
    "throughput": 49872202733
}