{
    "garbage_collector": "G1",
    "jdk": "GraalVM_21.0.4",
    "benchmark_group": "Renaissance",
    "benchmark_name": "par-mnemonics",
    "heap_size": "2048",
    "error": null,
    "avg_cpu_usage": 24.0,
    "avg_cpu_time": 23.5,
    "avg_io_time": 0.0,
    "p90_io": 0.0,
    "number_of_pauses": 38,
    "total_pause_time": 948791805,
    "avg_pause_time": 24968205.39,
    "pauses_per_category": {
        "ICBufferFull": 1,
        "G1CollectForAllocation": 34,
        "G1TryInitiateConcMark": 1,
        "G1PauseRemark": 1,
        "G1PauseCleanup": 1
    },
    "total_pause_time_per_category": {
        "ICBufferFull": 74999,
        "G1CollectForAllocation": 937145927,
        "G1TryInitiateConcMark": 9039772,
        "G1PauseRemark": 2205534,
        "G1PauseCleanup": 325573
    },
    "avg_pause_time_per_category": {
        "ICBufferFull": 74999.0,
        "G1CollectForAllocation": 27563115.5,
        "G1TryInitiateConcMark": 9039772.0,
        "G1PauseRemark": 2205534.0,
        "G1PauseCleanup": 325573.0
    },
    "p90_pause_time": 52624398.4,
    "throughput": 14919046591
}