{
    "garbage_collector": "Serial",
    "jdk": "GraalVM_21.0.4",
    "benchmark_group": "Renaissance",
    "benchmark_name": "fj-kmeans",
    "heap_size": "2048",
    "error": null,
    "avg_cpu_usage": 81.2,
    "avg_cpu_time": 83.7,
    "avg_io_time": 0.0,
    "p90_io": 0.0,
    "number_of_pauses": 181,
    "total_pause_time": 302453539,
    "avg_pause_time": 1671014.03,
    "pauses_per_category": {
        "ICBufferFull": 1,
        "GenCollectForAllocation": 180
    },
    "total_pause_time_per_category": {
        "ICBufferFull": 66046,
        "GenCollectForAllocation": 302387493
    },
    "avg_pause_time_per_category": {
        "ICBufferFull": 66046.0,
        "GenCollectForAllocation": 1679930.52
    },
    "p90_pause_time": 1253024.0,
    "throughput": 25979272372
}