{
    "garbage_collector": "Parallel",
    "jdk": "GraalVM_21.0.4",
    "benchmark_group": "Renaissance",
    "benchmark_name": "dec-tree",
    "heap_size": "2048",
    "error": null,
    "avg_cpu_usage": 36.2,
    "avg_cpu_time": 36.7,
    "avg_io_time": 0.2,
    "p90_io": 0.0,
    "number_of_pauses": 71,
    "total_pause_time": 325393463,
    "avg_pause_time": 4583006.52,
    "pauses_per_category": {
        "ICBufferFull": 45,
        "Cleanup": 1,
        "CollectForMetadataAllocation": 4,
        "ParallelGCFailedAllocation": 20,
        "ParallelGCSystemGC": 1
    },
    "total_pause_time_per_category": {
        "ICBufferFull": 15715586,
        "Cleanup": 33252,
        "CollectForMetadataAllocation": 126654142,
        "ParallelGCFailedAllocation": 101262350,
        "ParallelGCSystemGC": 81728133
    },
    "avg_pause_time_per_category": {
        "ICBufferFull": 349235.24,
        "Cleanup": 33252.0,
        "CollectForMetadataAllocation": 31663535.5,
        "ParallelGCFailedAllocation": 5063117.5,
        "ParallelGCSystemGC": 81728133.0
    },
    "p90_pause_time": 11118459.0,
    "throughput": 16754283475
}