{
    "garbage_collector": "G1",
    "jdk": "GraalVM_21.0.4",
    "benchmark_group": "Renaissance",
    "benchmark_name": "dotty",
    "heap_size": "2048",
    "error": null,
    "avg_cpu_usage": 26.6,
    "avg_cpu_time": 26.9,
    "avg_io_time": 0.0,
    "p90_io": 0.0,
    "number_of_pauses": 100,
    "total_pause_time": 184166445,
    "avg_pause_time": 1841664.45,
    "pauses_per_category": {
        "ICBufferFull": 71,
        "CollectForMetadataAllocation": 2,
        "G1PauseRemark": 5,
        "G1PauseCleanup": 5,
        "G1CollectForAllocation": 5,
        "G1TryInitiateConcMark": 3,
        "Cleanup": 9
    },
    "total_pause_time_per_category": {
        "ICBufferFull": 10027577,
        "CollectForMetadataAllocation": 20378769,
        "G1PauseRemark": 25785497,
        "G1PauseCleanup": 1517533,
        "G1CollectForAllocation": 88659725,
        "G1TryInitiateConcMark": 36720085,
        "Cleanup": 1077259
    },
    "avg_pause_time_per_category": {
        "ICBufferFull": 141233.48,
        "CollectForMetadataAllocation": 10189384.5,
        "G1PauseRemark": 5157099.4,
        "G1PauseCleanup": 303506.6,
        "G1CollectForAllocation": 17731945.0,
        "G1TryInitiateConcMark": 12240028.33,
        "Cleanup": 119695.44
    },
    "p90_pause_time": 8135435.5,
    "throughput": 32856427846
}