{
    "garbage_collector": "Serial",
    "jdk": "GraalVM_21.0.4",
    "benchmark_group": "Renaissance",
    "benchmark_name": "neo4j-analytics",
    "heap_size": "4096",
    "error": null,
    "avg_cpu_usage": 27.4,
    "avg_cpu_time": 28.9,
    "avg_io_time": 0.4,
    "p90_io": 0.06,
    "number_of_pauses": 89,
    "total_pause_time": 6004522629,
    "avg_pause_time": 67466546.39,
    "pauses_per_category": {
        "ICBufferFull": 48,
        "CollectForMetadataAllocation": 3,
        "GenCollectForAllocation": 31,
        "Cleanup": 6,
        "GenCollectFull": 1
    },
    "total_pause_time_per_category": {
        "ICBufferFull": 5756371,
        "CollectForMetadataAllocation": 126222816,
        "GenCollectForAllocation": 5652942530,
        "Cleanup": 700581,
        "GenCollectFull": 218900331
    },
    "avg_pause_time_per_category": {
        "ICBufferFull": 119924.4,
        "CollectForMetadataAllocation": 42074272.0,
        "GenCollectForAllocation": 182352984.84,
        "Cleanup": 116763.5,
        "GenCollectFull": 218900331.0
    },
    "p90_pause_time": 228867589.2,
    "throughput": 42636876490
}