{
    "garbage_collector": "Parallel",
    "jdk": "GraalVM_21.0.4",
    "benchmark_group": "Renaissance",
    "benchmark_name": "movie-lens",
    "heap_size": "4096",
    "error": null,
    "avg_cpu_usage": 56.0,
    "avg_cpu_time": 52.5,
    "avg_io_time": 0.2,
    "p90_io": 0.0,
    "number_of_pauses": 234,
    "total_pause_time": 779613872,
    "avg_pause_time": 3331683.21,
    "pauses_per_category": {
        "ICBufferFull": 43,
        "Cleanup": 2,
        "CollectForMetadataAllocation": 4,
        "ParallelGCFailedAllocation": 159,
        "ParallelGCSystemGC": 26
    },
    "total_pause_time_per_category": {
        "ICBufferFull": 4906861,
        "Cleanup": 116270,
        "CollectForMetadataAllocation": 79860349,
        "ParallelGCFailedAllocation": 583893677,
        "ParallelGCSystemGC": 110836715
    },
    "avg_pause_time_per_category": {
        "ICBufferFull": 114113.05,
        "Cleanup": 58135.0,
        "CollectForMetadataAllocation": 19965087.25,
        "ParallelGCFailedAllocation": 3672287.28,
        "ParallelGCSystemGC": 4262950.58
    },
    "p90_pause_time": 5085755.1,
    "throughput": 94455027232
}