{
    "garbage_collector": "Z",
    "jdk": "GraalVM_21.0.4",
    "benchmark_group": "Renaissance",
    "benchmark_name": "naive-bayes",
    "heap_size": "512",
    "error": "Error code not found: 52\n12:58:12.376 WARN  [Executor task launch worker for task 4.0 in stage 0.0 (TID 4)] org.apache.spark.storage.BlockManager - Block rdd_3_4 could not be removed as it was not found on disk or in memory\n12:58:12.376 WARN  [Executor task launch worker for task 2.0 in stage 0.0 (TID 2)] org.apache.spark.storage.BlockManager - Block rdd_3_2 could not be removed as it was not found on disk or in memory\n12:58:12.376 WARN  [Executor task launch worker for task 7.0 in stage 0.0 (TID 7)] org.apache.spark.storage.BlockManager - Block rdd_3_7 could not be removed as it was not found on disk or in memory\n12:58:12.376 WARN  [Executor task launch worker for task 6.0 in stage 0.0 (TID 6)] org.apache.spark.storage.BlockManager - Block rdd_3_6 could not be removed as it was not found on disk or in memory\n12:58:12.395 ERROR [Executor task launch worker for task 2.0 in stage 0.0 (TID 2)] org.apache.spark.executor.Executor - Exception in task 2.0 in stage 0.0 (TID 2)\njava.lang.OutOfMemoryError: Java heap space: failed reallocation of scalar replaced objects\n12:58:12.396 ERROR [Executor task launch worker for task 4.0 in stage 0.0 (TID 4)] org.apache.spark.executor.Executor - Exception in task 4.0 in stage 0.0 (TID 4)\njava.lang.OutOfMemoryError: Java heap space: failed reallocation of scalar replaced objects\n12:58:12.395 ERROR [Executor task launch worker for task 7.0 in stage 0.0 (TID 7)] org.apache.spark.executor.Executor - Exception in task 7.0 in stage 0.0 (TID 7)\njava.lang.OutOfMemoryError: Java heap space: failed reallocation of scalar replaced objects\n12:58:12.395 ERROR [Executor task launch worker for task 6.0 in stage 0.0 (TID 6)] org.apache.spark.executor.Executor - Exception in task 6.0 in stage 0.0 (TID 6)\njava.lang.OutOfMemoryError: Java heap space: failed reallocation of scalar replaced objects\n\tat scala.collection.mutable.ArrayBuilder$ofRef.mkArray(ArrayBuilder.scala:110) ~[scala-library-2.13.12.jar:?]\n\tat scala.collection.mutable.ArrayBuilder$ofRef.resize(ArrayBuilder.scala:115) ~[scala-library-2.13.12.jar:?]\n\tat scala.collection.mutable.ArrayBuilder.ensureSize(ArrayBuilder.scala:38) ~[scala-library-2.13.12.jar:?]\n\tat scala.collection.mutable.ArrayBuilder$ofRef.addOne(ArrayBuilder.scala:120) ~[scala-library-2.13.12.jar:?]\n\tat scala.collection.mutable.ArrayBuilder$ofRef.addOne(ArrayBuilder.scala:104) ~[scala-library-2.13.12.jar:?]\n\tat scala.collection.ArrayOps$.filter$extension(ArrayOps.scala:564) ~[scala-library-2.13.12.jar:?]\n\tat org.apache.spark.mllib.util.MLUtils$.parseLibSVMRecord(MLUtils.scala:132) ~[spark-mllib_2.13-3.5.0.jar:3.5.0]\n\tat org.apache.spark.ml.source.libsvm.LibSVMFileFormat.$anonfun$buildReader$6(LibSVMRelation.scala:166) ~[spark-mllib_2.13-3.5.0.jar:3.5.0]\n\tat org.apache.spark.ml.source.libsvm.LibSVMFileFormat$$Lambda/0x0000000080e40780.apply(Unknown Source) ~[?:?]\n\tat scala.collection.Iterator$$anon$9.next(Iterator.scala:584) ~[scala-library-2.13.12.jar:?]\n\tat scala.collection.Iterator$$anon$9.next(Iterator.scala:584) ~[scala-library-2.13.12.jar:?]\n\tat scala.collection.Iterator$$anon$9.next(Iterator.scala:584) ~[scala-library-2.13.12.jar:?]\n\tat org.apache.spark.sql.execution.datasources.FileScanRDD$$anon$1.next(FileScanRDD.scala:197) ~[spark-sql_2.13-3.5.0.jar:3.5.0]\n\tat scala.collection.Iterator$$anon$9.next(Iterator.scala:584) ~[scala-library-2.13.12.jar:?]\n\tat org.apache.spark.sql.execution.columnar.DefaultCachedBatchSerializer$$anon$1.next(InMemoryRelation.scala:90) ~[spark-sql_2.13-3.5.0.jar:3.5.0]\n\tat org.apache.spark.sql.execution.columnar.DefaultCachedBatchSerializer$$anon$1.next(InMemoryRelation.scala:80) ~[spark-sql_2.13-3.5.0.jar:3.5.0]\n\tat org.apache.spark.sql.execution.columnar.CachedRDDBuilder$$anon$2.next(InMemoryRelation.scala:288) ~[spark-sql_2.13-3.5.0.jar:3.5.0]\n\tat org.apache.spark.sql.execution.columnar.CachedRDDBuilder$$anon$2.next(InMemoryRelation.scala:285) ~[spark-sql_2.13-3.5.0.jar:3.5.0]\n\tat org.apache.spark.storage.memory.MemoryStore.putIterator(MemoryStore.scala:224) ~[spark-core_2.13-3.5.0.jar:3.5.0]\n\tat org.apache.spark.storage.memory.MemoryStore.putIteratorAsValues(MemoryStore.scala:302) ~[spark-core_2.13-3.5.0.jar:3.5.0]\n\tat org.apache.spark.storage.BlockManager.$anonfun$doPutIterator$1(BlockManager.scala:1601) ~[spark-core_2.13-3.5.0.jar:3.5.0]\n\tat org.apache.spark.storage.BlockManager$$Lambda/0x0000000080c1dc90.apply(Unknown Source) ~[?:?]\n\tat org.apache.spark.storage.BlockManager.org$apache$spark$storage$BlockManager$$doPut(BlockManager.scala:1528) ~[spark-core_2.13-3.5.0.jar:3.5.0]\n\tat org.apache.spark.storage.BlockManager.doPutIterator(BlockManager.scala:1592) ~[spark-core_2.13-3.5.0.jar:3.5.0]\n\tat org.apache.spark.storage.BlockManager.getOrElseUpdate(BlockManager.scala:1389) ~[spark-core_2.13-3.5.0.jar:3.5.0]\n\tat org.apache.spark.storage.BlockManager.getOrElseUpdateRDDBlock(BlockManager.scala:1343) ~[spark-core_2.13-3.5.0.jar:3.5.0]\n\tat org.apache.spark.rdd.RDD.getOrCompute(RDD.scala:376) ~[spark-core_2.13-3.5.0.jar:3.5.0]\n\tat org.apache.spark.rdd.RDD.iterator(RDD.scala:326) ~[spark-core_2.13-3.5.0.jar:3.5.0]\n\tat org.apache.spark.scheduler.ResultTask.runTask(ResultTask.scala:93) ~[spark-core_2.13-3.5.0.jar:3.5.0]\n\tat org.apache.spark.TaskContext.runTaskWithListeners(TaskContext.scala:161) ~[spark-core_2.13-3.5.0.jar:3.5.0]\n\tat org.apache.spark.scheduler.Task.run(Task.scala:141) ~[spark-core_2.13-3.5.0.jar:3.5.0]\n\tat org.apache.spark.executor.Executor$TaskRunner.$anonfun$run$4(Executor.scala:620) ~[spark-core_2.13-3.5.0.jar:3.5.0]\n12:58:12.491 ERROR [Executor task launch worker for task 2.0 in stage 0.0 (TID 2)] org.apache.spark.util.SparkUncaughtExceptionHandler - Uncaught exception in thread Thread[#82,Executor task launch worker for task 2.0 in stage 0.0 (TID 2),5,main]\njava.lang.OutOfMemoryError: Java heap space: failed reallocation of scalar replaced objects\n12:58:12.492 ERROR [Executor task launch worker for task 4.0 in stage 0.0 (TID 4)] org.apache.spark.util.SparkUncaughtExceptionHandler - [Container in shutdown] Uncaught exception in thread Thread[#84,Executor task launch worker for task 4.0 in stage 0.0 (TID 4),5,main]\njava.lang.OutOfMemoryError: Java heap space: failed reallocation of scalar replaced objects\n12:58:12.493 ERROR [Executor task launch worker for task 7.0 in stage 0.0 (TID 7)] org.apache.spark.util.SparkUncaughtExceptionHandler - Uncaught exception in thread Thread[#87,Executor task launch worker for task 7.0 in stage 0.0 (TID 7),5,main]\njava.lang.OutOfMemoryError: Java heap space: failed reallocation of scalar replaced objects\n12:58:12.492 ERROR [Executor task launch worker for task 6.0 in stage 0.0 (TID 6)] org.apache.spark.util.SparkUncaughtExceptionHandler - [Container in shutdown] Uncaught exception in thread Thread[#86,Executor task launch worker for task 6.0 in stage 0.0 (TID 6),5,main]\njava.lang.OutOfMemoryError: Java heap space: failed reallocation of scalar replaced objects\n\tat scala.collection.mutable.ArrayBuilder$ofRef.mkArray(ArrayBuilder.scala:110) ~[scala-library-2.13.12.jar:?]\n\tat scala.collection.mutable.ArrayBuilder$ofRef.resize(ArrayBuilder.scala:115) ~[scala-library-2.13.12.jar:?]\n\tat scala.collection.mutable.ArrayBuilder.ensureSize(ArrayBuilder.scala:38) ~[scala-library-2.13.12.jar:?]\n\tat scala.collection.mutable.ArrayBuilder$ofRef.addOne(ArrayBuilder.scala:120) ~[scala-library-2.13.12.jar:?]\n\tat scala.collection.mutable.ArrayBuilder$ofRef.addOne(ArrayBuilder.scala:104) ~[scala-library-2.13.12.jar:?]\n\tat scala.collection.ArrayOps$.filter$extension(ArrayOps.scala:564) ~[scala-library-2.13.12.jar:?]\n\tat org.apache.spark.mllib.util.MLUtils$.parseLibSVMRecord(MLUtils.scala:132) ~[spark-mllib_2.13-3.5.0.jar:3.5.0]\n\tat org.apache.spark.ml.source.libsvm.LibSVMFileFormat.$anonfun$buildReader$6(LibSVMRelation.scala:166) ~[spark-mllib_2.13-3.5.0.jar:3.5.0]\n\tat org.apache.spark.ml.source.libsvm.LibSVMFileFormat$$Lambda/0x0000000080e40780.apply(Unknown Source) ~[?:?]\n\tat scala.collection.Iterator$$anon$9.next(Iterator.scala:584) ~[scala-library-2.13.12.jar:?]\n\tat scala.collection.Iterator$$anon$9.next(Iterator.scala:584) ~[scala-library-2.13.12.jar:?]\n\tat scala.collection.Iterator$$anon$9.next(Iterator.scala:584) ~[scala-library-2.13.12.jar:?]\n\tat org.apache.spark.sql.execution.datasources.FileScanRDD$$anon$1.next(FileScanRDD.scala:197) ~[spark-sql_2.13-3.5.0.jar:3.5.0]\n\tat scala.collection.Iterator$$anon$9.next(Iterator.scala:584) ~[scala-library-2.13.12.jar:?]\n\tat org.apache.spark.sql.execution.columnar.DefaultCachedBatchSerializer$$anon$1.next(InMemoryRelation.scala:90) ~[spark-sql_2.13-3.5.0.jar:3.5.0]\n\tat org.apache.spark.sql.execution.columnar.DefaultCachedBatchSerializer$$anon$1.next(InMemoryRelation.scala:80) ~[spark-sql_2.13-3.5.0.jar:3.5.0]\n\tat org.apache.spark.sql.execution.columnar.CachedRDDBuilder$$anon$2.next(InMemoryRelation.scala:288) ~[spark-sql_2.13-3.5.0.jar:3.5.0]\n\tat org.apache.spark.sql.execution.columnar.CachedRDDBuilder$$anon$2.next(InMemoryRelation.scala:285) ~[spark-sql_2.13-3.5.0.jar:3.5.0]\n\tat org.apache.spark.storage.memory.MemoryStore.putIterator(MemoryStore.scala:224) ~[spark-core_2.13-3.5.0.jar:3.5.0]\n\tat org.apache.spark.storage.memory.MemoryStore.putIteratorAsValues(MemoryStore.scala:302) ~[spark-core_2.13-3.5.0.jar:3.5.0]\n\tat org.apache.spark.storage.BlockManager.$anonfun$doPutIterator$1(BlockManager.scala:1601) ~[spark-core_2.13-3.5.0.jar:3.5.0]\n\tat org.apache.spark.storage.BlockManager$$Lambda/0x0000000080c1dc90.apply(Unknown Source) ~[?:?]\n\tat org.apache.spark.storage.BlockManager.org$apache$spark$storage$BlockManager$$doPut(BlockManager.scala:1528) ~[spark-core_2.13-3.5.0.jar:3.5.0]\n\tat org.apache.spark.storage.BlockManager.doPutIterator(BlockManager.scala:1592) ~[spark-core_2.13-3.5.0.jar:3.5.0]\n\tat org.apache.spark.storage.BlockManager.getOrElseUpdate(BlockManager.scala:1389) ~[spark-core_2.13-3.5.0.jar:3.5.0]\n\tat org.apache.spark.storage.BlockManager.getOrElseUpdateRDDBlock(BlockManager.scala:1343) ~[spark-core_2.13-3.5.0.jar:3.5.0]\n\tat org.apache.spark.rdd.RDD.getOrCompute(RDD.scala:376) ~[spark-core_2.13-3.5.0.jar:3.5.0]\n\tat org.apache.spark.rdd.RDD.iterator(RDD.scala:326) ~[spark-core_2.13-3.5.0.jar:3.5.0]\n\tat org.apache.spark.scheduler.ResultTask.runTask(ResultTask.scala:93) ~[spark-core_2.13-3.5.0.jar:3.5.0]\n\tat org.apache.spark.TaskContext.runTaskWithListeners(TaskContext.scala:161) ~[spark-core_2.13-3.5.0.jar:3.5.0]\n\tat org.apache.spark.scheduler.Task.run(Task.scala:141) ~[spark-core_2.13-3.5.0.jar:3.5.0]\n\tat org.apache.spark.executor.Executor$TaskRunner.$anonfun$run$4(Executor.scala:620) ~[spark-core_2.13-3.5.0.jar:3.5.0]\n",
    "avg_cpu_usage": 36.5,
    "avg_cpu_time": 33.1,
    "avg_io_time": 0.2,
    "p90_io": 0.0,
    "number_of_pauses": 0,
    "total_pause_time": 0,
    "avg_pause_time": 0,
    "pauses_per_category": {},
    "total_pause_time_per_category": {},
    "avg_pause_time_per_category": {},
    "p90_pause_time": 0,
    "throughput": 0
}