{
    "garbage_collector": "G1",
    "jdk": "GraalVM_21.0.4",
    "benchmark_group": "Renaissance",
    "benchmark_name": "future-genetic",
    "heap_size": "1024",
    "error": null,
    "avg_cpu_usage": 36.4,
    "avg_cpu_time": 35.2,
    "avg_io_time": 0.0,
    "p90_io": 0.0,
    "number_of_pauses": 31,
    "total_pause_time": 53149288,
    "avg_pause_time": 1714493.16,
    "pauses_per_category": {
        "ICBufferFull": 4,
        "G1CollectForAllocation": 27
    },
    "total_pause_time_per_category": {
        "ICBufferFull": 417200,
        "G1CollectForAllocation": 52732088
    },
    "avg_pause_time_per_category": {
        "ICBufferFull": 104300.0,
        "G1CollectForAllocation": 1953040.3
    },
    "p90_pause_time": 2000672.0,
    "throughput": 17058172815
}