{
    "garbage_collector": "Z",
    "jdk": "GraalVM_21.0.4",
    "benchmark_group": "Renaissance",
    "benchmark_name": "par-mnemonics",
    "heap_size": "1024",
    "error": null,
    "avg_cpu_usage": 21.0,
    "avg_cpu_time": 21.6,
    "avg_io_time": 0.1,
    "p90_io": 0.0,
    "number_of_pauses": 352,
    "total_pause_time": 34330295,
    "avg_pause_time": 97529.25,
    "pauses_per_category": {
        "ICBufferFull": 1,
        "XMarkStart": 116,
        "XMarkEnd": 116,
        "CleanClassLoaderDataMetaspaces": 3,
        "XRelocateStart": 116
    },
    "total_pause_time_per_category": {
        "ICBufferFull": 58265,
        "XMarkStart": 11360043,
        "XMarkEnd": 11210550,
        "CleanClassLoaderDataMetaspaces": 752689,
        "XRelocateStart": 10948748
    },
    "avg_pause_time_per_category": {
        "ICBufferFull": 58265.0,
        "XMarkStart": 97931.41,
        "XMarkEnd": 96642.67,
        "CleanClassLoaderDataMetaspaces": 250896.33,
        "XRelocateStart": 94385.76
    },
    "p90_pause_time": 105368.3,
    "throughput": 15514045930
}