{
    "garbage_collector": "G1",
    "jdk": "GraalVM_21.0.4",
    "benchmark_group": "Renaissance",
    "benchmark_name": "naive-bayes",
    "heap_size": "4096",
    "error": null,
    "avg_cpu_usage": 69.9,
    "avg_cpu_time": 66.0,
    "avg_io_time": 0.2,
    "p90_io": 0.0,
    "number_of_pauses": 103,
    "total_pause_time": 361428058,
    "avg_pause_time": 3509010.27,
    "pauses_per_category": {
        "ICBufferFull": 37,
        "Cleanup": 1,
        "CollectForMetadataAllocation": 9,
        "G1PauseRemark": 4,
        "G1PauseCleanup": 4,
        "G1CollectForAllocation": 48
    },
    "total_pause_time_per_category": {
        "ICBufferFull": 3809856,
        "Cleanup": 91491,
        "CollectForMetadataAllocation": 50020155,
        "G1PauseRemark": 8047658,
        "G1PauseCleanup": 1354292,
        "G1CollectForAllocation": 298104606
    },
    "avg_pause_time_per_category": {
        "ICBufferFull": 102969.08,
        "Cleanup": 91491.0,
        "CollectForMetadataAllocation": 5557795.0,
        "G1PauseRemark": 2011914.5,
        "G1PauseCleanup": 338573.0,
        "G1CollectForAllocation": 6210512.62
    },
    "p90_pause_time": 10632956.8,
    "throughput": 23530472512
}