{
    "garbage_collector": "Serial",
    "jdk": "GraalVM_21.0.4",
    "benchmark_group": "Renaissance",
    "benchmark_name": "rx-scrabble",
    "heap_size": "4096",
    "error": null,
    "avg_cpu_usage": 30.3,
    "avg_cpu_time": 27.5,
    "avg_io_time": 0.6,
    "p90_io": 1.86,
    "number_of_pauses": 16,
    "total_pause_time": 88773732,
    "avg_pause_time": 5548358.25,
    "pauses_per_category": {
        "ICBufferFull": 15,
        "GenCollectForAllocation": 1
    },
    "total_pause_time_per_category": {
        "ICBufferFull": 1429181,
        "GenCollectForAllocation": 87344551
    },
    "avg_pause_time_per_category": {
        "ICBufferFull": 95278.73,
        "GenCollectForAllocation": 87344551.0
    },
    "p90_pause_time": 139368.5,
    "throughput": 2741365046
}