{
    "garbage_collector": "Z",
    "jdk": "GraalVM_21.0.4",
    "benchmark_group": "Renaissance",
    "benchmark_name": "neo4j-analytics",
    "heap_size": "256",
    "error": "Error code not found: 1\n\nException: java.lang.OutOfMemoryError thrown from the UncaughtExceptionHandler in thread \"neo4j.Scheduler-1\"\nException in thread \"neo4j.VmPauseMonitor-1\" java.lang.OutOfMemoryError: Java heap space\nBenchmark 'neo4j-analytics' failed with exception:\njava.lang.OutOfMemoryError: Java heap space: failed reallocation of scalar replaced objects\n",
    "avg_cpu_usage": 24.7,
    "avg_cpu_time": 25.1,
    "avg_io_time": 0.9,
    "p90_io": 2.5,
    "number_of_pauses": 0,
    "total_pause_time": 0,
    "avg_pause_time": 0,
    "pauses_per_category": {},
    "total_pause_time_per_category": {},
    "avg_pause_time_per_category": {},
    "p90_pause_time": 0,
    "throughput": 0
}