{
    "garbage_collector": "Serial",
    "jdk": "GraalVM_21.0.4",
    "benchmark_group": "Renaissance",
    "benchmark_name": "movie-lens",
    "heap_size": "1024",
    "error": null,
    "avg_cpu_usage": 54.0,
    "avg_cpu_time": 50.5,
    "avg_io_time": 0.1,
    "p90_io": 0.0,
    "number_of_pauses": 909,
    "total_pause_time": 4810060527,
    "avg_pause_time": 5291595.74,
    "pauses_per_category": {
        "ICBufferFull": 23,
        "Cleanup": 1,
        "CollectForMetadataAllocation": 3,
        "GenCollectForAllocation": 825,
        "GenCollectFull": 57
    },
    "total_pause_time_per_category": {
        "ICBufferFull": 2152679,
        "Cleanup": 94791,
        "CollectForMetadataAllocation": 86628403,
        "GenCollectForAllocation": 4176423680,
        "GenCollectFull": 544760974
    },
    "avg_pause_time_per_category": {
        "ICBufferFull": 93594.74,
        "Cleanup": 94791.0,
        "CollectForMetadataAllocation": 28876134.33,
        "GenCollectForAllocation": 5062331.73,
        "GenCollectFull": 9557210.07
    },
    "p90_pause_time": 8444493.6,
    "throughput": 98459872036
}