{
    "garbage_collector": "Serial",
    "jdk": "GraalVM_21.0.4",
    "benchmark_group": "Renaissance",
    "benchmark_name": "mnemonics",
    "heap_size": "256",
    "error": null,
    "avg_cpu_usage": 14.1,
    "avg_cpu_time": 15.2,
    "avg_io_time": 0.0,
    "p90_io": 0.0,
    "number_of_pauses": 451,
    "total_pause_time": 2975147948,
    "avg_pause_time": 6596780.37,
    "pauses_per_category": {
        "ICBufferFull": 1,
        "GenCollectForAllocation": 450
    },
    "total_pause_time_per_category": {
        "ICBufferFull": 130991,
        "GenCollectForAllocation": 2975016957
    },
    "avg_pause_time_per_category": {
        "ICBufferFull": 130991.0,
        "GenCollectForAllocation": 6611148.79
    },
    "p90_pause_time": 10999145.0,
    "throughput": 18243974282
}