{
    "garbage_collector": "Serial",
    "jdk": "GraalVM_21.0.4",
    "benchmark_group": "Renaissance",
    "benchmark_name": "reactors",
    "heap_size": "512",
    "error": null,
    "avg_cpu_usage": 22.3,
    "avg_cpu_time": 23.9,
    "avg_io_time": 0.0,
    "p90_io": 0.0,
    "number_of_pauses": 453,
    "total_pause_time": 92562168144,
    "avg_pause_time": 204331497.01,
    "pauses_per_category": {
        "ICBufferFull": 3,
        "Cleanup": 13,
        "GenCollectForAllocation": 437
    },
    "total_pause_time_per_category": {
        "ICBufferFull": 300295,
        "Cleanup": 1061405,
        "GenCollectForAllocation": 92560806444
    },
    "avg_pause_time_per_category": {
        "ICBufferFull": 100098.33,
        "Cleanup": 81646.54,
        "GenCollectForAllocation": 211809625.73
    },
    "p90_pause_time": 615908985.0,
    "throughput": 164168577865
}