{
    "garbage_collector": "Serial",
    "jdk": "GraalVM_21.0.4",
    "benchmark_group": "Renaissance",
    "benchmark_name": "par-mnemonics",
    "heap_size": "256",
    "error": null,
    "avg_cpu_usage": 17.1,
    "avg_cpu_time": 17.7,
    "avg_io_time": 0.0,
    "p90_io": 0.0,
    "number_of_pauses": 446,
    "total_pause_time": 3369454097,
    "avg_pause_time": 7554829.81,
    "pauses_per_category": {
        "ICBufferFull": 1,
        "GenCollectForAllocation": 445
    },
    "total_pause_time_per_category": {
        "ICBufferFull": 63170,
        "GenCollectForAllocation": 3369390927
    },
    "avg_pause_time_per_category": {
        "ICBufferFull": 63170.0,
        "GenCollectForAllocation": 7571665.0
    },
    "p90_pause_time": 11722421.5,
    "throughput": 16727305995
}