{
    "garbage_collector": "Parallel",
    "jdk": "GraalVM_21.0.4",
    "benchmark_group": "Renaissance",
    "benchmark_name": "philosophers",
    "heap_size": "8192",
    "error": null,
    "avg_cpu_usage": 82.6,
    "avg_cpu_time": 82.4,
    "avg_io_time": 0.1,
    "p90_io": 0.0,
    "number_of_pauses": 18,
    "total_pause_time": 40473417,
    "avg_pause_time": 2248523.17,
    "pauses_per_category": {
        "ICBufferFull": 6,
        "Cleanup": 2,
        "ParallelGCFailedAllocation": 10
    },
    "total_pause_time_per_category": {
        "ICBufferFull": 526616,
        "Cleanup": 198716,
        "ParallelGCFailedAllocation": 39748085
    },
    "avg_pause_time_per_category": {
        "ICBufferFull": 87769.33,
        "Cleanup": 99358.0,
        "ParallelGCFailedAllocation": 3974808.5
    },
    "p90_pause_time": 5808152.3,
    "throughput": 15052707829
}