{
    "garbage_collector": "G1",
    "jdk": "GraalVM_21.0.4",
    "benchmark_group": "Renaissance",
    "benchmark_name": "finagle-http",
    "heap_size": "2048",
    "error": null,
    "avg_cpu_usage": 83.3,
    "avg_cpu_time": 71.2,
    "avg_io_time": 0.0,
    "p90_io": 0.0,
    "number_of_pauses": 146,
    "total_pause_time": 165796444,
    "avg_pause_time": 1135592.08,
    "pauses_per_category": {
        "ICBufferFull": 80,
        "CollectForMetadataAllocation": 2,
        "G1PauseRemark": 2,
        "G1PauseCleanup": 2,
        "G1CollectForAllocation": 30,
        "Cleanup": 30
    },
    "total_pause_time_per_category": {
        "ICBufferFull": 11323707,
        "CollectForMetadataAllocation": 17028975,
        "G1PauseRemark": 3205017,
        "G1PauseCleanup": 393022,
        "G1CollectForAllocation": 129901738,
        "Cleanup": 3943985
    },
    "avg_pause_time_per_category": {
        "ICBufferFull": 141546.34,
        "CollectForMetadataAllocation": 8514487.5,
        "G1PauseRemark": 1602508.5,
        "G1PauseCleanup": 196511.0,
        "G1CollectForAllocation": 4330057.93,
        "Cleanup": 131466.17
    },
    "p90_pause_time": 5421820.5,
    "throughput": 52588428912
}