{
    "garbage_collector": "Parallel",
    "jdk": "GraalVM_21.0.4",
    "benchmark_group": "Renaissance",
    "benchmark_name": "future-genetic",
    "heap_size": "256",
    "error": null,
    "avg_cpu_usage": 37.5,
    "avg_cpu_time": 35.6,
    "avg_io_time": 0.0,
    "p90_io": 0.0,
    "number_of_pauses": 195,
    "total_pause_time": 126626667,
    "avg_pause_time": 649367.52,
    "pauses_per_category": {
        "ICBufferFull": 2,
        "ParallelGCFailedAllocation": 193
    },
    "total_pause_time_per_category": {
        "ICBufferFull": 193415,
        "ParallelGCFailedAllocation": 126433252
    },
    "avg_pause_time_per_category": {
        "ICBufferFull": 96707.5,
        "ParallelGCFailedAllocation": 655094.57
    },
    "p90_pause_time": 876165.4,
    "throughput": 16141679664
}