{
    "garbage_collector": "Parallel",
    "jdk": "GraalVM_21.0.4",
    "benchmark_group": "Renaissance",
    "benchmark_name": "reactors",
    "heap_size": "8192",
    "error": null,
    "avg_cpu_usage": 40.2,
    "avg_cpu_time": 40.2,
    "avg_io_time": 0.0,
    "p90_io": 0.0,
    "number_of_pauses": 53,
    "total_pause_time": 2103317926,
    "avg_pause_time": 39685243.89,
    "pauses_per_category": {
        "ICBufferFull": 3,
        "Cleanup": 21,
        "ParallelGCFailedAllocation": 29
    },
    "total_pause_time_per_category": {
        "ICBufferFull": 273995,
        "Cleanup": 1982452,
        "ParallelGCFailedAllocation": 2101061479
    },
    "avg_pause_time_per_category": {
        "ICBufferFull": 91331.67,
        "Cleanup": 94402.48,
        "ParallelGCFailedAllocation": 72450395.83
    },
    "p90_pause_time": 152596193.4,
    "throughput": 67573845601
}