{
    "garbage_collector": "Z",
    "jdk": "GraalVM_21.0.4",
    "benchmark_group": "Renaissance",
    "benchmark_name": "dotty",
    "heap_size": "256",
    "error": null,
    "avg_cpu_usage": 29.3,
    "avg_cpu_time": 26.9,
    "avg_io_time": 0.1,
    "p90_io": 0.0,
    "number_of_pauses": 173,
    "total_pause_time": 26160135,
    "avg_pause_time": 151214.65,
    "pauses_per_category": {
        "ICBufferFull": 52,
        "XMarkStart": 38,
        "XMarkEnd": 37,
        "CleanClassLoaderDataMetaspaces": 6,
        "XRelocateStart": 37,
        "Cleanup": 3
    },
    "total_pause_time_per_category": {
        "ICBufferFull": 8261277,
        "XMarkStart": 5391984,
        "XMarkEnd": 4366496,
        "CleanClassLoaderDataMetaspaces": 2288983,
        "XRelocateStart": 5405860,
        "Cleanup": 445535
    },
    "avg_pause_time_per_category": {
        "ICBufferFull": 158870.71,
        "XMarkStart": 141894.32,
        "XMarkEnd": 118013.41,
        "CleanClassLoaderDataMetaspaces": 381497.17,
        "XRelocateStart": 146104.32,
        "Cleanup": 148511.67
    },
    "p90_pause_time": 225079.0,
    "throughput": 33760877255
}