{
    "garbage_collector": "Parallel",
    "jdk": "GraalVM_21.0.4",
    "benchmark_group": "Renaissance",
    "benchmark_name": "par-mnemonics",
    "heap_size": "256",
    "error": null,
    "avg_cpu_usage": 22.3,
    "avg_cpu_time": 22.4,
    "avg_io_time": 0.0,
    "p90_io": 0.0,
    "number_of_pauses": 537,
    "total_pause_time": 1459623914,
    "avg_pause_time": 2718107.85,
    "pauses_per_category": {
        "ICBufferFull": 1,
        "ParallelGCFailedAllocation": 536
    },
    "total_pause_time_per_category": {
        "ICBufferFull": 56779,
        "ParallelGCFailedAllocation": 1459567135
    },
    "avg_pause_time_per_category": {
        "ICBufferFull": 56779.0,
        "ParallelGCFailedAllocation": 2723073.01
    },
    "p90_pause_time": 4583673.2,
    "throughput": 14905549539
}