{
    "garbage_collector": "G1",
    "jdk": "GraalVM_21.0.4",
    "benchmark_group": "Renaissance",
    "benchmark_name": "philosophers",
    "heap_size": "2048",
    "error": null,
    "avg_cpu_usage": 86.6,
    "avg_cpu_time": 82.8,
    "avg_io_time": 0.4,
    "p90_io": 0.0,
    "number_of_pauses": 24,
    "total_pause_time": 80120477,
    "avg_pause_time": 3338353.21,
    "pauses_per_category": {
        "ICBufferFull": 2,
        "G1CollectForAllocation": 22
    },
    "total_pause_time_per_category": {
        "ICBufferFull": 192515,
        "G1CollectForAllocation": 79927962
    },
    "avg_pause_time_per_category": {
        "ICBufferFull": 96257.5,
        "G1CollectForAllocation": 3633089.18
    },
    "p90_pause_time": 5197304.3,
    "throughput": 14734445184
}