{
    "garbage_collector": "Z",
    "jdk": "GraalVM_21.0.4",
    "benchmark_group": "Renaissance",
    "benchmark_name": "naive-bayes",
    "heap_size": "4096",
    "error": null,
    "avg_cpu_usage": 66.8,
    "avg_cpu_time": 65.6,
    "avg_io_time": 0.1,
    "p90_io": 0.0,
    "number_of_pauses": 378,
    "total_pause_time": 69001483,
    "avg_pause_time": 182543.61,
    "pauses_per_category": {
        "ICBufferFull": 21,
        "Cleanup": 1,
        "XMarkStart": 114,
        "XMarkEnd": 113,
        "CleanClassLoaderDataMetaspaces": 14,
        "XRelocateStart": 115
    },
    "total_pause_time_per_category": {
        "ICBufferFull": 2061104,
        "Cleanup": 31182,
        "XMarkStart": 25400942,
        "XMarkEnd": 11343382,
        "CleanClassLoaderDataMetaspaces": 10008889,
        "XRelocateStart": 20155984
    },
    "avg_pause_time_per_category": {
        "ICBufferFull": 98147.81,
        "Cleanup": 31182.0,
        "XMarkStart": 222815.28,
        "XMarkEnd": 100383.91,
        "CleanClassLoaderDataMetaspaces": 714920.64,
        "XRelocateStart": 175269.43
    },
    "p90_pause_time": 195479.1,
    "throughput": 28873589758
}