{
    "garbage_collector": "Serial",
    "jdk": "GraalVM_21.0.4",
    "benchmark_group": "Renaissance",
    "benchmark_name": "gauss-mix",
    "heap_size": "8192",
    "error": null,
    "avg_cpu_usage": 31.4,
    "avg_cpu_time": 31.4,
    "avg_io_time": 0.1,
    "p90_io": 0.0,
    "number_of_pauses": 27,
    "total_pause_time": 154775873,
    "avg_pause_time": 5732439.74,
    "pauses_per_category": {
        "ICBufferFull": 17,
        "Cleanup": 2,
        "CollectForMetadataAllocation": 3,
        "GenCollectForAllocation": 5
    },
    "total_pause_time_per_category": {
        "ICBufferFull": 1681005,
        "Cleanup": 201575,
        "CollectForMetadataAllocation": 96757906,
        "GenCollectForAllocation": 56135387
    },
    "avg_pause_time_per_category": {
        "ICBufferFull": 98882.65,
        "Cleanup": 100787.5,
        "CollectForMetadataAllocation": 32252635.33,
        "GenCollectForAllocation": 11227077.4
    },
    "p90_pause_time": 18644175.8,
    "throughput": 12785955749
}