{
    "garbage_collector": "Z",
    "jdk": "GraalVM_21.0.4",
    "benchmark_group": "Renaissance",
    "benchmark_name": "dotty",
    "heap_size": "1024",
    "error": null,
    "avg_cpu_usage": 26.9,
    "avg_cpu_time": 25.9,
    "avg_io_time": 0.0,
    "p90_io": 0.0,
    "number_of_pauses": 112,
    "total_pause_time": 17949526,
    "avg_pause_time": 160263.62,
    "pauses_per_category": {
        "ICBufferFull": 71,
        "XMarkStart": 8,
        "XMarkEnd": 8,
        "CleanClassLoaderDataMetaspaces": 6,
        "XRelocateStart": 8,
        "Cleanup": 11
    },
    "total_pause_time_per_category": {
        "ICBufferFull": 10242144,
        "XMarkStart": 1263600,
        "XMarkEnd": 1280162,
        "CleanClassLoaderDataMetaspaces": 2117633,
        "XRelocateStart": 1842573,
        "Cleanup": 1203414
    },
    "avg_pause_time_per_category": {
        "ICBufferFull": 144255.55,
        "XMarkStart": 157950.0,
        "XMarkEnd": 160020.25,
        "CleanClassLoaderDataMetaspaces": 352938.83,
        "XRelocateStart": 230321.62,
        "Cleanup": 109401.27
    },
    "p90_pause_time": 221562.7,
    "throughput": 33458292532
}