{
    "garbage_collector": "Serial",
    "jdk": "GraalVM_21.0.4",
    "benchmark_group": "Renaissance",
    "benchmark_name": "par-mnemonics",
    "heap_size": "4096",
    "error": null,
    "avg_cpu_usage": 18.0,
    "avg_cpu_time": 19.5,
    "avg_io_time": 0.1,
    "p90_io": 0.0,
    "number_of_pauses": 29,
    "total_pause_time": 420259824,
    "avg_pause_time": 14491718.07,
    "pauses_per_category": {
        "ICBufferFull": 1,
        "GenCollectForAllocation": 28
    },
    "total_pause_time_per_category": {
        "ICBufferFull": 65505,
        "GenCollectForAllocation": 420194319
    },
    "avg_pause_time_per_category": {
        "ICBufferFull": 65505.0,
        "GenCollectForAllocation": 15006939.96
    },
    "p90_pause_time": 23475711.6,
    "throughput": 13682282291
}