{
    "garbage_collector": "G1",
    "jdk": "GraalVM_21.0.4",
    "benchmark_group": "Renaissance",
    "benchmark_name": "als",
    "heap_size": "8192",
    "error": null,
    "avg_cpu_usage": 65.9,
    "avg_cpu_time": 65.1,
    "avg_io_time": 0.2,
    "p90_io": 0.0,
    "number_of_pauses": 136,
    "total_pause_time": 411888384,
    "avg_pause_time": 3028591.06,
    "pauses_per_category": {
        "ICBufferFull": 53,
        "Cleanup": 34,
        "CollectForMetadataAllocation": 18,
        "G1PauseRemark": 7,
        "G1PauseCleanup": 7,
        "G1CollectForAllocation": 14,
        "G1TryInitiateConcMark": 3
    },
    "total_pause_time_per_category": {
        "ICBufferFull": 5555858,
        "Cleanup": 2746048,
        "CollectForMetadataAllocation": 58012890,
        "G1PauseRemark": 35674290,
        "G1PauseCleanup": 3382552,
        "G1CollectForAllocation": 286516039,
        "G1TryInitiateConcMark": 20000707
    },
    "avg_pause_time_per_category": {
        "ICBufferFull": 104827.51,
        "Cleanup": 80766.12,
        "CollectForMetadataAllocation": 3222938.33,
        "G1PauseRemark": 5096327.14,
        "G1PauseCleanup": 483221.71,
        "G1CollectForAllocation": 20465431.36,
        "G1TryInitiateConcMark": 6666902.33
    },
    "p90_pause_time": 9557687.0,
    "throughput": 57281796801
}