{
    "garbage_collector": "Parallel",
    "jdk": "GraalVM_21.0.4",
    "benchmark_group": "Renaissance",
    "benchmark_name": "scala-doku",
    "heap_size": "2048",
    "error": null,
    "avg_cpu_usage": 16.2,
    "avg_cpu_time": 17.2,
    "avg_io_time": 0.0,
    "p90_io": 0.0,
    "number_of_pauses": 17,
    "total_pause_time": 47470684,
    "avg_pause_time": 2792393.18,
    "pauses_per_category": {
        "ICBufferFull": 4,
        "Cleanup": 10,
        "ParallelGCFailedAllocation": 3
    },
    "total_pause_time_per_category": {
        "ICBufferFull": 436409,
        "Cleanup": 888035,
        "ParallelGCFailedAllocation": 46146240
    },
    "avg_pause_time_per_category": {
        "ICBufferFull": 109102.25,
        "Cleanup": 88803.5,
        "ParallelGCFailedAllocation": 15382080.0
    },
    "p90_pause_time": 12441522.0,
    "throughput": 13987528723
}