{
    "garbage_collector": "Z",
    "jdk": "GraalVM_21.0.4",
    "benchmark_group": "Renaissance",
    "benchmark_name": "als",
    "heap_size": "4096",
    "error": null,
    "avg_cpu_usage": 64.8,
    "avg_cpu_time": 64.0,
    "avg_io_time": 0.2,
    "p90_io": 0.0,
    "number_of_pauses": 189,
    "total_pause_time": 28813393,
    "avg_pause_time": 152451.81,
    "pauses_per_category": {
        "ICBufferFull": 57,
        "Cleanup": 33,
        "XMarkStart": 30,
        "XMarkEnd": 30,
        "CleanClassLoaderDataMetaspaces": 7,
        "XRelocateStart": 32
    },
    "total_pause_time_per_category": {
        "ICBufferFull": 5155451,
        "Cleanup": 3076567,
        "XMarkStart": 5564390,
        "XMarkEnd": 2433337,
        "CleanClassLoaderDataMetaspaces": 8717763,
        "XRelocateStart": 3865885
    },
    "avg_pause_time_per_category": {
        "ICBufferFull": 90446.51,
        "Cleanup": 93229.3,
        "XMarkStart": 185479.67,
        "XMarkEnd": 81111.23,
        "CleanClassLoaderDataMetaspaces": 1245394.71,
        "XRelocateStart": 120808.91
    },
    "p90_pause_time": 170111.6,
    "throughput": 59109411801
}