{
    "garbage_collector": "Serial",
    "jdk": "GraalVM_21.0.4",
    "benchmark_group": "Renaissance",
    "benchmark_name": "page-rank",
    "heap_size": "4096",
    "error": null,
    "avg_cpu_usage": 35.2,
    "avg_cpu_time": 35.7,
    "avg_io_time": 0.1,
    "p90_io": 0.0,
    "number_of_pauses": 76,
    "total_pause_time": 7343837521,
    "avg_pause_time": 96629441.07,
    "pauses_per_category": {
        "ICBufferFull": 10,
        "Cleanup": 9,
        "CollectForMetadataAllocation": 3,
        "GenCollectForAllocation": 54
    },
    "total_pause_time_per_category": {
        "ICBufferFull": 866430,
        "Cleanup": 4176667,
        "CollectForMetadataAllocation": 187607380,
        "GenCollectForAllocation": 7151187044
    },
    "avg_pause_time_per_category": {
        "ICBufferFull": 86643.0,
        "Cleanup": 464074.11,
        "CollectForMetadataAllocation": 62535793.33,
        "GenCollectForAllocation": 132429389.7
    },
    "p90_pause_time": 266016988.0,
    "throughput": 53889449359
}