{
    "garbage_collector": "Z",
    "jdk": "GraalVM_21.0.4",
    "benchmark_group": "Renaissance",
    "benchmark_name": "naive-bayes",
    "heap_size": "2048",
    "error": null,
    "avg_cpu_usage": 55.0,
    "avg_cpu_time": 52.6,
    "avg_io_time": 0.2,
    "p90_io": 0.0,
    "number_of_pauses": 1711,
    "total_pause_time": 219332179,
    "avg_pause_time": 128189.47,
    "pauses_per_category": {
        "ICBufferFull": 19,
        "Cleanup": 2,
        "XMarkStart": 558,
        "XMarkEnd": 558,
        "CleanClassLoaderDataMetaspaces": 16,
        "XRelocateStart": 558
    },
    "total_pause_time_per_category": {
        "ICBufferFull": 1720344,
        "Cleanup": 67109,
        "XMarkStart": 69802150,
        "XMarkEnd": 33660541,
        "CleanClassLoaderDataMetaspaces": 7560218,
        "XRelocateStart": 106521817
    },
    "avg_pause_time_per_category": {
        "ICBufferFull": 90544.42,
        "Cleanup": 33554.5,
        "XMarkStart": 125093.46,
        "XMarkEnd": 60323.55,
        "CleanClassLoaderDataMetaspaces": 472513.62,
        "XRelocateStart": 190899.31
    },
    "p90_pause_time": 158460.0,
    "throughput": 68810376689
}