{
    "garbage_collector": "Serial",
    "jdk": "GraalVM_21.0.4",
    "benchmark_group": "Renaissance",
    "benchmark_name": "dotty",
    "heap_size": "8192",
    "error": null,
    "avg_cpu_usage": 26.3,
    "avg_cpu_time": 25.7,
    "avg_io_time": 0.0,
    "p90_io": 0.0,
    "number_of_pauses": 90,
    "total_pause_time": 530363228,
    "avg_pause_time": 5892924.76,
    "pauses_per_category": {
        "ICBufferFull": 74,
        "CollectForMetadataAllocation": 2,
        "GenCollectFull": 3,
        "Cleanup": 11
    },
    "total_pause_time_per_category": {
        "ICBufferFull": 10199294,
        "CollectForMetadataAllocation": 53264555,
        "GenCollectFull": 465284201,
        "Cleanup": 1615178
    },
    "avg_pause_time_per_category": {
        "ICBufferFull": 137828.3,
        "CollectForMetadataAllocation": 26632277.5,
        "GenCollectFull": 155094733.67,
        "Cleanup": 146834.36
    },
    "p90_pause_time": 237984.7,
    "throughput": 32241687599
}