{
    "garbage_collector": "Serial",
    "jdk": "GraalVM_21.0.4",
    "benchmark_group": "Renaissance",
    "benchmark_name": "finagle-chirper",
    "heap_size": "512",
    "error": null,
    "avg_cpu_usage": 77.2,
    "avg_cpu_time": 72.7,
    "avg_io_time": 0.0,
    "p90_io": 0.0,
    "number_of_pauses": 292,
    "total_pause_time": 1814425445,
    "avg_pause_time": 6213785.77,
    "pauses_per_category": {
        "ICBufferFull": 51,
        "CollectForMetadataAllocation": 2,
        "GenCollectForAllocation": 238,
        "GenCollectFull": 1
    },
    "total_pause_time_per_category": {
        "ICBufferFull": 10580540,
        "CollectForMetadataAllocation": 44119122,
        "GenCollectForAllocation": 1671888200,
        "GenCollectFull": 87837583
    },
    "avg_pause_time_per_category": {
        "ICBufferFull": 207461.57,
        "CollectForMetadataAllocation": 22059561.0,
        "GenCollectForAllocation": 7024740.34,
        "GenCollectFull": 87837583.0
    },
    "p90_pause_time": 9569219.6,
    "throughput": 46362319801
}