{
    "garbage_collector": "Z",
    "jdk": "GraalVM_21.0.4",
    "benchmark_group": "Renaissance",
    "benchmark_name": "log-regression",
    "heap_size": "1024",
    "error": null,
    "avg_cpu_usage": 51.9,
    "avg_cpu_time": 49.6,
    "avg_io_time": 0.0,
    "p90_io": 0.0,
    "number_of_pauses": 480,
    "total_pause_time": 186424469,
    "avg_pause_time": 388384.31,
    "pauses_per_category": {
        "ICBufferFull": 26,
        "Cleanup": 1,
        "XMarkStart": 145,
        "XMarkEnd": 139,
        "CleanClassLoaderDataMetaspaces": 19,
        "XRelocateStart": 150
    },
    "total_pause_time_per_category": {
        "ICBufferFull": 2953790,
        "Cleanup": 35366,
        "XMarkStart": 70021649,
        "XMarkEnd": 18462211,
        "CleanClassLoaderDataMetaspaces": 54900235,
        "XRelocateStart": 40051218
    },
    "avg_pause_time_per_category": {
        "ICBufferFull": 113607.31,
        "Cleanup": 35366.0,
        "XMarkStart": 482907.92,
        "XMarkEnd": 132821.66,
        "CleanClassLoaderDataMetaspaces": 2889486.05,
        "XRelocateStart": 267008.12
    },
    "p90_pause_time": 185745.6,
    "throughput": 25422955640
}