{
    "garbage_collector": "G1",
    "jdk": "GraalVM_21.0.4",
    "benchmark_group": "Renaissance",
    "benchmark_name": "chi-square",
    "heap_size": "8192",
    "error": null,
    "avg_cpu_usage": 30.5,
    "avg_cpu_time": 31.5,
    "avg_io_time": 0.2,
    "p90_io": 0.0,
    "number_of_pauses": 36,
    "total_pause_time": 299592193,
    "avg_pause_time": 8322005.36,
    "pauses_per_category": {
        "ICBufferFull": 8,
        "Cleanup": 3,
        "CollectForMetadataAllocation": 8,
        "G1PauseRemark": 3,
        "G1PauseCleanup": 3,
        "G1CollectForAllocation": 11
    },
    "total_pause_time_per_category": {
        "ICBufferFull": 738921,
        "Cleanup": 270364,
        "CollectForMetadataAllocation": 43523997,
        "G1PauseRemark": 5253654,
        "G1PauseCleanup": 777667,
        "G1CollectForAllocation": 249027590
    },
    "avg_pause_time_per_category": {
        "ICBufferFull": 92365.12,
        "Cleanup": 90121.33,
        "CollectForMetadataAllocation": 5440499.62,
        "G1PauseRemark": 1751218.0,
        "G1PauseCleanup": 259222.33,
        "G1CollectForAllocation": 22638871.82
    },
    "p90_pause_time": 29656313.5,
    "throughput": 12179987163
}