{
    "garbage_collector": "Serial",
    "jdk": "GraalVM_21.0.4",
    "benchmark_group": "Renaissance",
    "benchmark_name": "log-regression",
    "heap_size": "1024",
    "error": null,
    "avg_cpu_usage": 45.9,
    "avg_cpu_time": 46.2,
    "avg_io_time": 0.0,
    "p90_io": 0.0,
    "number_of_pauses": 136,
    "total_pause_time": 963962495,
    "avg_pause_time": 7087959.52,
    "pauses_per_category": {
        "ICBufferFull": 31,
        "Cleanup": 2,
        "CollectForMetadataAllocation": 9,
        "GenCollectForAllocation": 92,
        "GenCollectFull": 2
    },
    "total_pause_time_per_category": {
        "ICBufferFull": 2859835,
        "Cleanup": 91782,
        "CollectForMetadataAllocation": 156687366,
        "GenCollectForAllocation": 686583026,
        "GenCollectFull": 117740486
    },
    "avg_pause_time_per_category": {
        "ICBufferFull": 92252.74,
        "Cleanup": 45891.0,
        "CollectForMetadataAllocation": 17409707.33,
        "GenCollectForAllocation": 7462858.98,
        "GenCollectFull": 58870243.0
    },
    "p90_pause_time": 12143050.5,
    "throughput": 20513838479
}