{
    "garbage_collector": "Z",
    "jdk": "GraalVM_21.0.4",
    "benchmark_group": "Renaissance",
    "benchmark_name": "als",
    "heap_size": "2048",
    "error": null,
    "avg_cpu_usage": 67.1,
    "avg_cpu_time": 65.8,
    "avg_io_time": 0.1,
    "p90_io": 0.0,
    "number_of_pauses": 506,
    "total_pause_time": 56081738,
    "avg_pause_time": 110833.47,
    "pauses_per_category": {
        "ICBufferFull": 45,
        "Cleanup": 21,
        "XMarkStart": 155,
        "XMarkEnd": 116,
        "CleanClassLoaderDataMetaspaces": 8,
        "XRelocateStart": 161
    },
    "total_pause_time_per_category": {
        "ICBufferFull": 4554454,
        "Cleanup": 1753210,
        "XMarkStart": 14506029,
        "XMarkEnd": 12415794,
        "CleanClassLoaderDataMetaspaces": 5960236,
        "XRelocateStart": 16892015
    },
    "avg_pause_time_per_category": {
        "ICBufferFull": 101210.09,
        "Cleanup": 83486.19,
        "XMarkStart": 93587.28,
        "XMarkEnd": 107032.71,
        "CleanClassLoaderDataMetaspaces": 745029.5,
        "XRelocateStart": 104919.35
    },
    "p90_pause_time": 135258.5,
    "throughput": 61556092878
}