{
    "garbage_collector": "Parallel",
    "jdk": "GraalVM_21.0.4",
    "benchmark_group": "Renaissance",
    "benchmark_name": "finagle-http",
    "heap_size": "2048",
    "error": null,
    "avg_cpu_usage": 83.2,
    "avg_cpu_time": 71.5,
    "avg_io_time": 0.0,
    "p90_io": 0.0,
    "number_of_pauses": 157,
    "total_pause_time": 133649551,
    "avg_pause_time": 851271.03,
    "pauses_per_category": {
        "ICBufferFull": 93,
        "CollectForMetadataAllocation": 5,
        "ParallelGCFailedAllocation": 53,
        "Cleanup": 6
    },
    "total_pause_time_per_category": {
        "ICBufferFull": 12105061,
        "CollectForMetadataAllocation": 43712784,
        "ParallelGCFailedAllocation": 77292016,
        "Cleanup": 539690
    },
    "avg_pause_time_per_category": {
        "ICBufferFull": 130161.95,
        "CollectForMetadataAllocation": 8742556.8,
        "ParallelGCFailedAllocation": 1458339.92,
        "Cleanup": 89948.33
    },
    "p90_pause_time": 1244261.2,
    "throughput": 49496881079
}