{
    "garbage_collector": "Serial",
    "jdk": "GraalVM_21.0.4",
    "benchmark_group": "Renaissance",
    "benchmark_name": "chi-square",
    "heap_size": "2048",
    "error": null,
    "avg_cpu_usage": 27.7,
    "avg_cpu_time": 28.2,
    "avg_io_time": 0.0,
    "p90_io": 0.0,
    "number_of_pauses": 51,
    "total_pause_time": 809880938,
    "avg_pause_time": 15880018.39,
    "pauses_per_category": {
        "ICBufferFull": 8,
        "Cleanup": 1,
        "CollectForMetadataAllocation": 3,
        "GenCollectForAllocation": 39
    },
    "total_pause_time_per_category": {
        "ICBufferFull": 682539,
        "Cleanup": 86313,
        "CollectForMetadataAllocation": 106121102,
        "GenCollectForAllocation": 702990984
    },
    "avg_pause_time_per_category": {
        "ICBufferFull": 85317.38,
        "Cleanup": 86313.0,
        "CollectForMetadataAllocation": 35373700.67,
        "GenCollectForAllocation": 18025409.85
    },
    "p90_pause_time": 59028886.0,
    "throughput": 12477858797
}