{
    "garbage_collector": "Z",
    "jdk": "GraalVM_21.0.4",
    "benchmark_group": "Renaissance",
    "benchmark_name": "neo4j-analytics",
    "heap_size": "8192",
    "error": null,
    "avg_cpu_usage": 30.8,
    "avg_cpu_time": 30.5,
    "avg_io_time": 0.5,
    "p90_io": 1.72,
    "number_of_pauses": 120,
    "total_pause_time": 17363999,
    "avg_pause_time": 144699.99,
    "pauses_per_category": {
        "ICBufferFull": 45,
        "XMarkStart": 15,
        "XMarkEnd": 15,
        "CleanClassLoaderDataMetaspaces": 8,
        "XRelocateStart": 15,
        "Cleanup": 22
    },
    "total_pause_time_per_category": {
        "ICBufferFull": 6353077,
        "XMarkStart": 2068479,
        "XMarkEnd": 1396030,
        "CleanClassLoaderDataMetaspaces": 3438378,
        "XRelocateStart": 1771309,
        "Cleanup": 2336726
    },
    "avg_pause_time_per_category": {
        "ICBufferFull": 141179.49,
        "XMarkStart": 137898.6,
        "XMarkEnd": 93068.67,
        "CleanClassLoaderDataMetaspaces": 429797.25,
        "XRelocateStart": 118087.27,
        "Cleanup": 106214.82
    },
    "p90_pause_time": 200950.7,
    "throughput": 44776912124
}