{
    "garbage_collector": "G1",
    "jdk": "GraalVM_21.0.4",
    "benchmark_group": "Renaissance",
    "benchmark_name": "rx-scrabble",
    "heap_size": "8192",
    "error": null,
    "avg_cpu_usage": 29.5,
    "avg_cpu_time": 33.3,
    "avg_io_time": 0.0,
    "p90_io": 0.0,
    "number_of_pauses": 10,
    "total_pause_time": 53361176,
    "avg_pause_time": 5336117.6,
    "pauses_per_category": {
        "ICBufferFull": 6,
        "G1CollectForAllocation": 4
    },
    "total_pause_time_per_category": {
        "ICBufferFull": 519102,
        "G1CollectForAllocation": 52842074
    },
    "avg_pause_time_per_category": {
        "ICBufferFull": 86517.0,
        "G1CollectForAllocation": 13210518.5
    },
    "p90_pause_time": 23127729.9,
    "throughput": 3051422393
}