{
    "garbage_collector": "Z",
    "jdk": "GraalVM_21.0.4",
    "benchmark_group": "Renaissance",
    "benchmark_name": "fj-kmeans",
    "heap_size": "2048",
    "error": null,
    "avg_cpu_usage": 84.6,
    "avg_cpu_time": 84.9,
    "avg_io_time": 0.0,
    "p90_io": 0.0,
    "number_of_pauses": 660,
    "total_pause_time": 92907467,
    "avg_pause_time": 140768.89,
    "pauses_per_category": {
        "ICBufferFull": 1,
        "XMarkStart": 219,
        "XMarkEnd": 219,
        "CleanClassLoaderDataMetaspaces": 2,
        "XRelocateStart": 219
    },
    "total_pause_time_per_category": {
        "ICBufferFull": 60002,
        "XMarkStart": 33056376,
        "XMarkEnd": 29725713,
        "CleanClassLoaderDataMetaspaces": 3272767,
        "XRelocateStart": 26792609
    },
    "avg_pause_time_per_category": {
        "ICBufferFull": 60002.0,
        "XMarkStart": 150942.36,
        "XMarkEnd": 135733.85,
        "CleanClassLoaderDataMetaspaces": 1636383.5,
        "XRelocateStart": 122340.68
    },
    "p90_pause_time": 128220.4,
    "throughput": 47246451565
}