{
    "garbage_collector": "Parallel",
    "jdk": "GraalVM_21.0.4",
    "benchmark_group": "Renaissance",
    "benchmark_name": "chi-square",
    "heap_size": "2048",
    "error": null,
    "avg_cpu_usage": 30.2,
    "avg_cpu_time": 30.8,
    "avg_io_time": 0.0,
    "p90_io": 0.0,
    "number_of_pauses": 52,
    "total_pause_time": 402052104,
    "avg_pause_time": 7731771.23,
    "pauses_per_category": {
        "ICBufferFull": 7,
        "Cleanup": 1,
        "CollectForMetadataAllocation": 4,
        "ParallelGCFailedAllocation": 40
    },
    "total_pause_time_per_category": {
        "ICBufferFull": 742199,
        "Cleanup": 785522,
        "CollectForMetadataAllocation": 78973426,
        "ParallelGCFailedAllocation": 321550957
    },
    "avg_pause_time_per_category": {
        "ICBufferFull": 106028.43,
        "Cleanup": 785522.0,
        "CollectForMetadataAllocation": 19743356.5,
        "ParallelGCFailedAllocation": 8038773.92
    },
    "p90_pause_time": 27901884.1,
    "throughput": 11892963242
}