{
    "garbage_collector": "Z",
    "jdk": "GraalVM_21.0.4",
    "benchmark_group": "Renaissance",
    "benchmark_name": "als",
    "heap_size": "8192",
    "error": null,
    "avg_cpu_usage": 64.4,
    "avg_cpu_time": 61.5,
    "avg_io_time": 0.1,
    "p90_io": 0.0,
    "number_of_pauses": 149,
    "total_pause_time": 35291480,
    "avg_pause_time": 236855.57,
    "pauses_per_category": {
        "ICBufferFull": 58,
        "Cleanup": 34,
        "XMarkStart": 17,
        "XMarkEnd": 15,
        "CleanClassLoaderDataMetaspaces": 7,
        "XRelocateStart": 18
    },
    "total_pause_time_per_category": {
        "ICBufferFull": 5646417,
        "Cleanup": 3141142,
        "XMarkStart": 1994368,
        "XMarkEnd": 1411297,
        "CleanClassLoaderDataMetaspaces": 11598272,
        "XRelocateStart": 11499984
    },
    "avg_pause_time_per_category": {
        "ICBufferFull": 97352.02,
        "Cleanup": 92386.53,
        "XMarkStart": 117315.76,
        "XMarkEnd": 94086.47,
        "CleanClassLoaderDataMetaspaces": 1656896.0,
        "XRelocateStart": 638888.0
    },
    "p90_pause_time": 189174.2,
    "throughput": 59059432249
}