{
    "garbage_collector": "Serial",
    "jdk": "GraalVM_21.0.4",
    "benchmark_group": "Renaissance",
    "benchmark_name": "rx-scrabble",
    "heap_size": "1024",
    "error": null,
    "avg_cpu_usage": 29.6,
    "avg_cpu_time": 32.9,
    "avg_io_time": 0.0,
    "p90_io": 0.0,
    "number_of_pauses": 11,
    "total_pause_time": 164462192,
    "avg_pause_time": 14951108.36,
    "pauses_per_category": {
        "ICBufferFull": 5,
        "GenCollectForAllocation": 6
    },
    "total_pause_time_per_category": {
        "ICBufferFull": 562148,
        "GenCollectForAllocation": 163900044
    },
    "avg_pause_time_per_category": {
        "ICBufferFull": 112429.6,
        "GenCollectForAllocation": 27316674.0
    },
    "p90_pause_time": 47194529.0,
    "throughput": 2748455678
}