{
    "garbage_collector": "G1",
    "jdk": "GraalVM_21.0.4",
    "benchmark_group": "Renaissance",
    "benchmark_name": "finagle-chirper",
    "heap_size": "256",
    "error": null,
    "avg_cpu_usage": 80.5,
    "avg_cpu_time": 74.7,
    "avg_io_time": 0.0,
    "p90_io": 0.0,
    "number_of_pauses": 323,
    "total_pause_time": 744455384,
    "avg_pause_time": 2304815.43,
    "pauses_per_category": {
        "ICBufferFull": 86,
        "G1CollectForAllocation": 228,
        "CollectForMetadataAllocation": 2,
        "G1PauseRemark": 3,
        "G1PauseCleanup": 3,
        "G1TryInitiateConcMark": 1
    },
    "total_pause_time_per_category": {
        "ICBufferFull": 38311782,
        "G1CollectForAllocation": 685237691,
        "CollectForMetadataAllocation": 7498339,
        "G1PauseRemark": 9548519,
        "G1PauseCleanup": 668158,
        "G1TryInitiateConcMark": 3190895
    },
    "avg_pause_time_per_category": {
        "ICBufferFull": 445485.84,
        "G1CollectForAllocation": 3005428.47,
        "CollectForMetadataAllocation": 3749169.5,
        "G1PauseRemark": 3182839.67,
        "G1PauseCleanup": 222719.33,
        "G1TryInitiateConcMark": 3190895.0
    },
    "p90_pause_time": 4738531.2,
    "throughput": 47004475881
}