{
    "garbage_collector": "Z",
    "jdk": "GraalVM_21.0.4",
    "benchmark_group": "Renaissance",
    "benchmark_name": "philosophers",
    "heap_size": "1024",
    "error": null,
    "avg_cpu_usage": 83.9,
    "avg_cpu_time": 85.0,
    "avg_io_time": 0.0,
    "p90_io": 0.0,
    "number_of_pauses": 133,
    "total_pause_time": 14051556,
    "avg_pause_time": 105650.8,
    "pauses_per_category": {
        "ICBufferFull": 1,
        "XMarkStart": 44,
        "XMarkEnd": 43,
        "CleanClassLoaderDataMetaspaces": 2,
        "XRelocateStart": 43
    },
    "total_pause_time_per_category": {
        "ICBufferFull": 66548,
        "XMarkStart": 4643953,
        "XMarkEnd": 4224402,
        "CleanClassLoaderDataMetaspaces": 966563,
        "XRelocateStart": 4150090
    },
    "avg_pause_time_per_category": {
        "ICBufferFull": 66548.0,
        "XMarkStart": 105544.39,
        "XMarkEnd": 98241.91,
        "CleanClassLoaderDataMetaspaces": 483281.5,
        "XRelocateStart": 96513.72
    },
    "p90_pause_time": 106192.6,
    "throughput": 14432048922
}