{
    "garbage_collector": "Parallel",
    "jdk": "GraalVM_21.0.4",
    "benchmark_group": "Renaissance",
    "benchmark_name": "par-mnemonics",
    "heap_size": "1024",
    "error": null,
    "avg_cpu_usage": 22.6,
    "avg_cpu_time": 21.0,
    "avg_io_time": 0.0,
    "p90_io": 0.0,
    "number_of_pauses": 115,
    "total_pause_time": 928730562,
    "avg_pause_time": 8075917.93,
    "pauses_per_category": {
        "ICBufferFull": 1,
        "ParallelGCFailedAllocation": 114
    },
    "total_pause_time_per_category": {
        "ICBufferFull": 55389,
        "ParallelGCFailedAllocation": 928675173
    },
    "avg_pause_time_per_category": {
        "ICBufferFull": 55389.0,
        "ParallelGCFailedAllocation": 8146273.45
    },
    "p90_pause_time": 17369600.8,
    "throughput": 14619763061
}