{
    "garbage_collector": "Parallel",
    "jdk": "GraalVM_21.0.4",
    "benchmark_group": "Renaissance",
    "benchmark_name": "log-regression",
    "heap_size": "1024",
    "error": null,
    "avg_cpu_usage": 47.4,
    "avg_cpu_time": 49.1,
    "avg_io_time": 0.1,
    "p90_io": 0.0,
    "number_of_pauses": 145,
    "total_pause_time": 775780890,
    "avg_pause_time": 5350213.03,
    "pauses_per_category": {
        "ICBufferFull": 38,
        "Cleanup": 2,
        "CollectForMetadataAllocation": 6,
        "ParallelGCFailedAllocation": 98,
        "ParallelGCSystemGC": 1
    },
    "total_pause_time_per_category": {
        "ICBufferFull": 3994560,
        "Cleanup": 227887,
        "CollectForMetadataAllocation": 128632013,
        "ParallelGCFailedAllocation": 550513958,
        "ParallelGCSystemGC": 92412472
    },
    "avg_pause_time_per_category": {
        "ICBufferFull": 105120.0,
        "Cleanup": 113943.5,
        "CollectForMetadataAllocation": 21438668.83,
        "ParallelGCFailedAllocation": 5617489.37,
        "ParallelGCSystemGC": 92412472.0
    },
    "p90_pause_time": 10954526.2,
    "throughput": 20514162361
}