{
    "garbage_collector": "Z",
    "jdk": "GraalVM_21.0.4",
    "benchmark_group": "Renaissance",
    "benchmark_name": "dec-tree",
    "heap_size": "4096",
    "error": null,
    "avg_cpu_usage": 36.0,
    "avg_cpu_time": 34.0,
    "avg_io_time": 0.0,
    "p90_io": 0.0,
    "number_of_pauses": 87,
    "total_pause_time": 13040632,
    "avg_pause_time": 149892.32,
    "pauses_per_category": {
        "ICBufferFull": 48,
        "Cleanup": 1,
        "XMarkStart": 10,
        "XMarkEnd": 10,
        "CleanClassLoaderDataMetaspaces": 8,
        "XRelocateStart": 10
    },
    "total_pause_time_per_category": {
        "ICBufferFull": 4511457,
        "Cleanup": 89308,
        "XMarkStart": 2011132,
        "XMarkEnd": 837758,
        "CleanClassLoaderDataMetaspaces": 4473018,
        "XRelocateStart": 1117959
    },
    "avg_pause_time_per_category": {
        "ICBufferFull": 93988.69,
        "Cleanup": 89308.0,
        "XMarkStart": 201113.2,
        "XMarkEnd": 83775.8,
        "CleanClassLoaderDataMetaspaces": 559127.25,
        "XRelocateStart": 111795.9
    },
    "p90_pause_time": 261285.6,
    "throughput": 19177671223
}