{
    "garbage_collector": "Z",
    "jdk": "GraalVM_21.0.4",
    "benchmark_group": "Renaissance",
    "benchmark_name": "fj-kmeans",
    "heap_size": "1024",
    "error": null,
    "avg_cpu_usage": 73.1,
    "avg_cpu_time": 74.6,
    "avg_io_time": 0.0,
    "p90_io": 0.0,
    "number_of_pauses": 1093,
    "total_pause_time": 164377507,
    "avg_pause_time": 150391.13,
    "pauses_per_category": {
        "ICBufferFull": 1,
        "XMarkStart": 363,
        "XMarkEnd": 363,
        "CleanClassLoaderDataMetaspaces": 3,
        "XRelocateStart": 363
    },
    "total_pause_time_per_category": {
        "ICBufferFull": 59352,
        "XMarkStart": 64953603,
        "XMarkEnd": 20958521,
        "CleanClassLoaderDataMetaspaces": 1194810,
        "XRelocateStart": 77211221
    },
    "avg_pause_time_per_category": {
        "ICBufferFull": 59352.0,
        "XMarkStart": 178935.55,
        "XMarkEnd": 57736.97,
        "CleanClassLoaderDataMetaspaces": 398270.0,
        "XRelocateStart": 212703.09
    },
    "p90_pause_time": 138091.4,
    "throughput": 63811481546
}