{
    "garbage_collector": "Parallel",
    "jdk": "GraalVM_21.0.4",
    "benchmark_group": "Renaissance",
    "benchmark_name": "als",
    "heap_size": "8192",
    "error": null,
    "avg_cpu_usage": 65.7,
    "avg_cpu_time": 65.3,
    "avg_io_time": 0.2,
    "p90_io": 0.0,
    "number_of_pauses": 125,
    "total_pause_time": 397035388,
    "avg_pause_time": 3176283.1,
    "pauses_per_category": {
        "ICBufferFull": 65,
        "Cleanup": 30,
        "CollectForMetadataAllocation": 9,
        "ParallelGCFailedAllocation": 16,
        "ParallelGCSystemGC": 5
    },
    "total_pause_time_per_category": {
        "ICBufferFull": 5910847,
        "Cleanup": 4114312,
        "CollectForMetadataAllocation": 132439477,
        "ParallelGCFailedAllocation": 208868579,
        "ParallelGCSystemGC": 45702173
    },
    "avg_pause_time_per_category": {
        "ICBufferFull": 90936.11,
        "Cleanup": 137143.73,
        "CollectForMetadataAllocation": 14715497.44,
        "ParallelGCFailedAllocation": 13054286.19,
        "ParallelGCSystemGC": 9140434.6
    },
    "p90_pause_time": 9396906.6,
    "throughput": 55748750906
}