{
    "garbage_collector": "G1",
    "jdk": "GraalVM_21.0.4",
    "benchmark_group": "Renaissance",
    "benchmark_name": "dotty",
    "heap_size": "8192",
    "error": null,
    "avg_cpu_usage": 26.8,
    "avg_cpu_time": 26.3,
    "avg_io_time": 0.1,
    "p90_io": 0.0,
    "number_of_pauses": 101,
    "total_pause_time": 161025347,
    "avg_pause_time": 1594310.37,
    "pauses_per_category": {
        "ICBufferFull": 71,
        "CollectForMetadataAllocation": 4,
        "G1PauseRemark": 5,
        "G1PauseCleanup": 5,
        "G1TryInitiateConcMark": 3,
        "Cleanup": 11,
        "G1CollectForAllocation": 2
    },
    "total_pause_time_per_category": {
        "ICBufferFull": 9964337,
        "CollectForMetadataAllocation": 35513302,
        "G1PauseRemark": 25427697,
        "G1PauseCleanup": 1667145,
        "G1TryInitiateConcMark": 57479764,
        "Cleanup": 1369033,
        "G1CollectForAllocation": 29604069
    },
    "avg_pause_time_per_category": {
        "ICBufferFull": 140342.77,
        "CollectForMetadataAllocation": 8878325.5,
        "G1PauseRemark": 5085539.4,
        "G1PauseCleanup": 333429.0,
        "G1TryInitiateConcMark": 19159921.33,
        "Cleanup": 124457.55,
        "G1CollectForAllocation": 14802034.5
    },
    "p90_pause_time": 6740515.0,
    "throughput": 32543529987
}