{
    "garbage_collector": "Serial",
    "jdk": "GraalVM_21.0.4",
    "benchmark_group": "Renaissance",
    "benchmark_name": "future-genetic",
    "heap_size": "512",
    "error": null,
    "avg_cpu_usage": 37.4,
    "avg_cpu_time": 36.6,
    "avg_io_time": 0.0,
    "p90_io": 0.0,
    "number_of_pauses": 110,
    "total_pause_time": 279126354,
    "avg_pause_time": 2537512.31,
    "pauses_per_category": {
        "ICBufferFull": 2,
        "GenCollectForAllocation": 108
    },
    "total_pause_time_per_category": {
        "ICBufferFull": 231814,
        "GenCollectForAllocation": 278894540
    },
    "avg_pause_time_per_category": {
        "ICBufferFull": 115907.0,
        "GenCollectForAllocation": 2582356.85
    },
    "p90_pause_time": 5503153.4,
    "throughput": 14932764246
}