{
    "garbage_collector": "Z",
    "jdk": "GraalVM_21.0.4",
    "benchmark_group": "Renaissance",
    "benchmark_name": "akka-uct",
    "heap_size": "1024",
    "error": null,
    "avg_cpu_usage": 51.5,
    "avg_cpu_time": 49.8,
    "avg_io_time": 0.0,
    "p90_io": 0.0,
    "number_of_pauses": 1222,
    "total_pause_time": 302786488,
    "avg_pause_time": 247779.45,
    "pauses_per_category": {
        "ICBufferFull": 2,
        "XMarkStart": 405,
        "XMarkEnd": 407,
        "CleanClassLoaderDataMetaspaces": 3,
        "XRelocateStart": 405
    },
    "total_pause_time_per_category": {
        "ICBufferFull": 252961,
        "XMarkStart": 217276420,
        "XMarkEnd": 18658766,
        "CleanClassLoaderDataMetaspaces": 1066919,
        "XRelocateStart": 65531422
    },
    "avg_pause_time_per_category": {
        "ICBufferFull": 126480.5,
        "XMarkStart": 536484.99,
        "XMarkEnd": 45844.63,
        "CleanClassLoaderDataMetaspaces": 355639.67,
        "XRelocateStart": 161805.98
    },
    "p90_pause_time": 199324.0,
    "throughput": 220113038488
}