{
    "garbage_collector": "G1",
    "jdk": "GraalVM_21.0.4",
    "benchmark_group": "Renaissance",
    "benchmark_name": "log-regression",
    "heap_size": "4096",
    "error": null,
    "avg_cpu_usage": 46.4,
    "avg_cpu_time": 47.2,
    "avg_io_time": 0.0,
    "p90_io": 0.0,
    "number_of_pauses": 101,
    "total_pause_time": 331850588,
    "avg_pause_time": 3285649.39,
    "pauses_per_category": {
        "ICBufferFull": 53,
        "Cleanup": 2,
        "CollectForMetadataAllocation": 23,
        "G1PauseRemark": 5,
        "G1PauseCleanup": 5,
        "G1CollectForAllocation": 2,
        "G1TryInitiateConcMark": 11
    },
    "total_pause_time_per_category": {
        "ICBufferFull": 10090420,
        "Cleanup": 285769,
        "CollectForMetadataAllocation": 77137520,
        "G1PauseRemark": 14327430,
        "G1PauseCleanup": 1315737,
        "G1CollectForAllocation": 34964741,
        "G1TryInitiateConcMark": 193728971
    },
    "avg_pause_time_per_category": {
        "ICBufferFull": 190385.28,
        "Cleanup": 142884.5,
        "CollectForMetadataAllocation": 3353805.22,
        "G1PauseRemark": 2865486.0,
        "G1PauseCleanup": 263147.4,
        "G1CollectForAllocation": 17482370.5,
        "G1TryInitiateConcMark": 17611724.64
    },
    "p90_pause_time": 16047721.0,
    "throughput": 20822963580
}