{
    "garbage_collector": "Serial",
    "jdk": "GraalVM_21.0.4",
    "benchmark_group": "Renaissance",
    "benchmark_name": "reactors",
    "heap_size": "1024",
    "error": null,
    "avg_cpu_usage": 30.3,
    "avg_cpu_time": 31.2,
    "avg_io_time": 0.0,
    "p90_io": 0.0,
    "number_of_pauses": 207,
    "total_pause_time": 26060291223,
    "avg_pause_time": 125895126.68,
    "pauses_per_category": {
        "ICBufferFull": 2,
        "Cleanup": 15,
        "GenCollectForAllocation": 190
    },
    "total_pause_time_per_category": {
        "ICBufferFull": 215712,
        "Cleanup": 1263110,
        "GenCollectForAllocation": 26058812401
    },
    "avg_pause_time_per_category": {
        "ICBufferFull": 107856.0,
        "Cleanup": 84207.33,
        "GenCollectForAllocation": 137151644.22
    },
    "p90_pause_time": 368568876.6,
    "throughput": 90608495760
}