{
    "garbage_collector": "Z",
    "jdk": "GraalVM_21.0.4",
    "benchmark_group": "Renaissance",
    "benchmark_name": "rx-scrabble",
    "heap_size": "512",
    "error": null,
    "avg_cpu_usage": 37.0,
    "avg_cpu_time": 34.3,
    "avg_io_time": 0.0,
    "p90_io": 0.0,
    "number_of_pauses": 64,
    "total_pause_time": 10042866,
    "avg_pause_time": 156919.78,
    "pauses_per_category": {
        "ICBufferFull": 9,
        "XMarkStart": 17,
        "XMarkEnd": 17,
        "CleanClassLoaderDataMetaspaces": 3,
        "XRelocateStart": 18
    },
    "total_pause_time_per_category": {
        "ICBufferFull": 4116499,
        "XMarkStart": 1781000,
        "XMarkEnd": 1703779,
        "CleanClassLoaderDataMetaspaces": 734593,
        "XRelocateStart": 1706995
    },
    "avg_pause_time_per_category": {
        "ICBufferFull": 457388.78,
        "XMarkStart": 104764.71,
        "XMarkEnd": 100222.29,
        "CleanClassLoaderDataMetaspaces": 244864.33,
        "XRelocateStart": 94833.06
    },
    "p90_pause_time": 126701.0,
    "throughput": 3046118756
}