{
    "garbage_collector": "Parallel",
    "jdk": "GraalVM_21.0.4",
    "benchmark_group": "Renaissance",
    "benchmark_name": "finagle-http",
    "heap_size": "1024",
    "error": null,
    "avg_cpu_usage": 83.8,
    "avg_cpu_time": 71.9,
    "avg_io_time": 0.0,
    "p90_io": 0.0,
    "number_of_pauses": 192,
    "total_pause_time": 173195531,
    "avg_pause_time": 902060.06,
    "pauses_per_category": {
        "ICBufferFull": 79,
        "CollectForMetadataAllocation": 6,
        "ParallelGCFailedAllocation": 107
    },
    "total_pause_time_per_category": {
        "ICBufferFull": 9993803,
        "CollectForMetadataAllocation": 44296292,
        "ParallelGCFailedAllocation": 118905436
    },
    "avg_pause_time_per_category": {
        "ICBufferFull": 126503.84,
        "CollectForMetadataAllocation": 7382715.33,
        "ParallelGCFailedAllocation": 1111265.76
    },
    "p90_pause_time": 1113107.9,
    "throughput": 50727294933
}