{
    "garbage_collector": "Parallel",
    "jdk": "GraalVM_21.0.4",
    "benchmark_group": "Renaissance",
    "benchmark_name": "dec-tree",
    "heap_size": "512",
    "error": null,
    "avg_cpu_usage": 36.8,
    "avg_cpu_time": 37.3,
    "avg_io_time": 0.3,
    "p90_io": 0.0,
    "number_of_pauses": 131,
    "total_pause_time": 400784241,
    "avg_pause_time": 3059421.69,
    "pauses_per_category": {
        "ICBufferFull": 30,
        "Cleanup": 1,
        "CollectForMetadataAllocation": 4,
        "ParallelGCFailedAllocation": 94,
        "ParallelGCSystemGC": 2
    },
    "total_pause_time_per_category": {
        "ICBufferFull": 2867590,
        "Cleanup": 92261,
        "CollectForMetadataAllocation": 120050367,
        "ParallelGCFailedAllocation": 276189611,
        "ParallelGCSystemGC": 1584412
    },
    "avg_pause_time_per_category": {
        "ICBufferFull": 95586.33,
        "Cleanup": 92261.0,
        "CollectForMetadataAllocation": 30012591.75,
        "ParallelGCFailedAllocation": 2938187.35,
        "ParallelGCSystemGC": 792206.0
    },
    "p90_pause_time": 7156847.0,
    "throughput": 17056237447
}