{
    "garbage_collector": "Parallel",
    "jdk": "GraalVM_21.0.4",
    "benchmark_group": "Renaissance",
    "benchmark_name": "als",
    "heap_size": "512",
    "error": null,
    "avg_cpu_usage": 66.6,
    "avg_cpu_time": 67.4,
    "avg_io_time": 0.2,
    "p90_io": 0.0,
    "number_of_pauses": 541,
    "total_pause_time": 2244101298,
    "avg_pause_time": 4148061.55,
    "pauses_per_category": {
        "ICBufferFull": 29,
        "Cleanup": 1,
        "CollectForMetadataAllocation": 8,
        "ParallelGCFailedAllocation": 457,
        "ParallelGCSystemGC": 46
    },
    "total_pause_time_per_category": {
        "ICBufferFull": 2787378,
        "Cleanup": 25478,
        "CollectForMetadataAllocation": 128882584,
        "ParallelGCFailedAllocation": 2018684573,
        "ParallelGCSystemGC": 93721285
    },
    "avg_pause_time_per_category": {
        "ICBufferFull": 96116.48,
        "Cleanup": 25478.0,
        "CollectForMetadataAllocation": 16110323.0,
        "ParallelGCFailedAllocation": 4417252.89,
        "ParallelGCSystemGC": 2037419.24
    },
    "p90_pause_time": 6011153.0,
    "throughput": 56955713927
}