{
    "garbage_collector": "G1",
    "jdk": "GraalVM_21.0.4",
    "benchmark_group": "Renaissance",
    "benchmark_name": "finagle-chirper",
    "heap_size": "2048",
    "error": null,
    "avg_cpu_usage": 80.0,
    "avg_cpu_time": 73.9,
    "avg_io_time": 0.0,
    "p90_io": 0.0,
    "number_of_pauses": 140,
    "total_pause_time": 239287055,
    "avg_pause_time": 1709193.25,
    "pauses_per_category": {
        "ICBufferFull": 83,
        "CollectForMetadataAllocation": 2,
        "G1PauseRemark": 3,
        "G1PauseCleanup": 3,
        "G1CollectForAllocation": 28,
        "Cleanup": 20,
        "G1TryInitiateConcMark": 1
    },
    "total_pause_time_per_category": {
        "ICBufferFull": 17303868,
        "CollectForMetadataAllocation": 17333459,
        "G1PauseRemark": 10273201,
        "G1PauseCleanup": 756633,
        "G1CollectForAllocation": 185957981,
        "Cleanup": 2058576,
        "G1TryInitiateConcMark": 5603337
    },
    "avg_pause_time_per_category": {
        "ICBufferFull": 208480.34,
        "CollectForMetadataAllocation": 8666729.5,
        "G1PauseRemark": 3424400.33,
        "G1PauseCleanup": 252211.0,
        "G1CollectForAllocation": 6641356.46,
        "Cleanup": 102928.8,
        "G1TryInitiateConcMark": 5603337.0
    },
    "p90_pause_time": 6506328.5,
    "throughput": 46363645629
}