{
    "garbage_collector": "Serial",
    "jdk": "GraalVM_21.0.4",
    "benchmark_group": "Renaissance",
    "benchmark_name": "mnemonics",
    "heap_size": "512",
    "error": null,
    "avg_cpu_usage": 14.1,
    "avg_cpu_time": 15.1,
    "avg_io_time": 0.0,
    "p90_io": 0.0,
    "number_of_pauses": 226,
    "total_pause_time": 2482950538,
    "avg_pause_time": 10986506.81,
    "pauses_per_category": {
        "ICBufferFull": 1,
        "GenCollectForAllocation": 225
    },
    "total_pause_time_per_category": {
        "ICBufferFull": 65521,
        "GenCollectForAllocation": 2482885017
    },
    "avg_pause_time_per_category": {
        "ICBufferFull": 65521.0,
        "GenCollectForAllocation": 11035044.52
    },
    "p90_pause_time": 19145637.5,
    "throughput": 17029012508
}