{
    "garbage_collector": "Z",
    "jdk": "GraalVM_21.0.4",
    "benchmark_group": "Renaissance",
    "benchmark_name": "dec-tree",
    "heap_size": "1024",
    "error": null,
    "avg_cpu_usage": 38.0,
    "avg_cpu_time": 38.3,
    "avg_io_time": 0.0,
    "p90_io": 0.0,
    "number_of_pauses": 157,
    "total_pause_time": 18067649,
    "avg_pause_time": 115080.57,
    "pauses_per_category": {
        "ICBufferFull": 35,
        "Cleanup": 1,
        "XMarkStart": 38,
        "XMarkEnd": 36,
        "CleanClassLoaderDataMetaspaces": 8,
        "XRelocateStart": 39
    },
    "total_pause_time_per_category": {
        "ICBufferFull": 3266540,
        "Cleanup": 27092,
        "XMarkStart": 4266536,
        "XMarkEnd": 3028443,
        "CleanClassLoaderDataMetaspaces": 4127923,
        "XRelocateStart": 3351115
    },
    "avg_pause_time_per_category": {
        "ICBufferFull": 93329.71,
        "Cleanup": 27092.0,
        "XMarkStart": 112277.26,
        "XMarkEnd": 84123.42,
        "CleanClassLoaderDataMetaspaces": 515990.38,
        "XRelocateStart": 85926.03
    },
    "p90_pause_time": 154771.2,
    "throughput": 18572440875
}