{
    "garbage_collector": "Parallel",
    "jdk": "GraalVM_21.0.4",
    "benchmark_group": "Renaissance",
    "benchmark_name": "als",
    "heap_size": "4096",
    "error": null,
    "avg_cpu_usage": 66.0,
    "avg_cpu_time": 66.0,
    "avg_io_time": 0.2,
    "p90_io": 0.0,
    "number_of_pauses": 114,
    "total_pause_time": 772102086,
    "avg_pause_time": 6772825.32,
    "pauses_per_category": {
        "ICBufferFull": 42,
        "Cleanup": 25,
        "CollectForMetadataAllocation": 4,
        "ParallelGCFailedAllocation": 36,
        "ParallelGCSystemGC": 7
    },
    "total_pause_time_per_category": {
        "ICBufferFull": 4259733,
        "Cleanup": 2156374,
        "CollectForMetadataAllocation": 128973495,
        "ParallelGCFailedAllocation": 480858728,
        "ParallelGCSystemGC": 155853756
    },
    "avg_pause_time_per_category": {
        "ICBufferFull": 101422.21,
        "Cleanup": 86254.96,
        "CollectForMetadataAllocation": 32243373.75,
        "ParallelGCFailedAllocation": 13357186.89,
        "ParallelGCSystemGC": 22264822.29
    },
    "p90_pause_time": 18702653.2,
    "throughput": 55391225349
}