{
    "garbage_collector": "Serial",
    "jdk": "GraalVM_21.0.4",
    "benchmark_group": "Renaissance",
    "benchmark_name": "log-regression",
    "heap_size": "4096",
    "error": null,
    "avg_cpu_usage": 45.2,
    "avg_cpu_time": 45.9,
    "avg_io_time": 0.2,
    "p90_io": 0.0,
    "number_of_pauses": 87,
    "total_pause_time": 690733684,
    "avg_pause_time": 7939467.63,
    "pauses_per_category": {
        "ICBufferFull": 51,
        "Cleanup": 2,
        "CollectForMetadataAllocation": 11,
        "GenCollectForAllocation": 22,
        "GenCollectFull": 1
    },
    "total_pause_time_per_category": {
        "ICBufferFull": 5116011,
        "Cleanup": 728964,
        "CollectForMetadataAllocation": 166120197,
        "GenCollectForAllocation": 334120323,
        "GenCollectFull": 184648189
    },
    "avg_pause_time_per_category": {
        "ICBufferFull": 100313.94,
        "Cleanup": 364482.0,
        "CollectForMetadataAllocation": 15101836.09,
        "GenCollectForAllocation": 15187287.41,
        "GenCollectFull": 184648189.0
    },
    "p90_pause_time": 16712461.6,
    "throughput": 20510428821
}