{
    "garbage_collector": "Z",
    "jdk": "GraalVM_21.0.4",
    "benchmark_group": "Renaissance",
    "benchmark_name": "akka-uct",
    "heap_size": "8192",
    "error": null,
    "avg_cpu_usage": 78.6,
    "avg_cpu_time": 75.7,
    "avg_io_time": 0.0,
    "p90_io": 0.0,
    "number_of_pauses": 277,
    "total_pause_time": 249144095,
    "avg_pause_time": 899437.17,
    "pauses_per_category": {
        "ICBufferFull": 15,
        "XMarkStart": 81,
        "XMarkEnd": 95,
        "CleanClassLoaderDataMetaspaces": 3,
        "XRelocateStart": 81,
        "Cleanup": 2
    },
    "total_pause_time_per_category": {
        "ICBufferFull": 15634789,
        "XMarkStart": 78665801,
        "XMarkEnd": 86131444,
        "CleanClassLoaderDataMetaspaces": 1409854,
        "XRelocateStart": 67108239,
        "Cleanup": 193968
    },
    "avg_pause_time_per_category": {
        "ICBufferFull": 1042319.27,
        "XMarkStart": 971182.73,
        "XMarkEnd": 906646.78,
        "CleanClassLoaderDataMetaspaces": 469951.33,
        "XRelocateStart": 828496.78,
        "Cleanup": 96984.0
    },
    "p90_pause_time": 3343779.2,
    "throughput": 97030607616
}