{
    "garbage_collector": "Z",
    "jdk": "GraalVM_21.0.4",
    "benchmark_group": "Renaissance",
    "benchmark_name": "gauss-mix",
    "heap_size": "1024",
    "error": null,
    "avg_cpu_usage": 31.4,
    "avg_cpu_time": 32.4,
    "avg_io_time": 0.0,
    "p90_io": 0.0,
    "number_of_pauses": 97,
    "total_pause_time": 78080137,
    "avg_pause_time": 804949.87,
    "pauses_per_category": {
        "ICBufferFull": 9,
        "Cleanup": 1,
        "XMarkStart": 28,
        "XMarkEnd": 25,
        "CleanClassLoaderDataMetaspaces": 5,
        "XRelocateStart": 29
    },
    "total_pause_time_per_category": {
        "ICBufferFull": 665240,
        "Cleanup": 23734,
        "XMarkStart": 11242615,
        "XMarkEnd": 7302881,
        "CleanClassLoaderDataMetaspaces": 16633912,
        "XRelocateStart": 42211755
    },
    "avg_pause_time_per_category": {
        "ICBufferFull": 73915.56,
        "Cleanup": 23734.0,
        "XMarkStart": 401521.96,
        "XMarkEnd": 292115.24,
        "CleanClassLoaderDataMetaspaces": 3326782.4,
        "XRelocateStart": 1455577.76
    },
    "p90_pause_time": 200361.8,
    "throughput": 13699685012
}