{
    "garbage_collector": "Z",
    "jdk": "GraalVM_21.0.4",
    "benchmark_group": "Renaissance",
    "benchmark_name": "par-mnemonics",
    "heap_size": "256",
    "error": null,
    "avg_cpu_usage": 21.1,
    "avg_cpu_time": 22.3,
    "avg_io_time": 0.1,
    "p90_io": 0.0,
    "number_of_pauses": 755,
    "total_pause_time": 54846817,
    "avg_pause_time": 72644.79,
    "pauses_per_category": {
        "ICBufferFull": 1,
        "XMarkStart": 250,
        "XMarkEnd": 250,
        "CleanClassLoaderDataMetaspaces": 4,
        "XRelocateStart": 250
    },
    "total_pause_time_per_category": {
        "ICBufferFull": 72529,
        "XMarkStart": 15970601,
        "XMarkEnd": 14187989,
        "CleanClassLoaderDataMetaspaces": 783333,
        "XRelocateStart": 23832365
    },
    "avg_pause_time_per_category": {
        "ICBufferFull": 72529.0,
        "XMarkStart": 63882.4,
        "XMarkEnd": 56751.96,
        "CleanClassLoaderDataMetaspaces": 195833.25,
        "XRelocateStart": 95329.46
    },
    "p90_pause_time": 104328.6,
    "throughput": 19159221645
}