{
    "garbage_collector": "G1",
    "jdk": "GraalVM_21.0.4",
    "benchmark_group": "Renaissance",
    "benchmark_name": "movie-lens",
    "heap_size": "4096",
    "error": null,
    "avg_cpu_usage": 58.0,
    "avg_cpu_time": 54.1,
    "avg_io_time": 0.1,
    "p90_io": 0.0,
    "number_of_pauses": 334,
    "total_pause_time": 1067854741,
    "avg_pause_time": 3197169.88,
    "pauses_per_category": {
        "ICBufferFull": 46,
        "Cleanup": 11,
        "CollectForMetadataAllocation": 7,
        "G1PauseRemark": 29,
        "G1PauseCleanup": 29,
        "G1CollectForAllocation": 158,
        "G1TryInitiateConcMark": 54
    },
    "total_pause_time_per_category": {
        "ICBufferFull": 6028517,
        "Cleanup": 954592,
        "CollectForMetadataAllocation": 39569285,
        "G1PauseRemark": 124444964,
        "G1PauseCleanup": 28070248,
        "G1CollectForAllocation": 799728996,
        "G1TryInitiateConcMark": 69058139
    },
    "avg_pause_time_per_category": {
        "ICBufferFull": 131054.72,
        "Cleanup": 86781.09,
        "CollectForMetadataAllocation": 5652755.0,
        "G1PauseRemark": 4291205.66,
        "G1PauseCleanup": 967939.59,
        "G1CollectForAllocation": 5061575.92,
        "G1TryInitiateConcMark": 1278854.43
    },
    "p90_pause_time": 7535051.3,
    "throughput": 98515945866
}