{
    "garbage_collector": "Serial",
    "jdk": "GraalVM_21.0.4",
    "benchmark_group": "Renaissance",
    "benchmark_name": "neo4j-analytics",
    "heap_size": "256",
    "error": "Error code not found: 1\nException in thread \"neo4j.Scheduler-1\" \nException: java.lang.OutOfMemoryError thrown from the UncaughtExceptionHandler in thread \"neo4j.Scheduler-1\"\nBenchmark 'neo4j-analytics' failed with exception:\njava.lang.OutOfMemoryError: Java heap space: failed reallocation of scalar replaced objects\n",
    "avg_cpu_usage": 14.4,
    "avg_cpu_time": 15.4,
    "avg_io_time": 0.3,
    "p90_io": 0.0,
    "number_of_pauses": 0,
    "total_pause_time": 0,
    "avg_pause_time": 0,
    "pauses_per_category": {},
    "total_pause_time_per_category": {},
    "avg_pause_time_per_category": {},
    "p90_pause_time": 0,
    "throughput": 0
}