{
    "garbage_collector": "G1",
    "jdk": "GraalVM_21.0.4",
    "benchmark_group": "Renaissance",
    "benchmark_name": "finagle-chirper",
    "heap_size": "1024",
    "error": null,
    "avg_cpu_usage": 81.1,
    "avg_cpu_time": 74.7,
    "avg_io_time": 0.0,
    "p90_io": 0.0,
    "number_of_pauses": 147,
    "total_pause_time": 366599882,
    "avg_pause_time": 2493876.75,
    "pauses_per_category": {
        "ICBufferFull": 74,
        "G1CollectForAllocation": 56,
        "CollectForMetadataAllocation": 3,
        "G1PauseRemark": 3,
        "G1PauseCleanup": 3,
        "Cleanup": 7,
        "G1TryInitiateConcMark": 1
    },
    "total_pause_time_per_category": {
        "ICBufferFull": 15545854,
        "G1CollectForAllocation": 325702600,
        "CollectForMetadataAllocation": 7891366,
        "G1PauseRemark": 9930023,
        "G1PauseCleanup": 1367785,
        "Cleanup": 767497,
        "G1TryInitiateConcMark": 5394757
    },
    "avg_pause_time_per_category": {
        "ICBufferFull": 210079.11,
        "G1CollectForAllocation": 5816117.86,
        "CollectForMetadataAllocation": 2630455.33,
        "G1PauseRemark": 3310007.67,
        "G1PauseCleanup": 455928.33,
        "Cleanup": 109642.43,
        "G1TryInitiateConcMark": 5394757.0
    },
    "p90_pause_time": 6116307.2,
    "throughput": 47308019404
}