{
    "garbage_collector": "G1",
    "jdk": "GraalVM_21.0.4",
    "benchmark_group": "Renaissance",
    "benchmark_name": "reactors",
    "heap_size": "1024",
    "error": null,
    "avg_cpu_usage": 45.4,
    "avg_cpu_time": 44.1,
    "avg_io_time": 0.0,
    "p90_io": 0.0,
    "number_of_pauses": 266,
    "total_pause_time": 5740582634,
    "avg_pause_time": 21581137.72,
    "pauses_per_category": {
        "ICBufferFull": 8,
        "G1CollectForAllocation": 159,
        "Cleanup": 13,
        "G1PauseRemark": 40,
        "G1PauseCleanup": 40,
        "G1TryInitiateConcMark": 6
    },
    "total_pause_time_per_category": {
        "ICBufferFull": 741288,
        "G1CollectForAllocation": 5211947292,
        "Cleanup": 1793987,
        "G1PauseRemark": 66220321,
        "G1PauseCleanup": 15823630,
        "G1TryInitiateConcMark": 444056116
    },
    "avg_pause_time_per_category": {
        "ICBufferFull": 92661.0,
        "G1CollectForAllocation": 32779542.72,
        "Cleanup": 137999.0,
        "G1PauseRemark": 1655508.02,
        "G1PauseCleanup": 395590.75,
        "G1TryInitiateConcMark": 74009352.67
    },
    "p90_pause_time": 60703696.0,
    "throughput": 74649651103
}