{
    "garbage_collector": "Serial",
    "jdk": "GraalVM_21.0.4",
    "benchmark_group": "Renaissance",
    "benchmark_name": "akka-uct",
    "heap_size": "2048",
    "error": null,
    "avg_cpu_usage": 45.3,
    "avg_cpu_time": 44.5,
    "avg_io_time": 0.0,
    "p90_io": 0.0,
    "number_of_pauses": 341,
    "total_pause_time": 66728532811,
    "avg_pause_time": 195684846.95,
    "pauses_per_category": {
        "ICBufferFull": 12,
        "CollectForMetadataAllocation": 1,
        "GenCollectForAllocation": 328
    },
    "total_pause_time_per_category": {
        "ICBufferFull": 1119984,
        "CollectForMetadataAllocation": 24582806,
        "GenCollectForAllocation": 66702830021
    },
    "avg_pause_time_per_category": {
        "ICBufferFull": 93332.0,
        "CollectForMetadataAllocation": 24582806.0,
        "GenCollectForAllocation": 203362286.65
    },
    "p90_pause_time": 225040498.0,
    "throughput": 125008775201
}