{
    "garbage_collector": "Parallel",
    "jdk": "GraalVM_21.0.4",
    "benchmark_group": "Renaissance",
    "benchmark_name": "gauss-mix",
    "heap_size": "4096",
    "error": null,
    "avg_cpu_usage": 31.3,
    "avg_cpu_time": 31.5,
    "avg_io_time": 0.0,
    "p90_io": 0.0,
    "number_of_pauses": 32,
    "total_pause_time": 118039313,
    "avg_pause_time": 3688728.53,
    "pauses_per_category": {
        "ICBufferFull": 17,
        "Cleanup": 2,
        "CollectForMetadataAllocation": 4,
        "ParallelGCFailedAllocation": 8,
        "ParallelGCSystemGC": 1
    },
    "total_pause_time_per_category": {
        "ICBufferFull": 1285901,
        "Cleanup": 232070,
        "CollectForMetadataAllocation": 81936947,
        "ParallelGCFailedAllocation": 26688575,
        "ParallelGCSystemGC": 7895820
    },
    "avg_pause_time_per_category": {
        "ICBufferFull": 75641.24,
        "Cleanup": 116035.0,
        "CollectForMetadataAllocation": 20484236.75,
        "ParallelGCFailedAllocation": 3336071.88,
        "ParallelGCSystemGC": 7895820.0
    },
    "p90_pause_time": 7725420.1,
    "throughput": 12477689115
}