{
    "garbage_collector": "Z",
    "jdk": "GraalVM_21.0.4",
    "benchmark_group": "Renaissance",
    "benchmark_name": "fj-kmeans",
    "heap_size": "256",
    "error": null,
    "avg_cpu_usage": 48.7,
    "avg_cpu_time": 49.6,
    "avg_io_time": 0.0,
    "p90_io": 0.0,
    "number_of_pauses": 4877,
    "total_pause_time": 487928495,
    "avg_pause_time": 100046.85,
    "pauses_per_category": {
        "ICBufferFull": 1,
        "XMarkStart": 1624,
        "XMarkEnd": 1624,
        "CleanClassLoaderDataMetaspaces": 4,
        "XRelocateStart": 1624
    },
    "total_pause_time_per_category": {
        "ICBufferFull": 60384,
        "XMarkStart": 190608914,
        "XMarkEnd": 55888313,
        "CleanClassLoaderDataMetaspaces": 1212259,
        "XRelocateStart": 240158625
    },
    "avg_pause_time_per_category": {
        "ICBufferFull": 60384.0,
        "XMarkStart": 117370.02,
        "XMarkEnd": 34413.99,
        "CleanClassLoaderDataMetaspaces": 303064.75,
        "XRelocateStart": 147880.93
    },
    "p90_pause_time": 166249.4,
    "throughput": 175201547583
}