{
    "garbage_collector": "Serial",
    "jdk": "GraalVM_21.0.4",
    "benchmark_group": "Renaissance",
    "benchmark_name": "scala-doku",
    "heap_size": "1024",
    "error": null,
    "avg_cpu_usage": 15.7,
    "avg_cpu_time": 18.0,
    "avg_io_time": 0.0,
    "p90_io": 0.0,
    "number_of_pauses": 16,
    "total_pause_time": 86310185,
    "avg_pause_time": 5394386.56,
    "pauses_per_category": {
        "ICBufferFull": 3,
        "GenCollectForAllocation": 5,
        "Cleanup": 8
    },
    "total_pause_time_per_category": {
        "ICBufferFull": 322156,
        "GenCollectForAllocation": 85211760,
        "Cleanup": 776269
    },
    "avg_pause_time_per_category": {
        "ICBufferFull": 107385.33,
        "GenCollectForAllocation": 17042352.0,
        "Cleanup": 97033.62
    },
    "p90_pause_time": 20432844.0,
    "throughput": 14586382171
}