{
    "garbage_collector": "G1",
    "jdk": "GraalVM_21.0.4",
    "benchmark_group": "Renaissance",
    "benchmark_name": "scala-doku",
    "heap_size": "4096",
    "error": null,
    "avg_cpu_usage": 16.3,
    "avg_cpu_time": 16.6,
    "avg_io_time": 0.0,
    "p90_io": 0.0,
    "number_of_pauses": 16,
    "total_pause_time": 46460571,
    "avg_pause_time": 2903785.69,
    "pauses_per_category": {
        "ICBufferFull": 2,
        "Cleanup": 10,
        "G1CollectForAllocation": 4
    },
    "total_pause_time_per_category": {
        "ICBufferFull": 183807,
        "Cleanup": 1001225,
        "G1CollectForAllocation": 45275539
    },
    "avg_pause_time_per_category": {
        "ICBufferFull": 91903.5,
        "Cleanup": 100122.5,
        "G1CollectForAllocation": 11318884.75
    },
    "p90_pause_time": 11406570.0,
    "throughput": 16105629393
}