{
    "garbage_collector": "G1",
    "jdk": "GraalVM_21.0.4",
    "benchmark_group": "Renaissance",
    "benchmark_name": "reactors",
    "heap_size": "2048",
    "error": null,
    "avg_cpu_usage": 42.1,
    "avg_cpu_time": 44.5,
    "avg_io_time": 0.0,
    "p90_io": 0.0,
    "number_of_pauses": 133,
    "total_pause_time": 5214173750,
    "avg_pause_time": 39204313.91,
    "pauses_per_category": {
        "ICBufferFull": 5,
        "Cleanup": 18,
        "G1CollectForAllocation": 77,
        "G1TryInitiateConcMark": 5,
        "G1PauseRemark": 14,
        "G1PauseCleanup": 14
    },
    "total_pause_time_per_category": {
        "ICBufferFull": 456123,
        "Cleanup": 1985448,
        "G1CollectForAllocation": 4792077500,
        "G1TryInitiateConcMark": 388930438,
        "G1PauseRemark": 23724400,
        "G1PauseCleanup": 6999841
    },
    "avg_pause_time_per_category": {
        "ICBufferFull": 91224.6,
        "Cleanup": 110302.67,
        "G1CollectForAllocation": 62234772.73,
        "G1TryInitiateConcMark": 77786087.6,
        "G1PauseRemark": 1694600.0,
        "G1PauseCleanup": 499988.64
    },
    "p90_pause_time": 127587214.6,
    "throughput": 73786899488
}