{
    "garbage_collector": "Z",
    "jdk": "GraalVM_21.0.4",
    "benchmark_group": "Renaissance",
    "benchmark_name": "chi-square",
    "heap_size": "2048",
    "error": null,
    "avg_cpu_usage": 34.6,
    "avg_cpu_time": 34.0,
    "avg_io_time": 0.0,
    "p90_io": 0.0,
    "number_of_pauses": 112,
    "total_pause_time": 11973301,
    "avg_pause_time": 106904.47,
    "pauses_per_category": {
        "ICBufferFull": 6,
        "Cleanup": 1,
        "XMarkStart": 33,
        "XMarkEnd": 32,
        "CleanClassLoaderDataMetaspaces": 6,
        "XRelocateStart": 34
    },
    "total_pause_time_per_category": {
        "ICBufferFull": 506106,
        "Cleanup": 87385,
        "XMarkStart": 3987420,
        "XMarkEnd": 2561558,
        "CleanClassLoaderDataMetaspaces": 2010330,
        "XRelocateStart": 2820502
    },
    "avg_pause_time_per_category": {
        "ICBufferFull": 84351.0,
        "Cleanup": 87385.0,
        "XMarkStart": 120830.91,
        "XMarkEnd": 80048.69,
        "CleanClassLoaderDataMetaspaces": 335055.0,
        "XRelocateStart": 82955.94
    },
    "p90_pause_time": 169935.6,
    "throughput": 14310363768
}