{
    "garbage_collector": "G1",
    "jdk": "GraalVM_21.0.4",
    "benchmark_group": "Renaissance",
    "benchmark_name": "scala-doku",
    "heap_size": "256",
    "error": null,
    "avg_cpu_usage": 16.9,
    "avg_cpu_time": 18.2,
    "avg_io_time": 0.0,
    "p90_io": 0.0,
    "number_of_pauses": 25,
    "total_pause_time": 150092612,
    "avg_pause_time": 6003704.48,
    "pauses_per_category": {
        "ICBufferFull": 2,
        "G1CollectForAllocation": 18,
        "Cleanup": 5
    },
    "total_pause_time_per_category": {
        "ICBufferFull": 177110,
        "G1CollectForAllocation": 149441480,
        "Cleanup": 474022
    },
    "avg_pause_time_per_category": {
        "ICBufferFull": 88555.0,
        "G1CollectForAllocation": 8302304.44,
        "Cleanup": 94804.4
    },
    "p90_pause_time": 12714699.8,
    "throughput": 13069751673
}