{
    "garbage_collector": "Z",
    "jdk": "GraalVM_21.0.4",
    "benchmark_group": "Renaissance",
    "benchmark_name": "neo4j-analytics",
    "heap_size": "4096",
    "error": null,
    "avg_cpu_usage": 33.5,
    "avg_cpu_time": 33.4,
    "avg_io_time": 0.5,
    "p90_io": 1.14,
    "number_of_pauses": 157,
    "total_pause_time": 21367904,
    "avg_pause_time": 136101.3,
    "pauses_per_category": {
        "ICBufferFull": 49,
        "XMarkStart": 29,
        "XMarkEnd": 27,
        "CleanClassLoaderDataMetaspaces": 7,
        "XRelocateStart": 28,
        "Cleanup": 17
    },
    "total_pause_time_per_category": {
        "ICBufferFull": 7974363,
        "XMarkStart": 2729975,
        "XMarkEnd": 2670826,
        "CleanClassLoaderDataMetaspaces": 3159052,
        "XRelocateStart": 3012809,
        "Cleanup": 1820879
    },
    "avg_pause_time_per_category": {
        "ICBufferFull": 162742.1,
        "XMarkStart": 94137.07,
        "XMarkEnd": 98919.48,
        "CleanClassLoaderDataMetaspaces": 451293.14,
        "XRelocateStart": 107600.32,
        "Cleanup": 107110.53
    },
    "p90_pause_time": 175805.0,
    "throughput": 43265367189
}