{
    "garbage_collector": "Z",
    "jdk": "GraalVM_21.0.4",
    "benchmark_group": "Renaissance",
    "benchmark_name": "reactors",
    "heap_size": "8192",
    "error": null,
    "avg_cpu_usage": 38.5,
    "avg_cpu_time": 37.6,
    "avg_io_time": 0.0,
    "p90_io": 0.0,
    "number_of_pauses": 152,
    "total_pause_time": 24274879,
    "avg_pause_time": 159703.15,
    "pauses_per_category": {
        "ICBufferFull": 1,
        "XMarkStart": 43,
        "XMarkEnd": 43,
        "CleanClassLoaderDataMetaspaces": 2,
        "XRelocateStart": 43,
        "Cleanup": 20
    },
    "total_pause_time_per_category": {
        "ICBufferFull": 72475,
        "XMarkStart": 11831294,
        "XMarkEnd": 4205825,
        "CleanClassLoaderDataMetaspaces": 1026033,
        "XRelocateStart": 5207958,
        "Cleanup": 1931294
    },
    "avg_pause_time_per_category": {
        "ICBufferFull": 72475.0,
        "XMarkStart": 275146.37,
        "XMarkEnd": 97809.88,
        "CleanClassLoaderDataMetaspaces": 513016.5,
        "XRelocateStart": 121115.3,
        "Cleanup": 96564.7
    },
    "p90_pause_time": 120931.8,
    "throughput": 74272175295
}