{
    "garbage_collector": "Z",
    "jdk": "GraalVM_21.0.4",
    "benchmark_group": "Renaissance",
    "benchmark_name": "philosophers",
    "heap_size": "2048",
    "error": null,
    "avg_cpu_usage": 85.1,
    "avg_cpu_time": 81.0,
    "avg_io_time": 0.0,
    "p90_io": 0.0,
    "number_of_pauses": 64,
    "total_pause_time": 8111951,
    "avg_pause_time": 126749.23,
    "pauses_per_category": {
        "ICBufferFull": 2,
        "XMarkStart": 20,
        "XMarkEnd": 20,
        "CleanClassLoaderDataMetaspaces": 2,
        "XRelocateStart": 20
    },
    "total_pause_time_per_category": {
        "ICBufferFull": 191597,
        "XMarkStart": 2522857,
        "XMarkEnd": 1970551,
        "CleanClassLoaderDataMetaspaces": 1462896,
        "XRelocateStart": 1964050
    },
    "avg_pause_time_per_category": {
        "ICBufferFull": 95798.5,
        "XMarkStart": 126142.85,
        "XMarkEnd": 98527.55,
        "CleanClassLoaderDataMetaspaces": 731448.0,
        "XRelocateStart": 98202.5
    },
    "p90_pause_time": 127681.4,
    "throughput": 14733451310
}