{
    "garbage_collector": "Parallel",
    "jdk": "GraalVM_21.0.4",
    "benchmark_group": "Renaissance",
    "benchmark_name": "akka-uct",
    "heap_size": "1024",
    "error": null,
    "avg_cpu_usage": 85.9,
    "avg_cpu_time": 83.3,
    "avg_io_time": 0.0,
    "p90_io": 0.0,
    "number_of_pauses": 728,
    "total_pause_time": 25040254396,
    "avg_pause_time": 34395953.84,
    "pauses_per_category": {
        "ICBufferFull": 11,
        "CollectForMetadataAllocation": 1,
        "ParallelGCFailedAllocation": 716
    },
    "total_pause_time_per_category": {
        "ICBufferFull": 1252053,
        "CollectForMetadataAllocation": 25740740,
        "ParallelGCFailedAllocation": 25013261603
    },
    "avg_pause_time_per_category": {
        "ICBufferFull": 113823.0,
        "CollectForMetadataAllocation": 25740740.0,
        "ParallelGCFailedAllocation": 34934722.91
    },
    "p90_pause_time": 33757766.5,
    "throughput": 78146506068
}