{
    "garbage_collector": "Z",
    "jdk": "GraalVM_21.0.4",
    "benchmark_group": "Renaissance",
    "benchmark_name": "rx-scrabble",
    "heap_size": "256",
    "error": null,
    "avg_cpu_usage": 37.2,
    "avg_cpu_time": 40.8,
    "avg_io_time": 0.0,
    "p90_io": 0.0,
    "number_of_pauses": 76,
    "total_pause_time": 7865185,
    "avg_pause_time": 103489.28,
    "pauses_per_category": {
        "ICBufferFull": 1,
        "XMarkStart": 24,
        "XMarkEnd": 23,
        "CleanClassLoaderDataMetaspaces": 5,
        "XRelocateStart": 23
    },
    "total_pause_time_per_category": {
        "ICBufferFull": 58371,
        "XMarkStart": 2424618,
        "XMarkEnd": 1964753,
        "CleanClassLoaderDataMetaspaces": 1018030,
        "XRelocateStart": 2399413
    },
    "avg_pause_time_per_category": {
        "ICBufferFull": 58371.0,
        "XMarkStart": 101025.75,
        "XMarkEnd": 85424.04,
        "CleanClassLoaderDataMetaspaces": 203606.0,
        "XRelocateStart": 104322.3
    },
    "p90_pause_time": 116693.0,
    "throughput": 3049162704
}