{
    "garbage_collector": "Parallel",
    "jdk": "GraalVM_21.0.4",
    "benchmark_group": "Renaissance",
    "benchmark_name": "future-genetic",
    "heap_size": "2048",
    "error": null,
    "avg_cpu_usage": 36.5,
    "avg_cpu_time": 35.3,
    "avg_io_time": 0.0,
    "p90_io": 0.0,
    "number_of_pauses": 28,
    "total_pause_time": 42337999,
    "avg_pause_time": 1512071.39,
    "pauses_per_category": {
        "ICBufferFull": 4,
        "ParallelGCFailedAllocation": 24
    },
    "total_pause_time_per_category": {
        "ICBufferFull": 461242,
        "ParallelGCFailedAllocation": 41876757
    },
    "avg_pause_time_per_category": {
        "ICBufferFull": 115310.5,
        "ParallelGCFailedAllocation": 1744864.88
    },
    "p90_pause_time": 3792453.1,
    "throughput": 16443698633
}