{
    "garbage_collector": "G1",
    "jdk": "GraalVM_21.0.4",
    "benchmark_group": "Renaissance",
    "benchmark_name": "philosophers",
    "heap_size": "8192",
    "error": null,
    "avg_cpu_usage": 82.3,
    "avg_cpu_time": 84.4,
    "avg_io_time": 0.0,
    "p90_io": 0.0,
    "number_of_pauses": 16,
    "total_pause_time": 34511126,
    "avg_pause_time": 2156945.38,
    "pauses_per_category": {
        "ICBufferFull": 2,
        "G1CollectForAllocation": 8,
        "Cleanup": 6
    },
    "total_pause_time_per_category": {
        "ICBufferFull": 131512,
        "G1CollectForAllocation": 33835896,
        "Cleanup": 543718
    },
    "avg_pause_time_per_category": {
        "ICBufferFull": 65756.0,
        "G1CollectForAllocation": 4229487.0,
        "Cleanup": 90619.67
    },
    "p90_pause_time": 4833193.5,
    "throughput": 14448569115
}