{
    "garbage_collector": "Parallel",
    "jdk": "GraalVM_21.0.4",
    "benchmark_group": "Renaissance",
    "benchmark_name": "scala-doku",
    "heap_size": "512",
    "error": null,
    "avg_cpu_usage": 17.3,
    "avg_cpu_time": 17.0,
    "avg_io_time": 0.0,
    "p90_io": 0.0,
    "number_of_pauses": 19,
    "total_pause_time": 113053229,
    "avg_pause_time": 5950169.95,
    "pauses_per_category": {
        "ICBufferFull": 2,
        "ParallelGCFailedAllocation": 13,
        "Cleanup": 4
    },
    "total_pause_time_per_category": {
        "ICBufferFull": 184763,
        "ParallelGCFailedAllocation": 112485184,
        "Cleanup": 383282
    },
    "avg_pause_time_per_category": {
        "ICBufferFull": 92381.5,
        "ParallelGCFailedAllocation": 8652706.46,
        "Cleanup": 95820.5
    },
    "p90_pause_time": 11371978.8,
    "throughput": 12467713141
}