{
    "garbage_collector": "G1",
    "jdk": "GraalVM_21.0.4",
    "benchmark_group": "Renaissance",
    "benchmark_name": "reactors",
    "heap_size": "512",
    "error": null,
    "avg_cpu_usage": 48.5,
    "avg_cpu_time": 49.3,
    "avg_io_time": 0.0,
    "p90_io": 0.0,
    "number_of_pauses": 805,
    "total_pause_time": 9621297152,
    "avg_pause_time": 11951921.93,
    "pauses_per_category": {
        "ICBufferFull": 4,
        "G1CollectForAllocation": 627,
        "G1PauseRemark": 77,
        "G1PauseCleanup": 75,
        "Cleanup": 14,
        "G1TryInitiateConcMark": 8
    },
    "total_pause_time_per_category": {
        "ICBufferFull": 361253,
        "G1CollectForAllocation": 9436782110,
        "G1PauseRemark": 93040390,
        "G1PauseCleanup": 27817772,
        "Cleanup": 1198701,
        "G1TryInitiateConcMark": 62096926
    },
    "avg_pause_time_per_category": {
        "ICBufferFull": 90313.25,
        "G1CollectForAllocation": 15050689.17,
        "G1PauseRemark": 1208316.75,
        "G1PauseCleanup": 370903.63,
        "Cleanup": 85621.5,
        "G1TryInitiateConcMark": 7762115.75
    },
    "p90_pause_time": 27378082.6,
    "throughput": 79896023162
}