{
    "garbage_collector": "Parallel",
    "jdk": "GraalVM_21.0.4",
    "benchmark_group": "Renaissance",
    "benchmark_name": "dec-tree",
    "heap_size": "1024",
    "error": null,
    "avg_cpu_usage": 36.5,
    "avg_cpu_time": 37.3,
    "avg_io_time": 0.0,
    "p90_io": 0.0,
    "number_of_pauses": 90,
    "total_pause_time": 344491994,
    "avg_pause_time": 3827688.82,
    "pauses_per_category": {
        "ICBufferFull": 41,
        "Cleanup": 1,
        "CollectForMetadataAllocation": 4,
        "ParallelGCFailedAllocation": 43,
        "ParallelGCSystemGC": 1
    },
    "total_pause_time_per_category": {
        "ICBufferFull": 3947518,
        "Cleanup": 93126,
        "CollectForMetadataAllocation": 127370237,
        "ParallelGCFailedAllocation": 132666124,
        "ParallelGCSystemGC": 80414989
    },
    "avg_pause_time_per_category": {
        "ICBufferFull": 96280.93,
        "Cleanup": 93126.0,
        "CollectForMetadataAllocation": 31842559.25,
        "ParallelGCFailedAllocation": 3085258.7,
        "ParallelGCSystemGC": 80414989.0
    },
    "p90_pause_time": 6445623.6,
    "throughput": 16744238874
}