{
    "garbage_collector": "G1",
    "jdk": "GraalVM_21.0.4",
    "benchmark_group": "Renaissance",
    "benchmark_name": "finagle-chirper",
    "heap_size": "4096",
    "error": null,
    "avg_cpu_usage": 80.3,
    "avg_cpu_time": 74.8,
    "avg_io_time": 0.0,
    "p90_io": 0.0,
    "number_of_pauses": 130,
    "total_pause_time": 185831191,
    "avg_pause_time": 1429470.7,
    "pauses_per_category": {
        "ICBufferFull": 77,
        "CollectForMetadataAllocation": 4,
        "G1PauseRemark": 3,
        "G1PauseCleanup": 3,
        "G1CollectForAllocation": 15,
        "Cleanup": 27,
        "G1TryInitiateConcMark": 1
    },
    "total_pause_time_per_category": {
        "ICBufferFull": 18306992,
        "CollectForMetadataAllocation": 17723920,
        "G1PauseRemark": 10917964,
        "G1PauseCleanup": 1769593,
        "G1CollectForAllocation": 128835868,
        "Cleanup": 3565132,
        "G1TryInitiateConcMark": 4711722
    },
    "avg_pause_time_per_category": {
        "ICBufferFull": 237753.14,
        "CollectForMetadataAllocation": 4430980.0,
        "G1PauseRemark": 3639321.33,
        "G1PauseCleanup": 589864.33,
        "G1CollectForAllocation": 8589057.87,
        "Cleanup": 132041.93,
        "G1TryInitiateConcMark": 4711722.0
    },
    "p90_pause_time": 6430839.9,
    "throughput": 47616182220
}