{
    "garbage_collector": "G1",
    "jdk": "GraalVM_21.0.4",
    "benchmark_group": "Renaissance",
    "benchmark_name": "fj-kmeans",
    "heap_size": "2048",
    "error": null,
    "avg_cpu_usage": 82.2,
    "avg_cpu_time": 84.3,
    "avg_io_time": 0.0,
    "p90_io": 0.0,
    "number_of_pauses": 93,
    "total_pause_time": 643319803,
    "avg_pause_time": 6917417.24,
    "pauses_per_category": {
        "ICBufferFull": 1,
        "G1CollectForAllocation": 84,
        "G1TryInitiateConcMark": 4,
        "G1PauseRemark": 2,
        "G1PauseCleanup": 2
    },
    "total_pause_time_per_category": {
        "ICBufferFull": 84355,
        "G1CollectForAllocation": 626748063,
        "G1TryInitiateConcMark": 10214475,
        "G1PauseRemark": 5647301,
        "G1PauseCleanup": 625609
    },
    "avg_pause_time_per_category": {
        "ICBufferFull": 84355.0,
        "G1CollectForAllocation": 7461286.46,
        "G1TryInitiateConcMark": 2553618.75,
        "G1PauseRemark": 2823650.5,
        "G1PauseCleanup": 312804.5
    },
    "p90_pause_time": 8109777.0,
    "throughput": 28793472319
}