{
    "garbage_collector": "Z",
    "jdk": "GraalVM_21.0.4",
    "benchmark_group": "Renaissance",
    "benchmark_name": "finagle-http",
    "heap_size": "1024",
    "error": null,
    "avg_cpu_usage": 82.7,
    "avg_cpu_time": 70.2,
    "avg_io_time": 0.0,
    "p90_io": 0.0,
    "number_of_pauses": 295,
    "total_pause_time": 44589499,
    "avg_pause_time": 151150.84,
    "pauses_per_category": {
        "ICBufferFull": 70,
        "XMarkStart": 71,
        "XMarkEnd": 71,
        "CleanClassLoaderDataMetaspaces": 4,
        "XRelocateStart": 72,
        "Cleanup": 7
    },
    "total_pause_time_per_category": {
        "ICBufferFull": 8693430,
        "XMarkStart": 11453063,
        "XMarkEnd": 9431128,
        "CleanClassLoaderDataMetaspaces": 1620700,
        "XRelocateStart": 12622261,
        "Cleanup": 768917
    },
    "avg_pause_time_per_category": {
        "ICBufferFull": 124191.86,
        "XMarkStart": 161310.75,
        "XMarkEnd": 132832.79,
        "CleanClassLoaderDataMetaspaces": 405175.0,
        "XRelocateStart": 175309.18,
        "Cleanup": 109845.29
    },
    "p90_pause_time": 280424.4,
    "throughput": 53118614347
}