{
    "garbage_collector": "Z",
    "jdk": "GraalVM_21.0.4",
    "benchmark_group": "Renaissance",
    "benchmark_name": "mnemonics",
    "heap_size": "8192",
    "error": null,
    "avg_cpu_usage": 14.5,
    "avg_cpu_time": 12.8,
    "avg_io_time": 0.0,
    "p90_io": 0.0,
    "number_of_pauses": 34,
    "total_pause_time": 3665653,
    "avg_pause_time": 107813.32,
    "pauses_per_category": {
        "ICBufferFull": 1,
        "XMarkStart": 9,
        "XMarkEnd": 9,
        "CleanClassLoaderDataMetaspaces": 2,
        "XRelocateStart": 9,
        "Cleanup": 4
    },
    "total_pause_time_per_category": {
        "ICBufferFull": 72842,
        "XMarkStart": 987490,
        "XMarkEnd": 928620,
        "CleanClassLoaderDataMetaspaces": 546817,
        "XRelocateStart": 845612,
        "Cleanup": 284272
    },
    "avg_pause_time_per_category": {
        "ICBufferFull": 72842.0,
        "XMarkStart": 109721.11,
        "XMarkEnd": 103180.0,
        "CleanClassLoaderDataMetaspaces": 273408.5,
        "XRelocateStart": 93956.89,
        "Cleanup": 71068.0
    },
    "p90_pause_time": 119367.3,
    "throughput": 21885023472
}