{
    "garbage_collector": "Z",
    "jdk": "GraalVM_21.0.4",
    "benchmark_group": "Renaissance",
    "benchmark_name": "dec-tree",
    "heap_size": "2048",
    "error": null,
    "avg_cpu_usage": 37.0,
    "avg_cpu_time": 38.1,
    "avg_io_time": 0.2,
    "p90_io": 0.0,
    "number_of_pauses": 100,
    "total_pause_time": 14542027,
    "avg_pause_time": 145420.27,
    "pauses_per_category": {
        "ICBufferFull": 43,
        "Cleanup": 1,
        "XMarkStart": 17,
        "XMarkEnd": 16,
        "CleanClassLoaderDataMetaspaces": 7,
        "XRelocateStart": 16
    },
    "total_pause_time_per_category": {
        "ICBufferFull": 3944372,
        "Cleanup": 28189,
        "XMarkStart": 2222982,
        "XMarkEnd": 2055447,
        "CleanClassLoaderDataMetaspaces": 4106485,
        "XRelocateStart": 2184552
    },
    "avg_pause_time_per_category": {
        "ICBufferFull": 91729.58,
        "Cleanup": 28189.0,
        "XMarkStart": 130763.65,
        "XMarkEnd": 128465.44,
        "CleanClassLoaderDataMetaspaces": 586640.71,
        "XRelocateStart": 136534.5
    },
    "p90_pause_time": 186878.9,
    "throughput": 18885482839
}