{
    "garbage_collector": "Z",
    "jdk": "GraalVM_21.0.4",
    "benchmark_group": "Renaissance",
    "benchmark_name": "finagle-http",
    "heap_size": "2048",
    "error": null,
    "avg_cpu_usage": 82.5,
    "avg_cpu_time": 69.5,
    "avg_io_time": 0.0,
    "p90_io": 0.0,
    "number_of_pauses": 215,
    "total_pause_time": 36552472,
    "avg_pause_time": 170011.5,
    "pauses_per_category": {
        "ICBufferFull": 79,
        "XMarkStart": 35,
        "XMarkEnd": 34,
        "CleanClassLoaderDataMetaspaces": 3,
        "XRelocateStart": 34,
        "Cleanup": 30
    },
    "total_pause_time_per_category": {
        "ICBufferFull": 10255630,
        "XMarkStart": 7478874,
        "XMarkEnd": 4816231,
        "CleanClassLoaderDataMetaspaces": 1636200,
        "XRelocateStart": 8017935,
        "Cleanup": 4347602
    },
    "avg_pause_time_per_category": {
        "ICBufferFull": 129818.1,
        "XMarkStart": 213682.11,
        "XMarkEnd": 141653.85,
        "CleanClassLoaderDataMetaspaces": 545400.0,
        "XRelocateStart": 235821.62,
        "Cleanup": 144920.07
    },
    "p90_pause_time": 352155.4,
    "throughput": 52542626157
}