{
    "garbage_collector": "G1",
    "jdk": "GraalVM_21.0.4",
    "benchmark_group": "Renaissance",
    "benchmark_name": "rx-scrabble",
    "heap_size": "512",
    "error": null,
    "avg_cpu_usage": 28.8,
    "avg_cpu_time": 29.9,
    "avg_io_time": 0.0,
    "p90_io": 0.0,
    "number_of_pauses": 14,
    "total_pause_time": 55967802,
    "avg_pause_time": 3997700.14,
    "pauses_per_category": {
        "ICBufferFull": 5,
        "G1CollectForAllocation": 9
    },
    "total_pause_time_per_category": {
        "ICBufferFull": 1199166,
        "G1CollectForAllocation": 54768636
    },
    "avg_pause_time_per_category": {
        "ICBufferFull": 239833.2,
        "G1CollectForAllocation": 6085404.0
    },
    "p90_pause_time": 10344942.6,
    "throughput": 2748615639
}