{
    "garbage_collector": "G1",
    "jdk": "GraalVM_21.0.4",
    "benchmark_group": "Renaissance",
    "benchmark_name": "mnemonics",
    "heap_size": "512",
    "error": null,
    "avg_cpu_usage": 17.7,
    "avg_cpu_time": 20.1,
    "avg_io_time": 0.0,
    "p90_io": 0.0,
    "number_of_pauses": 138,
    "total_pause_time": 870303926,
    "avg_pause_time": 6306550.19,
    "pauses_per_category": {
        "ICBufferFull": 1,
        "G1CollectForAllocation": 110,
        "G1PauseRemark": 12,
        "G1PauseCleanup": 12,
        "G1TryInitiateConcMark": 3
    },
    "total_pause_time_per_category": {
        "ICBufferFull": 136758,
        "G1CollectForAllocation": 827663248,
        "G1PauseRemark": 11243672,
        "G1PauseCleanup": 2205066,
        "G1TryInitiateConcMark": 29055182
    },
    "avg_pause_time_per_category": {
        "ICBufferFull": 136758.0,
        "G1CollectForAllocation": 7524211.35,
        "G1PauseRemark": 936972.67,
        "G1PauseCleanup": 183755.5,
        "G1TryInitiateConcMark": 9685060.67
    },
    "p90_pause_time": 13063762.3,
    "throughput": 17038704083
}