{
    "garbage_collector": "Parallel",
    "jdk": "GraalVM_21.0.4",
    "benchmark_group": "Renaissance",
    "benchmark_name": "naive-bayes",
    "heap_size": "8192",
    "error": null,
    "avg_cpu_usage": 69.9,
    "avg_cpu_time": 69.1,
    "avg_io_time": 0.2,
    "p90_io": 0.0,
    "number_of_pauses": 88,
    "total_pause_time": 718999355,
    "avg_pause_time": 8170447.22,
    "pauses_per_category": {
        "ICBufferFull": 37,
        "Cleanup": 1,
        "CollectForMetadataAllocation": 4,
        "ParallelGCFailedAllocation": 46
    },
    "total_pause_time_per_category": {
        "ICBufferFull": 3729812,
        "Cleanup": 104233,
        "CollectForMetadataAllocation": 130166499,
        "ParallelGCFailedAllocation": 584998811
    },
    "avg_pause_time_per_category": {
        "ICBufferFull": 100805.73,
        "Cleanup": 104233.0,
        "CollectForMetadataAllocation": 32541624.75,
        "ParallelGCFailedAllocation": 12717365.46
    },
    "p90_pause_time": 25271895.2,
    "throughput": 23280029180
}