{
    "garbage_collector": "G1",
    "jdk": "GraalVM_21.0.4",
    "benchmark_group": "Renaissance",
    "benchmark_name": "chi-square",
    "heap_size": "1024",
    "error": null,
    "avg_cpu_usage": 30.7,
    "avg_cpu_time": 32.0,
    "avg_io_time": 0.0,
    "p90_io": 0.0,
    "number_of_pauses": 59,
    "total_pause_time": 428187616,
    "avg_pause_time": 7257417.22,
    "pauses_per_category": {
        "ICBufferFull": 6,
        "Cleanup": 2,
        "G1CollectForAllocation": 39,
        "CollectForMetadataAllocation": 6,
        "G1PauseRemark": 3,
        "G1PauseCleanup": 3
    },
    "total_pause_time_per_category": {
        "ICBufferFull": 517769,
        "Cleanup": 195768,
        "G1CollectForAllocation": 399729135,
        "CollectForMetadataAllocation": 21784574,
        "G1PauseRemark": 5234664,
        "G1PauseCleanup": 725706
    },
    "avg_pause_time_per_category": {
        "ICBufferFull": 86294.83,
        "Cleanup": 97884.0,
        "G1CollectForAllocation": 10249465.0,
        "CollectForMetadataAllocation": 3630762.33,
        "G1PauseRemark": 1744888.0,
        "G1PauseCleanup": 241902.0
    },
    "p90_pause_time": 22859857.4,
    "throughput": 12174569831
}