{
    "garbage_collector": "Z",
    "jdk": "GraalVM_21.0.4",
    "benchmark_group": "Renaissance",
    "benchmark_name": "finagle-http",
    "heap_size": "512",
    "error": null,
    "avg_cpu_usage": 84.5,
    "avg_cpu_time": 71.4,
    "avg_io_time": 0.0,
    "p90_io": 0.0,
    "number_of_pauses": 597,
    "total_pause_time": 92854831,
    "avg_pause_time": 155535.73,
    "pauses_per_category": {
        "ICBufferFull": 62,
        "XMarkStart": 177,
        "XMarkEnd": 177,
        "CleanClassLoaderDataMetaspaces": 4,
        "XRelocateStart": 177
    },
    "total_pause_time_per_category": {
        "ICBufferFull": 6894448,
        "XMarkStart": 27962991,
        "XMarkEnd": 24174212,
        "CleanClassLoaderDataMetaspaces": 1612486,
        "XRelocateStart": 32210694
    },
    "avg_pause_time_per_category": {
        "ICBufferFull": 111200.77,
        "XMarkStart": 157983.0,
        "XMarkEnd": 136577.47,
        "CleanClassLoaderDataMetaspaces": 403121.5,
        "XRelocateStart": 181981.32
    },
    "p90_pause_time": 307098.0,
    "throughput": 53753262503
}