{
    "garbage_collector": "Serial",
    "jdk": "GraalVM_21.0.4",
    "benchmark_group": "Renaissance",
    "benchmark_name": "dec-tree",
    "heap_size": "2048",
    "error": null,
    "avg_cpu_usage": 35.5,
    "avg_cpu_time": 36.2,
    "avg_io_time": 0.0,
    "p90_io": 0.0,
    "number_of_pauses": 73,
    "total_pause_time": 567847882,
    "avg_pause_time": 7778738.11,
    "pauses_per_category": {
        "ICBufferFull": 45,
        "Cleanup": 1,
        "CollectForMetadataAllocation": 4,
        "GenCollectForAllocation": 22,
        "GenCollectFull": 1
    },
    "total_pause_time_per_category": {
        "ICBufferFull": 4241251,
        "Cleanup": 97642,
        "CollectForMetadataAllocation": 149087103,
        "GenCollectForAllocation": 312549738,
        "GenCollectFull": 101872148
    },
    "avg_pause_time_per_category": {
        "ICBufferFull": 94250.02,
        "Cleanup": 97642.0,
        "CollectForMetadataAllocation": 37271775.75,
        "GenCollectForAllocation": 14206806.27,
        "GenCollectFull": 101872148.0
    },
    "p90_pause_time": 21687278.2,
    "throughput": 16747781928
}