{
    "garbage_collector": "Parallel",
    "jdk": "GraalVM_21.0.4",
    "benchmark_group": "Renaissance",
    "benchmark_name": "finagle-http",
    "heap_size": "4096",
    "error": null,
    "avg_cpu_usage": 83.6,
    "avg_cpu_time": 71.1,
    "avg_io_time": 0.0,
    "p90_io": 0.0,
    "number_of_pauses": 147,
    "total_pause_time": 123176870,
    "avg_pause_time": 837937.89,
    "pauses_per_category": {
        "ICBufferFull": 85,
        "CollectForMetadataAllocation": 6,
        "ParallelGCFailedAllocation": 27,
        "Cleanup": 29
    },
    "total_pause_time_per_category": {
        "ICBufferFull": 11316999,
        "CollectForMetadataAllocation": 42627756,
        "ParallelGCFailedAllocation": 65800910,
        "Cleanup": 3431205
    },
    "avg_pause_time_per_category": {
        "ICBufferFull": 133141.16,
        "CollectForMetadataAllocation": 7104626.0,
        "ParallelGCFailedAllocation": 2437070.74,
        "Cleanup": 118317.41
    },
    "p90_pause_time": 1236839.6,
    "throughput": 50463145810
}