{
    "garbage_collector": "Serial",
    "jdk": "GraalVM_21.0.4",
    "benchmark_group": "Renaissance",
    "benchmark_name": "future-genetic",
    "heap_size": "1024",
    "error": null,
    "avg_cpu_usage": 37.1,
    "avg_cpu_time": 35.9,
    "avg_io_time": 0.1,
    "p90_io": 0.0,
    "number_of_pauses": 60,
    "total_pause_time": 200895848,
    "avg_pause_time": 3348264.13,
    "pauses_per_category": {
        "ICBufferFull": 4,
        "GenCollectForAllocation": 56
    },
    "total_pause_time_per_category": {
        "ICBufferFull": 352888,
        "GenCollectForAllocation": 200542960
    },
    "avg_pause_time_per_category": {
        "ICBufferFull": 88222.0,
        "GenCollectForAllocation": 3581124.29
    },
    "p90_pause_time": 7567302.7,
    "throughput": 15530219894
}