{
    "garbage_collector": "Serial",
    "jdk": "GraalVM_21.0.4",
    "benchmark_group": "Renaissance",
    "benchmark_name": "neo4j-analytics",
    "heap_size": "2048",
    "error": null,
    "avg_cpu_usage": 27.0,
    "avg_cpu_time": 27.6,
    "avg_io_time": 0.5,
    "p90_io": 0.99,
    "number_of_pauses": 118,
    "total_pause_time": 8014462642,
    "avg_pause_time": 67919174.93,
    "pauses_per_category": {
        "ICBufferFull": 46,
        "CollectForMetadataAllocation": 3,
        "GenCollectForAllocation": 65,
        "Cleanup": 3,
        "GenCollectFull": 1
    },
    "total_pause_time_per_category": {
        "ICBufferFull": 5718980,
        "CollectForMetadataAllocation": 125864407,
        "GenCollectForAllocation": 7735127458,
        "Cleanup": 272369,
        "GenCollectFull": 147479428
    },
    "avg_pause_time_per_category": {
        "ICBufferFull": 124325.65,
        "CollectForMetadataAllocation": 41954802.33,
        "GenCollectForAllocation": 119001960.89,
        "Cleanup": 90789.67,
        "GenCollectFull": 147479428.0
    },
    "p90_pause_time": 157818898.9,
    "throughput": 43853592610
}