{
    "garbage_collector": "G1",
    "jdk": "GraalVM_21.0.4",
    "benchmark_group": "Renaissance",
    "benchmark_name": "chi-square",
    "heap_size": "512",
    "error": null,
    "avg_cpu_usage": 34.4,
    "avg_cpu_time": 35.2,
    "avg_io_time": 0.0,
    "p90_io": 0.0,
    "number_of_pauses": 163,
    "total_pause_time": 912550072,
    "avg_pause_time": 5598466.7,
    "pauses_per_category": {
        "ICBufferFull": 5,
        "G1CollectForAllocation": 99,
        "CollectForMetadataAllocation": 3,
        "G1PauseRemark": 23,
        "G1PauseCleanup": 23,
        "G1TryInitiateConcMark": 10
    },
    "total_pause_time_per_category": {
        "ICBufferFull": 459610,
        "G1CollectForAllocation": 779903915,
        "CollectForMetadataAllocation": 21071744,
        "G1PauseRemark": 50447542,
        "G1PauseCleanup": 4988491,
        "G1TryInitiateConcMark": 55678770
    },
    "avg_pause_time_per_category": {
        "ICBufferFull": 91922.0,
        "G1CollectForAllocation": 7877817.32,
        "CollectForMetadataAllocation": 7023914.67,
        "G1PauseRemark": 2193371.39,
        "G1PauseCleanup": 216890.91,
        "G1TryInitiateConcMark": 5567877.0
    },
    "p90_pause_time": 13708587.8,
    "throughput": 16145993105
}