{
    "garbage_collector": "Serial",
    "jdk": "GraalVM_21.0.4",
    "benchmark_group": "Renaissance",
    "benchmark_name": "finagle-http",
    "heap_size": "8192",
    "error": null,
    "avg_cpu_usage": 83.4,
    "avg_cpu_time": 69.9,
    "avg_io_time": 0.0,
    "p90_io": 0.0,
    "number_of_pauses": 122,
    "total_pause_time": 260548555,
    "avg_pause_time": 2135643.89,
    "pauses_per_category": {
        "ICBufferFull": 73,
        "CollectForMetadataAllocation": 4,
        "GenCollectForAllocation": 16,
        "Cleanup": 29
    },
    "total_pause_time_per_category": {
        "ICBufferFull": 9745115,
        "CollectForMetadataAllocation": 41453461,
        "GenCollectForAllocation": 205784051,
        "Cleanup": 3565928
    },
    "avg_pause_time_per_category": {
        "ICBufferFull": 133494.73,
        "CollectForMetadataAllocation": 10363365.25,
        "GenCollectForAllocation": 12861503.19,
        "Cleanup": 122963.03
    },
    "p90_pause_time": 11695412.3,
    "throughput": 50413202012
}