{
    "garbage_collector": "Serial",
    "jdk": "GraalVM_21.0.4",
    "benchmark_group": "Renaissance",
    "benchmark_name": "rx-scrabble",
    "heap_size": "8192",
    "error": null,
    "avg_cpu_usage": 28.0,
    "avg_cpu_time": 25.8,
    "avg_io_time": 0.0,
    "p90_io": 0.0,
    "number_of_pauses": 15,
    "total_pause_time": 86963093,
    "avg_pause_time": 5797539.53,
    "pauses_per_category": {
        "ICBufferFull": 14,
        "GenCollectForAllocation": 1
    },
    "total_pause_time_per_category": {
        "ICBufferFull": 1335516,
        "GenCollectForAllocation": 85627577
    },
    "avg_pause_time_per_category": {
        "ICBufferFull": 95394.0,
        "GenCollectForAllocation": 85627577.0
    },
    "p90_pause_time": 165788.4,
    "throughput": 2744662786
}