{
    "garbage_collector": "Parallel",
    "jdk": "GraalVM_21.0.4",
    "benchmark_group": "Renaissance",
    "benchmark_name": "philosophers",
    "heap_size": "4096",
    "error": null,
    "avg_cpu_usage": 84.9,
    "avg_cpu_time": 84.6,
    "avg_io_time": 0.0,
    "p90_io": 0.0,
    "number_of_pauses": 22,
    "total_pause_time": 45980554,
    "avg_pause_time": 2090025.18,
    "pauses_per_category": {
        "ICBufferFull": 2,
        "ParallelGCFailedAllocation": 20
    },
    "total_pause_time_per_category": {
        "ICBufferFull": 227459,
        "ParallelGCFailedAllocation": 45753095
    },
    "avg_pause_time_per_category": {
        "ICBufferFull": 113729.5,
        "ParallelGCFailedAllocation": 2287654.75
    },
    "p90_pause_time": 5201134.9,
    "throughput": 14732141607
}