{
    "garbage_collector": "Z",
    "jdk": "GraalVM_21.0.4",
    "benchmark_group": "Renaissance",
    "benchmark_name": "movie-lens",
    "heap_size": "4096",
    "error": null,
    "avg_cpu_usage": 55.5,
    "avg_cpu_time": 52.5,
    "avg_io_time": 0.1,
    "p90_io": 0.0,
    "number_of_pauses": 430,
    "total_pause_time": 42815604,
    "avg_pause_time": 99571.17,
    "pauses_per_category": {
        "ICBufferFull": 32,
        "Cleanup": 18,
        "XMarkStart": 138,
        "XMarkEnd": 105,
        "CleanClassLoaderDataMetaspaces": 7,
        "XRelocateStart": 130
    },
    "total_pause_time_per_category": {
        "ICBufferFull": 4695501,
        "Cleanup": 1739926,
        "XMarkStart": 11862810,
        "XMarkEnd": 7676187,
        "CleanClassLoaderDataMetaspaces": 3448276,
        "XRelocateStart": 13392904
    },
    "avg_pause_time_per_category": {
        "ICBufferFull": 146734.41,
        "Cleanup": 96662.56,
        "XMarkStart": 85962.39,
        "XMarkEnd": 73106.54,
        "CleanClassLoaderDataMetaspaces": 492610.86,
        "XRelocateStart": 103022.34
    },
    "p90_pause_time": 140736.5,
    "throughput": 100293322480
}