{
    "garbage_collector": "Parallel",
    "jdk": "GraalVM_21.0.4",
    "benchmark_group": "Renaissance",
    "benchmark_name": "gauss-mix",
    "heap_size": "1024",
    "error": null,
    "avg_cpu_usage": 31.2,
    "avg_cpu_time": 31.7,
    "avg_io_time": 0.1,
    "p90_io": 0.0,
    "number_of_pauses": 47,
    "total_pause_time": 149327381,
    "avg_pause_time": 3177178.32,
    "pauses_per_category": {
        "ICBufferFull": 7,
        "Cleanup": 2,
        "CollectForMetadataAllocation": 4,
        "ParallelGCSystemGC": 2,
        "ParallelGCFailedAllocation": 32
    },
    "total_pause_time_per_category": {
        "ICBufferFull": 1088604,
        "Cleanup": 178611,
        "CollectForMetadataAllocation": 80262773,
        "ParallelGCSystemGC": 8287331,
        "ParallelGCFailedAllocation": 59510062
    },
    "avg_pause_time_per_category": {
        "ICBufferFull": 155514.86,
        "Cleanup": 89305.5,
        "CollectForMetadataAllocation": 20065693.25,
        "ParallelGCSystemGC": 4143665.5,
        "ParallelGCFailedAllocation": 1859689.44
    },
    "p90_pause_time": 5542651.8,
    "throughput": 12480462594
}