{
    "garbage_collector": "G1",
    "jdk": "GraalVM_21.0.4",
    "benchmark_group": "Renaissance",
    "benchmark_name": "page-rank",
    "heap_size": "8192",
    "error": null,
    "avg_cpu_usage": 47.2,
    "avg_cpu_time": 48.9,
    "avg_io_time": 0.0,
    "p90_io": 0.0,
    "number_of_pauses": 118,
    "total_pause_time": 8614817492,
    "avg_pause_time": 73006927.9,
    "pauses_per_category": {
        "ICBufferFull": 7,
        "Cleanup": 13,
        "CollectForMetadataAllocation": 29,
        "G1PauseRemark": 5,
        "G1PauseCleanup": 5,
        "G1CollectForAllocation": 57,
        "G1TryInitiateConcMark": 2
    },
    "total_pause_time_per_category": {
        "ICBufferFull": 660520,
        "Cleanup": 1031448,
        "CollectForMetadataAllocation": 567129117,
        "G1PauseRemark": 17316015,
        "G1PauseCleanup": 1943744,
        "G1CollectForAllocation": 7868086106,
        "G1TryInitiateConcMark": 158650542
    },
    "avg_pause_time_per_category": {
        "ICBufferFull": 94360.0,
        "Cleanup": 79342.15,
        "CollectForMetadataAllocation": 19556176.45,
        "G1PauseRemark": 3463203.0,
        "G1PauseCleanup": 388748.8,
        "G1CollectForAllocation": 138036598.35,
        "G1TryInitiateConcMark": 79325271.0
    },
    "p90_pause_time": 178161869.7,
    "throughput": 57471078632
}