{
    "garbage_collector": "Parallel",
    "jdk": "GraalVM_21.0.4",
    "benchmark_group": "Renaissance",
    "benchmark_name": "log-regression",
    "heap_size": "4096",
    "error": null,
    "avg_cpu_usage": 46.1,
    "avg_cpu_time": 47.8,
    "avg_io_time": 0.1,
    "p90_io": 0.0,
    "number_of_pauses": 75,
    "total_pause_time": 477573565,
    "avg_pause_time": 6367647.53,
    "pauses_per_category": {
        "ICBufferFull": 48,
        "Cleanup": 2,
        "CollectForMetadataAllocation": 4,
        "ParallelGCFailedAllocation": 20,
        "ParallelGCSystemGC": 1
    },
    "total_pause_time_per_category": {
        "ICBufferFull": 5945784,
        "Cleanup": 168408,
        "CollectForMetadataAllocation": 127470876,
        "ParallelGCFailedAllocation": 223630650,
        "ParallelGCSystemGC": 120357847
    },
    "avg_pause_time_per_category": {
        "ICBufferFull": 123870.5,
        "Cleanup": 84204.0,
        "CollectForMetadataAllocation": 31867719.0,
        "ParallelGCFailedAllocation": 11181532.5,
        "ParallelGCSystemGC": 120357847.0
    },
    "p90_pause_time": 17593035.8,
    "throughput": 20242556706
}