{
    "garbage_collector": "Parallel",
    "jdk": "GraalVM_21.0.4",
    "benchmark_group": "Renaissance",
    "benchmark_name": "log-regression",
    "heap_size": "512",
    "error": null,
    "avg_cpu_usage": 47.7,
    "avg_cpu_time": 49.8,
    "avg_io_time": 0.2,
    "p90_io": 0.0,
    "number_of_pauses": 320,
    "total_pause_time": 1424684566,
    "avg_pause_time": 4452139.27,
    "pauses_per_category": {
        "ICBufferFull": 31,
        "Cleanup": 1,
        "CollectForMetadataAllocation": 10,
        "ParallelGCFailedAllocation": 277,
        "ParallelGCSystemGC": 1
    },
    "total_pause_time_per_category": {
        "ICBufferFull": 3028403,
        "Cleanup": 154753,
        "CollectForMetadataAllocation": 132410196,
        "ParallelGCFailedAllocation": 1287444998,
        "ParallelGCSystemGC": 1646216
    },
    "avg_pause_time_per_category": {
        "ICBufferFull": 97690.42,
        "Cleanup": 154753.0,
        "CollectForMetadataAllocation": 13241019.6,
        "ParallelGCFailedAllocation": 4647815.88,
        "ParallelGCSystemGC": 1646216.0
    },
    "p90_pause_time": 4711075.0,
    "throughput": 22638595992
}