{
    "garbage_collector": "Z",
    "jdk": "GraalVM_21.0.4",
    "benchmark_group": "Renaissance",
    "benchmark_name": "akka-uct",
    "heap_size": "512",
    "error": null,
    "avg_cpu_usage": 36.8,
    "avg_cpu_time": 36.7,
    "avg_io_time": 0.0,
    "p90_io": 0.0,
    "number_of_pauses": 3668,
    "total_pause_time": 437179322,
    "avg_pause_time": 119187.38,
    "pauses_per_category": {
        "ICBufferFull": 15,
        "XMarkStart": 1216,
        "XMarkEnd": 1218,
        "CleanClassLoaderDataMetaspaces": 3,
        "XRelocateStart": 1216
    },
    "total_pause_time_per_category": {
        "ICBufferFull": 1467049,
        "XMarkStart": 295578181,
        "XMarkEnd": 50459461,
        "CleanClassLoaderDataMetaspaces": 5821746,
        "XRelocateStart": 83852885
    },
    "avg_pause_time_per_category": {
        "ICBufferFull": 97803.27,
        "XMarkStart": 243074.16,
        "XMarkEnd": 41428.13,
        "CleanClassLoaderDataMetaspaces": 1940582.0,
        "XRelocateStart": 68957.96
    },
    "p90_pause_time": 140582.6,
    "throughput": 471228145531
}