{
    "garbage_collector": "Serial",
    "jdk": "GraalVM_21.0.4",
    "benchmark_group": "Renaissance",
    "benchmark_name": "naive-bayes",
    "heap_size": "4096",
    "error": null,
    "avg_cpu_usage": 63.4,
    "avg_cpu_time": 65.4,
    "avg_io_time": 0.1,
    "p90_io": 0.0,
    "number_of_pauses": 150,
    "total_pause_time": 1277792663,
    "avg_pause_time": 8518617.75,
    "pauses_per_category": {
        "ICBufferFull": 38,
        "Cleanup": 2,
        "CollectForMetadataAllocation": 6,
        "GenCollectForAllocation": 104
    },
    "total_pause_time_per_category": {
        "ICBufferFull": 3747833,
        "Cleanup": 161352,
        "CollectForMetadataAllocation": 166305139,
        "GenCollectForAllocation": 1107578339
    },
    "avg_pause_time_per_category": {
        "ICBufferFull": 98627.18,
        "Cleanup": 80676.0,
        "CollectForMetadataAllocation": 27717523.17,
        "GenCollectForAllocation": 10649791.72
    },
    "p90_pause_time": 16188103.1,
    "throughput": 24162801141
}