{
    "garbage_collector": "Parallel",
    "jdk": "GraalVM_21.0.4",
    "benchmark_group": "Renaissance",
    "benchmark_name": "als",
    "heap_size": "1024",
    "error": null,
    "avg_cpu_usage": 67.2,
    "avg_cpu_time": 65.5,
    "avg_io_time": 0.1,
    "p90_io": 0.0,
    "number_of_pauses": 238,
    "total_pause_time": 1257831784,
    "avg_pause_time": 5285007.5,
    "pauses_per_category": {
        "ICBufferFull": 31,
        "Cleanup": 1,
        "CollectForMetadataAllocation": 4,
        "ParallelGCFailedAllocation": 179,
        "ParallelGCSystemGC": 23
    },
    "total_pause_time_per_category": {
        "ICBufferFull": 3182462,
        "Cleanup": 97585,
        "CollectForMetadataAllocation": 133336978,
        "ParallelGCFailedAllocation": 968140571,
        "ParallelGCSystemGC": 153074188
    },
    "avg_pause_time_per_category": {
        "ICBufferFull": 102660.06,
        "Cleanup": 97585.0,
        "CollectForMetadataAllocation": 33334244.5,
        "ParallelGCFailedAllocation": 5408606.54,
        "ParallelGCSystemGC": 6655399.48
    },
    "p90_pause_time": 9253154.1,
    "throughput": 56026085534
}