{
    "garbage_collector": "G1",
    "jdk": "GraalVM_21.0.4",
    "benchmark_group": "Renaissance",
    "benchmark_name": "movie-lens",
    "heap_size": "512",
    "error": null,
    "avg_cpu_usage": 59.0,
    "avg_cpu_time": 55.8,
    "avg_io_time": 0.1,
    "p90_io": 0.0,
    "number_of_pauses": 2272,
    "total_pause_time": 4078599424,
    "avg_pause_time": 1795158.2,
    "pauses_per_category": {
        "ICBufferFull": 26,
        "G1CollectForAllocation": 1041,
        "CollectForMetadataAllocation": 3,
        "G1PauseRemark": 200,
        "G1PauseCleanup": 200,
        "G1TryInitiateConcMark": 802
    },
    "total_pause_time_per_category": {
        "ICBufferFull": 4525068,
        "G1CollectForAllocation": 2138976736,
        "CollectForMetadataAllocation": 20714205,
        "G1PauseRemark": 597298352,
        "G1PauseCleanup": 64987132,
        "G1TryInitiateConcMark": 1252097931
    },
    "avg_pause_time_per_category": {
        "ICBufferFull": 174041.08,
        "G1CollectForAllocation": 2054732.7,
        "CollectForMetadataAllocation": 6904735.0,
        "G1PauseRemark": 2986491.76,
        "G1PauseCleanup": 324935.66,
        "G1TryInitiateConcMark": 1561219.37
    },
    "p90_pause_time": 2947862.0,
    "throughput": 105527419381
}