{
    "garbage_collector": "Serial",
    "jdk": "GraalVM_21.0.4",
    "benchmark_group": "Renaissance",
    "benchmark_name": "als",
    "heap_size": "1024",
    "error": null,
    "avg_cpu_usage": 65.3,
    "avg_cpu_time": 63.9,
    "avg_io_time": 0.1,
    "p90_io": 0.0,
    "number_of_pauses": 228,
    "total_pause_time": 1729081349,
    "avg_pause_time": 7583690.13,
    "pauses_per_category": {
        "ICBufferFull": 45,
        "Cleanup": 1,
        "CollectForMetadataAllocation": 5,
        "GenCollectForAllocation": 165,
        "GenCollectFull": 12
    },
    "total_pause_time_per_category": {
        "ICBufferFull": 4151920,
        "Cleanup": 20351,
        "CollectForMetadataAllocation": 208100987,
        "GenCollectForAllocation": 1338063699,
        "GenCollectFull": 178744392
    },
    "avg_pause_time_per_category": {
        "ICBufferFull": 92264.89,
        "Cleanup": 20351.0,
        "CollectForMetadataAllocation": 41620197.4,
        "GenCollectForAllocation": 8109476.96,
        "GenCollectFull": 14895366.0
    },
    "p90_pause_time": 10522886.1,
    "throughput": 56308299818
}