{
    "garbage_collector": "Serial",
    "jdk": "GraalVM_21.0.4",
    "benchmark_group": "Renaissance",
    "benchmark_name": "dec-tree",
    "heap_size": "4096",
    "error": null,
    "avg_cpu_usage": 35.5,
    "avg_cpu_time": 35.1,
    "avg_io_time": 0.1,
    "p90_io": 0.0,
    "number_of_pauses": 65,
    "total_pause_time": 496826087,
    "avg_pause_time": 7643478.26,
    "pauses_per_category": {
        "ICBufferFull": 49,
        "Cleanup": 1,
        "CollectForMetadataAllocation": 4,
        "GenCollectForAllocation": 10,
        "GenCollectFull": 1
    },
    "total_pause_time_per_category": {
        "ICBufferFull": 4598908,
        "Cleanup": 98071,
        "CollectForMetadataAllocation": 151503995,
        "GenCollectForAllocation": 152216074,
        "GenCollectFull": 188409039
    },
    "avg_pause_time_per_category": {
        "ICBufferFull": 93855.27,
        "Cleanup": 98071.0,
        "CollectForMetadataAllocation": 37875998.75,
        "GenCollectForAllocation": 15221607.4,
        "GenCollectFull": 188409039.0
    },
    "p90_pause_time": 22389322.0,
    "throughput": 16745670328
}