{
    "garbage_collector": "Parallel",
    "jdk": "GraalVM_21.0.4",
    "benchmark_group": "Renaissance",
    "benchmark_name": "finagle-chirper",
    "heap_size": "2048",
    "error": null,
    "avg_cpu_usage": 79.8,
    "avg_cpu_time": 74.2,
    "avg_io_time": 0.0,
    "p90_io": 0.0,
    "number_of_pauses": 143,
    "total_pause_time": 364989107,
    "avg_pause_time": 2552371.38,
    "pauses_per_category": {
        "ICBufferFull": 85,
        "CollectForMetadataAllocation": 2,
        "ParallelGCFailedAllocation": 50,
        "Cleanup": 5,
        "ParallelGCSystemGC": 1
    },
    "total_pause_time_per_category": {
        "ICBufferFull": 19185940,
        "CollectForMetadataAllocation": 45579607,
        "ParallelGCFailedAllocation": 228776281,
        "Cleanup": 514995,
        "ParallelGCSystemGC": 70932284
    },
    "avg_pause_time_per_category": {
        "ICBufferFull": 225716.94,
        "CollectForMetadataAllocation": 22789803.5,
        "ParallelGCFailedAllocation": 4575525.62,
        "Cleanup": 102999.0,
        "ParallelGCSystemGC": 70932284.0
    },
    "p90_pause_time": 7223970.8,
    "throughput": 44535275670
}