{
    "garbage_collector": "Parallel",
    "jdk": "GraalVM_21.0.4",
    "benchmark_group": "Renaissance",
    "benchmark_name": "fj-kmeans",
    "heap_size": "8192",
    "error": null,
    "avg_cpu_usage": 82.5,
    "avg_cpu_time": 84.0,
    "avg_io_time": 0.0,
    "p90_io": 0.0,
    "number_of_pauses": 48,
    "total_pause_time": 364450237,
    "avg_pause_time": 7592713.27,
    "pauses_per_category": {
        "ICBufferFull": 9,
        "ParallelGCFailedAllocation": 39
    },
    "total_pause_time_per_category": {
        "ICBufferFull": 678719,
        "ParallelGCFailedAllocation": 363771518
    },
    "avg_pause_time_per_category": {
        "ICBufferFull": 75413.22,
        "ParallelGCFailedAllocation": 9327474.82
    },
    "p90_pause_time": 24069604.7,
    "throughput": 28839777527
}