{
    "garbage_collector": "Parallel",
    "jdk": "GraalVM_21.0.4",
    "benchmark_group": "Renaissance",
    "benchmark_name": "scala-doku",
    "heap_size": "8192",
    "error": null,
    "avg_cpu_usage": 16.0,
    "avg_cpu_time": 17.6,
    "avg_io_time": 0.0,
    "p90_io": 0.0,
    "number_of_pauses": 14,
    "total_pause_time": 1363065,
    "avg_pause_time": 97361.79,
    "pauses_per_category": {
        "ICBufferFull": 4,
        "Cleanup": 10
    },
    "total_pause_time_per_category": {
        "ICBufferFull": 236448,
        "Cleanup": 1126617
    },
    "avg_pause_time_per_category": {
        "ICBufferFull": 59112.0,
        "Cleanup": 112661.7
    },
    "p90_pause_time": 108120.8,
    "throughput": 13071710121
}