{
    "garbage_collector": "Z",
    "jdk": "GraalVM_21.0.4",
    "benchmark_group": "Renaissance",
    "benchmark_name": "par-mnemonics",
    "heap_size": "4096",
    "error": null,
    "avg_cpu_usage": 18.0,
    "avg_cpu_time": 16.9,
    "avg_io_time": 0.0,
    "p90_io": 0.0,
    "number_of_pauses": 50,
    "total_pause_time": 5410818,
    "avg_pause_time": 108216.36,
    "pauses_per_category": {
        "ICBufferFull": 1,
        "XMarkStart": 14,
        "XMarkEnd": 14,
        "CleanClassLoaderDataMetaspaces": 2,
        "XRelocateStart": 14,
        "Cleanup": 5
    },
    "total_pause_time_per_category": {
        "ICBufferFull": 60053,
        "XMarkStart": 1527855,
        "XMarkEnd": 1482585,
        "CleanClassLoaderDataMetaspaces": 615347,
        "XRelocateStart": 1361893,
        "Cleanup": 363085
    },
    "avg_pause_time_per_category": {
        "ICBufferFull": 60053.0,
        "XMarkStart": 109132.5,
        "XMarkEnd": 105898.93,
        "CleanClassLoaderDataMetaspaces": 307673.5,
        "XRelocateStart": 97278.07,
        "Cleanup": 72617.0
    },
    "p90_pause_time": 121299.1,
    "throughput": 16725054899
}