{
    "garbage_collector": "G1",
    "jdk": "GraalVM_21.0.4",
    "benchmark_group": "Renaissance",
    "benchmark_name": "neo4j-analytics",
    "heap_size": "8192",
    "error": null,
    "avg_cpu_usage": 32.7,
    "avg_cpu_time": 34.5,
    "avg_io_time": 0.6,
    "p90_io": 0.84,
    "number_of_pauses": 101,
    "total_pause_time": 1435812148,
    "avg_pause_time": 14215961.86,
    "pauses_per_category": {
        "ICBufferFull": 48,
        "CollectForMetadataAllocation": 7,
        "G1PauseRemark": 4,
        "G1PauseCleanup": 4,
        "G1CollectForAllocation": 24,
        "Cleanup": 13,
        "G1TryInitiateConcMark": 1
    },
    "total_pause_time_per_category": {
        "ICBufferFull": 6009607,
        "CollectForMetadataAllocation": 89986225,
        "G1PauseRemark": 10606823,
        "G1PauseCleanup": 1584436,
        "G1CollectForAllocation": 1320453622,
        "Cleanup": 1297278,
        "G1TryInitiateConcMark": 5874157
    },
    "avg_pause_time_per_category": {
        "ICBufferFull": 125200.15,
        "CollectForMetadataAllocation": 12855175.0,
        "G1PauseRemark": 2651705.75,
        "G1PauseCleanup": 396109.0,
        "G1CollectForAllocation": 55018900.92,
        "Cleanup": 99790.62,
        "G1TryInitiateConcMark": 5874157.0
    },
    "p90_pause_time": 59764841.0,
    "throughput": 40853697372
}