{
    "garbage_collector": "G1",
    "jdk": "GraalVM_21.0.4",
    "benchmark_group": "Renaissance",
    "benchmark_name": "neo4j-analytics",
    "heap_size": "4096",
    "error": null,
    "avg_cpu_usage": 34.0,
    "avg_cpu_time": 34.3,
    "avg_io_time": 0.5,
    "p90_io": 1.08,
    "number_of_pauses": 117,
    "total_pause_time": 1513996295,
    "avg_pause_time": 12940139.27,
    "pauses_per_category": {
        "ICBufferFull": 52,
        "CollectForMetadataAllocation": 7,
        "G1PauseRemark": 5,
        "G1PauseCleanup": 5,
        "G1CollectForAllocation": 30,
        "Cleanup": 16,
        "G1TryInitiateConcMark": 2
    },
    "total_pause_time_per_category": {
        "ICBufferFull": 6111330,
        "CollectForMetadataAllocation": 45444882,
        "G1PauseRemark": 18315679,
        "G1PauseCleanup": 1784859,
        "G1CollectForAllocation": 1398203905,
        "Cleanup": 1981296,
        "G1TryInitiateConcMark": 42154344
    },
    "avg_pause_time_per_category": {
        "ICBufferFull": 117525.58,
        "CollectForMetadataAllocation": 6492126.0,
        "G1PauseRemark": 3663135.8,
        "G1PauseCleanup": 356971.8,
        "G1CollectForAllocation": 46606796.83,
        "Cleanup": 123831.0,
        "G1TryInitiateConcMark": 21077172.0
    },
    "p90_pause_time": 51115613.2,
    "throughput": 40525445335
}