{
    "garbage_collector": "Z",
    "jdk": "GraalVM_21.0.4",
    "benchmark_group": "Renaissance",
    "benchmark_name": "par-mnemonics",
    "heap_size": "512",
    "error": null,
    "avg_cpu_usage": 23.0,
    "avg_cpu_time": 23.4,
    "avg_io_time": 0.0,
    "p90_io": 0.0,
    "number_of_pauses": 484,
    "total_pause_time": 46227286,
    "avg_pause_time": 95510.92,
    "pauses_per_category": {
        "ICBufferFull": 1,
        "XMarkStart": 160,
        "XMarkEnd": 160,
        "CleanClassLoaderDataMetaspaces": 3,
        "XRelocateStart": 160
    },
    "total_pause_time_per_category": {
        "ICBufferFull": 125631,
        "XMarkStart": 15795538,
        "XMarkEnd": 14047284,
        "CleanClassLoaderDataMetaspaces": 663419,
        "XRelocateStart": 15595414
    },
    "avg_pause_time_per_category": {
        "ICBufferFull": 125631.0,
        "XMarkStart": 98722.11,
        "XMarkEnd": 87795.52,
        "CleanClassLoaderDataMetaspaces": 221139.67,
        "XRelocateStart": 97471.34
    },
    "p90_pause_time": 105371.8,
    "throughput": 16425342986
}