{
    "garbage_collector": "G1",
    "jdk": "GraalVM_21.0.4",
    "benchmark_group": "Renaissance",
    "benchmark_name": "als",
    "heap_size": "4096",
    "error": null,
    "avg_cpu_usage": 65.2,
    "avg_cpu_time": 67.1,
    "avg_io_time": 0.1,
    "p90_io": 0.0,
    "number_of_pauses": 156,
    "total_pause_time": 485731328,
    "avg_pause_time": 3113662.36,
    "pauses_per_category": {
        "ICBufferFull": 41,
        "Cleanup": 31,
        "CollectForMetadataAllocation": 18,
        "G1PauseRemark": 10,
        "G1PauseCleanup": 10,
        "G1CollectForAllocation": 40,
        "G1TryInitiateConcMark": 6
    },
    "total_pause_time_per_category": {
        "ICBufferFull": 4594332,
        "Cleanup": 2958398,
        "CollectForMetadataAllocation": 58647391,
        "G1PauseRemark": 48396987,
        "G1PauseCleanup": 6514192,
        "G1CollectForAllocation": 345911003,
        "G1TryInitiateConcMark": 18709025
    },
    "avg_pause_time_per_category": {
        "ICBufferFull": 112056.88,
        "Cleanup": 95432.19,
        "CollectForMetadataAllocation": 3258188.39,
        "G1PauseRemark": 4839698.7,
        "G1PauseCleanup": 651419.2,
        "G1CollectForAllocation": 8647775.07,
        "G1TryInitiateConcMark": 3118170.83
    },
    "p90_pause_time": 8463466.5,
    "throughput": 56679751386
}