{
    "garbage_collector": "Z",
    "jdk": "GraalVM_21.0.4",
    "benchmark_group": "Renaissance",
    "benchmark_name": "future-genetic",
    "heap_size": "2048",
    "error": null,
    "avg_cpu_usage": 37.3,
    "avg_cpu_time": 33.8,
    "avg_io_time": 0.0,
    "p90_io": 0.0,
    "number_of_pauses": 55,
    "total_pause_time": 6131360,
    "avg_pause_time": 111479.27,
    "pauses_per_category": {
        "ICBufferFull": 3,
        "XMarkStart": 15,
        "XMarkEnd": 15,
        "CleanClassLoaderDataMetaspaces": 2,
        "XRelocateStart": 15,
        "Cleanup": 5
    },
    "total_pause_time_per_category": {
        "ICBufferFull": 416528,
        "XMarkStart": 1649853,
        "XMarkEnd": 1478734,
        "CleanClassLoaderDataMetaspaces": 602615,
        "XRelocateStart": 1495017,
        "Cleanup": 488613
    },
    "avg_pause_time_per_category": {
        "ICBufferFull": 138842.67,
        "XMarkStart": 109990.2,
        "XMarkEnd": 98582.27,
        "CleanClassLoaderDataMetaspaces": 301307.5,
        "XRelocateStart": 99667.8,
        "Cleanup": 97722.6
    },
    "p90_pause_time": 129954.6,
    "throughput": 15528223486
}