{
    "garbage_collector": "G1",
    "jdk": "GraalVM_21.0.4",
    "benchmark_group": "Renaissance",
    "benchmark_name": "dec-tree",
    "heap_size": "1024",
    "error": null,
    "avg_cpu_usage": 36.6,
    "avg_cpu_time": 37.1,
    "avg_io_time": 0.0,
    "p90_io": 0.0,
    "number_of_pauses": 92,
    "total_pause_time": 256148859,
    "avg_pause_time": 2784226.73,
    "pauses_per_category": {
        "ICBufferFull": 51,
        "Cleanup": 1,
        "G1CollectForAllocation": 18,
        "CollectForMetadataAllocation": 11,
        "G1PauseRemark": 5,
        "G1PauseCleanup": 5,
        "G1TryInitiateConcMark": 1
    },
    "total_pause_time_per_category": {
        "ICBufferFull": 4844695,
        "Cleanup": 92452,
        "G1CollectForAllocation": 168104026,
        "CollectForMetadataAllocation": 58080408,
        "G1PauseRemark": 17720357,
        "G1PauseCleanup": 1750272,
        "G1TryInitiateConcMark": 5556649
    },
    "avg_pause_time_per_category": {
        "ICBufferFull": 94994.02,
        "Cleanup": 92452.0,
        "G1CollectForAllocation": 9339112.56,
        "CollectForMetadataAllocation": 5280037.09,
        "G1PauseRemark": 3544071.4,
        "G1PauseCleanup": 350054.4,
        "G1TryInitiateConcMark": 5556649.0
    },
    "p90_pause_time": 9858207.6,
    "throughput": 17057811826
}