{
    "garbage_collector": "G1",
    "jdk": "GraalVM_21.0.4",
    "benchmark_group": "Renaissance",
    "benchmark_name": "naive-bayes",
    "heap_size": "1024",
    "error": null,
    "avg_cpu_usage": 76.3,
    "avg_cpu_time": 77.4,
    "avg_io_time": 0.1,
    "p90_io": 0.0,
    "number_of_pauses": 2412,
    "total_pause_time": 4181241307,
    "avg_pause_time": 1733516.3,
    "pauses_per_category": {
        "ICBufferFull": 44,
        "Cleanup": 1,
        "G1CollectForAllocation": 1251,
        "CollectForMetadataAllocation": 7,
        "G1PauseRemark": 372,
        "G1PauseCleanup": 372,
        "G1TryInitiateConcMark": 365
    },
    "total_pause_time_per_category": {
        "ICBufferFull": 4458496,
        "Cleanup": 467729,
        "G1CollectForAllocation": 2157919231,
        "CollectForMetadataAllocation": 43067434,
        "G1PauseRemark": 1219867794,
        "G1PauseCleanup": 134414131,
        "G1TryInitiateConcMark": 621046492
    },
    "avg_pause_time_per_category": {
        "ICBufferFull": 101329.45,
        "Cleanup": 467729.0,
        "G1CollectForAllocation": 1724955.42,
        "CollectForMetadataAllocation": 6152490.57,
        "G1PauseRemark": 3279214.5,
        "G1PauseCleanup": 361328.31,
        "G1TryInitiateConcMark": 1701497.24
    },
    "p90_pause_time": 3179525.4,
    "throughput": 67495188106
}