{
    "garbage_collector": "Parallel",
    "jdk": "GraalVM_21.0.4",
    "benchmark_group": "Renaissance",
    "benchmark_name": "rx-scrabble",
    "heap_size": "256",
    "error": null,
    "avg_cpu_usage": 26.6,
    "avg_cpu_time": 34.6,
    "avg_io_time": 0.0,
    "p90_io": 0.0,
    "number_of_pauses": 44,
    "total_pause_time": 88469010,
    "avg_pause_time": 2010659.32,
    "pauses_per_category": {
        "ICBufferFull": 9,
        "ParallelGCFailedAllocation": 35
    },
    "total_pause_time_per_category": {
        "ICBufferFull": 730988,
        "ParallelGCFailedAllocation": 87738022
    },
    "avg_pause_time_per_category": {
        "ICBufferFull": 81220.89,
        "ParallelGCFailedAllocation": 2506800.63
    },
    "p90_pause_time": 8125583.6,
    "throughput": 2752050918
}