{
    "garbage_collector": "Parallel",
    "jdk": "GraalVM_21.0.4",
    "benchmark_group": "Renaissance",
    "benchmark_name": "mnemonics",
    "heap_size": "256",
    "error": null,
    "avg_cpu_usage": 17.7,
    "avg_cpu_time": 18.9,
    "avg_io_time": 0.0,
    "p90_io": 0.0,
    "number_of_pauses": 523,
    "total_pause_time": 1449279707,
    "avg_pause_time": 2771089.31,
    "pauses_per_category": {
        "ICBufferFull": 1,
        "ParallelGCFailedAllocation": 522
    },
    "total_pause_time_per_category": {
        "ICBufferFull": 125996,
        "ParallelGCFailedAllocation": 1449153711
    },
    "avg_pause_time_per_category": {
        "ICBufferFull": 125996.0,
        "ParallelGCFailedAllocation": 2776156.53
    },
    "p90_pause_time": 4094065.6,
    "throughput": 16728309104
}