{
    "garbage_collector": "Serial",
    "jdk": "GraalVM_21.0.4",
    "benchmark_group": "Renaissance",
    "benchmark_name": "finagle-chirper",
    "heap_size": "2048",
    "error": null,
    "avg_cpu_usage": 78.1,
    "avg_cpu_time": 73.9,
    "avg_io_time": 0.0,
    "p90_io": 0.0,
    "number_of_pauses": 145,
    "total_pause_time": 1175015201,
    "avg_pause_time": 8103553.11,
    "pauses_per_category": {
        "ICBufferFull": 79,
        "CollectForMetadataAllocation": 2,
        "GenCollectForAllocation": 58,
        "Cleanup": 5,
        "GenCollectFull": 1
    },
    "total_pause_time_per_category": {
        "ICBufferFull": 20427633,
        "CollectForMetadataAllocation": 43397006,
        "GenCollectForAllocation": 947600561,
        "Cleanup": 535425,
        "GenCollectFull": 163054576
    },
    "avg_pause_time_per_category": {
        "ICBufferFull": 258577.63,
        "CollectForMetadataAllocation": 21698503.0,
        "GenCollectForAllocation": 16337940.71,
        "Cleanup": 107085.0,
        "GenCollectFull": 163054576.0
    },
    "p90_pause_time": 19714070.0,
    "throughput": 46083256968
}