{
    "garbage_collector": "Z",
    "jdk": "GraalVM_21.0.4",
    "benchmark_group": "Renaissance",
    "benchmark_name": "philosophers",
    "heap_size": "512",
    "error": null,
    "avg_cpu_usage": 82.4,
    "avg_cpu_time": 83.1,
    "avg_io_time": 0.0,
    "p90_io": 0.0,
    "number_of_pauses": 334,
    "total_pause_time": 34813371,
    "avg_pause_time": 104231.65,
    "pauses_per_category": {
        "ICBufferFull": 1,
        "XMarkStart": 110,
        "XMarkEnd": 110,
        "CleanClassLoaderDataMetaspaces": 2,
        "XRelocateStart": 111
    },
    "total_pause_time_per_category": {
        "ICBufferFull": 60781,
        "XMarkStart": 12293621,
        "XMarkEnd": 10994345,
        "CleanClassLoaderDataMetaspaces": 1004418,
        "XRelocateStart": 10460206
    },
    "avg_pause_time_per_category": {
        "ICBufferFull": 60781.0,
        "XMarkStart": 111760.19,
        "XMarkEnd": 99948.59,
        "CleanClassLoaderDataMetaspaces": 502209.0,
        "XRelocateStart": 94236.09
    },
    "p90_pause_time": 106320.1,
    "throughput": 12580530408
}