{
    "garbage_collector": "Parallel",
    "jdk": "GraalVM_21.0.4",
    "benchmark_group": "Renaissance",
    "benchmark_name": "finagle-http",
    "heap_size": "8192",
    "error": null,
    "avg_cpu_usage": 84.1,
    "avg_cpu_time": 71.4,
    "avg_io_time": 0.0,
    "p90_io": 0.0,
    "number_of_pauses": 130,
    "total_pause_time": 110278707,
    "avg_pause_time": 848297.75,
    "pauses_per_category": {
        "ICBufferFull": 76,
        "CollectForMetadataAllocation": 8,
        "ParallelGCFailedAllocation": 14,
        "Cleanup": 32
    },
    "total_pause_time_per_category": {
        "ICBufferFull": 10116621,
        "CollectForMetadataAllocation": 44669083,
        "ParallelGCFailedAllocation": 50596222,
        "Cleanup": 4896781
    },
    "avg_pause_time_per_category": {
        "ICBufferFull": 133113.43,
        "CollectForMetadataAllocation": 5583635.38,
        "ParallelGCFailedAllocation": 3614015.86,
        "Cleanup": 153024.41
    },
    "p90_pause_time": 883113.7,
    "throughput": 49539627792
}