{
    "garbage_collector": "Z",
    "jdk": "GraalVM_21.0.4",
    "benchmark_group": "Renaissance",
    "benchmark_name": "finagle-chirper",
    "heap_size": "1024",
    "error": null,
    "avg_cpu_usage": 79.9,
    "avg_cpu_time": 74.7,
    "avg_io_time": 0.0,
    "p90_io": 0.0,
    "number_of_pauses": 296,
    "total_pause_time": 55219382,
    "avg_pause_time": 186551.97,
    "pauses_per_category": {
        "ICBufferFull": 59,
        "XMarkStart": 77,
        "XMarkEnd": 76,
        "CleanClassLoaderDataMetaspaces": 4,
        "XRelocateStart": 76,
        "Cleanup": 4
    },
    "total_pause_time_per_category": {
        "ICBufferFull": 11826042,
        "XMarkStart": 13247259,
        "XMarkEnd": 9369076,
        "CleanClassLoaderDataMetaspaces": 5942787,
        "XRelocateStart": 14367529,
        "Cleanup": 466689
    },
    "avg_pause_time_per_category": {
        "ICBufferFull": 200441.39,
        "XMarkStart": 172042.32,
        "XMarkEnd": 123277.32,
        "CleanClassLoaderDataMetaspaces": 1485696.75,
        "XRelocateStart": 189046.43,
        "Cleanup": 116672.25
    },
    "p90_pause_time": 206446.0,
    "throughput": 49170451053
}