{
    "garbage_collector": "Serial",
    "jdk": "GraalVM_21.0.4",
    "benchmark_group": "Renaissance",
    "benchmark_name": "future-genetic",
    "heap_size": "4096",
    "error": null,
    "avg_cpu_usage": 38.2,
    "avg_cpu_time": 36.9,
    "avg_io_time": 0.1,
    "p90_io": 0.0,
    "number_of_pauses": 21,
    "total_pause_time": 100152885,
    "avg_pause_time": 4769185.0,
    "pauses_per_category": {
        "ICBufferFull": 6,
        "GenCollectForAllocation": 13,
        "Cleanup": 2
    },
    "total_pause_time_per_category": {
        "ICBufferFull": 487203,
        "GenCollectForAllocation": 99439583,
        "Cleanup": 226099
    },
    "avg_pause_time_per_category": {
        "ICBufferFull": 81200.5,
        "GenCollectForAllocation": 7649198.69,
        "Cleanup": 113049.5
    },
    "p90_pause_time": 9447467.0,
    "throughput": 14624452655
}