{
    "garbage_collector": "Serial",
    "jdk": "GraalVM_21.0.4",
    "benchmark_group": "Renaissance",
    "benchmark_name": "akka-uct",
    "heap_size": "4096",
    "error": null,
    "avg_cpu_usage": 48.0,
    "avg_cpu_time": 47.9,
    "avg_io_time": 0.0,
    "p90_io": 0.0,
    "number_of_pauses": 187,
    "total_pause_time": 52946816764,
    "avg_pause_time": 283138057.56,
    "pauses_per_category": {
        "ICBufferFull": 16,
        "CollectForMetadataAllocation": 1,
        "GenCollectForAllocation": 170
    },
    "total_pause_time_per_category": {
        "ICBufferFull": 11977918,
        "CollectForMetadataAllocation": 28037449,
        "GenCollectForAllocation": 52906801397
    },
    "avg_pause_time_per_category": {
        "ICBufferFull": 748619.88,
        "CollectForMetadataAllocation": 28037449.0,
        "GenCollectForAllocation": 311216478.81
    },
    "p90_pause_time": 351806475.0,
    "throughput": 113745853089
}