{
    "garbage_collector": "Z",
    "jdk": "GraalVM_21.0.4",
    "benchmark_group": "Renaissance",
    "benchmark_name": "mnemonics",
    "heap_size": "512",
    "error": null,
    "avg_cpu_usage": 18.9,
    "avg_cpu_time": 19.5,
    "avg_io_time": 0.0,
    "p90_io": 0.0,
    "number_of_pauses": 517,
    "total_pause_time": 48933558,
    "avg_pause_time": 94649.05,
    "pauses_per_category": {
        "ICBufferFull": 1,
        "XMarkStart": 171,
        "XMarkEnd": 171,
        "CleanClassLoaderDataMetaspaces": 3,
        "XRelocateStart": 171
    },
    "total_pause_time_per_category": {
        "ICBufferFull": 153675,
        "XMarkStart": 16418818,
        "XMarkEnd": 15937999,
        "CleanClassLoaderDataMetaspaces": 846449,
        "XRelocateStart": 15576617
    },
    "avg_pause_time_per_category": {
        "ICBufferFull": 153675.0,
        "XMarkStart": 96016.48,
        "XMarkEnd": 93204.67,
        "CleanClassLoaderDataMetaspaces": 282149.67,
        "XRelocateStart": 91091.33
    },
    "p90_pause_time": 100063.0,
    "throughput": 18250717137
}