{
    "garbage_collector": "Serial",
    "jdk": "GraalVM_21.0.4",
    "benchmark_group": "Renaissance",
    "benchmark_name": "dotty",
    "heap_size": "256",
    "error": null,
    "avg_cpu_usage": 25.8,
    "avg_cpu_time": 25.4,
    "avg_io_time": 0.1,
    "p90_io": 0.0,
    "number_of_pauses": 106,
    "total_pause_time": 1464873417,
    "avg_pause_time": 13819560.54,
    "pauses_per_category": {
        "ICBufferFull": 61,
        "CollectForMetadataAllocation": 2,
        "GenCollectForAllocation": 32,
        "GenCollectFull": 3,
        "Cleanup": 8
    },
    "total_pause_time_per_category": {
        "ICBufferFull": 9088436,
        "CollectForMetadataAllocation": 52827708,
        "GenCollectForAllocation": 1088888450,
        "GenCollectFull": 313205397,
        "Cleanup": 863426
    },
    "avg_pause_time_per_category": {
        "ICBufferFull": 148990.75,
        "CollectForMetadataAllocation": 26413854.0,
        "GenCollectForAllocation": 34027764.06,
        "GenCollectFull": 104401799.0,
        "Cleanup": 107928.25
    },
    "p90_pause_time": 36061167.5,
    "throughput": 33160115703
}