{
    "garbage_collector": "G1",
    "jdk": "GraalVM_21.0.4",
    "benchmark_group": "Renaissance",
    "benchmark_name": "reactors",
    "heap_size": "4096",
    "error": null,
    "avg_cpu_usage": 41.9,
    "avg_cpu_time": 41.7,
    "avg_io_time": 0.0,
    "p90_io": 0.0,
    "number_of_pauses": 65,
    "total_pause_time": 2528337922,
    "avg_pause_time": 38897506.49,
    "pauses_per_category": {
        "ICBufferFull": 2,
        "Cleanup": 22,
        "G1CollectForAllocation": 36,
        "G1PauseRemark": 2,
        "G1PauseCleanup": 2,
        "G1TryInitiateConcMark": 1
    },
    "total_pause_time_per_category": {
        "ICBufferFull": 144105,
        "Cleanup": 4839954,
        "G1CollectForAllocation": 2359529338,
        "G1PauseRemark": 6026389,
        "G1PauseCleanup": 908114,
        "G1TryInitiateConcMark": 156890022
    },
    "avg_pause_time_per_category": {
        "ICBufferFull": 72052.5,
        "Cleanup": 219997.91,
        "G1CollectForAllocation": 65542481.61,
        "G1PauseRemark": 3013194.5,
        "G1PauseCleanup": 454057.0,
        "G1TryInitiateConcMark": 156890022.0
    },
    "p90_pause_time": 117706116.2,
    "throughput": 74004193404
}