{
    "garbage_collector": "Serial",
    "jdk": "GraalVM_21.0.4",
    "benchmark_group": "Renaissance",
    "benchmark_name": "naive-bayes",
    "heap_size": "1024",
    "error": null,
    "avg_cpu_usage": 51.1,
    "avg_cpu_time": 43.7,
    "avg_io_time": 0.1,
    "p90_io": 0.0,
    "number_of_pauses": 1846,
    "total_pause_time": 49808067827,
    "avg_pause_time": 26981618.54,
    "pauses_per_category": {
        "ICBufferFull": 37,
        "Cleanup": 1,
        "CollectForMetadataAllocation": 8,
        "GenCollectForAllocation": 1799,
        "GenCollectFull": 1
    },
    "total_pause_time_per_category": {
        "ICBufferFull": 3996609,
        "Cleanup": 346400,
        "CollectForMetadataAllocation": 150363722,
        "GenCollectForAllocation": 49649488478,
        "GenCollectFull": 3872618
    },
    "avg_pause_time_per_category": {
        "ICBufferFull": 108016.46,
        "Cleanup": 346400.0,
        "CollectForMetadataAllocation": 18795465.25,
        "GenCollectForAllocation": 27598381.59,
        "GenCollectFull": 3872618.0
    },
    "p90_pause_time": 102152618.0,
    "throughput": 159430823954
}