{
    "garbage_collector": "G1",
    "jdk": "GraalVM_21.0.4",
    "benchmark_group": "Renaissance",
    "benchmark_name": "par-mnemonics",
    "heap_size": "512",
    "error": null,
    "avg_cpu_usage": 23.5,
    "avg_cpu_time": 23.0,
    "avg_io_time": 0.7,
    "p90_io": 0.03,
    "number_of_pauses": 123,
    "total_pause_time": 894382483,
    "avg_pause_time": 7271402.3,
    "pauses_per_category": {
        "ICBufferFull": 1,
        "G1CollectForAllocation": 107,
        "G1PauseRemark": 7,
        "G1PauseCleanup": 7,
        "G1TryInitiateConcMark": 1
    },
    "total_pause_time_per_category": {
        "ICBufferFull": 55963,
        "G1CollectForAllocation": 873322081,
        "G1PauseRemark": 7681448,
        "G1PauseCleanup": 1366136,
        "G1TryInitiateConcMark": 11956855
    },
    "avg_pause_time_per_category": {
        "ICBufferFull": 55963.0,
        "G1CollectForAllocation": 8161888.61,
        "G1PauseRemark": 1097349.71,
        "G1PauseCleanup": 195162.29,
        "G1TryInitiateConcMark": 11956855.0
    },
    "p90_pause_time": 14110027.6,
    "throughput": 14610840830
}