{
    "garbage_collector": "G1",
    "jdk": "GraalVM_21.0.4",
    "benchmark_group": "Renaissance",
    "benchmark_name": "page-rank",
    "heap_size": "1024",
    "error": null,
    "avg_cpu_usage": 49.0,
    "avg_cpu_time": 49.8,
    "avg_io_time": 0.1,
    "p90_io": 0.0,
    "number_of_pauses": 408,
    "total_pause_time": 12112212461,
    "avg_pause_time": 29686795.25,
    "pauses_per_category": {
        "ICBufferFull": 9,
        "Cleanup": 4,
        "G1CollectForAllocation": 230,
        "CollectForMetadataAllocation": 2,
        "G1PauseRemark": 57,
        "G1PauseCleanup": 57,
        "G1TryInitiateConcMark": 49
    },
    "total_pause_time_per_category": {
        "ICBufferFull": 757007,
        "Cleanup": 311373,
        "G1CollectForAllocation": 10920460128,
        "CollectForMetadataAllocation": 8469248,
        "G1PauseRemark": 190706521,
        "G1PauseCleanup": 20730349,
        "G1TryInitiateConcMark": 970777835
    },
    "avg_pause_time_per_category": {
        "ICBufferFull": 84111.89,
        "Cleanup": 77843.25,
        "G1CollectForAllocation": 47480261.43,
        "CollectForMetadataAllocation": 4234624.0,
        "G1PauseRemark": 3345728.44,
        "G1PauseCleanup": 363690.33,
        "G1TryInitiateConcMark": 19811792.55
    },
    "p90_pause_time": 90922335.3,
    "throughput": 81215418137
}