{
    "garbage_collector": "Z",
    "jdk": "GraalVM_21.0.4",
    "benchmark_group": "Renaissance",
    "benchmark_name": "dotty",
    "heap_size": "2048",
    "error": null,
    "avg_cpu_usage": 26.7,
    "avg_cpu_time": 25.6,
    "avg_io_time": 0.0,
    "p90_io": 0.0,
    "number_of_pauses": 107,
    "total_pause_time": 17725779,
    "avg_pause_time": 165661.49,
    "pauses_per_category": {
        "ICBufferFull": 66,
        "XMarkStart": 8,
        "XMarkEnd": 8,
        "CleanClassLoaderDataMetaspaces": 5,
        "XRelocateStart": 8,
        "Cleanup": 12
    },
    "total_pause_time_per_category": {
        "ICBufferFull": 10617620,
        "XMarkStart": 1710929,
        "XMarkEnd": 1143937,
        "CleanClassLoaderDataMetaspaces": 1869961,
        "XRelocateStart": 961863,
        "Cleanup": 1421469
    },
    "avg_pause_time_per_category": {
        "ICBufferFull": 160873.03,
        "XMarkStart": 213866.12,
        "XMarkEnd": 142992.12,
        "CleanClassLoaderDataMetaspaces": 373992.2,
        "XRelocateStart": 120232.88,
        "Cleanup": 118455.75
    },
    "p90_pause_time": 239885.0,
    "throughput": 33756159760
}