{
    "garbage_collector": "Parallel",
    "jdk": "GraalVM_21.0.4",
    "benchmark_group": "Renaissance",
    "benchmark_name": "page-rank",
    "heap_size": "4096",
    "error": null,
    "avg_cpu_usage": 42.6,
    "avg_cpu_time": 41.4,
    "avg_io_time": 0.2,
    "p90_io": 0.0,
    "number_of_pauses": 81,
    "total_pause_time": 2614054443,
    "avg_pause_time": 32272277.07,
    "pauses_per_category": {
        "ICBufferFull": 14,
        "Cleanup": 7,
        "CollectForMetadataAllocation": 3,
        "ParallelGCFailedAllocation": 57
    },
    "total_pause_time_per_category": {
        "ICBufferFull": 1051081,
        "Cleanup": 515819,
        "CollectForMetadataAllocation": 82375404,
        "ParallelGCFailedAllocation": 2530112139
    },
    "avg_pause_time_per_category": {
        "ICBufferFull": 75077.21,
        "Cleanup": 73688.43,
        "CollectForMetadataAllocation": 27458468.0,
        "ParallelGCFailedAllocation": 44387932.26
    },
    "p90_pause_time": 73941766.0,
    "throughput": 49415104422
}