{
    "garbage_collector": "G1",
    "jdk": "GraalVM_21.0.4",
    "benchmark_group": "Renaissance",
    "benchmark_name": "movie-lens",
    "heap_size": "1024",
    "error": null,
    "avg_cpu_usage": 56.8,
    "avg_cpu_time": 54.4,
    "avg_io_time": 0.1,
    "p90_io": 0.0,
    "number_of_pauses": 931,
    "total_pause_time": 2085091895,
    "avg_pause_time": 2239626.1,
    "pauses_per_category": {
        "ICBufferFull": 39,
        "Cleanup": 1,
        "G1CollectForAllocation": 426,
        "CollectForMetadataAllocation": 4,
        "G1PauseRemark": 107,
        "G1PauseCleanup": 107,
        "G1TryInitiateConcMark": 247
    },
    "total_pause_time_per_category": {
        "ICBufferFull": 3116942,
        "Cleanup": 281565,
        "G1CollectForAllocation": 1214200468,
        "CollectForMetadataAllocation": 17738842,
        "G1PauseRemark": 414251087,
        "G1PauseCleanup": 48996497,
        "G1TryInitiateConcMark": 386506494
    },
    "avg_pause_time_per_category": {
        "ICBufferFull": 79921.59,
        "Cleanup": 281565.0,
        "G1CollectForAllocation": 2850235.84,
        "CollectForMetadataAllocation": 4434710.5,
        "G1PauseRemark": 3871505.49,
        "G1PauseCleanup": 457911.19,
        "G1TryInitiateConcMark": 1564803.62
    },
    "p90_pause_time": 4117346.0,
    "throughput": 98465136083
}