{
    "garbage_collector": "Parallel",
    "jdk": "GraalVM_21.0.4",
    "benchmark_group": "Renaissance",
    "benchmark_name": "rx-scrabble",
    "heap_size": "8192",
    "error": null,
    "avg_cpu_usage": 29.4,
    "avg_cpu_time": 27.0,
    "avg_io_time": 0.0,
    "p90_io": 0.0,
    "number_of_pauses": 13,
    "total_pause_time": 33460858,
    "avg_pause_time": 2573912.15,
    "pauses_per_category": {
        "ICBufferFull": 12,
        "ParallelGCFailedAllocation": 1
    },
    "total_pause_time_per_category": {
        "ICBufferFull": 1152841,
        "ParallelGCFailedAllocation": 32308017
    },
    "avg_pause_time_per_category": {
        "ICBufferFull": 96070.08,
        "ParallelGCFailedAllocation": 32308017.0
    },
    "p90_pause_time": 147506.0,
    "throughput": 2745447704
}