{
    "garbage_collector": "Z",
    "jdk": "GraalVM_21.0.4",
    "benchmark_group": "Renaissance",
    "benchmark_name": "gauss-mix",
    "heap_size": "4096",
    "error": null,
    "avg_cpu_usage": 30.9,
    "avg_cpu_time": 29.0,
    "avg_io_time": 0.0,
    "p90_io": 0.0,
    "number_of_pauses": 54,
    "total_pause_time": 7021319,
    "avg_pause_time": 130024.43,
    "pauses_per_category": {
        "ICBufferFull": 14,
        "Cleanup": 6,
        "XMarkStart": 11,
        "XMarkEnd": 8,
        "CleanClassLoaderDataMetaspaces": 5,
        "XRelocateStart": 10
    },
    "total_pause_time_per_category": {
        "ICBufferFull": 1306235,
        "Cleanup": 577343,
        "XMarkStart": 1173592,
        "XMarkEnd": 520034,
        "CleanClassLoaderDataMetaspaces": 2630593,
        "XRelocateStart": 813522
    },
    "avg_pause_time_per_category": {
        "ICBufferFull": 93302.5,
        "Cleanup": 96223.83,
        "XMarkStart": 106690.18,
        "XMarkEnd": 65004.25,
        "CleanClassLoaderDataMetaspaces": 526118.6,
        "XRelocateStart": 81352.2
    },
    "p90_pause_time": 191207.0,
    "throughput": 15213045679
}