{
    "garbage_collector": "Serial",
    "jdk": "GraalVM_21.0.4",
    "benchmark_group": "Renaissance",
    "benchmark_name": "fj-kmeans",
    "heap_size": "1024",
    "error": null,
    "avg_cpu_usage": 81.4,
    "avg_cpu_time": 82.8,
    "avg_io_time": 0.0,
    "p90_io": 0.0,
    "number_of_pauses": 361,
    "total_pause_time": 440248389,
    "avg_pause_time": 1219524.62,
    "pauses_per_category": {
        "ICBufferFull": 1,
        "GenCollectForAllocation": 360
    },
    "total_pause_time_per_category": {
        "ICBufferFull": 138900,
        "GenCollectForAllocation": 440109489
    },
    "avg_pause_time_per_category": {
        "ICBufferFull": 138900.0,
        "GenCollectForAllocation": 1222526.36
    },
    "p90_pause_time": 1253667.0,
    "throughput": 27866114722
}