{
    "garbage_collector": "Z",
    "jdk": "GraalVM_21.0.4",
    "benchmark_group": "Renaissance",
    "benchmark_name": "akka-uct",
    "heap_size": "2048",
    "error": null,
    "avg_cpu_usage": 63.7,
    "avg_cpu_time": 64.2,
    "avg_io_time": 0.0,
    "p90_io": 0.0,
    "number_of_pauses": 643,
    "total_pause_time": 254786251,
    "avg_pause_time": 396246.11,
    "pauses_per_category": {
        "ICBufferFull": 8,
        "XMarkStart": 209,
        "XMarkEnd": 213,
        "CleanClassLoaderDataMetaspaces": 4,
        "XRelocateStart": 209
    },
    "total_pause_time_per_category": {
        "ICBufferFull": 14098918,
        "XMarkStart": 85239421,
        "XMarkEnd": 71375644,
        "CleanClassLoaderDataMetaspaces": 1214694,
        "XRelocateStart": 82857574
    },
    "avg_pause_time_per_category": {
        "ICBufferFull": 1762364.75,
        "XMarkStart": 407844.12,
        "XMarkEnd": 335096.92,
        "CleanClassLoaderDataMetaspaces": 303673.5,
        "XRelocateStart": 396447.72
    },
    "p90_pause_time": 297834.6,
    "throughput": 148370873671
}