{
    "garbage_collector": "Serial",
    "jdk": "GraalVM_21.0.4",
    "benchmark_group": "Renaissance",
    "benchmark_name": "scala-doku",
    "heap_size": "512",
    "error": null,
    "avg_cpu_usage": 15.9,
    "avg_cpu_time": 17.4,
    "avg_io_time": 0.1,
    "p90_io": 0.0,
    "number_of_pauses": 21,
    "total_pause_time": 197506309,
    "avg_pause_time": 9405062.33,
    "pauses_per_category": {
        "ICBufferFull": 2,
        "GenCollectForAllocation": 11,
        "Cleanup": 8
    },
    "total_pause_time_per_category": {
        "ICBufferFull": 146867,
        "GenCollectForAllocation": 196627725,
        "Cleanup": 731717
    },
    "avg_pause_time_per_category": {
        "ICBufferFull": 73433.5,
        "GenCollectForAllocation": 17875247.73,
        "Cleanup": 91464.62
    },
    "p90_pause_time": 25267436.0,
    "throughput": 12766522227
}