{
    "garbage_collector": "Parallel",
    "jdk": "GraalVM_21.0.4",
    "benchmark_group": "Renaissance",
    "benchmark_name": "fj-kmeans",
    "heap_size": "256",
    "error": null,
    "avg_cpu_usage": 82.1,
    "avg_cpu_time": 83.3,
    "avg_io_time": 0.0,
    "p90_io": 0.0,
    "number_of_pauses": 1310,
    "total_pause_time": 1027731716,
    "avg_pause_time": 784528.03,
    "pauses_per_category": {
        "ICBufferFull": 1,
        "ParallelGCFailedAllocation": 1309
    },
    "total_pause_time_per_category": {
        "ICBufferFull": 58545,
        "ParallelGCFailedAllocation": 1027673171
    },
    "avg_pause_time_per_category": {
        "ICBufferFull": 58545.0,
        "ParallelGCFailedAllocation": 785082.64
    },
    "p90_pause_time": 1007950.2,
    "throughput": 29398226093
}