{
    "garbage_collector": "Serial",
    "jdk": "GraalVM_21.0.4",
    "benchmark_group": "Renaissance",
    "benchmark_name": "dotty",
    "heap_size": "4096",
    "error": null,
    "avg_cpu_usage": 26.1,
    "avg_cpu_time": 25.4,
    "avg_io_time": 0.1,
    "p90_io": 0.0,
    "number_of_pauses": 88,
    "total_pause_time": 599250255,
    "avg_pause_time": 6809661.99,
    "pauses_per_category": {
        "ICBufferFull": 71,
        "CollectForMetadataAllocation": 2,
        "GenCollectFull": 3,
        "Cleanup": 11,
        "GenCollectForAllocation": 1
    },
    "total_pause_time_per_category": {
        "ICBufferFull": 11051614,
        "CollectForMetadataAllocation": 53802457,
        "GenCollectFull": 470728492,
        "Cleanup": 1241576,
        "GenCollectForAllocation": 62426116
    },
    "avg_pause_time_per_category": {
        "ICBufferFull": 155656.54,
        "CollectForMetadataAllocation": 26901228.5,
        "GenCollectFull": 156909497.33,
        "Cleanup": 112870.55,
        "GenCollectForAllocation": 62426116.0
    },
    "p90_pause_time": 298151.3,
    "throughput": 32552568323
}