{
    "garbage_collector": "Z",
    "jdk": "GraalVM_21.0.4",
    "benchmark_group": "Renaissance",
    "benchmark_name": "chi-square",
    "heap_size": "512",
    "error": null,
    "avg_cpu_usage": 35.8,
    "avg_cpu_time": 35.3,
    "avg_io_time": 0.3,
    "p90_io": 0.0,
    "number_of_pauses": 477,
    "total_pause_time": 34793676,
    "avg_pause_time": 72942.72,
    "pauses_per_category": {
        "ICBufferFull": 4,
        "Cleanup": 1,
        "XMarkStart": 154,
        "XMarkEnd": 152,
        "CleanClassLoaderDataMetaspaces": 14,
        "XRelocateStart": 152
    },
    "total_pause_time_per_category": {
        "ICBufferFull": 361493,
        "Cleanup": 40789,
        "XMarkStart": 11233948,
        "XMarkEnd": 8970383,
        "CleanClassLoaderDataMetaspaces": 3043193,
        "XRelocateStart": 11143870
    },
    "avg_pause_time_per_category": {
        "ICBufferFull": 90373.25,
        "Cleanup": 40789.0,
        "XMarkStart": 72947.71,
        "XMarkEnd": 59015.68,
        "CleanClassLoaderDataMetaspaces": 217370.93,
        "XRelocateStart": 73314.93
    },
    "p90_pause_time": 117874.4,
    "throughput": 21309541217
}