{
    "garbage_collector": "Parallel",
    "jdk": "GraalVM_21.0.4",
    "benchmark_group": "Renaissance",
    "benchmark_name": "akka-uct",
    "heap_size": "256",
    "error": "Error code not found: 255\nUncaught error from thread [UCT-akka.actor.default-dispatcher-16]: GC overhead limit exceeded, shutting down JVM since 'akka.jvm-exit-on-fatal-error' is enabled for ActorSystem[UCT]\njava.lang.OutOfMemoryError: GC overhead limit exceeded\n\tat akka.actor.IndirectActorProducer$.apply(IndirectActorProducer.scala:54)\n\tat akka.actor.Props.producer(Props.scala:131)\n\tat akka.actor.Props.<init>(Props.scala:144)\n\tat akka.actor.Props$.apply(Props.scala:113)\n\tat akka.actor.Props$.apply(Props.scala:86)\n\tat akka.actor.Props$.mkProps(Props.scala:81)\n\tat akka.actor.Props$.apply(Props.scala:78)\n\tat edu.rice.habanero.benchmarks.uct.UctAkkaActorBenchmark$NodeActor$.createNodeActor(UctAkkaActorBenchmark.scala:217)\n\tat edu.rice.habanero.benchmarks.uct.UctAkkaActorBenchmark$NodeActor.generateChildren(UctAkkaActorBenchmark.scala:291)\n\tat edu.rice.habanero.benchmarks.uct.UctAkkaActorBenchmark$NodeActor.process(UctAkkaActorBenchmark.scala:244)\n\tat edu.rice.habanero.actors.AkkaActor$$anon$1.applyOrElse(AkkaActor.scala:33)\n\tat akka.actor.Actor.aroundReceive(Actor.scala:537)\n\tat akka.actor.Actor.aroundReceive$(Actor.scala:471)\n\tat edu.rice.habanero.actors.AkkaActor.aroundReceive(AkkaActor.scala:17)\n\tat akka.actor.ActorCell.receiveMessage(ActorCell.scala:579)\n\tat akka.actor.ActorCell.invoke(ActorCell.scala:547)\n\tat akka.dispatch.Mailbox.processMailbox(Mailbox.scala:270)\n\tat akka.dispatch.Mailbox.run(Mailbox.scala:231)\n\tat akka.dispatch.Mailbox.exec(Mailbox.scala:243)\n\tat java.base/java.util.concurrent.ForkJoinTask.doExec(ForkJoinTask.java:387)\n\tat java.base/java.util.concurrent.ForkJoinPool$WorkQueue.topLevelExec(ForkJoinPool.java:1312)\n\tat java.base/java.util.concurrent.ForkJoinPool.scan(ForkJoinPool.java:1843)\n\tat java.base/java.util.concurrent.ForkJoinPool.runWorker(ForkJoinPool.java:1808)\n\tat java.base/java.util.concurrent.ForkJoinWorkerThread.run(ForkJoinWorkerThread.java:188)\nUncaught error from thread [UCT-akka.actor.default-dispatcher-12]: GC overhead limit exceeded, shutting down JVM since 'akka.jvm-exit-on-fatal-error' is enabled for ActorSystem[UCT]\njava.lang.OutOfMemoryError: GC overhead limit exceeded\n\tat scala.collection.immutable.List.prependedAll(List.scala:153)\n\tat scala.collection.IterableOnceOps.toList(IterableOnce.scala:1315)\n\tat scala.collection.IterableOnceOps.toList$(IterableOnce.scala:1315)\n\tat scala.collection.AbstractIterable.toList(Iterable.scala:933)\n\tat akka.actor.Props$.apply(Props.scala:86)\n\tat akka.actor.Props$.mkProps(Props.scala:81)\n\tat akka.actor.Props$.apply(Props.scala:78)\n\tat edu.rice.habanero.benchmarks.uct.UctAkkaActorBenchmark$NodeActor$.createNodeActor(UctAkkaActorBenchmark.scala:217)\n\tat edu.rice.habanero.benchmarks.uct.UctAkkaActorBenchmark$NodeActor.generateUrgentChildren(UctAkkaActorBenchmark.scala:323)\n\tat edu.rice.habanero.benchmarks.uct.UctAkkaActorBenchmark$NodeActor.process(UctAkkaActorBenchmark.scala:249)\n\tat edu.rice.habanero.actors.AkkaActor$$anon$1.applyOrElse(AkkaActor.scala:33)\n\tat akka.actor.Actor.aroundReceive(Actor.scala:537)\n\tat akka.actor.Actor.aroundReceive$(Actor.scala:471)\n\tat edu.rice.habanero.actors.AkkaActor.aroundReceive(AkkaActor.scala:17)\n\tat akka.actor.ActorCell.receiveMessage(ActorCell.scala:579)\n\tat akka.actor.ActorCell.invoke(ActorCell.scala:547)\n\tat akka.dispatch.Mailbox.processMailbox(Mailbox.scala:270)\n\tat akka.dispatch.Mailbox.run(Mailbox.scala:231)\n\tat akka.dispatch.Mailbox.exec(Mailbox.scala:243)\n\tat java.base/java.util.concurrent.ForkJoinTask.doExec(ForkJoinTask.java:387)\nUncaught error from thread [UCT-akka.actor.internal-dispatcher-2]: GC overhead limit exceeded, shutting down JVM since 'akka.jvm-exit-on-fatal-error' is enabled for ActorSystem[UCT]\njava.lang.OutOfMemoryError: GC overhead limit exceeded\nRuntime.exit(-1) logging failed: Could not initialize class jdk.internal.logger.LazyLoggers\n",
    "avg_cpu_usage": 87.5,
    "avg_cpu_time": 88.3,
    "avg_io_time": 0.0,
    "p90_io": 0.0,
    "number_of_pauses": 0,
    "total_pause_time": 0,
    "avg_pause_time": 0,
    "pauses_per_category": {},
    "total_pause_time_per_category": {},
    "avg_pause_time_per_category": {},
    "p90_pause_time": 0,
    "throughput": 0
}