{
    "garbage_collector": "Z",
    "jdk": "GraalVM_21.0.4",
    "benchmark_group": "Renaissance",
    "benchmark_name": "future-genetic",
    "heap_size": "256",
    "error": null,
    "avg_cpu_usage": 40.0,
    "avg_cpu_time": 37.3,
    "avg_io_time": 0.0,
    "p90_io": 0.0,
    "number_of_pauses": 422,
    "total_pause_time": 43629506,
    "avg_pause_time": 103387.45,
    "pauses_per_category": {
        "ICBufferFull": 2,
        "XMarkStart": 139,
        "XMarkEnd": 139,
        "CleanClassLoaderDataMetaspaces": 3,
        "XRelocateStart": 139
    },
    "total_pause_time_per_category": {
        "ICBufferFull": 199461,
        "XMarkStart": 13771826,
        "XMarkEnd": 13512395,
        "CleanClassLoaderDataMetaspaces": 662376,
        "XRelocateStart": 15483448
    },
    "avg_pause_time_per_category": {
        "ICBufferFull": 99730.5,
        "XMarkStart": 99077.88,
        "XMarkEnd": 97211.47,
        "CleanClassLoaderDataMetaspaces": 220792.0,
        "XRelocateStart": 111391.71
    },
    "p90_pause_time": 104878.0,
    "throughput": 14928756012
}