{
    "garbage_collector": "G1",
    "jdk": "GraalVM_21.0.4",
    "benchmark_group": "Renaissance",
    "benchmark_name": "future-genetic",
    "heap_size": "512",
    "error": null,
    "avg_cpu_usage": 37.2,
    "avg_cpu_time": 36.1,
    "avg_io_time": 0.0,
    "p90_io": 0.0,
    "number_of_pauses": 56,
    "total_pause_time": 67801670,
    "avg_pause_time": 1210744.11,
    "pauses_per_category": {
        "ICBufferFull": 4,
        "G1CollectForAllocation": 52
    },
    "total_pause_time_per_category": {
        "ICBufferFull": 436277,
        "G1CollectForAllocation": 67365393
    },
    "avg_pause_time_per_category": {
        "ICBufferFull": 109069.25,
        "G1CollectForAllocation": 1295488.33
    },
    "p90_pause_time": 1414970.0,
    "throughput": 17365132368
}