{
    "garbage_collector": "Parallel",
    "jdk": "GraalVM_21.0.4",
    "benchmark_group": "Renaissance",
    "benchmark_name": "dec-tree",
    "heap_size": "8192",
    "error": null,
    "avg_cpu_usage": 35.0,
    "avg_cpu_time": 37.1,
    "avg_io_time": 0.0,
    "p90_io": 0.0,
    "number_of_pauses": 62,
    "total_pause_time": 284030946,
    "avg_pause_time": 4581144.29,
    "pauses_per_category": {
        "ICBufferFull": 51,
        "Cleanup": 1,
        "CollectForMetadataAllocation": 4,
        "ParallelGCFailedAllocation": 5,
        "ParallelGCSystemGC": 1
    },
    "total_pause_time_per_category": {
        "ICBufferFull": 4908102,
        "Cleanup": 295495,
        "CollectForMetadataAllocation": 134000004,
        "ParallelGCFailedAllocation": 53881178,
        "ParallelGCSystemGC": 90946167
    },
    "avg_pause_time_per_category": {
        "ICBufferFull": 96237.29,
        "Cleanup": 295495.0,
        "CollectForMetadataAllocation": 33500001.0,
        "ParallelGCFailedAllocation": 10776235.6,
        "ParallelGCSystemGC": 90946167.0
    },
    "p90_pause_time": 17127795.7,
    "throughput": 16751594789
}