{
    "garbage_collector": "G1",
    "jdk": "GraalVM_21.0.4",
    "benchmark_group": "Renaissance",
    "benchmark_name": "movie-lens",
    "heap_size": "2048",
    "error": null,
    "avg_cpu_usage": 58.3,
    "avg_cpu_time": 53.4,
    "avg_io_time": 0.0,
    "p90_io": 0.0,
    "number_of_pauses": 470,
    "total_pause_time": 1287971916,
    "avg_pause_time": 2740365.78,
    "pauses_per_category": {
        "ICBufferFull": 35,
        "Cleanup": 1,
        "CollectForMetadataAllocation": 3,
        "G1PauseRemark": 26,
        "G1PauseCleanup": 26,
        "G1CollectForAllocation": 79,
        "G1TryInitiateConcMark": 300
    },
    "total_pause_time_per_category": {
        "ICBufferFull": 4335016,
        "Cleanup": 101188,
        "CollectForMetadataAllocation": 24562416,
        "G1PauseRemark": 99434109,
        "G1PauseCleanup": 16924057,
        "G1CollectForAllocation": 355082634,
        "G1TryInitiateConcMark": 787532496
    },
    "avg_pause_time_per_category": {
        "ICBufferFull": 123857.6,
        "Cleanup": 101188.0,
        "CollectForMetadataAllocation": 8187472.0,
        "G1PauseRemark": 3824388.81,
        "G1PauseCleanup": 650925.27,
        "G1CollectForAllocation": 4494716.89,
        "G1TryInitiateConcMark": 2625108.32
    },
    "p90_pause_time": 4690668.6,
    "throughput": 97921151941
}