{
    "garbage_collector": "Z",
    "jdk": "GraalVM_21.0.4",
    "benchmark_group": "Renaissance",
    "benchmark_name": "finagle-chirper",
    "heap_size": "4096",
    "error": null,
    "avg_cpu_usage": 77.3,
    "avg_cpu_time": 71.5,
    "avg_io_time": 0.0,
    "p90_io": 0.0,
    "number_of_pauses": 158,
    "total_pause_time": 35960032,
    "avg_pause_time": 227595.14,
    "pauses_per_category": {
        "ICBufferFull": 78,
        "XMarkStart": 17,
        "XMarkEnd": 17,
        "CleanClassLoaderDataMetaspaces": 3,
        "XRelocateStart": 17,
        "Cleanup": 26
    },
    "total_pause_time_per_category": {
        "ICBufferFull": 22379262,
        "XMarkStart": 3752604,
        "XMarkEnd": 2257716,
        "CleanClassLoaderDataMetaspaces": 1492442,
        "XRelocateStart": 2162950,
        "Cleanup": 3915058
    },
    "avg_pause_time_per_category": {
        "ICBufferFull": 286913.62,
        "XMarkStart": 220741.41,
        "XMarkEnd": 132806.82,
        "CleanClassLoaderDataMetaspaces": 497480.67,
        "XRelocateStart": 127232.35,
        "Cleanup": 150579.15
    },
    "p90_pause_time": 338101.7,
    "throughput": 48185407670
}