{
    "garbage_collector": "G1",
    "jdk": "GraalVM_21.0.4",
    "benchmark_group": "Renaissance",
    "benchmark_name": "mnemonics",
    "heap_size": "256",
    "error": null,
    "avg_cpu_usage": 18.2,
    "avg_cpu_time": 19.5,
    "avg_io_time": 0.0,
    "p90_io": 0.0,
    "number_of_pauses": 309,
    "total_pause_time": 1026356971,
    "avg_pause_time": 3321543.6,
    "pauses_per_category": {
        "G1CollectForAllocation": 224,
        "G1PauseRemark": 37,
        "G1PauseCleanup": 37,
        "G1TryInitiateConcMark": 11
    },
    "total_pause_time_per_category": {
        "G1CollectForAllocation": 915635499,
        "G1PauseRemark": 31024582,
        "G1PauseCleanup": 5673506,
        "G1TryInitiateConcMark": 74023384
    },
    "avg_pause_time_per_category": {
        "G1CollectForAllocation": 4087658.48,
        "G1PauseRemark": 838502.22,
        "G1PauseCleanup": 153338.0,
        "G1TryInitiateConcMark": 6729398.55
    },
    "p90_pause_time": 6244620.8,
    "throughput": 17347073425
}