{
    "garbage_collector": "G1",
    "jdk": "GraalVM_21.0.4",
    "benchmark_group": "Renaissance",
    "benchmark_name": "future-genetic",
    "heap_size": "256",
    "error": null,
    "avg_cpu_usage": 36.8,
    "avg_cpu_time": 36.0,
    "avg_io_time": 0.0,
    "p90_io": 0.0,
    "number_of_pauses": 105,
    "total_pause_time": 113934448,
    "avg_pause_time": 1085089.98,
    "pauses_per_category": {
        "G1CollectForAllocation": 104,
        "ICBufferFull": 1
    },
    "total_pause_time_per_category": {
        "G1CollectForAllocation": 113790975,
        "ICBufferFull": 143473
    },
    "avg_pause_time_per_category": {
        "G1CollectForAllocation": 1094143.99,
        "ICBufferFull": 143473.0
    },
    "p90_pause_time": 1342892.4,
    "throughput": 17364536314
}