{
    "garbage_collector": "G1",
    "jdk": "GraalVM_21.0.4",
    "benchmark_group": "Renaissance",
    "benchmark_name": "akka-uct",
    "heap_size": "256",
    "error": null,
    "avg_cpu_usage": 72.6,
    "avg_cpu_time": 72.9,
    "avg_io_time": 0.0,
    "p90_io": 0.0,
    "number_of_pauses": 5830,
    "total_pause_time": 83016226117,
    "avg_pause_time": 14239489.9,
    "pauses_per_category": {
        "ICBufferFull": 1,
        "G1CollectForAllocation": 5743,
        "CollectForMetadataAllocation": 3,
        "G1PauseRemark": 75,
        "G1PauseCleanup": 8
    },
    "total_pause_time_per_category": {
        "ICBufferFull": 127901,
        "G1CollectForAllocation": 82803871420,
        "CollectForMetadataAllocation": 2635285,
        "G1PauseRemark": 206065146,
        "G1PauseCleanup": 3526365
    },
    "avg_pause_time_per_category": {
        "ICBufferFull": 127901.0,
        "G1CollectForAllocation": 14418225.91,
        "CollectForMetadataAllocation": 878428.33,
        "G1PauseRemark": 2747535.28,
        "G1PauseCleanup": 440795.62
    },
    "p90_pause_time": 13039551.3,
    "throughput": 146443304722
}