{
    "garbage_collector": "Z",
    "jdk": "GraalVM_21.0.4",
    "benchmark_group": "Renaissance",
    "benchmark_name": "akka-uct",
    "heap_size": "4096",
    "error": null,
    "avg_cpu_usage": 79.6,
    "avg_cpu_time": 78.8,
    "avg_io_time": 0.0,
    "p90_io": 0.0,
    "number_of_pauses": 347,
    "total_pause_time": 184392955,
    "avg_pause_time": 531391.8,
    "pauses_per_category": {
        "ICBufferFull": 15,
        "XMarkStart": 107,
        "XMarkEnd": 114,
        "CleanClassLoaderDataMetaspaces": 3,
        "XRelocateStart": 107,
        "Cleanup": 1
    },
    "total_pause_time_per_category": {
        "ICBufferFull": 9447925,
        "XMarkStart": 59954440,
        "XMarkEnd": 33141325,
        "CleanClassLoaderDataMetaspaces": 5115033,
        "XRelocateStart": 76535201,
        "Cleanup": 199031
    },
    "avg_pause_time_per_category": {
        "ICBufferFull": 629861.67,
        "XMarkStart": 560321.87,
        "XMarkEnd": 290713.38,
        "CleanClassLoaderDataMetaspaces": 1705011.0,
        "XRelocateStart": 715282.25,
        "Cleanup": 199031.0
    },
    "p90_pause_time": 488737.0,
    "throughput": 101036329380
}