{
    "garbage_collector": "G1",
    "jdk": "GraalVM_21.0.4",
    "benchmark_group": "Renaissance",
    "benchmark_name": "par-mnemonics",
    "heap_size": "4096",
    "error": null,
    "avg_cpu_usage": 22.8,
    "avg_cpu_time": 21.6,
    "avg_io_time": 0.1,
    "p90_io": 0.0,
    "number_of_pauses": 25,
    "total_pause_time": 702375019,
    "avg_pause_time": 28095000.76,
    "pauses_per_category": {
        "ICBufferFull": 1,
        "G1CollectForAllocation": 23,
        "Cleanup": 1
    },
    "total_pause_time_per_category": {
        "ICBufferFull": 57542,
        "G1CollectForAllocation": 702084895,
        "Cleanup": 232582
    },
    "avg_pause_time_per_category": {
        "ICBufferFull": 57542.0,
        "G1CollectForAllocation": 30525430.22,
        "Cleanup": 232582.0
    },
    "p90_pause_time": 66207185.0,
    "throughput": 14614327006
}