{
    "garbage_collector": "Z",
    "jdk": "GraalVM_21.0.4",
    "benchmark_group": "Renaissance",
    "benchmark_name": "scala-doku",
    "heap_size": "1024",
    "error": null,
    "avg_cpu_usage": 17.5,
    "avg_cpu_time": 17.9,
    "avg_io_time": 0.0,
    "p90_io": 0.0,
    "number_of_pauses": 30,
    "total_pause_time": 3729631,
    "avg_pause_time": 124321.03,
    "pauses_per_category": {
        "ICBufferFull": 2,
        "XMarkStart": 6,
        "XMarkEnd": 6,
        "CleanClassLoaderDataMetaspaces": 2,
        "XRelocateStart": 6,
        "Cleanup": 8
    },
    "total_pause_time_per_category": {
        "ICBufferFull": 128017,
        "XMarkStart": 687811,
        "XMarkEnd": 591669,
        "CleanClassLoaderDataMetaspaces": 722655,
        "XRelocateStart": 857691,
        "Cleanup": 741788
    },
    "avg_pause_time_per_category": {
        "ICBufferFull": 64008.5,
        "XMarkStart": 114635.17,
        "XMarkEnd": 98611.5,
        "CleanClassLoaderDataMetaspaces": 361327.5,
        "XRelocateStart": 142948.5,
        "Cleanup": 92723.5
    },
    "p90_pause_time": 148443.7,
    "throughput": 12458357272
}