{
    "garbage_collector": "Serial",
    "jdk": "GraalVM_21.0.4",
    "benchmark_group": "Renaissance",
    "benchmark_name": "fj-kmeans",
    "heap_size": "256",
    "error": null,
    "avg_cpu_usage": 81.9,
    "avg_cpu_time": 82.5,
    "avg_io_time": 0.0,
    "p90_io": 0.0,
    "number_of_pauses": 1444,
    "total_pause_time": 1360603437,
    "avg_pause_time": 942246.15,
    "pauses_per_category": {
        "ICBufferFull": 1,
        "GenCollectForAllocation": 1443
    },
    "total_pause_time_per_category": {
        "ICBufferFull": 82295,
        "GenCollectForAllocation": 1360521142
    },
    "avg_pause_time_per_category": {
        "ICBufferFull": 82295.0,
        "GenCollectForAllocation": 942842.09
    },
    "p90_pause_time": 1183554.9,
    "throughput": 30542546592
}