{
    "garbage_collector": "G1",
    "jdk": "GraalVM_21.0.4",
    "benchmark_group": "Renaissance",
    "benchmark_name": "rx-scrabble",
    "heap_size": "4096",
    "error": null,
    "avg_cpu_usage": 30.2,
    "avg_cpu_time": 32.6,
    "avg_io_time": 0.0,
    "p90_io": 0.0,
    "number_of_pauses": 11,
    "total_pause_time": 54418787,
    "avg_pause_time": 4947162.45,
    "pauses_per_category": {
        "ICBufferFull": 6,
        "G1CollectForAllocation": 5
    },
    "total_pause_time_per_category": {
        "ICBufferFull": 515997,
        "G1CollectForAllocation": 53902790
    },
    "avg_pause_time_per_category": {
        "ICBufferFull": 85999.5,
        "G1CollectForAllocation": 10780558.0
    },
    "p90_pause_time": 15596940.0,
    "throughput": 2752902080
}