{
    "garbage_collector": "Parallel",
    "jdk": "GraalVM_21.0.4",
    "benchmark_group": "Renaissance",
    "benchmark_name": "gauss-mix",
    "heap_size": "2048",
    "error": null,
    "avg_cpu_usage": 32.1,
    "avg_cpu_time": 32.4,
    "avg_io_time": 0.0,
    "p90_io": 0.0,
    "number_of_pauses": 35,
    "total_pause_time": 123398105,
    "avg_pause_time": 3525660.14,
    "pauses_per_category": {
        "ICBufferFull": 12,
        "Cleanup": 2,
        "CollectForMetadataAllocation": 3,
        "ParallelGCFailedAllocation": 17,
        "ParallelGCSystemGC": 1
    },
    "total_pause_time_per_category": {
        "ICBufferFull": 855453,
        "Cleanup": 89950,
        "CollectForMetadataAllocation": 79433255,
        "ParallelGCFailedAllocation": 36756097,
        "ParallelGCSystemGC": 6263350
    },
    "avg_pause_time_per_category": {
        "ICBufferFull": 71287.75,
        "Cleanup": 44975.0,
        "CollectForMetadataAllocation": 26477751.67,
        "ParallelGCFailedAllocation": 2162123.35,
        "ParallelGCSystemGC": 6263350.0
    },
    "p90_pause_time": 6131579.6,
    "throughput": 12783583086
}