{
    "garbage_collector": "Serial",
    "jdk": "GraalVM_21.0.4",
    "benchmark_group": "Renaissance",
    "benchmark_name": "future-genetic",
    "heap_size": "8192",
    "error": null,
    "avg_cpu_usage": 37.0,
    "avg_cpu_time": 35.1,
    "avg_io_time": 0.0,
    "p90_io": 0.0,
    "number_of_pauses": 23,
    "total_pause_time": 53116356,
    "avg_pause_time": 2309406.78,
    "pauses_per_category": {
        "ICBufferFull": 5,
        "Cleanup": 11,
        "GenCollectForAllocation": 7
    },
    "total_pause_time_per_category": {
        "ICBufferFull": 549205,
        "Cleanup": 1025567,
        "GenCollectForAllocation": 51541584
    },
    "avg_pause_time_per_category": {
        "ICBufferFull": 109841.0,
        "Cleanup": 93233.36,
        "GenCollectForAllocation": 7363083.43
    },
    "p90_pause_time": 7415506.0,
    "throughput": 16443082702
}