{
    "garbage_collector": "Parallel",
    "jdk": "GraalVM_21.0.4",
    "benchmark_group": "Renaissance",
    "benchmark_name": "log-regression",
    "heap_size": "8192",
    "error": null,
    "avg_cpu_usage": 48.6,
    "avg_cpu_time": 47.8,
    "avg_io_time": 0.0,
    "p90_io": 0.0,
    "number_of_pauses": 83,
    "total_pause_time": 436890088,
    "avg_pause_time": 5263736.0,
    "pauses_per_category": {
        "ICBufferFull": 62,
        "Cleanup": 1,
        "CollectForMetadataAllocation": 9,
        "ParallelGCFailedAllocation": 10,
        "ParallelGCSystemGC": 1
    },
    "total_pause_time_per_category": {
        "ICBufferFull": 6705527,
        "Cleanup": 25298,
        "CollectForMetadataAllocation": 134205025,
        "ParallelGCFailedAllocation": 190015955,
        "ParallelGCSystemGC": 105938283
    },
    "avg_pause_time_per_category": {
        "ICBufferFull": 108153.66,
        "Cleanup": 25298.0,
        "CollectForMetadataAllocation": 14911669.44,
        "ParallelGCFailedAllocation": 19001595.5,
        "ParallelGCSystemGC": 105938283.0
    },
    "p90_pause_time": 22788551.0,
    "throughput": 20211950492
}