{
    "garbage_collector": "Z",
    "jdk": "GraalVM_21.0.4",
    "benchmark_group": "Renaissance",
    "benchmark_name": "dotty",
    "heap_size": "512",
    "error": null,
    "avg_cpu_usage": 27.3,
    "avg_cpu_time": 25.8,
    "avg_io_time": 0.1,
    "p90_io": 0.0,
    "number_of_pauses": 126,
    "total_pause_time": 21748816,
    "avg_pause_time": 172609.65,
    "pauses_per_category": {
        "ICBufferFull": 64,
        "XMarkStart": 14,
        "XMarkEnd": 14,
        "CleanClassLoaderDataMetaspaces": 6,
        "XRelocateStart": 15,
        "Cleanup": 13
    },
    "total_pause_time_per_category": {
        "ICBufferFull": 9541999,
        "XMarkStart": 3360363,
        "XMarkEnd": 2194010,
        "CleanClassLoaderDataMetaspaces": 2250696,
        "XRelocateStart": 2069301,
        "Cleanup": 2332447
    },
    "avg_pause_time_per_category": {
        "ICBufferFull": 149093.73,
        "XMarkStart": 240025.93,
        "XMarkEnd": 156715.0,
        "CleanClassLoaderDataMetaspaces": 375116.0,
        "XRelocateStart": 137953.4,
        "Cleanup": 179419.0
    },
    "p90_pause_time": 254484.0,
    "throughput": 33458408480
}