{
    "garbage_collector": "G1",
    "jdk": "GraalVM_21.0.4",
    "benchmark_group": "Renaissance",
    "benchmark_name": "gauss-mix",
    "heap_size": "4096",
    "error": null,
    "avg_cpu_usage": 31.5,
    "avg_cpu_time": 32.2,
    "avg_io_time": 0.0,
    "p90_io": 0.0,
    "number_of_pauses": 41,
    "total_pause_time": 96949727,
    "avg_pause_time": 2364627.49,
    "pauses_per_category": {
        "ICBufferFull": 22,
        "Cleanup": 2,
        "CollectForMetadataAllocation": 7,
        "G1PauseRemark": 3,
        "G1PauseCleanup": 3,
        "G1CollectForAllocation": 4
    },
    "total_pause_time_per_category": {
        "ICBufferFull": 1991523,
        "Cleanup": 224526,
        "CollectForMetadataAllocation": 48008460,
        "G1PauseRemark": 5339293,
        "G1PauseCleanup": 800471,
        "G1CollectForAllocation": 40585454
    },
    "avg_pause_time_per_category": {
        "ICBufferFull": 90523.77,
        "Cleanup": 112263.0,
        "CollectForMetadataAllocation": 6858351.43,
        "G1PauseRemark": 1779764.33,
        "G1PauseCleanup": 266823.67,
        "G1CollectForAllocation": 10146363.5
    },
    "p90_pause_time": 10332553.0,
    "throughput": 12783427397
}