{
    "garbage_collector": "Serial",
    "jdk": "GraalVM_21.0.4",
    "benchmark_group": "Renaissance",
    "benchmark_name": "mnemonics",
    "heap_size": "8192",
    "error": null,
    "avg_cpu_usage": 14.4,
    "avg_cpu_time": 19.4,
    "avg_io_time": 0.0,
    "p90_io": 0.0,
    "number_of_pauses": 20,
    "total_pause_time": 298728125,
    "avg_pause_time": 14936406.25,
    "pauses_per_category": {
        "ICBufferFull": 1,
        "Cleanup": 5,
        "GenCollectForAllocation": 14
    },
    "total_pause_time_per_category": {
        "ICBufferFull": 82557,
        "Cleanup": 477695,
        "GenCollectForAllocation": 298167873
    },
    "avg_pause_time_per_category": {
        "ICBufferFull": 82557.0,
        "Cleanup": 95539.0,
        "GenCollectForAllocation": 21297705.21
    },
    "p90_pause_time": 27961375.1,
    "throughput": 16425540330
}