{
    "garbage_collector": "Parallel",
    "jdk": "GraalVM_21.0.4",
    "benchmark_group": "Renaissance",
    "benchmark_name": "akka-uct",
    "heap_size": "4096",
    "error": null,
    "avg_cpu_usage": 83.7,
    "avg_cpu_time": 82.3,
    "avg_io_time": 0.0,
    "p90_io": 0.0,
    "number_of_pauses": 189,
    "total_pause_time": 11697503194,
    "avg_pause_time": 61891551.29,
    "pauses_per_category": {
        "ICBufferFull": 15,
        "CollectForMetadataAllocation": 3,
        "ParallelGCFailedAllocation": 170,
        "Cleanup": 1
    },
    "total_pause_time_per_category": {
        "ICBufferFull": 18057824,
        "CollectForMetadataAllocation": 30958278,
        "ParallelGCFailedAllocation": 11648334169,
        "Cleanup": 152923
    },
    "avg_pause_time_per_category": {
        "ICBufferFull": 1203854.93,
        "CollectForMetadataAllocation": 10319426.0,
        "ParallelGCFailedAllocation": 68519612.76,
        "Cleanup": 152923.0
    },
    "p90_pause_time": 83206114.6,
    "throughput": 68561275725
}