{
    "garbage_collector": "G1",
    "jdk": "GraalVM_21.0.4",
    "benchmark_group": "Renaissance",
    "benchmark_name": "log-regression",
    "heap_size": "512",
    "error": null,
    "avg_cpu_usage": 47.7,
    "avg_cpu_time": 51.3,
    "avg_io_time": 0.1,
    "p90_io": 0.0,
    "number_of_pauses": 387,
    "total_pause_time": 1321354011,
    "avg_pause_time": 3414351.45,
    "pauses_per_category": {
        "ICBufferFull": 40,
        "G1CollectForAllocation": 166,
        "CollectForMetadataAllocation": 23,
        "G1PauseRemark": 48,
        "G1PauseCleanup": 48,
        "G1TryInitiateConcMark": 61,
        "Cleanup": 1
    },
    "total_pause_time_per_category": {
        "ICBufferFull": 3788977,
        "G1CollectForAllocation": 876168422,
        "CollectForMetadataAllocation": 64724488,
        "G1PauseRemark": 209170365,
        "G1PauseCleanup": 13529680,
        "G1TryInitiateConcMark": 153938500,
        "Cleanup": 33579
    },
    "avg_pause_time_per_category": {
        "ICBufferFull": 94724.43,
        "G1CollectForAllocation": 5278123.02,
        "CollectForMetadataAllocation": 2814108.17,
        "G1PauseRemark": 4357715.94,
        "G1PauseCleanup": 281868.33,
        "G1TryInitiateConcMark": 2523581.97,
        "Cleanup": 33579.0
    },
    "p90_pause_time": 5236187.8,
    "throughput": 23270965313
}