{
    "garbage_collector": "Z",
    "jdk": "GraalVM_21.0.4",
    "benchmark_group": "Renaissance",
    "benchmark_name": "dec-tree",
    "heap_size": "512",
    "error": null,
    "avg_cpu_usage": 44.6,
    "avg_cpu_time": 47.1,
    "avg_io_time": 0.0,
    "p90_io": 0.0,
    "number_of_pauses": 441,
    "total_pause_time": 43650123,
    "avg_pause_time": 98979.87,
    "pauses_per_category": {
        "ICBufferFull": 17,
        "Cleanup": 1,
        "XMarkStart": 138,
        "XMarkEnd": 133,
        "CleanClassLoaderDataMetaspaces": 16,
        "XRelocateStart": 136
    },
    "total_pause_time_per_category": {
        "ICBufferFull": 1550722,
        "Cleanup": 29158,
        "XMarkStart": 11298759,
        "XMarkEnd": 11797199,
        "CleanClassLoaderDataMetaspaces": 6859530,
        "XRelocateStart": 12114755
    },
    "avg_pause_time_per_category": {
        "ICBufferFull": 91218.94,
        "Cleanup": 29158.0,
        "XMarkStart": 81875.07,
        "XMarkEnd": 88700.74,
        "CleanClassLoaderDataMetaspaces": 428720.62,
        "XRelocateStart": 89079.08
    },
    "p90_pause_time": 142299.0,
    "throughput": 20418479192
}