{
    "garbage_collector": "Parallel",
    "jdk": "GraalVM_21.0.4",
    "benchmark_group": "Renaissance",
    "benchmark_name": "chi-square",
    "heap_size": "1024",
    "error": null,
    "avg_cpu_usage": 30.3,
    "avg_cpu_time": 32.4,
    "avg_io_time": 0.3,
    "p90_io": 0.0,
    "number_of_pauses": 87,
    "total_pause_time": 404202175,
    "avg_pause_time": 4646002.01,
    "pauses_per_category": {
        "ICBufferFull": 8,
        "Cleanup": 1,
        "CollectForMetadataAllocation": 3,
        "ParallelGCFailedAllocation": 75
    },
    "total_pause_time_per_category": {
        "ICBufferFull": 683944,
        "Cleanup": 90708,
        "CollectForMetadataAllocation": 84486902,
        "ParallelGCFailedAllocation": 318940621
    },
    "avg_pause_time_per_category": {
        "ICBufferFull": 85493.0,
        "Cleanup": 90708.0,
        "CollectForMetadataAllocation": 28162300.67,
        "ParallelGCFailedAllocation": 4252541.61
    },
    "p90_pause_time": 17981491.0,
    "throughput": 11884708750
}