{
    "garbage_collector": "Serial",
    "jdk": "GraalVM_21.0.4",
    "benchmark_group": "Renaissance",
    "benchmark_name": "akka-uct",
    "heap_size": "512",
    "error": null,
    "avg_cpu_usage": 37.5,
    "avg_cpu_time": 37.9,
    "avg_io_time": 0.0,
    "p90_io": 0.0,
    "number_of_pauses": 1362,
    "total_pause_time": 104771766803,
    "avg_pause_time": 76924938.92,
    "pauses_per_category": {
        "ICBufferFull": 20,
        "GenCollectForAllocation": 1326,
        "CollectForMetadataAllocation": 16
    },
    "total_pause_time_per_category": {
        "ICBufferFull": 12844601,
        "GenCollectForAllocation": 104727884884,
        "CollectForMetadataAllocation": 31037318
    },
    "avg_pause_time_per_category": {
        "ICBufferFull": 642230.05,
        "GenCollectForAllocation": 78980305.34,
        "CollectForMetadataAllocation": 1939832.38
    },
    "p90_pause_time": 87157980.4,
    "throughput": 159578875411
}