{
    "garbage_collector": "Serial",
    "jdk": "GraalVM_21.0.4",
    "benchmark_group": "Renaissance",
    "benchmark_name": "finagle-http",
    "heap_size": "4096",
    "error": null,
    "avg_cpu_usage": 82.5,
    "avg_cpu_time": 70.2,
    "avg_io_time": 0.0,
    "p90_io": 0.0,
    "number_of_pauses": 124,
    "total_pause_time": 314298654,
    "avg_pause_time": 2534666.56,
    "pauses_per_category": {
        "ICBufferFull": 68,
        "CollectForMetadataAllocation": 4,
        "GenCollectForAllocation": 32,
        "Cleanup": 20
    },
    "total_pause_time_per_category": {
        "ICBufferFull": 9478649,
        "CollectForMetadataAllocation": 43237165,
        "GenCollectForAllocation": 258974830,
        "Cleanup": 2608010
    },
    "avg_pause_time_per_category": {
        "ICBufferFull": 139391.9,
        "CollectForMetadataAllocation": 10809291.25,
        "GenCollectForAllocation": 8092963.44,
        "Cleanup": 130400.5
    },
    "p90_pause_time": 9351078.2,
    "throughput": 50414489314
}