{
    "garbage_collector": "Serial",
    "jdk": "GraalVM_21.0.4",
    "benchmark_group": "Renaissance",
    "benchmark_name": "reactors",
    "heap_size": "4096",
    "error": null,
    "avg_cpu_usage": 32.8,
    "avg_cpu_time": 34.7,
    "avg_io_time": 0.0,
    "p90_io": 0.0,
    "number_of_pauses": 72,
    "total_pause_time": 12082779973,
    "avg_pause_time": 167816388.51,
    "pauses_per_category": {
        "ICBufferFull": 2,
        "Cleanup": 23,
        "GenCollectForAllocation": 47
    },
    "total_pause_time_per_category": {
        "ICBufferFull": 215874,
        "Cleanup": 2026723,
        "GenCollectForAllocation": 12080537376
    },
    "avg_pause_time_per_category": {
        "ICBufferFull": 107937.0,
        "Cleanup": 88118.39,
        "GenCollectForAllocation": 257032710.13
    },
    "p90_pause_time": 558023359.8,
    "throughput": 76314724786
}