{
    "garbage_collector": "G1",
    "jdk": "GraalVM_21.0.4",
    "benchmark_group": "Renaissance",
    "benchmark_name": "fj-kmeans",
    "heap_size": "256",
    "error": null,
    "avg_cpu_usage": 87.6,
    "avg_cpu_time": 88.8,
    "avg_io_time": 0.0,
    "p90_io": 0.0,
    "number_of_pauses": 1286,
    "total_pause_time": 1801267060,
    "avg_pause_time": 1400674.23,
    "pauses_per_category": {
        "ICBufferFull": 1,
        "G1CollectForAllocation": 642,
        "G1TryInitiateConcMark": 217,
        "G1PauseRemark": 213,
        "G1PauseCleanup": 213
    },
    "total_pause_time_per_category": {
        "ICBufferFull": 57697,
        "G1CollectForAllocation": 1244145572,
        "G1TryInitiateConcMark": 349904098,
        "G1PauseRemark": 164066073,
        "G1PauseCleanup": 43093620
    },
    "avg_pause_time_per_category": {
        "ICBufferFull": 57697.0,
        "G1CollectForAllocation": 1937921.45,
        "G1TryInitiateConcMark": 1612461.28,
        "G1PauseRemark": 770263.25,
        "G1PauseCleanup": 202317.46
    },
    "p90_pause_time": 2029504.0,
    "throughput": 35145937464
}