{
    "garbage_collector": "G1",
    "jdk": "GraalVM_21.0.4",
    "benchmark_group": "Renaissance",
    "benchmark_name": "philosophers",
    "heap_size": "512",
    "error": null,
    "avg_cpu_usage": 86.8,
    "avg_cpu_time": 86.8,
    "avg_io_time": 0.0,
    "p90_io": 0.0,
    "number_of_pauses": 91,
    "total_pause_time": 111997422,
    "avg_pause_time": 1230740.9,
    "pauses_per_category": {
        "ICBufferFull": 1,
        "G1CollectForAllocation": 90
    },
    "total_pause_time_per_category": {
        "ICBufferFull": 55854,
        "G1CollectForAllocation": 111941568
    },
    "avg_pause_time_per_category": {
        "ICBufferFull": 55854.0,
        "G1CollectForAllocation": 1243795.2
    },
    "p90_pause_time": 1561962.0,
    "throughput": 14443160215
}