{
    "garbage_collector": "Parallel",
    "jdk": "GraalVM_21.0.4",
    "benchmark_group": "Renaissance",
    "benchmark_name": "finagle-chirper",
    "heap_size": "512",
    "error": null,
    "avg_cpu_usage": 80.4,
    "avg_cpu_time": 74.5,
    "avg_io_time": 0.0,
    "p90_io": 0.0,
    "number_of_pauses": 281,
    "total_pause_time": 580726279,
    "avg_pause_time": 2066641.56,
    "pauses_per_category": {
        "ICBufferFull": 68,
        "CollectForMetadataAllocation": 2,
        "ParallelGCFailedAllocation": 210,
        "ParallelGCSystemGC": 1
    },
    "total_pause_time_per_category": {
        "ICBufferFull": 21513349,
        "CollectForMetadataAllocation": 44212931,
        "ParallelGCFailedAllocation": 440390259,
        "ParallelGCSystemGC": 74609740
    },
    "avg_pause_time_per_category": {
        "ICBufferFull": 316372.78,
        "CollectForMetadataAllocation": 22106465.5,
        "ParallelGCFailedAllocation": 2097096.47,
        "ParallelGCSystemGC": 74609740.0
    },
    "p90_pause_time": 2858070.0,
    "throughput": 44539371977
}