{
    "garbage_collector": "Serial",
    "jdk": "GraalVM_21.0.4",
    "benchmark_group": "Renaissance",
    "benchmark_name": "log-regression",
    "heap_size": "8192",
    "error": null,
    "avg_cpu_usage": 46.8,
    "avg_cpu_time": 45.5,
    "avg_io_time": 0.0,
    "p90_io": 0.0,
    "number_of_pauses": 84,
    "total_pause_time": 489940001,
    "avg_pause_time": 5832619.06,
    "pauses_per_category": {
        "ICBufferFull": 61,
        "Cleanup": 2,
        "CollectForMetadataAllocation": 8,
        "GenCollectForAllocation": 12,
        "GenCollectFull": 1
    },
    "total_pause_time_per_category": {
        "ICBufferFull": 7181117,
        "Cleanup": 92577,
        "CollectForMetadataAllocation": 156008617,
        "GenCollectForAllocation": 219523712,
        "GenCollectFull": 107133978
    },
    "avg_pause_time_per_category": {
        "ICBufferFull": 117723.23,
        "Cleanup": 46288.5,
        "CollectForMetadataAllocation": 19501077.12,
        "GenCollectForAllocation": 18293642.67,
        "GenCollectFull": 107133978.0
    },
    "p90_pause_time": 24623013.1,
    "throughput": 20201264037
}