{
    "garbage_collector": "G1",
    "jdk": "GraalVM_21.0.4",
    "benchmark_group": "Renaissance",
    "benchmark_name": "future-genetic",
    "heap_size": "4096",
    "error": null,
    "avg_cpu_usage": 36.7,
    "avg_cpu_time": 35.3,
    "avg_io_time": 0.0,
    "p90_io": 0.0,
    "number_of_pauses": 20,
    "total_pause_time": 34490842,
    "avg_pause_time": 1724542.1,
    "pauses_per_category": {
        "ICBufferFull": 4,
        "G1CollectForAllocation": 8,
        "Cleanup": 8
    },
    "total_pause_time_per_category": {
        "ICBufferFull": 418658,
        "G1CollectForAllocation": 33229512,
        "Cleanup": 842672
    },
    "avg_pause_time_per_category": {
        "ICBufferFull": 104664.5,
        "G1CollectForAllocation": 4153689.0,
        "Cleanup": 105334.0
    },
    "p90_pause_time": 4847685.0,
    "throughput": 17665525853
}