{
    "garbage_collector": "G1",
    "jdk": "GraalVM_21.0.4",
    "benchmark_group": "Renaissance",
    "benchmark_name": "philosophers",
    "heap_size": "4096",
    "error": null,
    "avg_cpu_usage": 86.7,
    "avg_cpu_time": 83.6,
    "avg_io_time": 0.0,
    "p90_io": 0.0,
    "number_of_pauses": 18,
    "total_pause_time": 52684519,
    "avg_pause_time": 2926917.72,
    "pauses_per_category": {
        "ICBufferFull": 2,
        "G1CollectForAllocation": 12,
        "Cleanup": 4
    },
    "total_pause_time_per_category": {
        "ICBufferFull": 146031,
        "G1CollectForAllocation": 52120073,
        "Cleanup": 418415
    },
    "avg_pause_time_per_category": {
        "ICBufferFull": 73015.5,
        "G1CollectForAllocation": 4343339.42,
        "Cleanup": 104603.75
    },
    "p90_pause_time": 5440326.2,
    "throughput": 15069446911
}