{
    "garbage_collector": "Serial",
    "jdk": "GraalVM_21.0.4",
    "benchmark_group": "Renaissance",
    "benchmark_name": "philosophers",
    "heap_size": "2048",
    "error": null,
    "avg_cpu_usage": 81.3,
    "avg_cpu_time": 75.5,
    "avg_io_time": 0.5,
    "p90_io": 0.13,
    "number_of_pauses": 45,
    "total_pause_time": 177458650,
    "avg_pause_time": 3943525.56,
    "pauses_per_category": {
        "ICBufferFull": 2,
        "GenCollectForAllocation": 43
    },
    "total_pause_time_per_category": {
        "ICBufferFull": 203771,
        "GenCollectForAllocation": 177254879
    },
    "avg_pause_time_per_category": {
        "ICBufferFull": 101885.5,
        "GenCollectForAllocation": 4122206.49
    },
    "p90_pause_time": 7790837.0,
    "throughput": 18393123329
}