{
    "garbage_collector": "G1",
    "jdk": "GraalVM_21.0.4",
    "benchmark_group": "Renaissance",
    "benchmark_name": "finagle-http",
    "heap_size": "512",
    "error": null,
    "avg_cpu_usage": 82.6,
    "avg_cpu_time": 73.1,
    "avg_io_time": 0.0,
    "p90_io": 0.0,
    "number_of_pauses": 208,
    "total_pause_time": 298434250,
    "avg_pause_time": 1434780.05,
    "pauses_per_category": {
        "ICBufferFull": 83,
        "G1CollectForAllocation": 119,
        "CollectForMetadataAllocation": 2,
        "G1PauseRemark": 2,
        "G1PauseCleanup": 2
    },
    "total_pause_time_per_category": {
        "ICBufferFull": 12654778,
        "G1CollectForAllocation": 273141906,
        "CollectForMetadataAllocation": 9392255,
        "G1PauseRemark": 2813467,
        "G1PauseCleanup": 431844
    },
    "avg_pause_time_per_category": {
        "ICBufferFull": 152467.2,
        "G1CollectForAllocation": 2295310.13,
        "CollectForMetadataAllocation": 4696127.5,
        "G1PauseRemark": 1406733.5,
        "G1PauseCleanup": 215922.0
    },
    "p90_pause_time": 3010398.9,
    "throughput": 53890316460
}