{
    "garbage_collector": "Serial",
    "jdk": "GraalVM_21.0.4",
    "benchmark_group": "Renaissance",
    "benchmark_name": "mnemonics",
    "heap_size": "1024",
    "error": null,
    "avg_cpu_usage": 14.0,
    "avg_cpu_time": 15.4,
    "avg_io_time": 0.0,
    "p90_io": 0.0,
    "number_of_pauses": 113,
    "total_pause_time": 1939529358,
    "avg_pause_time": 17163976.62,
    "pauses_per_category": {
        "ICBufferFull": 1,
        "GenCollectForAllocation": 112
    },
    "total_pause_time_per_category": {
        "ICBufferFull": 66850,
        "GenCollectForAllocation": 1939462508
    },
    "avg_pause_time_per_category": {
        "ICBufferFull": 66850.0,
        "GenCollectForAllocation": 17316629.54
    },
    "p90_pause_time": 29789613.0,
    "throughput": 17333723898
}