{
    "garbage_collector": "Z",
    "jdk": "GraalVM_21.0.4",
    "benchmark_group": "Renaissance",
    "benchmark_name": "movie-lens",
    "heap_size": "512",
    "error": null,
    "avg_cpu_usage": 59.1,
    "avg_cpu_time": 53.8,
    "avg_io_time": 0.1,
    "p90_io": 0.0,
    "number_of_pauses": 5028,
    "total_pause_time": 564455583,
    "avg_pause_time": 112262.45,
    "pauses_per_category": {
        "ICBufferFull": 13,
        "Cleanup": 1,
        "XMarkStart": 1799,
        "XMarkEnd": 1429,
        "CleanClassLoaderDataMetaspaces": 9,
        "XRelocateStart": 1777
    },
    "total_pause_time_per_category": {
        "ICBufferFull": 1284319,
        "Cleanup": 49141,
        "XMarkStart": 189023552,
        "XMarkEnd": 127126542,
        "CleanClassLoaderDataMetaspaces": 2722175,
        "XRelocateStart": 244249854
    },
    "avg_pause_time_per_category": {
        "ICBufferFull": 98793.77,
        "Cleanup": 49141.0,
        "XMarkStart": 105071.46,
        "XMarkEnd": 88961.89,
        "CleanClassLoaderDataMetaspaces": 302463.89,
        "XRelocateStart": 137450.68
    },
    "p90_pause_time": 147928.5,
    "throughput": 150221452611
}