{
    "garbage_collector": "Parallel",
    "jdk": "GraalVM_21.0.4",
    "benchmark_group": "Renaissance",
    "benchmark_name": "finagle-chirper",
    "heap_size": "256",
    "error": null,
    "avg_cpu_usage": 79.3,
    "avg_cpu_time": 73.0,
    "avg_io_time": 0.0,
    "p90_io": 0.0,
    "number_of_pauses": 482,
    "total_pause_time": 816427150,
    "avg_pause_time": 1693832.26,
    "pauses_per_category": {
        "ICBufferFull": 51,
        "ParallelGCFailedAllocation": 428,
        "CollectForMetadataAllocation": 2,
        "ParallelGCSystemGC": 1
    },
    "total_pause_time_per_category": {
        "ICBufferFull": 8933361,
        "ParallelGCFailedAllocation": 705991838,
        "CollectForMetadataAllocation": 37273356,
        "ParallelGCSystemGC": 64228595
    },
    "avg_pause_time_per_category": {
        "ICBufferFull": 175163.94,
        "ParallelGCFailedAllocation": 1649513.64,
        "CollectForMetadataAllocation": 18636678.0,
        "ParallelGCSystemGC": 64228595.0
    },
    "p90_pause_time": 2066816.0,
    "throughput": 45153594051
}