{
    "garbage_collector": "Serial",
    "jdk": "GraalVM_21.0.4",
    "benchmark_group": "Renaissance",
    "benchmark_name": "mnemonics",
    "heap_size": "4096",
    "error": null,
    "avg_cpu_usage": 14.2,
    "avg_cpu_time": 15.1,
    "avg_io_time": 0.0,
    "p90_io": 0.0,
    "number_of_pauses": 29,
    "total_pause_time": 378632714,
    "avg_pause_time": 13056300.48,
    "pauses_per_category": {
        "ICBufferFull": 1,
        "GenCollectForAllocation": 28
    },
    "total_pause_time_per_category": {
        "ICBufferFull": 64735,
        "GenCollectForAllocation": 378567979
    },
    "avg_pause_time_per_category": {
        "ICBufferFull": 64735.0,
        "GenCollectForAllocation": 13520284.96
    },
    "p90_pause_time": 20851736.0,
    "throughput": 16419014383
}