{
    "garbage_collector": "Parallel",
    "jdk": "GraalVM_21.0.4",
    "benchmark_group": "Renaissance",
    "benchmark_name": "scala-doku",
    "heap_size": "4096",
    "error": null,
    "avg_cpu_usage": 15.4,
    "avg_cpu_time": 16.6,
    "avg_io_time": 0.0,
    "p90_io": 0.0,
    "number_of_pauses": 16,
    "total_pause_time": 20989098,
    "avg_pause_time": 1311818.62,
    "pauses_per_category": {
        "ICBufferFull": 3,
        "Cleanup": 12,
        "ParallelGCFailedAllocation": 1
    },
    "total_pause_time_per_category": {
        "ICBufferFull": 233197,
        "Cleanup": 1104395,
        "ParallelGCFailedAllocation": 19651506
    },
    "avg_pause_time_per_category": {
        "ICBufferFull": 77732.33,
        "Cleanup": 92032.92,
        "ParallelGCFailedAllocation": 19651506.0
    },
    "p90_pause_time": 125407.0,
    "throughput": 15197470836
}