{
    "garbage_collector": "Z",
    "jdk": "GraalVM_21.0.4",
    "benchmark_group": "Renaissance",
    "benchmark_name": "rx-scrabble",
    "heap_size": "8192",
    "error": null,
    "avg_cpu_usage": 21.2,
    "avg_cpu_time": 20.2,
    "avg_io_time": 0.1,
    "p90_io": 0.0,
    "number_of_pauses": 18,
    "total_pause_time": 3460899,
    "avg_pause_time": 192272.17,
    "pauses_per_category": {
        "ICBufferFull": 10,
        "XMarkStart": 2,
        "XMarkEnd": 2,
        "CleanClassLoaderDataMetaspaces": 2,
        "XRelocateStart": 2
    },
    "total_pause_time_per_category": {
        "ICBufferFull": 1288899,
        "XMarkStart": 291934,
        "XMarkEnd": 936845,
        "CleanClassLoaderDataMetaspaces": 726370,
        "XRelocateStart": 216851
    },
    "avg_pause_time_per_category": {
        "ICBufferFull": 128889.9,
        "XMarkStart": 145967.0,
        "XMarkEnd": 468422.5,
        "CleanClassLoaderDataMetaspaces": 363185.0,
        "XRelocateStart": 108425.5
    },
    "p90_pause_time": 379264.2,
    "throughput": 5173023990
}