{
    "garbage_collector": "G1",
    "jdk": "GraalVM_21.0.4",
    "benchmark_group": "Renaissance",
    "benchmark_name": "mnemonics",
    "heap_size": "2048",
    "error": null,
    "avg_cpu_usage": 17.2,
    "avg_cpu_time": 19.0,
    "avg_io_time": 0.0,
    "p90_io": 0.0,
    "number_of_pauses": 38,
    "total_pause_time": 941292939,
    "avg_pause_time": 24770866.82,
    "pauses_per_category": {
        "ICBufferFull": 1,
        "G1CollectForAllocation": 35,
        "G1PauseRemark": 1,
        "G1PauseCleanup": 1
    },
    "total_pause_time_per_category": {
        "ICBufferFull": 63867,
        "G1CollectForAllocation": 939252878,
        "G1PauseRemark": 1713668,
        "G1PauseCleanup": 262526
    },
    "avg_pause_time_per_category": {
        "ICBufferFull": 63867.0,
        "G1CollectForAllocation": 26835796.51,
        "G1PauseRemark": 1713668.0,
        "G1PauseCleanup": 262526.0
    },
    "p90_pause_time": 51044358.3,
    "throughput": 17354848460
}