{
    "garbage_collector": "G1",
    "jdk": "GraalVM_21.0.4",
    "benchmark_group": "Renaissance",
    "benchmark_name": "als",
    "heap_size": "2048",
    "error": null,
    "avg_cpu_usage": 66.7,
    "avg_cpu_time": 65.1,
    "avg_io_time": 0.2,
    "p90_io": 0.0,
    "number_of_pauses": 161,
    "total_pause_time": 506189772,
    "avg_pause_time": 3144035.85,
    "pauses_per_category": {
        "ICBufferFull": 36,
        "Cleanup": 28,
        "CollectForMetadataAllocation": 8,
        "G1PauseRemark": 15,
        "G1PauseCleanup": 15,
        "G1CollectForAllocation": 38,
        "G1TryInitiateConcMark": 21
    },
    "total_pause_time_per_category": {
        "ICBufferFull": 3983219,
        "Cleanup": 5503727,
        "CollectForMetadataAllocation": 42110893,
        "G1PauseRemark": 78275076,
        "G1PauseCleanup": 8709210,
        "G1CollectForAllocation": 286639140,
        "G1TryInitiateConcMark": 80968507
    },
    "avg_pause_time_per_category": {
        "ICBufferFull": 110644.97,
        "Cleanup": 196561.68,
        "CollectForMetadataAllocation": 5263861.62,
        "G1PauseRemark": 5218338.4,
        "G1PauseCleanup": 580614.0,
        "G1CollectForAllocation": 7543135.26,
        "G1TryInitiateConcMark": 3855643.19
    },
    "p90_pause_time": 8791964.0,
    "throughput": 56341475580
}