{
    "garbage_collector": "Serial",
    "jdk": "GraalVM_21.0.4",
    "benchmark_group": "Renaissance",
    "benchmark_name": "scala-doku",
    "heap_size": "256",
    "error": null,
    "avg_cpu_usage": 16.6,
    "avg_cpu_time": 17.3,
    "avg_io_time": 0.0,
    "p90_io": 0.0,
    "number_of_pauses": 24,
    "total_pause_time": 531439547,
    "avg_pause_time": 22143314.46,
    "pauses_per_category": {
        "ICBufferFull": 2,
        "GenCollectForAllocation": 22
    },
    "total_pause_time_per_category": {
        "ICBufferFull": 118564,
        "GenCollectForAllocation": 531320983
    },
    "avg_pause_time_per_category": {
        "ICBufferFull": 59282.0,
        "GenCollectForAllocation": 24150953.77
    },
    "p90_pause_time": 33252598.5,
    "throughput": 12159680748
}