{
    "garbage_collector": "Serial",
    "jdk": "GraalVM_21.0.4",
    "benchmark_group": "Renaissance",
    "benchmark_name": "future-genetic",
    "heap_size": "256",
    "error": null,
    "avg_cpu_usage": 37.3,
    "avg_cpu_time": 34.8,
    "avg_io_time": 0.1,
    "p90_io": 0.0,
    "number_of_pauses": 219,
    "total_pause_time": 519446855,
    "avg_pause_time": 2371903.45,
    "pauses_per_category": {
        "ICBufferFull": 3,
        "GenCollectForAllocation": 216
    },
    "total_pause_time_per_category": {
        "ICBufferFull": 285834,
        "GenCollectForAllocation": 519161021
    },
    "avg_pause_time_per_category": {
        "ICBufferFull": 95278.0,
        "GenCollectForAllocation": 2403523.25
    },
    "p90_pause_time": 3196159.8,
    "throughput": 15537278062
}