{
    "garbage_collector": "Z",
    "jdk": "GraalVM_21.0.4",
    "benchmark_group": "Renaissance",
    "benchmark_name": "chi-square",
    "heap_size": "4096",
    "error": null,
    "avg_cpu_usage": 29.9,
    "avg_cpu_time": 28.5,
    "avg_io_time": 0.0,
    "p90_io": 0.0,
    "number_of_pauses": 55,
    "total_pause_time": 6776616,
    "avg_pause_time": 123211.2,
    "pauses_per_category": {
        "ICBufferFull": 6,
        "Cleanup": 2,
        "XMarkStart": 13,
        "XMarkEnd": 13,
        "CleanClassLoaderDataMetaspaces": 6,
        "XRelocateStart": 15
    },
    "total_pause_time_per_category": {
        "ICBufferFull": 516607,
        "Cleanup": 130936,
        "XMarkStart": 1782506,
        "XMarkEnd": 1048922,
        "CleanClassLoaderDataMetaspaces": 1980783,
        "XRelocateStart": 1316862
    },
    "avg_pause_time_per_category": {
        "ICBufferFull": 86101.17,
        "Cleanup": 65468.0,
        "XMarkStart": 137115.85,
        "XMarkEnd": 80686.31,
        "CleanClassLoaderDataMetaspaces": 330130.5,
        "XRelocateStart": 87790.8
    },
    "p90_pause_time": 212208.0,
    "throughput": 14911060191
}