{
    "garbage_collector": "Z",
    "jdk": "GraalVM_21.0.4",
    "benchmark_group": "Renaissance",
    "benchmark_name": "gauss-mix",
    "heap_size": "2048",
    "error": null,
    "avg_cpu_usage": 32.4,
    "avg_cpu_time": 31.0,
    "avg_io_time": 0.0,
    "p90_io": 0.0,
    "number_of_pauses": 65,
    "total_pause_time": 21229630,
    "avg_pause_time": 326609.69,
    "pauses_per_category": {
        "ICBufferFull": 14,
        "Cleanup": 2,
        "XMarkStart": 18,
        "XMarkEnd": 13,
        "CleanClassLoaderDataMetaspaces": 5,
        "XRelocateStart": 13
    },
    "total_pause_time_per_category": {
        "ICBufferFull": 1390778,
        "Cleanup": 167041,
        "XMarkStart": 1583692,
        "XMarkEnd": 2973140,
        "CleanClassLoaderDataMetaspaces": 14146814,
        "XRelocateStart": 968165
    },
    "avg_pause_time_per_category": {
        "ICBufferFull": 99341.29,
        "Cleanup": 83520.5,
        "XMarkStart": 87982.89,
        "XMarkEnd": 228703.08,
        "CleanClassLoaderDataMetaspaces": 2829362.8,
        "XRelocateStart": 74474.23
    },
    "p90_pause_time": 235005.8,
    "throughput": 13994709266
}