{
    "garbage_collector": "Serial",
    "jdk": "GraalVM_21.0.4",
    "benchmark_group": "Renaissance",
    "benchmark_name": "als",
    "heap_size": "4096",
    "error": null,
    "avg_cpu_usage": 65.3,
    "avg_cpu_time": 64.9,
    "avg_io_time": 0.2,
    "p90_io": 0.0,
    "number_of_pauses": 141,
    "total_pause_time": 1103622506,
    "avg_pause_time": 7827109.97,
    "pauses_per_category": {
        "ICBufferFull": 63,
        "Cleanup": 26,
        "CollectForMetadataAllocation": 4,
        "GenCollectForAllocation": 44,
        "GenCollectFull": 4
    },
    "total_pause_time_per_category": {
        "ICBufferFull": 5518581,
        "Cleanup": 2559676,
        "CollectForMetadataAllocation": 216441715,
        "GenCollectForAllocation": 719102042,
        "GenCollectFull": 160000492
    },
    "avg_pause_time_per_category": {
        "ICBufferFull": 87596.52,
        "Cleanup": 98449.08,
        "CollectForMetadataAllocation": 54110428.75,
        "GenCollectForAllocation": 16343228.23,
        "GenCollectFull": 40000123.0
    },
    "p90_pause_time": 18191789.0,
    "throughput": 56110404085
}