{
    "garbage_collector": "Z",
    "jdk": "GraalVM_21.0.4",
    "benchmark_group": "Renaissance",
    "benchmark_name": "fj-kmeans",
    "heap_size": "8192",
    "error": null,
    "avg_cpu_usage": 76.0,
    "avg_cpu_time": 75.9,
    "avg_io_time": 0.0,
    "p90_io": 0.0,
    "number_of_pauses": 104,
    "total_pause_time": 13300713,
    "avg_pause_time": 127891.47,
    "pauses_per_category": {
        "ICBufferFull": 1,
        "XMarkStart": 33,
        "XMarkEnd": 33,
        "CleanClassLoaderDataMetaspaces": 2,
        "XRelocateStart": 33,
        "Cleanup": 2
    },
    "total_pause_time_per_category": {
        "ICBufferFull": 61844,
        "XMarkStart": 4158240,
        "XMarkEnd": 4043088,
        "CleanClassLoaderDataMetaspaces": 1240084,
        "XRelocateStart": 3615102,
        "Cleanup": 182355
    },
    "avg_pause_time_per_category": {
        "ICBufferFull": 61844.0,
        "XMarkStart": 126007.27,
        "XMarkEnd": 122517.82,
        "CleanClassLoaderDataMetaspaces": 620042.0,
        "XRelocateStart": 109548.55,
        "Cleanup": 91177.5
    },
    "p90_pause_time": 143777.1,
    "throughput": 41132209160
}