{
    "garbage_collector": "Parallel",
    "jdk": "GraalVM_21.0.4",
    "benchmark_group": "Renaissance",
    "benchmark_name": "rx-scrabble",
    "heap_size": "512",
    "error": null,
    "avg_cpu_usage": 28.3,
    "avg_cpu_time": 29.8,
    "avg_io_time": 0.0,
    "p90_io": 0.0,
    "number_of_pauses": 22,
    "total_pause_time": 100237561,
    "avg_pause_time": 4556252.77,
    "pauses_per_category": {
        "ICBufferFull": 5,
        "ParallelGCFailedAllocation": 17
    },
    "total_pause_time_per_category": {
        "ICBufferFull": 444953,
        "ParallelGCFailedAllocation": 99792608
    },
    "avg_pause_time_per_category": {
        "ICBufferFull": 88990.6,
        "ParallelGCFailedAllocation": 5870153.41
    },
    "p90_pause_time": 12842691.8,
    "throughput": 2745480679
}