{
    "garbage_collector": "G1",
    "jdk": "GraalVM_21.0.4",
    "benchmark_group": "Renaissance",
    "benchmark_name": "dec-tree",
    "heap_size": "8192",
    "error": null,
    "avg_cpu_usage": 36.3,
    "avg_cpu_time": 36.7,
    "avg_io_time": 0.0,
    "p90_io": 0.0,
    "number_of_pauses": 75,
    "total_pause_time": 144677264,
    "avg_pause_time": 1929030.19,
    "pauses_per_category": {
        "ICBufferFull": 55,
        "Cleanup": 1,
        "CollectForMetadataAllocation": 6,
        "G1PauseRemark": 5,
        "G1PauseCleanup": 5,
        "G1CollectForAllocation": 2,
        "G1TryInitiateConcMark": 1
    },
    "total_pause_time_per_category": {
        "ICBufferFull": 24931953,
        "Cleanup": 154646,
        "CollectForMetadataAllocation": 57486616,
        "G1PauseRemark": 13575070,
        "G1PauseCleanup": 1339393,
        "G1CollectForAllocation": 33928064,
        "G1TryInitiateConcMark": 13261522
    },
    "avg_pause_time_per_category": {
        "ICBufferFull": 453308.24,
        "Cleanup": 154646.0,
        "CollectForMetadataAllocation": 9581102.67,
        "G1PauseRemark": 2715014.0,
        "G1PauseCleanup": 267878.6,
        "G1CollectForAllocation": 16964032.0,
        "G1TryInitiateConcMark": 13261522.0
    },
    "p90_pause_time": 6105626.0,
    "throughput": 17054491509
}