{
    "garbage_collector": "Parallel",
    "jdk": "GraalVM_21.0.4",
    "benchmark_group": "Renaissance",
    "benchmark_name": "scala-doku",
    "heap_size": "1024",
    "error": null,
    "avg_cpu_usage": 14.8,
    "avg_cpu_time": 15.7,
    "avg_io_time": 0.0,
    "p90_io": 0.0,
    "number_of_pauses": 23,
    "total_pause_time": 68835735,
    "avg_pause_time": 2992858.04,
    "pauses_per_category": {
        "ICBufferFull": 3,
        "ParallelGCFailedAllocation": 6,
        "Cleanup": 14
    },
    "total_pause_time_per_category": {
        "ICBufferFull": 232952,
        "ParallelGCFailedAllocation": 67318560,
        "Cleanup": 1284223
    },
    "avg_pause_time_per_category": {
        "ICBufferFull": 77650.67,
        "ParallelGCFailedAllocation": 11219760.0,
        "Cleanup": 91730.21
    },
    "p90_pause_time": 9063674.4,
    "throughput": 20366525978
}