{
    "garbage_collector": "Parallel",
    "jdk": "GraalVM_21.0.4",
    "benchmark_group": "Renaissance",
    "benchmark_name": "gauss-mix",
    "heap_size": "8192",
    "error": null,
    "avg_cpu_usage": 31.5,
    "avg_cpu_time": 31.5,
    "avg_io_time": 0.3,
    "p90_io": 0.0,
    "number_of_pauses": 32,
    "total_pause_time": 111445896,
    "avg_pause_time": 3482684.25,
    "pauses_per_category": {
        "ICBufferFull": 21,
        "Cleanup": 2,
        "CollectForMetadataAllocation": 4,
        "ParallelGCSystemGC": 1,
        "ParallelGCFailedAllocation": 4
    },
    "total_pause_time_per_category": {
        "ICBufferFull": 2053537,
        "Cleanup": 226412,
        "CollectForMetadataAllocation": 82960866,
        "ParallelGCSystemGC": 3467329,
        "ParallelGCFailedAllocation": 22737752
    },
    "avg_pause_time_per_category": {
        "ICBufferFull": 97787.48,
        "Cleanup": 113206.0,
        "CollectForMetadataAllocation": 20740216.5,
        "ParallelGCSystemGC": 3467329.0,
        "ParallelGCFailedAllocation": 5684438.0
    },
    "p90_pause_time": 7305701.8,
    "throughput": 12482071091
}