{
    "garbage_collector": "Parallel",
    "jdk": "GraalVM_21.0.4",
    "benchmark_group": "Renaissance",
    "benchmark_name": "dotty",
    "heap_size": "8192",
    "error": null,
    "avg_cpu_usage": 27.1,
    "avg_cpu_time": 26.0,
    "avg_io_time": 0.0,
    "p90_io": 0.0,
    "number_of_pauses": 87,
    "total_pause_time": 366217460,
    "avg_pause_time": 4209396.09,
    "pauses_per_category": {
        "ICBufferFull": 71,
        "CollectForMetadataAllocation": 2,
        "ParallelGCSystemGC": 3,
        "Cleanup": 11
    },
    "total_pause_time_per_category": {
        "ICBufferFull": 12672434,
        "CollectForMetadataAllocation": 57563098,
        "ParallelGCSystemGC": 294579632,
        "Cleanup": 1402296
    },
    "avg_pause_time_per_category": {
        "ICBufferFull": 178484.99,
        "CollectForMetadataAllocation": 28781549.0,
        "ParallelGCSystemGC": 98193210.67,
        "Cleanup": 127481.45
    },
    "p90_pause_time": 410695.0,
    "throughput": 31948046034
}