{
    "garbage_collector": "Parallel",
    "jdk": "GraalVM_21.0.4",
    "benchmark_group": "Renaissance",
    "benchmark_name": "future-genetic",
    "heap_size": "1024",
    "error": null,
    "avg_cpu_usage": 36.3,
    "avg_cpu_time": 35.4,
    "avg_io_time": 0.1,
    "p90_io": 0.0,
    "number_of_pauses": 51,
    "total_pause_time": 64383831,
    "avg_pause_time": 1262428.06,
    "pauses_per_category": {
        "ICBufferFull": 3,
        "ParallelGCFailedAllocation": 48
    },
    "total_pause_time_per_category": {
        "ICBufferFull": 335716,
        "ParallelGCFailedAllocation": 64048115
    },
    "avg_pause_time_per_category": {
        "ICBufferFull": 111905.33,
        "ParallelGCFailedAllocation": 1334335.73
    },
    "p90_pause_time": 1874509.0,
    "throughput": 16452399891
}