{
    "garbage_collector": "Z",
    "jdk": "GraalVM_21.0.4",
    "benchmark_group": "Renaissance",
    "benchmark_name": "par-mnemonics",
    "heap_size": "2048",
    "error": null,
    "avg_cpu_usage": 18.5,
    "avg_cpu_time": 18.9,
    "avg_io_time": 0.0,
    "p90_io": 0.0,
    "number_of_pauses": 105,
    "total_pause_time": 10825528,
    "avg_pause_time": 103100.27,
    "pauses_per_category": {
        "ICBufferFull": 1,
        "XMarkStart": 34,
        "XMarkEnd": 34,
        "CleanClassLoaderDataMetaspaces": 2,
        "XRelocateStart": 34
    },
    "total_pause_time_per_category": {
        "ICBufferFull": 60914,
        "XMarkStart": 3556957,
        "XMarkEnd": 3349678,
        "CleanClassLoaderDataMetaspaces": 628710,
        "XRelocateStart": 3229269
    },
    "avg_pause_time_per_category": {
        "ICBufferFull": 60914.0,
        "XMarkStart": 104616.38,
        "XMarkEnd": 98519.94,
        "CleanClassLoaderDataMetaspaces": 314355.0,
        "XRelocateStart": 94978.5
    },
    "p90_pause_time": 113212.2,
    "throughput": 15816924378
}