{
    "garbage_collector": "Parallel",
    "jdk": "GraalVM_21.0.4",
    "benchmark_group": "Renaissance",
    "benchmark_name": "finagle-chirper",
    "heap_size": "4096",
    "error": null,
    "avg_cpu_usage": 79.0,
    "avg_cpu_time": 73.9,
    "avg_io_time": 0.0,
    "p90_io": 0.0,
    "number_of_pauses": 138,
    "total_pause_time": 309225041,
    "avg_pause_time": 2240761.17,
    "pauses_per_category": {
        "ICBufferFull": 89,
        "CollectForMetadataAllocation": 2,
        "ParallelGCFailedAllocation": 25,
        "Cleanup": 21,
        "ParallelGCSystemGC": 1
    },
    "total_pause_time_per_category": {
        "ICBufferFull": 18722010,
        "CollectForMetadataAllocation": 45186268,
        "ParallelGCFailedAllocation": 179104601,
        "Cleanup": 2140065,
        "ParallelGCSystemGC": 64072097
    },
    "avg_pause_time_per_category": {
        "ICBufferFull": 210359.66,
        "CollectForMetadataAllocation": 22593134.0,
        "ParallelGCFailedAllocation": 7164184.04,
        "Cleanup": 101907.86,
        "ParallelGCSystemGC": 64072097.0
    },
    "p90_pause_time": 7738217.9,
    "throughput": 44248112956
}