{
    "garbage_collector": "G1",
    "jdk": "GraalVM_21.0.4",
    "benchmark_group": "Renaissance",
    "benchmark_name": "log-regression",
    "heap_size": "1024",
    "error": null,
    "avg_cpu_usage": 50.0,
    "avg_cpu_time": 49.1,
    "avg_io_time": 0.0,
    "p90_io": 0.0,
    "number_of_pauses": 173,
    "total_pause_time": 487073946,
    "avg_pause_time": 2815456.34,
    "pauses_per_category": {
        "ICBufferFull": 42,
        "Cleanup": 1,
        "G1CollectForAllocation": 45,
        "CollectForMetadataAllocation": 13,
        "G1PauseRemark": 17,
        "G1PauseCleanup": 17,
        "G1TryInitiateConcMark": 38
    },
    "total_pause_time_per_category": {
        "ICBufferFull": 4841409,
        "Cleanup": 25140,
        "G1CollectForAllocation": 229493243,
        "CollectForMetadataAllocation": 46708925,
        "G1PauseRemark": 82312505,
        "G1PauseCleanup": 6714550,
        "G1TryInitiateConcMark": 116978174
    },
    "avg_pause_time_per_category": {
        "ICBufferFull": 115271.64,
        "Cleanup": 25140.0,
        "G1CollectForAllocation": 5099849.84,
        "CollectForMetadataAllocation": 3592994.23,
        "G1PauseRemark": 4841912.06,
        "G1PauseCleanup": 394973.53,
        "G1TryInitiateConcMark": 3078373.0
    },
    "p90_pause_time": 5457740.8,
    "throughput": 20502003950
}