{
    "garbage_collector": "Z",
    "jdk": "GraalVM_21.0.4",
    "benchmark_group": "Renaissance",
    "benchmark_name": "dec-tree",
    "heap_size": "8192",
    "error": null,
    "avg_cpu_usage": 33.6,
    "avg_cpu_time": 31.7,
    "avg_io_time": 0.3,
    "p90_io": 0.0,
    "number_of_pauses": 87,
    "total_pause_time": 13855915,
    "avg_pause_time": 159263.39,
    "pauses_per_category": {
        "ICBufferFull": 53,
        "Cleanup": 1,
        "XMarkStart": 8,
        "XMarkEnd": 8,
        "CleanClassLoaderDataMetaspaces": 7,
        "XRelocateStart": 10
    },
    "total_pause_time_per_category": {
        "ICBufferFull": 5144373,
        "Cleanup": 36551,
        "XMarkStart": 1531097,
        "XMarkEnd": 1684999,
        "CleanClassLoaderDataMetaspaces": 4579753,
        "XRelocateStart": 879142
    },
    "avg_pause_time_per_category": {
        "ICBufferFull": 97063.64,
        "Cleanup": 36551.0,
        "XMarkStart": 191387.12,
        "XMarkEnd": 210624.88,
        "CleanClassLoaderDataMetaspaces": 654250.43,
        "XRelocateStart": 87914.2
    },
    "p90_pause_time": 233275.0,
    "throughput": 20697865787
}