{
    "garbage_collector": "G1",
    "jdk": "GraalVM_21.0.4",
    "benchmark_group": "Renaissance",
    "benchmark_name": "finagle-http",
    "heap_size": "4096",
    "error": null,
    "avg_cpu_usage": 83.3,
    "avg_cpu_time": 70.4,
    "avg_io_time": 0.0,
    "p90_io": 0.0,
    "number_of_pauses": 135,
    "total_pause_time": 186362905,
    "avg_pause_time": 1380465.96,
    "pauses_per_category": {
        "ICBufferFull": 77,
        "CollectForMetadataAllocation": 4,
        "G1PauseRemark": 2,
        "G1PauseCleanup": 2,
        "G1CollectForAllocation": 16,
        "Cleanup": 34
    },
    "total_pause_time_per_category": {
        "ICBufferFull": 12204651,
        "CollectForMetadataAllocation": 23070757,
        "G1PauseRemark": 3219162,
        "G1PauseCleanup": 475318,
        "G1CollectForAllocation": 143025052,
        "Cleanup": 4367965
    },
    "avg_pause_time_per_category": {
        "ICBufferFull": 158501.96,
        "CollectForMetadataAllocation": 5767689.25,
        "G1PauseRemark": 1609581.0,
        "G1PauseCleanup": 237659.0,
        "G1CollectForAllocation": 8939065.75,
        "Cleanup": 128469.56
    },
    "p90_pause_time": 6672708.2,
    "throughput": 52026181016
}