{
    "garbage_collector": "G1",
    "jdk": "GraalVM_21.0.4",
    "benchmark_group": "Renaissance",
    "benchmark_name": "movie-lens",
    "heap_size": "8192",
    "error": null,
    "avg_cpu_usage": 57.3,
    "avg_cpu_time": 52.6,
    "avg_io_time": 0.0,
    "p90_io": 0.0,
    "number_of_pauses": 251,
    "total_pause_time": 806741182,
    "avg_pause_time": 3214108.29,
    "pauses_per_category": {
        "ICBufferFull": 38,
        "Cleanup": 41,
        "CollectForMetadataAllocation": 5,
        "G1PauseRemark": 8,
        "G1PauseCleanup": 8,
        "G1CollectForAllocation": 19,
        "G1TryInitiateConcMark": 132
    },
    "total_pause_time_per_category": {
        "ICBufferFull": 4754134,
        "Cleanup": 3717874,
        "CollectForMetadataAllocation": 38421806,
        "G1PauseRemark": 42504288,
        "G1PauseCleanup": 4024588,
        "G1CollectForAllocation": 262374186,
        "G1TryInitiateConcMark": 450944306
    },
    "avg_pause_time_per_category": {
        "ICBufferFull": 125108.79,
        "Cleanup": 90679.85,
        "CollectForMetadataAllocation": 7684361.2,
        "G1PauseRemark": 5313036.0,
        "G1PauseCleanup": 503073.5,
        "G1CollectForAllocation": 13809167.68,
        "G1TryInitiateConcMark": 3416244.74
    },
    "p90_pause_time": 5901965.0,
    "throughput": 97328371402
}