{
    "garbage_collector": "G1",
    "jdk": "GraalVM_21.0.4",
    "benchmark_group": "Renaissance",
    "benchmark_name": "finagle-http",
    "heap_size": "1024",
    "error": null,
    "avg_cpu_usage": 83.5,
    "avg_cpu_time": 71.8,
    "avg_io_time": 0.0,
    "p90_io": 0.0,
    "number_of_pauses": 170,
    "total_pause_time": 196966426,
    "avg_pause_time": 1158626.04,
    "pauses_per_category": {
        "ICBufferFull": 96,
        "G1CollectForAllocation": 60,
        "CollectForMetadataAllocation": 2,
        "G1PauseRemark": 2,
        "G1PauseCleanup": 2,
        "Cleanup": 8
    },
    "total_pause_time_per_category": {
        "ICBufferFull": 11286473,
        "G1CollectForAllocation": 173742471,
        "CollectForMetadataAllocation": 7441386,
        "G1PauseRemark": 2886966,
        "G1PauseCleanup": 464123,
        "Cleanup": 1145007
    },
    "avg_pause_time_per_category": {
        "ICBufferFull": 117567.43,
        "G1CollectForAllocation": 2895707.85,
        "CollectForMetadataAllocation": 3720693.0,
        "G1PauseRemark": 1443483.0,
        "G1PauseCleanup": 232061.5,
        "Cleanup": 143125.88
    },
    "p90_pause_time": 4374792.0,
    "throughput": 51689084623
}