{
    "garbage_collector": "Serial",
    "jdk": "GraalVM_21.0.4",
    "benchmark_group": "Renaissance",
    "benchmark_name": "log-regression",
    "heap_size": "2048",
    "error": null,
    "avg_cpu_usage": 45.9,
    "avg_cpu_time": 46.4,
    "avg_io_time": 0.0,
    "p90_io": 0.0,
    "number_of_pauses": 124,
    "total_pause_time": 770963119,
    "avg_pause_time": 6217444.51,
    "pauses_per_category": {
        "ICBufferFull": 68,
        "Cleanup": 1,
        "CollectForMetadataAllocation": 9,
        "GenCollectForAllocation": 45,
        "GenCollectFull": 1
    },
    "total_pause_time_per_category": {
        "ICBufferFull": 6790185,
        "Cleanup": 89002,
        "CollectForMetadataAllocation": 156243379,
        "GenCollectForAllocation": 508223812,
        "GenCollectFull": 99616741
    },
    "avg_pause_time_per_category": {
        "ICBufferFull": 99855.66,
        "Cleanup": 89002.0,
        "CollectForMetadataAllocation": 17360375.44,
        "GenCollectForAllocation": 11293862.49,
        "GenCollectFull": 99616741.0
    },
    "p90_pause_time": 15217182.8,
    "throughput": 20225905030
}