{
    "garbage_collector": "G1",
    "jdk": "GraalVM_21.0.4",
    "benchmark_group": "Renaissance",
    "benchmark_name": "dec-tree",
    "heap_size": "2048",
    "error": null,
    "avg_cpu_usage": 36.4,
    "avg_cpu_time": 36.4,
    "avg_io_time": 0.0,
    "p90_io": 0.0,
    "number_of_pauses": 78,
    "total_pause_time": 225572873,
    "avg_pause_time": 2891959.91,
    "pauses_per_category": {
        "ICBufferFull": 49,
        "Cleanup": 1,
        "CollectForMetadataAllocation": 7,
        "G1PauseRemark": 5,
        "G1PauseCleanup": 5,
        "G1CollectForAllocation": 10,
        "G1TryInitiateConcMark": 1
    },
    "total_pause_time_per_category": {
        "ICBufferFull": 4980119,
        "Cleanup": 94591,
        "CollectForMetadataAllocation": 50065852,
        "G1PauseRemark": 14381864,
        "G1PauseCleanup": 1437462,
        "G1CollectForAllocation": 141757792,
        "G1TryInitiateConcMark": 12855193
    },
    "avg_pause_time_per_category": {
        "ICBufferFull": 101635.08,
        "Cleanup": 94591.0,
        "CollectForMetadataAllocation": 7152264.57,
        "G1PauseRemark": 2876372.8,
        "G1PauseCleanup": 287492.4,
        "G1CollectForAllocation": 14175779.2,
        "G1TryInitiateConcMark": 12855193.0
    },
    "p90_pause_time": 13945985.4,
    "throughput": 16741868360
}