{
    "garbage_collector": "G1",
    "jdk": "GraalVM_21.0.4",
    "benchmark_group": "Renaissance",
    "benchmark_name": "philosophers",
    "heap_size": "1024",
    "error": null,
    "avg_cpu_usage": 83.9,
    "avg_cpu_time": 84.9,
    "avg_io_time": 0.0,
    "p90_io": 0.0,
    "number_of_pauses": 42,
    "total_pause_time": 70243065,
    "avg_pause_time": 1672453.93,
    "pauses_per_category": {
        "ICBufferFull": 1,
        "G1CollectForAllocation": 41
    },
    "total_pause_time_per_category": {
        "ICBufferFull": 59063,
        "G1CollectForAllocation": 70184002
    },
    "avg_pause_time_per_category": {
        "ICBufferFull": 59063.0,
        "G1CollectForAllocation": 1711804.93
    },
    "p90_pause_time": 1815985.8,
    "throughput": 14742688502
}