{
    "garbage_collector": "G1",
    "jdk": "GraalVM_21.0.4",
    "benchmark_group": "Renaissance",
    "benchmark_name": "mnemonics",
    "heap_size": "8192",
    "error": null,
    "avg_cpu_usage": 14.5,
    "avg_cpu_time": 15.3,
    "avg_io_time": 0.0,
    "p90_io": 0.0,
    "number_of_pauses": 14,
    "total_pause_time": 59659529,
    "avg_pause_time": 4261394.93,
    "pauses_per_category": {
        "ICBufferFull": 1,
        "G1CollectForAllocation": 9,
        "Cleanup": 4
    },
    "total_pause_time_per_category": {
        "ICBufferFull": 57306,
        "G1CollectForAllocation": 59310981,
        "Cleanup": 291242
    },
    "avg_pause_time_per_category": {
        "ICBufferFull": 57306.0,
        "G1CollectForAllocation": 6590109.0,
        "Cleanup": 72810.5
    },
    "p90_pause_time": 8220697.4,
    "throughput": 16118807791
}