{
    "garbage_collector": "G1",
    "jdk": "GraalVM_21.0.4",
    "benchmark_group": "Renaissance",
    "benchmark_name": "dec-tree",
    "heap_size": "4096",
    "error": null,
    "avg_cpu_usage": 36.4,
    "avg_cpu_time": 36.9,
    "avg_io_time": 0.0,
    "p90_io": 0.0,
    "number_of_pauses": 87,
    "total_pause_time": 189456206,
    "avg_pause_time": 2177657.54,
    "pauses_per_category": {
        "ICBufferFull": 55,
        "Cleanup": 1,
        "CollectForMetadataAllocation": 15,
        "G1PauseRemark": 5,
        "G1PauseCleanup": 5,
        "G1CollectForAllocation": 5,
        "G1TryInitiateConcMark": 1
    },
    "total_pause_time_per_category": {
        "ICBufferFull": 5607013,
        "Cleanup": 96674,
        "CollectForMetadataAllocation": 75522078,
        "G1PauseRemark": 14778044,
        "G1PauseCleanup": 3451066,
        "G1CollectForAllocation": 76695067,
        "G1TryInitiateConcMark": 13306264
    },
    "avg_pause_time_per_category": {
        "ICBufferFull": 101945.69,
        "Cleanup": 96674.0,
        "CollectForMetadataAllocation": 5034805.2,
        "G1PauseRemark": 2955608.8,
        "G1PauseCleanup": 690213.2,
        "G1CollectForAllocation": 15339013.4,
        "G1TryInitiateConcMark": 13306264.0
    },
    "p90_pause_time": 10181626.6,
    "throughput": 16755106663
}