{
    "garbage_collector": "Parallel",
    "jdk": "GraalVM_21.0.4",
    "benchmark_group": "Renaissance",
    "benchmark_name": "naive-bayes",
    "heap_size": "4096",
    "error": null,
    "avg_cpu_usage": 71.6,
    "avg_cpu_time": 72.4,
    "avg_io_time": 0.2,
    "p90_io": 0.0,
    "number_of_pauses": 144,
    "total_pause_time": 882156016,
    "avg_pause_time": 6126083.44,
    "pauses_per_category": {
        "ICBufferFull": 40,
        "Cleanup": 2,
        "CollectForMetadataAllocation": 8,
        "ParallelGCFailedAllocation": 94
    },
    "total_pause_time_per_category": {
        "ICBufferFull": 5003186,
        "Cleanup": 169958,
        "CollectForMetadataAllocation": 128525861,
        "ParallelGCFailedAllocation": 748457011
    },
    "avg_pause_time_per_category": {
        "ICBufferFull": 125079.65,
        "Cleanup": 84979.0,
        "CollectForMetadataAllocation": 16065732.62,
        "ParallelGCFailedAllocation": 7962308.63
    },
    "p90_pause_time": 14646426.5,
    "throughput": 26939809012
}