{
    "garbage_collector": "Z",
    "jdk": "GraalVM_21.0.4",
    "benchmark_group": "Renaissance",
    "benchmark_name": "mnemonics",
    "heap_size": "1024",
    "error": null,
    "avg_cpu_usage": 16.9,
    "avg_cpu_time": 17.0,
    "avg_io_time": 0.0,
    "p90_io": 0.0,
    "number_of_pauses": 336,
    "total_pause_time": 32095857,
    "avg_pause_time": 95523.38,
    "pauses_per_category": {
        "ICBufferFull": 1,
        "XMarkStart": 111,
        "XMarkEnd": 111,
        "CleanClassLoaderDataMetaspaces": 2,
        "XRelocateStart": 111
    },
    "total_pause_time_per_category": {
        "ICBufferFull": 56941,
        "XMarkStart": 11107263,
        "XMarkEnd": 10320399,
        "CleanClassLoaderDataMetaspaces": 556846,
        "XRelocateStart": 10054408
    },
    "avg_pause_time_per_category": {
        "ICBufferFull": 56941.0,
        "XMarkStart": 100065.43,
        "XMarkEnd": 92976.57,
        "CleanClassLoaderDataMetaspaces": 278423.0,
        "XRelocateStart": 90580.25
    },
    "p90_pause_time": 105324.5,
    "throughput": 17938079926
}