{
    "garbage_collector": "G1",
    "jdk": "GraalVM_21.0.4",
    "benchmark_group": "Renaissance",
    "benchmark_name": "page-rank",
    "heap_size": "4096",
    "error": null,
    "avg_cpu_usage": 49.2,
    "avg_cpu_time": 50.9,
    "avg_io_time": 0.2,
    "p90_io": 0.0,
    "number_of_pauses": 143,
    "total_pause_time": 9613409130,
    "avg_pause_time": 67226637.27,
    "pauses_per_category": {
        "ICBufferFull": 11,
        "Cleanup": 10,
        "CollectForMetadataAllocation": 26,
        "G1PauseRemark": 13,
        "G1PauseCleanup": 13,
        "G1CollectForAllocation": 60,
        "G1TryInitiateConcMark": 10
    },
    "total_pause_time_per_category": {
        "ICBufferFull": 1032871,
        "Cleanup": 1343571,
        "CollectForMetadataAllocation": 243012362,
        "G1PauseRemark": 41243060,
        "G1PauseCleanup": 5776205,
        "G1CollectForAllocation": 8620574670,
        "G1TryInitiateConcMark": 700426391
    },
    "avg_pause_time_per_category": {
        "ICBufferFull": 93897.36,
        "Cleanup": 134357.1,
        "CollectForMetadataAllocation": 9346629.31,
        "G1PauseRemark": 3172543.08,
        "G1PauseCleanup": 444323.46,
        "G1CollectForAllocation": 143676244.5,
        "G1TryInitiateConcMark": 70042639.1
    },
    "p90_pause_time": 179400752.2,
    "throughput": 60227854801
}