{
    "garbage_collector": "G1",
    "jdk": "GraalVM_21.0.4",
    "benchmark_group": "Renaissance",
    "benchmark_name": "dec-tree",
    "heap_size": "512",
    "error": null,
    "avg_cpu_usage": 35.7,
    "avg_cpu_time": 38.5,
    "avg_io_time": 0.1,
    "p90_io": 0.0,
    "number_of_pauses": 113,
    "total_pause_time": 281988615,
    "avg_pause_time": 2495474.47,
    "pauses_per_category": {
        "ICBufferFull": 40,
        "G1CollectForAllocation": 29,
        "CollectForMetadataAllocation": 13,
        "G1PauseRemark": 5,
        "G1PauseCleanup": 5,
        "G1TryInitiateConcMark": 21
    },
    "total_pause_time_per_category": {
        "ICBufferFull": 3871642,
        "G1CollectForAllocation": 120504576,
        "CollectForMetadataAllocation": 67884426,
        "G1PauseRemark": 17830423,
        "G1PauseCleanup": 1291460,
        "G1TryInitiateConcMark": 70606088
    },
    "avg_pause_time_per_category": {
        "ICBufferFull": 96791.05,
        "G1CollectForAllocation": 4155330.21,
        "CollectForMetadataAllocation": 5221878.92,
        "G1PauseRemark": 3566084.6,
        "G1PauseCleanup": 258292.0,
        "G1TryInitiateConcMark": 3362194.67
    },
    "p90_pause_time": 7824691.2,
    "throughput": 17057381403
}