{
    "garbage_collector": "Parallel",
    "jdk": "GraalVM_21.0.4",
    "benchmark_group": "Renaissance",
    "benchmark_name": "reactors",
    "heap_size": "1024",
    "error": null,
    "avg_cpu_usage": 46.7,
    "avg_cpu_time": 45.8,
    "avg_io_time": 0.1,
    "p90_io": 0.0,
    "number_of_pauses": 378,
    "total_pause_time": 11052148220,
    "avg_pause_time": 29238487.35,
    "pauses_per_category": {
        "ICBufferFull": 4,
        "Cleanup": 12,
        "ParallelGCFailedAllocation": 362
    },
    "total_pause_time_per_category": {
        "ICBufferFull": 342539,
        "Cleanup": 4272655,
        "ParallelGCFailedAllocation": 11047533026
    },
    "avg_pause_time_per_category": {
        "ICBufferFull": 85634.75,
        "Cleanup": 356054.58,
        "ParallelGCFailedAllocation": 30518047.03
    },
    "p90_pause_time": 59529360.5,
    "throughput": 74770590720
}