{
    "garbage_collector": "Z",
    "jdk": "GraalVM_21.0.4",
    "benchmark_group": "Renaissance",
    "benchmark_name": "log-regression",
    "heap_size": "4096",
    "error": null,
    "avg_cpu_usage": 45.2,
    "avg_cpu_time": 43.9,
    "avg_io_time": 0.0,
    "p90_io": 0.0,
    "number_of_pauses": 133,
    "total_pause_time": 23874234,
    "avg_pause_time": 179505.52,
    "pauses_per_category": {
        "ICBufferFull": 69,
        "Cleanup": 1,
        "XMarkStart": 19,
        "XMarkEnd": 17,
        "CleanClassLoaderDataMetaspaces": 8,
        "XRelocateStart": 19
    },
    "total_pause_time_per_category": {
        "ICBufferFull": 7203372,
        "Cleanup": 29151,
        "XMarkStart": 7706308,
        "XMarkEnd": 1882895,
        "CleanClassLoaderDataMetaspaces": 5190224,
        "XRelocateStart": 1862284
    },
    "avg_pause_time_per_category": {
        "ICBufferFull": 104396.7,
        "Cleanup": 29151.0,
        "XMarkStart": 405595.16,
        "XMarkEnd": 110758.53,
        "CleanClassLoaderDataMetaspaces": 648778.0,
        "XRelocateStart": 98014.95
    },
    "p90_pause_time": 174264.2,
    "throughput": 22647486461
}