{
    "garbage_collector": "Serial",
    "jdk": "GraalVM_21.0.4",
    "benchmark_group": "Renaissance",
    "benchmark_name": "par-mnemonics",
    "heap_size": "512",
    "error": null,
    "avg_cpu_usage": 17.2,
    "avg_cpu_time": 18.2,
    "avg_io_time": 0.0,
    "p90_io": 0.0,
    "number_of_pauses": 228,
    "total_pause_time": 2809907846,
    "avg_pause_time": 12324157.22,
    "pauses_per_category": {
        "ICBufferFull": 1,
        "GenCollectForAllocation": 227
    },
    "total_pause_time_per_category": {
        "ICBufferFull": 67662,
        "GenCollectForAllocation": 2809840184
    },
    "avg_pause_time_per_category": {
        "ICBufferFull": 67662.0,
        "GenCollectForAllocation": 12378150.59
    },
    "p90_pause_time": 23091150.7,
    "throughput": 16728008989
}