{
    "garbage_collector": "Parallel",
    "jdk": "GraalVM_21.0.4",
    "benchmark_group": "Renaissance",
    "benchmark_name": "dotty",
    "heap_size": "512",
    "error": null,
    "avg_cpu_usage": 27.3,
    "avg_cpu_time": 26.5,
    "avg_io_time": 0.1,
    "p90_io": 0.0,
    "number_of_pauses": 93,
    "total_pause_time": 607168859,
    "avg_pause_time": 6528697.41,
    "pauses_per_category": {
        "ICBufferFull": 60,
        "CollectForMetadataAllocation": 2,
        "ParallelGCFailedAllocation": 20,
        "ParallelGCSystemGC": 3,
        "Cleanup": 8
    },
    "total_pause_time_per_category": {
        "ICBufferFull": 9527228,
        "CollectForMetadataAllocation": 55181848,
        "ParallelGCFailedAllocation": 263748302,
        "ParallelGCSystemGC": 277909226,
        "Cleanup": 802255
    },
    "avg_pause_time_per_category": {
        "ICBufferFull": 158787.13,
        "CollectForMetadataAllocation": 27590924.0,
        "ParallelGCFailedAllocation": 13187415.1,
        "ParallelGCSystemGC": 92636408.67,
        "Cleanup": 100281.88
    },
    "p90_pause_time": 16623877.6,
    "throughput": 32242598999
}