{
    "garbage_collector": "Z",
    "jdk": "GraalVM_21.0.4",
    "benchmark_group": "Renaissance",
    "benchmark_name": "future-genetic",
    "heap_size": "8192",
    "error": null,
    "avg_cpu_usage": 35.4,
    "avg_cpu_time": 32.4,
    "avg_io_time": 0.0,
    "p90_io": 0.0,
    "number_of_pauses": 46,
    "total_pause_time": 5231637,
    "avg_pause_time": 113731.24,
    "pauses_per_category": {
        "ICBufferFull": 4,
        "XMarkStart": 12,
        "XMarkEnd": 12,
        "CleanClassLoaderDataMetaspaces": 2,
        "XRelocateStart": 12,
        "Cleanup": 4
    },
    "total_pause_time_per_category": {
        "ICBufferFull": 524011,
        "XMarkStart": 1244190,
        "XMarkEnd": 1176999,
        "CleanClassLoaderDataMetaspaces": 616165,
        "XRelocateStart": 1230119,
        "Cleanup": 440153
    },
    "avg_pause_time_per_category": {
        "ICBufferFull": 131002.75,
        "XMarkStart": 103682.5,
        "XMarkEnd": 98083.25,
        "CleanClassLoaderDataMetaspaces": 308082.5,
        "XRelocateStart": 102509.92,
        "Cleanup": 110038.25
    },
    "p90_pause_time": 133402.5,
    "throughput": 16747793621
}