{
    "garbage_collector": "Parallel",
    "jdk": "GraalVM_21.0.4",
    "benchmark_group": "Renaissance",
    "benchmark_name": "par-mnemonics",
    "heap_size": "2048",
    "error": null,
    "avg_cpu_usage": 23.0,
    "avg_cpu_time": 21.2,
    "avg_io_time": 0.1,
    "p90_io": 0.0,
    "number_of_pauses": 54,
    "total_pause_time": 790828379,
    "avg_pause_time": 14644969.98,
    "pauses_per_category": {
        "ICBufferFull": 1,
        "ParallelGCFailedAllocation": 53
    },
    "total_pause_time_per_category": {
        "ICBufferFull": 238653,
        "ParallelGCFailedAllocation": 790589726
    },
    "avg_pause_time_per_category": {
        "ICBufferFull": 238653.0,
        "ParallelGCFailedAllocation": 14916787.28
    },
    "p90_pause_time": 31367797.3,
    "throughput": 13411068298
}