{
    "garbage_collector": "Serial",
    "jdk": "GraalVM_21.0.4",
    "benchmark_group": "Renaissance",
    "benchmark_name": "finagle-chirper",
    "heap_size": "1024",
    "error": null,
    "avg_cpu_usage": 78.4,
    "avg_cpu_time": 73.2,
    "avg_io_time": 0.0,
    "p90_io": 0.0,
    "number_of_pauses": 193,
    "total_pause_time": 1719352413,
    "avg_pause_time": 8908561.73,
    "pauses_per_category": {
        "ICBufferFull": 72,
        "CollectForMetadataAllocation": 2,
        "GenCollectForAllocation": 118,
        "GenCollectFull": 1
    },
    "total_pause_time_per_category": {
        "ICBufferFull": 11667669,
        "CollectForMetadataAllocation": 43776238,
        "GenCollectForAllocation": 1553442640,
        "GenCollectFull": 110465866
    },
    "avg_pause_time_per_category": {
        "ICBufferFull": 162050.96,
        "CollectForMetadataAllocation": 21888119.0,
        "GenCollectForAllocation": 13164768.14,
        "GenCollectFull": 110465866.0
    },
    "p90_pause_time": 16653223.2,
    "throughput": 45780834049
}