{
    "garbage_collector": "Parallel",
    "jdk": "GraalVM_21.0.4",
    "benchmark_group": "Renaissance",
    "benchmark_name": "dotty",
    "heap_size": "2048",
    "error": null,
    "avg_cpu_usage": 26.7,
    "avg_cpu_time": 26.1,
    "avg_io_time": 0.1,
    "p90_io": 0.0,
    "number_of_pauses": 89,
    "total_pause_time": 415104402,
    "avg_pause_time": 4664094.4,
    "pauses_per_category": {
        "ICBufferFull": 71,
        "CollectForMetadataAllocation": 2,
        "ParallelGCSystemGC": 3,
        "Cleanup": 10,
        "ParallelGCFailedAllocation": 3
    },
    "total_pause_time_per_category": {
        "ICBufferFull": 11505431,
        "CollectForMetadataAllocation": 56633173,
        "ParallelGCSystemGC": 294727667,
        "Cleanup": 1168611,
        "ParallelGCFailedAllocation": 51069520
    },
    "avg_pause_time_per_category": {
        "ICBufferFull": 162048.32,
        "CollectForMetadataAllocation": 28316586.5,
        "ParallelGCSystemGC": 98242555.67,
        "Cleanup": 116861.1,
        "ParallelGCFailedAllocation": 17023173.33
    },
    "p90_pause_time": 691506.4,
    "throughput": 31943411409
}