{
    "garbage_collector": "G1",
    "jdk": "GraalVM_21.0.4",
    "benchmark_group": "Renaissance",
    "benchmark_name": "neo4j-analytics",
    "heap_size": "2048",
    "error": null,
    "avg_cpu_usage": 35.2,
    "avg_cpu_time": 34.8,
    "avg_io_time": 0.6,
    "p90_io": 1.2,
    "number_of_pauses": 150,
    "total_pause_time": 1713538037,
    "avg_pause_time": 11423586.91,
    "pauses_per_category": {
        "ICBufferFull": 50,
        "G1CollectForAllocation": 53,
        "CollectForMetadataAllocation": 9,
        "G1PauseRemark": 15,
        "G1PauseCleanup": 15,
        "Cleanup": 4,
        "G1TryInitiateConcMark": 4
    },
    "total_pause_time_per_category": {
        "ICBufferFull": 5908286,
        "G1CollectForAllocation": 1519538639,
        "CollectForMetadataAllocation": 29071194,
        "G1PauseRemark": 63307543,
        "G1PauseCleanup": 7038667,
        "Cleanup": 489893,
        "G1TryInitiateConcMark": 88183815
    },
    "avg_pause_time_per_category": {
        "ICBufferFull": 118165.72,
        "G1CollectForAllocation": 28670540.36,
        "CollectForMetadataAllocation": 3230132.67,
        "G1PauseRemark": 4220502.87,
        "G1PauseCleanup": 469244.47,
        "Cleanup": 122473.25,
        "G1TryInitiateConcMark": 22045953.75
    },
    "p90_pause_time": 33391742.9,
    "throughput": 40871722197
}