{
    "garbage_collector": "Parallel",
    "jdk": "GraalVM_21.0.4",
    "benchmark_group": "Renaissance",
    "benchmark_name": "philosophers",
    "heap_size": "1024",
    "error": null,
    "avg_cpu_usage": 80.9,
    "avg_cpu_time": 78.4,
    "avg_io_time": 0.0,
    "p90_io": 0.0,
    "number_of_pauses": 80,
    "total_pause_time": 92087570,
    "avg_pause_time": 1151094.62,
    "pauses_per_category": {
        "ICBufferFull": 2,
        "ParallelGCFailedAllocation": 78
    },
    "total_pause_time_per_category": {
        "ICBufferFull": 266450,
        "ParallelGCFailedAllocation": 91821120
    },
    "avg_pause_time_per_category": {
        "ICBufferFull": 133225.0,
        "ParallelGCFailedAllocation": 1177193.85
    },
    "p90_pause_time": 1857022.1,
    "throughput": 15949227128
}