{
    "garbage_collector": "Serial",
    "jdk": "GraalVM_21.0.4",
    "benchmark_group": "Renaissance",
    "benchmark_name": "philosophers",
    "heap_size": "1024",
    "error": null,
    "avg_cpu_usage": 81.3,
    "avg_cpu_time": 77.3,
    "avg_io_time": 0.0,
    "p90_io": 0.0,
    "number_of_pauses": 98,
    "total_pause_time": 249577626,
    "avg_pause_time": 2546710.47,
    "pauses_per_category": {
        "ICBufferFull": 2,
        "GenCollectForAllocation": 96
    },
    "total_pause_time_per_category": {
        "ICBufferFull": 195690,
        "GenCollectForAllocation": 249381936
    },
    "avg_pause_time_per_category": {
        "ICBufferFull": 97845.0,
        "GenCollectForAllocation": 2597728.5
    },
    "p90_pause_time": 5922716.5,
    "throughput": 19317382876
}