{
    "garbage_collector": "Serial",
    "jdk": "GraalVM_21.0.4",
    "benchmark_group": "Renaissance",
    "benchmark_name": "finagle-http",
    "heap_size": "256",
    "error": null,
    "avg_cpu_usage": 82.7,
    "avg_cpu_time": 69.9,
    "avg_io_time": 0.0,
    "p90_io": 0.0,
    "number_of_pauses": 597,
    "total_pause_time": 1536777060,
    "avg_pause_time": 2574165.93,
    "pauses_per_category": {
        "ICBufferFull": 68,
        "GenCollectForAllocation": 525,
        "CollectForMetadataAllocation": 4
    },
    "total_pause_time_per_category": {
        "ICBufferFull": 8111368,
        "GenCollectForAllocation": 1492501058,
        "CollectForMetadataAllocation": 36164634
    },
    "avg_pause_time_per_category": {
        "ICBufferFull": 119284.82,
        "GenCollectForAllocation": 2842859.16,
        "CollectForMetadataAllocation": 9041158.5
    },
    "p90_pause_time": 4199584.2,
    "throughput": 51569571946
}