{
    "garbage_collector": "Serial",
    "jdk": "GraalVM_21.0.4",
    "benchmark_group": "Renaissance",
    "benchmark_name": "dotty",
    "heap_size": "2048",
    "error": null,
    "avg_cpu_usage": 26.0,
    "avg_cpu_time": 25.8,
    "avg_io_time": 0.0,
    "p90_io": 0.0,
    "number_of_pauses": 90,
    "total_pause_time": 665455353,
    "avg_pause_time": 7393948.37,
    "pauses_per_category": {
        "ICBufferFull": 72,
        "CollectForMetadataAllocation": 2,
        "GenCollectFull": 3,
        "Cleanup": 10,
        "GenCollectForAllocation": 3
    },
    "total_pause_time_per_category": {
        "ICBufferFull": 11395343,
        "CollectForMetadataAllocation": 59807273,
        "GenCollectFull": 431059694,
        "Cleanup": 1188951,
        "GenCollectForAllocation": 162004092
    },
    "avg_pause_time_per_category": {
        "ICBufferFull": 158268.65,
        "CollectForMetadataAllocation": 29903636.5,
        "GenCollectFull": 143686564.67,
        "Cleanup": 118895.1,
        "GenCollectForAllocation": 54001364.0
    },
    "p90_pause_time": 434164.0,
    "throughput": 32244883446
}