{
    "garbage_collector": "G1",
    "jdk": "GraalVM_21.0.4",
    "benchmark_group": "Renaissance",
    "benchmark_name": "fj-kmeans",
    "heap_size": "4096",
    "error": null,
    "avg_cpu_usage": 83.5,
    "avg_cpu_time": 83.8,
    "avg_io_time": 0.0,
    "p90_io": 0.0,
    "number_of_pauses": 46,
    "total_pause_time": 149440785,
    "avg_pause_time": 3248712.72,
    "pauses_per_category": {
        "ICBufferFull": 1,
        "G1CollectForAllocation": 45
    },
    "total_pause_time_per_category": {
        "ICBufferFull": 58527,
        "G1CollectForAllocation": 149382258
    },
    "avg_pause_time_per_category": {
        "ICBufferFull": 58527.0,
        "G1CollectForAllocation": 3319605.73
    },
    "p90_pause_time": 3055124.5,
    "throughput": 28838982406
}