{
    "garbage_collector": "Serial",
    "jdk": "GraalVM_21.0.4",
    "benchmark_group": "Renaissance",
    "benchmark_name": "rx-scrabble",
    "heap_size": "256",
    "error": null,
    "avg_cpu_usage": 27.6,
    "avg_cpu_time": 34.4,
    "avg_io_time": 0.0,
    "p90_io": 0.0,
    "number_of_pauses": 33,
    "total_pause_time": 203746160,
    "avg_pause_time": 6174126.06,
    "pauses_per_category": {
        "ICBufferFull": 6,
        "GenCollectForAllocation": 27
    },
    "total_pause_time_per_category": {
        "ICBufferFull": 591028,
        "GenCollectForAllocation": 203155132
    },
    "avg_pause_time_per_category": {
        "ICBufferFull": 98504.67,
        "GenCollectForAllocation": 7524264.15
    },
    "p90_pause_time": 18410778.6,
    "throughput": 2748575227
}