{
    "garbage_collector": "Z",
    "jdk": "GraalVM_21.0.4",
    "benchmark_group": "Renaissance",
    "benchmark_name": "rx-scrabble",
    "heap_size": "1024",
    "error": null,
    "avg_cpu_usage": 30.4,
    "avg_cpu_time": 26.2,
    "avg_io_time": 0.0,
    "p90_io": 0.0,
    "number_of_pauses": 31,
    "total_pause_time": 3471495,
    "avg_pause_time": 111983.71,
    "pauses_per_category": {
        "ICBufferFull": 6,
        "XMarkStart": 7,
        "XMarkEnd": 7,
        "CleanClassLoaderDataMetaspaces": 3,
        "XRelocateStart": 8
    },
    "total_pause_time_per_category": {
        "ICBufferFull": 498378,
        "XMarkStart": 824083,
        "XMarkEnd": 705245,
        "CleanClassLoaderDataMetaspaces": 822151,
        "XRelocateStart": 621638
    },
    "avg_pause_time_per_category": {
        "ICBufferFull": 83063.0,
        "XMarkStart": 117726.14,
        "XMarkEnd": 100749.29,
        "CleanClassLoaderDataMetaspaces": 274050.33,
        "XRelocateStart": 77704.75
    },
    "p90_pause_time": 138873.0,
    "throughput": 3345395581
}