{
    "garbage_collector": "G1",
    "jdk": "GraalVM_21.0.4",
    "benchmark_group": "Renaissance",
    "benchmark_name": "fj-kmeans",
    "heap_size": "8192",
    "error": null,
    "avg_cpu_usage": 83.3,
    "avg_cpu_time": 84.1,
    "avg_io_time": 0.0,
    "p90_io": 0.0,
    "number_of_pauses": 38,
    "total_pause_time": 137371269,
    "avg_pause_time": 3615033.39,
    "pauses_per_category": {
        "ICBufferFull": 1,
        "G1CollectForAllocation": 25,
        "Cleanup": 12
    },
    "total_pause_time_per_category": {
        "ICBufferFull": 124940,
        "G1CollectForAllocation": 136005026,
        "Cleanup": 1241303
    },
    "avg_pause_time_per_category": {
        "ICBufferFull": 124940.0,
        "G1CollectForAllocation": 5440201.04,
        "Cleanup": 103441.92
    },
    "p90_pause_time": 4348564.2,
    "throughput": 27533327226
}