{
    "garbage_collector": "Parallel",
    "jdk": "GraalVM_21.0.4",
    "benchmark_group": "Renaissance",
    "benchmark_name": "rx-scrabble",
    "heap_size": "4096",
    "error": null,
    "avg_cpu_usage": 39.5,
    "avg_cpu_time": 31.8,
    "avg_io_time": 0.0,
    "p90_io": 0.0,
    "number_of_pauses": 11,
    "total_pause_time": 60482812,
    "avg_pause_time": 5498437.45,
    "pauses_per_category": {
        "ICBufferFull": 9,
        "ParallelGCFailedAllocation": 2
    },
    "total_pause_time_per_category": {
        "ICBufferFull": 890608,
        "ParallelGCFailedAllocation": 59592204
    },
    "avg_pause_time_per_category": {
        "ICBufferFull": 98956.44,
        "ParallelGCFailedAllocation": 29796102.0
    },
    "p90_pause_time": 26731913.0,
    "throughput": 2438759909
}