{
    "garbage_collector": "Parallel",
    "jdk": "GraalVM_21.0.4",
    "benchmark_group": "Renaissance",
    "benchmark_name": "reactors",
    "heap_size": "256",
    "error": "Error code not found: 1\njava.lang.OutOfMemoryError: GC overhead limit exceeded\n\tat io.reactors.concurrent.Frame$Info.retainOnlyListeners(Frame.scala:553)\n\tat io.reactors.concurrent.Frame.checkTerminated(Frame.scala:479)\n\tat io.reactors.concurrent.Frame.isolateAndProcessBatch(Frame.scala:218)\n\tat io.reactors.concurrent.Frame.executeBatch(Frame.scala:183)\n\tat io.reactors.JvmScheduler$Executed$$anon$5.run(JvmScheduler.scala:255)\n\tat java.base/java.util.concurrent.ForkJoinTask$RunnableExecuteAction.exec(ForkJoinTask.java:1423)\n\tat java.base/java.util.concurrent.ForkJoinTask.doExec(ForkJoinTask.java:387)\n\tat java.base/java.util.concurrent.ForkJoinTask.invoke(ForkJoinTask.java:667)\n\tat io.reactors.JvmScheduler$ReactorForkJoinWorkerThread.pollPool(JvmScheduler.scala:103)\n\tat io.reactors.JvmScheduler$ReactorForkJoinWorkerThread.postschedule(JvmScheduler.scala:150)\n\tat io.reactors.JvmScheduler$Executed.postschedule(JvmScheduler.scala:273)\n\tat io.reactors.concurrent.Frame.executeBatch(Frame.scala:202)\n\tat io.reactors.JvmScheduler$Executed$$anon$5.run(JvmScheduler.scala:255)\n\tat java.base/java.util.concurrent.ForkJoinTask$RunnableExecuteAction.exec(ForkJoinTask.java:1423)\n\tat java.base/java.util.concurrent.ForkJoinTask.doExec(ForkJoinTask.java:387)\n\tat java.base/java.util.concurrent.ForkJoinPool$WorkQueue.topLevelExec(ForkJoinPool.java:1312)\n\tat java.base/java.util.concurrent.ForkJoinPool.scan(ForkJoinPool.java:1843)\n\tat java.base/java.util.concurrent.ForkJoinPool.runWorker(ForkJoinPool.java:1808)\n\tat java.base/java.util.concurrent.ForkJoinWorkerThread.run(ForkJoinWorkerThread.java:188)\njava.lang.OutOfMemoryError: GC overhead limit exceeded\n\tat java.base/java.lang.reflect.Array.newArray(Native Method)\n\tat java.base/java.lang.reflect.Array.newInstance(Array.java:78)\n\tat java.base/java.util.Arrays.copyOfRange(Arrays.java:3812)\n\tat java.base/java.util.Arrays.copyOfRange(Arrays.java:3768)\n\tat java.base/java.lang.invoke.MethodType.dropParameterTypes(MethodType.java:671)\n\tat java.base/java.lang.invoke.LambdaFormEditor.bindArgumentType(LambdaFormEditor.java:562)\n\tat java.base/java.lang.invoke.LambdaFormEditor.bindArgumentL(LambdaFormEditor.java:522)\n\tat java.base/java.lang.invoke.BoundMethodHandle.bindArgumentL(BoundMethodHandle.java:72)\n\tat java.base/java.lang.invoke.MethodHandle.bindArgumentL(MethodHandle.java:1713)\n\tat java.base/java.lang.invoke.MethodHandle.bindTo(MethodHandle.java:1619)\n\tat java.base/java.lang.invoke.MethodHandleImpl.makePairwiseConvertByEditor(MethodHandleImpl.java:310)\n\tat java.base/java.lang.invoke.MethodHandleImpl.makePairwiseConvert(MethodHandleImpl.java:265)\n\tat java.base/java.lang.invoke.MethodHandleImpl.makePairwiseConvert(MethodHandleImpl.java:382)\n\tat java.base/java.lang.invoke.MethodHandle.asTypeUncached(MethodHandle.java:905)\n\tat java.base/java.lang.invoke.MethodHandle.asType(MethodHandle.java:870)\n\tat java.base/jdk.internal.reflect.MethodHandleAccessorFactory.newConstructorAccessor(MethodHandleAccessorFactory.java:114)\n\tat java.base/jdk.internal.reflect.ReflectionFactory.newConstructorAccessor(ReflectionFactory.java:200)\n\tat java.base/java.lang.reflect.Constructor.acquireConstructorAccessor(Constructor.java:549)\n\tat java.base/java.lang.reflect.Constructor.newInstanceWithCaller(Constructor.java:499)\n\tat java.base/java.lang.reflect.Constructor.newInstance(Constructor.java:486)\n\tat io.reactors.Platform$Reflect$.instantiate(Platform.scala:193)\n\tat io.reactors.Proto.create(Proto.scala:25)\n\tat io.reactors.concurrent.Frame.checkFresh(Frame.scala:237)\n\tat io.reactors.concurrent.Frame.processBatch(Frame.scala:491)\n\tat io.reactors.concurrent.Frame.isolateAndProcessBatch(Frame.scala:210)\n\tat io.reactors.concurrent.Frame.executeBatch(Frame.scala:183)\n\tat io.reactors.JvmScheduler$Executed$$anon$5.run(JvmScheduler.scala:255)\n\tat java.base/java.util.concurrent.ForkJoinTask$RunnableExecuteAction.exec(ForkJoinTask.java:1423)\n\tat java.base/java.util.concurrent.ForkJoinTask.doExec(ForkJoinTask.java:387)\n\tat java.base/java.util.concurrent.ForkJoinTask.invoke(ForkJoinTask.java:667)\n\tat io.reactors.JvmScheduler$ReactorForkJoinWorkerThread.pollPool(JvmScheduler.scala:103)\n\tat io.reactors.JvmScheduler$ReactorForkJoinWorkerThread.postschedule(JvmScheduler.scala:150)\njava.lang.OutOfMemoryError: GC overhead limit exceeded\n\tat java.base/jdk.internal.org.objectweb.asm.MethodWriter.<init>(MethodWriter.java:352)\n\tat java.base/jdk.internal.org.objectweb.asm.ClassWriter.visitMethod(ClassWriter.java:500)\n\tat java.base/java.lang.invoke.InvokerBytecodeGenerator.methodPrologue(InvokerBytecodeGenerator.java:280)\n\tat java.base/java.lang.invoke.InvokerBytecodeGenerator.addMethod(InvokerBytecodeGenerator.java:766)\n\tat java.base/java.lang.invoke.InvokerBytecodeGenerator.generateCustomizedCodeBytes(InvokerBytecodeGenerator.java:754)\n\tat java.base/java.lang.invoke.InvokerBytecodeGenerator.generateCustomizedCode(InvokerBytecodeGenerator.java:712)\n\tat java.base/java.lang.invoke.LambdaForm.compileToBytecode(LambdaForm.java:849)\n\tat java.base/java.lang.invoke.LambdaForm.prepare(LambdaForm.java:807)\n\tat java.base/java.lang.invoke.MethodHandle.<init>(MethodHandle.java:482)\n\tat java.base/java.lang.invoke.BoundMethodHandle.<init>(BoundMethodHandle.java:52)\n\tat java.base/java.lang.invoke.BoundMethodHandle$Species_LL.<init>(java/lang/invoke/BoundMethodHandle$Species_LL)\n\tat java.base/java.lang.invoke.BoundMethodHandle$Species_LL.make(java/lang/invoke/BoundMethodHandle$Species_LL)\n\tat java.base/java.lang.invoke.DirectMethodHandle$Holder.invokeStatic(DirectMethodHandle$Holder)\n\tat java.base/java.lang.invoke.BoundMethodHandle$Species_L.copyWithExtendL(BoundMethodHandle.java:236)\n\tat java.base/java.lang.invoke.MethodHandleImpl.makePairwiseConvertByEditor(MethodHandleImpl.java:333)\n\tat java.base/java.lang.invoke.MethodHandleImpl.makePairwiseConvert(MethodHandleImpl.java:265)\n\tat java.base/java.lang.invoke.MethodHandleImpl.makePairwiseConvert(MethodHandleImpl.java:382)\n\tat java.base/java.lang.invoke.MethodHandle.asTypeUncached(MethodHandle.java:905)\n\tat java.base/java.lang.invoke.MethodHandle.asType(MethodHandle.java:870)\n\tat java.base/jdk.internal.reflect.MethodHandleAccessorFactory.newConstructorAccessor(MethodHandleAccessorFactory.java:114)\n\tat java.base/jdk.internal.reflect.ReflectionFactory.newConstructorAccessor(ReflectionFactory.java:200)\n\tat java.base/java.lang.reflect.Constructor.acquireConstructorAccessor(Constructor.java:549)\n\tat java.base/java.lang.reflect.Constructor.newInstanceWithCaller(Constructor.java:499)\n\tat java.base/java.lang.reflect.Constructor.newInstance(Constructor.java:486)\n\tat io.reactors.Platform$Reflect$.instantiate(Platform.scala:193)\n\tat io.reactors.Proto.create(Proto.scala:25)\n\tat io.reactors.concurrent.Frame.checkFresh(Frame.scala:237)\n\tat io.reactors.concurrent.Frame.processBatch(Frame.scala:491)\n\tat io.reactors.concurrent.Frame.isolateAndProcessBatch(Frame.scala:210)\n\tat io.reactors.concurrent.Frame.executeBatch(Frame.scala:183)\n\tat io.reactors.JvmScheduler$Executed$$anon$5.run(JvmScheduler.scala:255)\n\tat java.base/java.util.concurrent.ForkJoinTask$RunnableExecuteAction.exec(ForkJoinTask.java:1423)\njava.lang.OutOfMemoryError: GC overhead limit exceeded\njava.lang.OutOfMemoryError: GC overhead limit exceeded\nFailed to load benchmark 'reactors': GC overhead limit exceeded\n",
    "avg_cpu_usage": 58.8,
    "avg_cpu_time": 64.7,
    "avg_io_time": 0.0,
    "p90_io": 0.0,
    "number_of_pauses": 0,
    "total_pause_time": 0,
    "avg_pause_time": 0,
    "pauses_per_category": {},
    "total_pause_time_per_category": {},
    "avg_pause_time_per_category": {},
    "p90_pause_time": 0,
    "throughput": 0
}