{
    "garbage_collector": "Parallel",
    "jdk": "GraalVM_21.0.4",
    "benchmark_group": "Renaissance",
    "benchmark_name": "future-genetic",
    "heap_size": "4096",
    "error": null,
    "avg_cpu_usage": 37.8,
    "avg_cpu_time": 36.7,
    "avg_io_time": 0.2,
    "p90_io": 0.0,
    "number_of_pauses": 24,
    "total_pause_time": 31899199,
    "avg_pause_time": 1329133.29,
    "pauses_per_category": {
        "ICBufferFull": 6,
        "ParallelGCFailedAllocation": 13,
        "Cleanup": 5
    },
    "total_pause_time_per_category": {
        "ICBufferFull": 547585,
        "ParallelGCFailedAllocation": 30895407,
        "Cleanup": 456207
    },
    "avg_pause_time_per_category": {
        "ICBufferFull": 91264.17,
        "ParallelGCFailedAllocation": 2376569.77,
        "Cleanup": 91241.4
    },
    "p90_pause_time": 4603588.7,
    "throughput": 15538233280
}