{
    "garbage_collector": "Z",
    "jdk": "GraalVM_21.0.4",
    "benchmark_group": "Renaissance",
    "benchmark_name": "finagle-chirper",
    "heap_size": "8192",
    "error": null,
    "avg_cpu_usage": 75.7,
    "avg_cpu_time": 69.2,
    "avg_io_time": 0.0,
    "p90_io": 0.0,
    "number_of_pauses": 133,
    "total_pause_time": 26161081,
    "avg_pause_time": 196699.86,
    "pauses_per_category": {
        "ICBufferFull": 66,
        "XMarkStart": 11,
        "XMarkEnd": 11,
        "CleanClassLoaderDataMetaspaces": 3,
        "XRelocateStart": 11,
        "Cleanup": 31
    },
    "total_pause_time_per_category": {
        "ICBufferFull": 16130319,
        "XMarkStart": 1453419,
        "XMarkEnd": 1534427,
        "CleanClassLoaderDataMetaspaces": 1792432,
        "XRelocateStart": 1573996,
        "Cleanup": 3676488
    },
    "avg_pause_time_per_category": {
        "ICBufferFull": 244398.77,
        "XMarkStart": 132129.0,
        "XMarkEnd": 139493.36,
        "CleanClassLoaderDataMetaspaces": 597477.33,
        "XRelocateStart": 143090.55,
        "Cleanup": 118596.39
    },
    "p90_pause_time": 261030.0,
    "throughput": 50345354904
}