{
    "garbage_collector": "Parallel",
    "jdk": "GraalVM_21.0.4",
    "benchmark_group": "Renaissance",
    "benchmark_name": "reactors",
    "heap_size": "4096",
    "error": null,
    "avg_cpu_usage": 41.2,
    "avg_cpu_time": 40.9,
    "avg_io_time": 0.0,
    "p90_io": 0.0,
    "number_of_pauses": 100,
    "total_pause_time": 5154023599,
    "avg_pause_time": 51540235.99,
    "pauses_per_category": {
        "ICBufferFull": 6,
        "Cleanup": 19,
        "ParallelGCFailedAllocation": 75
    },
    "total_pause_time_per_category": {
        "ICBufferFull": 540176,
        "Cleanup": 1744771,
        "ParallelGCFailedAllocation": 5151738652
    },
    "avg_pause_time_per_category": {
        "ICBufferFull": 90029.33,
        "Cleanup": 91830.05,
        "ParallelGCFailedAllocation": 68689848.69
    },
    "p90_pause_time": 151091020.2,
    "throughput": 72237740869
}