{
    "garbage_collector": "Serial",
    "jdk": "GraalVM_21.0.4",
    "benchmark_group": "Renaissance",
    "benchmark_name": "finagle-chirper",
    "heap_size": "256",
    "error": null,
    "avg_cpu_usage": 76.9,
    "avg_cpu_time": 71.0,
    "avg_io_time": 0.0,
    "p90_io": 0.0,
    "number_of_pauses": 554,
    "total_pause_time": 2959270339,
    "avg_pause_time": 5341643.21,
    "pauses_per_category": {
        "ICBufferFull": 70,
        "GenCollectForAllocation": 481,
        "CollectForMetadataAllocation": 2,
        "GenCollectFull": 1
    },
    "total_pause_time_per_category": {
        "ICBufferFull": 17432529,
        "GenCollectForAllocation": 2815781445,
        "CollectForMetadataAllocation": 49778480,
        "GenCollectFull": 76277885
    },
    "avg_pause_time_per_category": {
        "ICBufferFull": 249036.13,
        "GenCollectForAllocation": 5854015.48,
        "CollectForMetadataAllocation": 24889240.0,
        "GenCollectFull": 76277885.0
    },
    "p90_pause_time": 7782806.3,
    "throughput": 46360436798
}