{
    "garbage_collector": "Serial",
    "jdk": "GraalVM_21.0.4",
    "benchmark_group": "Renaissance",
    "benchmark_name": "finagle-http",
    "heap_size": "2048",
    "error": null,
    "avg_cpu_usage": 83.5,
    "avg_cpu_time": 71.0,
    "avg_io_time": 0.0,
    "p90_io": 0.0,
    "number_of_pauses": 153,
    "total_pause_time": 429230063,
    "avg_pause_time": 2805425.25,
    "pauses_per_category": {
        "ICBufferFull": 79,
        "CollectForMetadataAllocation": 2,
        "GenCollectForAllocation": 65,
        "Cleanup": 7
    },
    "total_pause_time_per_category": {
        "ICBufferFull": 10069743,
        "CollectForMetadataAllocation": 41169008,
        "GenCollectForAllocation": 376420128,
        "Cleanup": 1571184
    },
    "avg_pause_time_per_category": {
        "ICBufferFull": 127465.1,
        "CollectForMetadataAllocation": 20584504.0,
        "GenCollectForAllocation": 5791078.89,
        "Cleanup": 224454.86
    },
    "p90_pause_time": 8906974.2,
    "throughput": 49809140031
}