{
    "garbage_collector": "G1",
    "jdk": "GraalVM_21.0.4",
    "benchmark_group": "Renaissance",
    "benchmark_name": "rx-scrabble",
    "heap_size": "1024",
    "error": null,
    "avg_cpu_usage": 29.2,
    "avg_cpu_time": 34.2,
    "avg_io_time": 0.0,
    "p90_io": 0.0,
    "number_of_pauses": 10,
    "total_pause_time": 59884395,
    "avg_pause_time": 5988439.5,
    "pauses_per_category": {
        "ICBufferFull": 3,
        "G1CollectForAllocation": 7
    },
    "total_pause_time_per_category": {
        "ICBufferFull": 672345,
        "G1CollectForAllocation": 59212050
    },
    "avg_pause_time_per_category": {
        "ICBufferFull": 224115.0,
        "G1CollectForAllocation": 8458864.29
    },
    "p90_pause_time": 13052538.1,
    "throughput": 2751762759
}