{
    "garbage_collector": "G1",
    "jdk": "GraalVM_21.0.4",
    "benchmark_group": "Renaissance",
    "benchmark_name": "naive-bayes",
    "heap_size": "2048",
    "error": null,
    "avg_cpu_usage": 57.3,
    "avg_cpu_time": 57.5,
    "avg_io_time": 0.0,
    "p90_io": 0.0,
    "number_of_pauses": 804,
    "total_pause_time": 1776980879,
    "avg_pause_time": 2210175.22,
    "pauses_per_category": {
        "ICBufferFull": 37,
        "Cleanup": 1,
        "CollectForMetadataAllocation": 7,
        "G1PauseRemark": 146,
        "G1PauseCleanup": 146,
        "G1CollectForAllocation": 306,
        "G1TryInitiateConcMark": 161
    },
    "total_pause_time_per_category": {
        "ICBufferFull": 3882177,
        "Cleanup": 252807,
        "CollectForMetadataAllocation": 46226229,
        "G1PauseRemark": 531536721,
        "G1PauseCleanup": 61719444,
        "G1CollectForAllocation": 824225731,
        "G1TryInitiateConcMark": 309137770
    },
    "avg_pause_time_per_category": {
        "ICBufferFull": 104923.7,
        "Cleanup": 252807.0,
        "CollectForMetadataAllocation": 6603747.0,
        "G1PauseRemark": 3640662.47,
        "G1PauseCleanup": 422735.92,
        "G1CollectForAllocation": 2693548.14,
        "G1TryInitiateConcMark": 1920110.37
    },
    "p90_pause_time": 3703469.7,
    "throughput": 49167684302
}