{
    "garbage_collector": "Parallel",
    "jdk": "GraalVM_21.0.4",
    "benchmark_group": "Renaissance",
    "benchmark_name": "philosophers",
    "heap_size": "256",
    "error": null,
    "avg_cpu_usage": 84.2,
    "avg_cpu_time": 81.6,
    "avg_io_time": 0.0,
    "p90_io": 0.0,
    "number_of_pauses": 307,
    "total_pause_time": 235971935,
    "avg_pause_time": 768638.22,
    "pauses_per_category": {
        "ICBufferFull": 1,
        "ParallelGCFailedAllocation": 306
    },
    "total_pause_time_per_category": {
        "ICBufferFull": 61204,
        "ParallelGCFailedAllocation": 235910731
    },
    "avg_pause_time_per_category": {
        "ICBufferFull": 61204.0,
        "ParallelGCFailedAllocation": 770950.1
    },
    "p90_pause_time": 1029186.4,
    "throughput": 15967079990
}