{
    "garbage_collector": "Parallel",
    "jdk": "GraalVM_21.0.4",
    "benchmark_group": "Renaissance",
    "benchmark_name": "movie-lens",
    "heap_size": "2048",
    "error": null,
    "avg_cpu_usage": 55.0,
    "avg_cpu_time": 53.1,
    "avg_io_time": 0.2,
    "p90_io": 0.0,
    "number_of_pauses": 404,
    "total_pause_time": 1191316143,
    "avg_pause_time": 2948802.33,
    "pauses_per_category": {
        "ICBufferFull": 41,
        "Cleanup": 2,
        "CollectForMetadataAllocation": 3,
        "ParallelGCFailedAllocation": 315,
        "ParallelGCSystemGC": 43
    },
    "total_pause_time_per_category": {
        "ICBufferFull": 3802211,
        "Cleanup": 149274,
        "CollectForMetadataAllocation": 81997010,
        "ParallelGCFailedAllocation": 900579833,
        "ParallelGCSystemGC": 204787815
    },
    "avg_pause_time_per_category": {
        "ICBufferFull": 92736.85,
        "Cleanup": 74637.0,
        "CollectForMetadataAllocation": 27332336.67,
        "ParallelGCFailedAllocation": 2858983.6,
        "ParallelGCSystemGC": 4762507.33
    },
    "p90_pause_time": 4068619.9,
    "throughput": 94512297998
}