{
    "garbage_collector": "Parallel",
    "jdk": "GraalVM_21.0.4",
    "benchmark_group": "Renaissance",
    "benchmark_name": "fj-kmeans",
    "heap_size": "2048",
    "error": null,
    "avg_cpu_usage": 83.2,
    "avg_cpu_time": 84.9,
    "avg_io_time": 0.0,
    "p90_io": 0.0,
    "number_of_pauses": 157,
    "total_pause_time": 388790056,
    "avg_pause_time": 2476369.78,
    "pauses_per_category": {
        "ICBufferFull": 1,
        "ParallelGCFailedAllocation": 156
    },
    "total_pause_time_per_category": {
        "ICBufferFull": 59554,
        "ParallelGCFailedAllocation": 388730502
    },
    "avg_pause_time_per_category": {
        "ICBufferFull": 59554.0,
        "ParallelGCFailedAllocation": 2491862.19
    },
    "p90_pause_time": 1093749.0,
    "throughput": 27507354576
}