{
    "garbage_collector": "Z",
    "jdk": "GraalVM_21.0.4",
    "benchmark_group": "Renaissance",
    "benchmark_name": "finagle-chirper",
    "heap_size": "256",
    "error": null,
    "avg_cpu_usage": 83.4,
    "avg_cpu_time": 78.5,
    "avg_io_time": 0.0,
    "p90_io": 0.0,
    "number_of_pauses": 1362,
    "total_pause_time": 197743269,
    "avg_pause_time": 145185.95,
    "pauses_per_category": {
        "ICBufferFull": 40,
        "XMarkStart": 440,
        "XMarkEnd": 439,
        "CleanClassLoaderDataMetaspaces": 4,
        "XRelocateStart": 439
    },
    "total_pause_time_per_category": {
        "ICBufferFull": 15267691,
        "XMarkStart": 73616456,
        "XMarkEnd": 51031463,
        "CleanClassLoaderDataMetaspaces": 1598905,
        "XRelocateStart": 56228754
    },
    "avg_pause_time_per_category": {
        "ICBufferFull": 381692.28,
        "XMarkStart": 167310.13,
        "XMarkEnd": 116244.79,
        "CleanClassLoaderDataMetaspaces": 399726.25,
        "XRelocateStart": 128083.72
    },
    "p90_pause_time": 160359.4,
    "throughput": 55435854716
}