{
    "garbage_collector": "G1",
    "jdk": "GraalVM_21.0.4",
    "benchmark_group": "Renaissance",
    "benchmark_name": "akka-uct",
    "heap_size": "1024",
    "error": null,
    "avg_cpu_usage": 87.4,
    "avg_cpu_time": 85.2,
    "avg_io_time": 0.0,
    "p90_io": 0.0,
    "number_of_pauses": 507,
    "total_pause_time": 16570560407,
    "avg_pause_time": 32683551.1,
    "pauses_per_category": {
        "ICBufferFull": 1,
        "G1CollectForAllocation": 358,
        "CollectForMetadataAllocation": 4,
        "G1PauseRemark": 72,
        "G1PauseCleanup": 72
    },
    "total_pause_time_per_category": {
        "ICBufferFull": 127443,
        "G1CollectForAllocation": 16403717834,
        "CollectForMetadataAllocation": 7401653,
        "G1PauseRemark": 127765040,
        "G1PauseCleanup": 31548437
    },
    "avg_pause_time_per_category": {
        "ICBufferFull": 127443.0,
        "G1CollectForAllocation": 45820440.88,
        "CollectForMetadataAllocation": 1850413.25,
        "G1PauseRemark": 1774514.44,
        "G1PauseCleanup": 438172.74
    },
    "p90_pause_time": 55248740.2,
    "throughput": 76810798763
}