{
    "garbage_collector": "Serial",
    "jdk": "GraalVM_21.0.4",
    "benchmark_group": "Renaissance",
    "benchmark_name": "movie-lens",
    "heap_size": "8192",
    "error": null,
    "avg_cpu_usage": 55.0,
    "avg_cpu_time": 51.6,
    "avg_io_time": 0.1,
    "p90_io": 0.0,
    "number_of_pauses": 186,
    "total_pause_time": 1691848795,
    "avg_pause_time": 9095961.26,
    "pauses_per_category": {
        "ICBufferFull": 49,
        "Cleanup": 18,
        "CollectForMetadataAllocation": 3,
        "GenCollectForAllocation": 102,
        "GenCollectFull": 14
    },
    "total_pause_time_per_category": {
        "ICBufferFull": 6119695,
        "Cleanup": 1618138,
        "CollectForMetadataAllocation": 87163027,
        "GenCollectForAllocation": 1141251171,
        "GenCollectFull": 455696764
    },
    "avg_pause_time_per_category": {
        "ICBufferFull": 124891.73,
        "Cleanup": 89896.56,
        "CollectForMetadataAllocation": 29054342.33,
        "GenCollectForAllocation": 11188736.97,
        "GenCollectFull": 32549768.86
    },
    "p90_pause_time": 17444709.5,
    "throughput": 95066775430
}