{
    "garbage_collector": "Z",
    "jdk": "GraalVM_21.0.4",
    "benchmark_group": "Renaissance",
    "benchmark_name": "gauss-mix",
    "heap_size": "512",
    "error": null,
    "avg_cpu_usage": 36.2,
    "avg_cpu_time": 35.5,
    "avg_io_time": 0.0,
    "p90_io": 0.0,
    "number_of_pauses": 277,
    "total_pause_time": 22017672,
    "avg_pause_time": 79486.18,
    "pauses_per_category": {
        "ICBufferFull": 9,
        "Cleanup": 2,
        "XMarkStart": 93,
        "XMarkEnd": 76,
        "CleanClassLoaderDataMetaspaces": 8,
        "XRelocateStart": 89
    },
    "total_pause_time_per_category": {
        "ICBufferFull": 746972,
        "Cleanup": 149882,
        "XMarkStart": 6313466,
        "XMarkEnd": 5915282,
        "CleanClassLoaderDataMetaspaces": 2991602,
        "XRelocateStart": 5900468
    },
    "avg_pause_time_per_category": {
        "ICBufferFull": 82996.89,
        "Cleanup": 74941.0,
        "XMarkStart": 67886.73,
        "XMarkEnd": 77832.66,
        "CleanClassLoaderDataMetaspaces": 373950.25,
        "XRelocateStart": 66297.39
    },
    "p90_pause_time": 113649.0,
    "throughput": 14611319819
}