{
    "garbage_collector": "Serial",
    "jdk": "GraalVM_21.0.4",
    "benchmark_group": "Renaissance",
    "benchmark_name": "gauss-mix",
    "heap_size": "512",
    "error": null,
    "avg_cpu_usage": 30.3,
    "avg_cpu_time": 31.3,
    "avg_io_time": 0.0,
    "p90_io": 0.0,
    "number_of_pauses": 94,
    "total_pause_time": 374332852,
    "avg_pause_time": 3982264.38,
    "pauses_per_category": {
        "ICBufferFull": 7,
        "Cleanup": 1,
        "CollectForMetadataAllocation": 4,
        "GenCollectForAllocation": 80,
        "GenCollectFull": 2
    },
    "total_pause_time_per_category": {
        "ICBufferFull": 497172,
        "Cleanup": 291107,
        "CollectForMetadataAllocation": 79467306,
        "GenCollectForAllocation": 289098842,
        "GenCollectFull": 4978425
    },
    "avg_pause_time_per_category": {
        "ICBufferFull": 71024.57,
        "Cleanup": 291107.0,
        "CollectForMetadataAllocation": 19866826.5,
        "GenCollectForAllocation": 3613735.52,
        "GenCollectFull": 2489212.5
    },
    "p90_pause_time": 7684293.5,
    "throughput": 13090415265
}