{
    "garbage_collector": "Serial",
    "jdk": "GraalVM_21.0.4",
    "benchmark_group": "Renaissance",
    "benchmark_name": "fj-kmeans",
    "heap_size": "4096",
    "error": null,
    "avg_cpu_usage": 83.1,
    "avg_cpu_time": 85.1,
    "avg_io_time": 0.0,
    "p90_io": 0.0,
    "number_of_pauses": 91,
    "total_pause_time": 218925842,
    "avg_pause_time": 2405778.48,
    "pauses_per_category": {
        "ICBufferFull": 1,
        "GenCollectForAllocation": 90
    },
    "total_pause_time_per_category": {
        "ICBufferFull": 144607,
        "GenCollectForAllocation": 218781235
    },
    "avg_pause_time_per_category": {
        "ICBufferFull": 144607.0,
        "GenCollectForAllocation": 2430902.61
    },
    "p90_pause_time": 1259474.0,
    "throughput": 29107368004
}