{
    "garbage_collector": "Serial",
    "jdk": "GraalVM_21.0.4",
    "benchmark_group": "Renaissance",
    "benchmark_name": "reactors",
    "heap_size": "2048",
    "error": null,
    "avg_cpu_usage": 32.5,
    "avg_cpu_time": 32.2,
    "avg_io_time": 0.1,
    "p90_io": 0.0,
    "number_of_pauses": 118,
    "total_pause_time": 19935742958,
    "avg_pause_time": 168946974.22,
    "pauses_per_category": {
        "ICBufferFull": 3,
        "Cleanup": 19,
        "GenCollectForAllocation": 96
    },
    "total_pause_time_per_category": {
        "ICBufferFull": 286608,
        "Cleanup": 1638541,
        "GenCollectForAllocation": 19933817809
    },
    "avg_pause_time_per_category": {
        "ICBufferFull": 95536.0,
        "Cleanup": 86239.0,
        "GenCollectForAllocation": 207643935.51
    },
    "p90_pause_time": 551273704.9,
    "throughput": 84833251029
}