{
    "garbage_collector": "G1",
    "jdk": "GraalVM_21.0.4",
    "benchmark_group": "Renaissance",
    "benchmark_name": "gauss-mix",
    "heap_size": "512",
    "error": null,
    "avg_cpu_usage": 31.1,
    "avg_cpu_time": 32.8,
    "avg_io_time": 0.0,
    "p90_io": 0.0,
    "number_of_pauses": 56,
    "total_pause_time": 176720598,
    "avg_pause_time": 3155724.96,
    "pauses_per_category": {
        "ICBufferFull": 8,
        "G1CollectForAllocation": 34,
        "CollectForMetadataAllocation": 7,
        "G1PauseRemark": 3,
        "G1PauseCleanup": 3,
        "Cleanup": 1
    },
    "total_pause_time_per_category": {
        "ICBufferFull": 626917,
        "G1CollectForAllocation": 131654786,
        "CollectForMetadataAllocation": 38999068,
        "G1PauseRemark": 4818162,
        "G1PauseCleanup": 493531,
        "Cleanup": 128134
    },
    "avg_pause_time_per_category": {
        "ICBufferFull": 78364.62,
        "G1CollectForAllocation": 3872199.59,
        "CollectForMetadataAllocation": 5571295.43,
        "G1PauseRemark": 1606054.0,
        "G1PauseCleanup": 164510.33,
        "Cleanup": 128134.0
    },
    "p90_pause_time": 6699690.0,
    "throughput": 12786697819
}