{
    "garbage_collector": "Serial",
    "jdk": "GraalVM_21.0.4",
    "benchmark_group": "Renaissance",
    "benchmark_name": "philosophers",
    "heap_size": "256",
    "error": null,
    "avg_cpu_usage": 80.4,
    "avg_cpu_time": 77.8,
    "avg_io_time": 0.0,
    "p90_io": 0.0,
    "number_of_pauses": 348,
    "total_pause_time": 444329966,
    "avg_pause_time": 1276810.25,
    "pauses_per_category": {
        "ICBufferFull": 1,
        "GenCollectForAllocation": 347
    },
    "total_pause_time_per_category": {
        "ICBufferFull": 64499,
        "GenCollectForAllocation": 444265467
    },
    "avg_pause_time_per_category": {
        "ICBufferFull": 64499.0,
        "GenCollectForAllocation": 1280303.94
    },
    "p90_pause_time": 1817648.4,
    "throughput": 18690742818
}