{
    "garbage_collector": "Z",
    "jdk": "GraalVM_21.0.4",
    "benchmark_group": "Renaissance",
    "benchmark_name": "neo4j-analytics",
    "heap_size": "2048",
    "error": null,
    "avg_cpu_usage": 35.0,
    "avg_cpu_time": 35.2,
    "avg_io_time": 0.5,
    "p90_io": 1.21,
    "number_of_pauses": 279,
    "total_pause_time": 45282335,
    "avg_pause_time": 162302.28,
    "pauses_per_category": {
        "ICBufferFull": 44,
        "XMarkStart": 73,
        "XMarkEnd": 73,
        "CleanClassLoaderDataMetaspaces": 10,
        "XRelocateStart": 74,
        "Cleanup": 5
    },
    "total_pause_time_per_category": {
        "ICBufferFull": 6036149,
        "XMarkStart": 19411261,
        "XMarkEnd": 6619705,
        "CleanClassLoaderDataMetaspaces": 3288391,
        "XRelocateStart": 9412111,
        "Cleanup": 514718
    },
    "avg_pause_time_per_category": {
        "ICBufferFull": 137185.2,
        "XMarkStart": 265907.68,
        "XMarkEnd": 90680.89,
        "CleanClassLoaderDataMetaspaces": 328839.1,
        "XRelocateStart": 127190.69,
        "Cleanup": 102943.6
    },
    "p90_pause_time": 162076.4,
    "throughput": 54886442041
}