{
    "garbage_collector": "Serial",
    "jdk": "GraalVM_21.0.4",
    "benchmark_group": "Renaissance",
    "benchmark_name": "naive-bayes",
    "heap_size": "2048",
    "error": null,
    "avg_cpu_usage": 48.7,
    "avg_cpu_time": 51.4,
    "avg_io_time": 0.1,
    "p90_io": 0.0,
    "number_of_pauses": 595,
    "total_pause_time": 5973039673,
    "avg_pause_time": 10038722.14,
    "pauses_per_category": {
        "ICBufferFull": 28,
        "Cleanup": 2,
        "CollectForMetadataAllocation": 4,
        "GenCollectForAllocation": 561
    },
    "total_pause_time_per_category": {
        "ICBufferFull": 3203130,
        "Cleanup": 163607,
        "CollectForMetadataAllocation": 169572540,
        "GenCollectForAllocation": 5800100396
    },
    "avg_pause_time_per_category": {
        "ICBufferFull": 114397.5,
        "Cleanup": 81803.5,
        "CollectForMetadataAllocation": 42393135.0,
        "GenCollectForAllocation": 10338859.89
    },
    "p90_pause_time": 10817169.8,
    "throughput": 47897998099
}