{
    "garbage_collector": "Parallel",
    "jdk": "GraalVM_21.0.4",
    "benchmark_group": "Renaissance",
    "benchmark_name": "neo4j-analytics",
    "heap_size": "1024",
    "error": "Error code not found: 1\nException in thread \"neo4j.TransactionTimeoutMonitor-3\" java.lang.OutOfMemoryError: GC overhead limit exceeded\n\tat java.base/java.util.concurrent.SynchronousQueue$Transferer.xferLifo(SynchronousQueue.java:191)\n\tat java.base/java.util.concurrent.SynchronousQueue.xfer(SynchronousQueue.java:233)\n\tat java.base/java.util.concurrent.SynchronousQueue.poll(SynchronousQueue.java:336)\n\tat java.base/java.util.concurrent.ThreadPoolExecutor.getTask(ThreadPoolExecutor.java:1069)\n\tat java.base/java.util.concurrent.ThreadPoolExecutor.runWorker(ThreadPoolExecutor.java:1130)\n\tat java.base/java.util.concurrent.ThreadPoolExecutor$Worker.run(ThreadPoolExecutor.java:642)\n\tat java.base/java.lang.Thread.runWith(Thread.java:1596)\n\tat java.base/java.lang.Thread.run(Thread.java:1583)\nException in thread \"neo4j.TransactionTimeoutMonitor-5\" java.lang.OutOfMemoryError: GC overhead limit exceeded\nBenchmark 'neo4j-analytics' failed with exception:\njava.lang.OutOfMemoryError: GC overhead limit exceeded\n",
    "avg_cpu_usage": 75.5,
    "avg_cpu_time": 75.4,
    "avg_io_time": 0.2,
    "p90_io": 0.0,
    "number_of_pauses": 0,
    "total_pause_time": 0,
    "avg_pause_time": 0,
    "pauses_per_category": {},
    "total_pause_time_per_category": {},
    "avg_pause_time_per_category": {},
    "p90_pause_time": 0,
    "throughput": 0
}