{
    "garbage_collector": "Parallel",
    "jdk": "GraalVM_21.0.4",
    "benchmark_group": "Renaissance",
    "benchmark_name": "finagle-chirper",
    "heap_size": "8192",
    "error": null,
    "avg_cpu_usage": 79.6,
    "avg_cpu_time": 74.7,
    "avg_io_time": 0.0,
    "p90_io": 0.0,
    "number_of_pauses": 123,
    "total_pause_time": 269921575,
    "avg_pause_time": 2194484.35,
    "pauses_per_category": {
        "ICBufferFull": 81,
        "CollectForMetadataAllocation": 2,
        "ParallelGCFailedAllocation": 13,
        "Cleanup": 26,
        "ParallelGCSystemGC": 1
    },
    "total_pause_time_per_category": {
        "ICBufferFull": 22921679,
        "CollectForMetadataAllocation": 44490809,
        "ParallelGCFailedAllocation": 121096306,
        "Cleanup": 3309848,
        "ParallelGCSystemGC": 78102933
    },
    "avg_pause_time_per_category": {
        "ICBufferFull": 282983.69,
        "CollectForMetadataAllocation": 22245404.5,
        "ParallelGCFailedAllocation": 9315100.46,
        "Cleanup": 127301.85,
        "ParallelGCSystemGC": 78102933.0
    },
    "p90_pause_time": 6261198.0,
    "throughput": 44239827862
}