{
    "garbage_collector": "G1",
    "jdk": "GraalVM_21.0.4",
    "benchmark_group": "Renaissance",
    "benchmark_name": "gauss-mix",
    "heap_size": "2048",
    "error": null,
    "avg_cpu_usage": 32.6,
    "avg_cpu_time": 31.9,
    "avg_io_time": 0.8,
    "p90_io": 2.6,
    "number_of_pauses": 39,
    "total_pause_time": 106862117,
    "avg_pause_time": 2740054.28,
    "pauses_per_category": {
        "ICBufferFull": 20,
        "Cleanup": 1,
        "CollectForMetadataAllocation": 3,
        "G1PauseRemark": 3,
        "G1PauseCleanup": 3,
        "G1CollectForAllocation": 9
    },
    "total_pause_time_per_category": {
        "ICBufferFull": 1743716,
        "Cleanup": 91648,
        "CollectForMetadataAllocation": 26866170,
        "G1PauseRemark": 5126746,
        "G1PauseCleanup": 766446,
        "G1CollectForAllocation": 72267391
    },
    "avg_pause_time_per_category": {
        "ICBufferFull": 87185.8,
        "Cleanup": 91648.0,
        "CollectForMetadataAllocation": 8955390.0,
        "G1PauseRemark": 1708915.33,
        "G1PauseCleanup": 255482.0,
        "G1CollectForAllocation": 8029710.11
    },
    "p90_pause_time": 8949038.2,
    "throughput": 12478706229
}