{
    "garbage_collector": "G1",
    "jdk": "GraalVM_21.0.4",
    "benchmark_group": "Renaissance",
    "benchmark_name": "philosophers",
    "heap_size": "256",
    "error": null,
    "avg_cpu_usage": 86.0,
    "avg_cpu_time": 84.7,
    "avg_io_time": 0.0,
    "p90_io": 0.0,
    "number_of_pauses": 177,
    "total_pause_time": 174404669,
    "avg_pause_time": 985337.11,
    "pauses_per_category": {
        "ICBufferFull": 1,
        "G1CollectForAllocation": 176
    },
    "total_pause_time_per_category": {
        "ICBufferFull": 58033,
        "G1CollectForAllocation": 174346636
    },
    "avg_pause_time_per_category": {
        "ICBufferFull": 58033.0,
        "G1CollectForAllocation": 990605.89
    },
    "p90_pause_time": 1320262.0,
    "throughput": 14726039464
}