{
    "garbage_collector": "Z",
    "jdk": "GraalVM_21.0.4",
    "benchmark_group": "Renaissance",
    "benchmark_name": "philosophers",
    "heap_size": "256",
    "error": null,
    "avg_cpu_usage": 86.1,
    "avg_cpu_time": 84.0,
    "avg_io_time": 0.0,
    "p90_io": 0.0,
    "number_of_pauses": 455,
    "total_pause_time": 46317345,
    "avg_pause_time": 101796.36,
    "pauses_per_category": {
        "XMarkStart": 151,
        "XMarkEnd": 151,
        "CleanClassLoaderDataMetaspaces": 2,
        "XRelocateStart": 151
    },
    "total_pause_time_per_category": {
        "XMarkStart": 15766660,
        "XMarkEnd": 14322523,
        "CleanClassLoaderDataMetaspaces": 1060453,
        "XRelocateStart": 15167709
    },
    "avg_pause_time_per_category": {
        "XMarkStart": 104414.97,
        "XMarkEnd": 94851.15,
        "CleanClassLoaderDataMetaspaces": 530226.5,
        "XRelocateStart": 100448.4
    },
    "p90_pause_time": 105394.0,
    "throughput": 16280320173
}