{
    "garbage_collector": "Serial",
    "jdk": "GraalVM_21.0.4",
    "benchmark_group": "Renaissance",
    "benchmark_name": "naive-bayes",
    "heap_size": "8192",
    "error": null,
    "avg_cpu_usage": 65.0,
    "avg_cpu_time": 66.6,
    "avg_io_time": 0.2,
    "p90_io": 0.0,
    "number_of_pauses": 110,
    "total_pause_time": 1296169732,
    "avg_pause_time": 11783361.2,
    "pauses_per_category": {
        "ICBufferFull": 52,
        "Cleanup": 2,
        "CollectForMetadataAllocation": 4,
        "GenCollectForAllocation": 52
    },
    "total_pause_time_per_category": {
        "ICBufferFull": 5040841,
        "Cleanup": 206872,
        "CollectForMetadataAllocation": 159193787,
        "GenCollectForAllocation": 1131728232
    },
    "avg_pause_time_per_category": {
        "ICBufferFull": 96939.25,
        "Cleanup": 103436.0,
        "CollectForMetadataAllocation": 39798446.75,
        "GenCollectForAllocation": 21764004.46
    },
    "p90_pause_time": 31175618.5,
    "throughput": 25035403067
}