{
    "garbage_collector": "Parallel",
    "jdk": "GraalVM_21.0.4",
    "benchmark_group": "Renaissance",
    "benchmark_name": "fj-kmeans",
    "heap_size": "1024",
    "error": null,
    "avg_cpu_usage": 83.6,
    "avg_cpu_time": 84.6,
    "avg_io_time": 0.0,
    "p90_io": 0.0,
    "number_of_pauses": 310,
    "total_pause_time": 404817464,
    "avg_pause_time": 1305862.79,
    "pauses_per_category": {
        "ICBufferFull": 1,
        "ParallelGCFailedAllocation": 309
    },
    "total_pause_time_per_category": {
        "ICBufferFull": 58788,
        "ParallelGCFailedAllocation": 404758676
    },
    "avg_pause_time_per_category": {
        "ICBufferFull": 58788.0,
        "ParallelGCFailedAllocation": 1309898.63
    },
    "p90_pause_time": 1011026.4,
    "throughput": 28482135591
}