{
    "garbage_collector": "Parallel",
    "jdk": "GraalVM_21.0.4",
    "benchmark_group": "Renaissance",
    "benchmark_name": "neo4j-analytics",
    "heap_size": "2048",
    "error": null,
    "avg_cpu_usage": 35.9,
    "avg_cpu_time": 37.8,
    "avg_io_time": 0.8,
    "p90_io": 3.64,
    "number_of_pauses": 136,
    "total_pause_time": 5065127846,
    "avg_pause_time": 37243587.1,
    "pauses_per_category": {
        "ICBufferFull": 40,
        "CollectForMetadataAllocation": 3,
        "ParallelGCFailedAllocation": 90,
        "Cleanup": 2,
        "ParallelGCSystemGC": 1
    },
    "total_pause_time_per_category": {
        "ICBufferFull": 4754987,
        "CollectForMetadataAllocation": 96062971,
        "ParallelGCFailedAllocation": 4886819786,
        "Cleanup": 170873,
        "ParallelGCSystemGC": 77319229
    },
    "avg_pause_time_per_category": {
        "ICBufferFull": 118874.68,
        "CollectForMetadataAllocation": 32020990.33,
        "ParallelGCFailedAllocation": 54297997.62,
        "Cleanup": 85436.5,
        "ParallelGCSystemGC": 77319229.0
    },
    "p90_pause_time": 92534120.5,
    "throughput": 41859271213
}