{
    "garbage_collector": "Z",
    "jdk": "GraalVM_21.0.4",
    "benchmark_group": "Renaissance",
    "benchmark_name": "future-genetic",
    "heap_size": "512",
    "error": null,
    "avg_cpu_usage": 36.9,
    "avg_cpu_time": 35.6,
    "avg_io_time": 0.2,
    "p90_io": 0.0,
    "number_of_pauses": 176,
    "total_pause_time": 19818021,
    "avg_pause_time": 112602.39,
    "pauses_per_category": {
        "ICBufferFull": 3,
        "XMarkStart": 57,
        "XMarkEnd": 57,
        "CleanClassLoaderDataMetaspaces": 2,
        "XRelocateStart": 57
    },
    "total_pause_time_per_category": {
        "ICBufferFull": 252842,
        "XMarkStart": 7833731,
        "XMarkEnd": 5495805,
        "CleanClassLoaderDataMetaspaces": 633149,
        "XRelocateStart": 5602494
    },
    "avg_pause_time_per_category": {
        "ICBufferFull": 84280.67,
        "XMarkStart": 137433.88,
        "XMarkEnd": 96417.63,
        "CleanClassLoaderDataMetaspaces": 316574.5,
        "XRelocateStart": 98289.37
    },
    "p90_pause_time": 107487.5,
    "throughput": 17362722953
}