{
    "garbage_collector": "Serial",
    "jdk": "GraalVM_21.0.4",
    "benchmark_group": "Renaissance",
    "benchmark_name": "dotty",
    "heap_size": "1024",
    "error": null,
    "avg_cpu_usage": 25.9,
    "avg_cpu_time": 25.9,
    "avg_io_time": 0.0,
    "p90_io": 0.0,
    "number_of_pauses": 94,
    "total_pause_time": 520162475,
    "avg_pause_time": 5533643.35,
    "pauses_per_category": {
        "ICBufferFull": 74,
        "CollectForMetadataAllocation": 2,
        "GenCollectFull": 3,
        "Cleanup": 8,
        "GenCollectForAllocation": 7
    },
    "total_pause_time_per_category": {
        "ICBufferFull": 11307505,
        "CollectForMetadataAllocation": 54970855,
        "GenCollectFull": 194107056,
        "Cleanup": 920644,
        "GenCollectForAllocation": 258856415
    },
    "avg_pause_time_per_category": {
        "ICBufferFull": 152804.12,
        "CollectForMetadataAllocation": 27485427.5,
        "GenCollectFull": 64702352.0,
        "Cleanup": 115080.5,
        "GenCollectForAllocation": 36979487.86
    },
    "p90_pause_time": 11709028.6,
    "throughput": 32238927077
}