{
    "garbage_collector": "Parallel",
    "jdk": "GraalVM_21.0.4",
    "benchmark_group": "Renaissance",
    "benchmark_name": "rx-scrabble",
    "heap_size": "1024",
    "error": null,
    "avg_cpu_usage": 29.1,
    "avg_cpu_time": 32.6,
    "avg_io_time": 0.0,
    "p90_io": 0.0,
    "number_of_pauses": 15,
    "total_pause_time": 130355285,
    "avg_pause_time": 8690352.33,
    "pauses_per_category": {
        "ICBufferFull": 8,
        "ParallelGCFailedAllocation": 7
    },
    "total_pause_time_per_category": {
        "ICBufferFull": 757792,
        "ParallelGCFailedAllocation": 129597493
    },
    "avg_pause_time_per_category": {
        "ICBufferFull": 94724.0,
        "ParallelGCFailedAllocation": 18513927.57
    },
    "p90_pause_time": 25446826.0,
    "throughput": 2752520409
}