{
    "garbage_collector": "Z",
    "jdk": "GraalVM_21.0.4",
    "benchmark_group": "Renaissance",
    "benchmark_name": "rx-scrabble",
    "heap_size": "2048",
    "error": null,
    "avg_cpu_usage": 34.7,
    "avg_cpu_time": 25.0,
    "avg_io_time": 0.3,
    "p90_io": 0.0,
    "number_of_pauses": 25,
    "total_pause_time": 2875353,
    "avg_pause_time": 115014.12,
    "pauses_per_category": {
        "ICBufferFull": 10,
        "XMarkStart": 4,
        "XMarkEnd": 4,
        "CleanClassLoaderDataMetaspaces": 3,
        "XRelocateStart": 4
    },
    "total_pause_time_per_category": {
        "ICBufferFull": 846916,
        "XMarkStart": 501136,
        "XMarkEnd": 383838,
        "CleanClassLoaderDataMetaspaces": 706830,
        "XRelocateStart": 436633
    },
    "avg_pause_time_per_category": {
        "ICBufferFull": 84691.6,
        "XMarkStart": 125284.0,
        "XMarkEnd": 95959.5,
        "CleanClassLoaderDataMetaspaces": 235610.0,
        "XRelocateStart": 109158.25
    },
    "p90_pause_time": 138855.8,
    "throughput": 3651122992
}