{
    "garbage_collector": "Z",
    "jdk": "GraalVM_21.0.4",
    "benchmark_group": "Renaissance",
    "benchmark_name": "scala-doku",
    "heap_size": "2048",
    "error": null,
    "avg_cpu_usage": 16.8,
    "avg_cpu_time": 16.8,
    "avg_io_time": 0.2,
    "p90_io": 0.0,
    "number_of_pauses": 29,
    "total_pause_time": 3485632,
    "avg_pause_time": 120194.21,
    "pauses_per_category": {
        "ICBufferFull": 3,
        "XMarkStart": 6,
        "XMarkEnd": 5,
        "CleanClassLoaderDataMetaspaces": 2,
        "XRelocateStart": 5,
        "Cleanup": 8
    },
    "total_pause_time_per_category": {
        "ICBufferFull": 189071,
        "XMarkStart": 526289,
        "XMarkEnd": 569991,
        "CleanClassLoaderDataMetaspaces": 897123,
        "XRelocateStart": 518616,
        "Cleanup": 784542
    },
    "avg_pause_time_per_category": {
        "ICBufferFull": 63023.67,
        "XMarkStart": 87714.83,
        "XMarkEnd": 113998.2,
        "CleanClassLoaderDataMetaspaces": 448561.5,
        "XRelocateStart": 103723.2,
        "Cleanup": 98067.75
    },
    "p90_pause_time": 133409.2,
    "throughput": 14283978516
}