{
    "garbage_collector": "Z",
    "jdk": "GraalVM_21.0.4",
    "benchmark_group": "Renaissance",
    "benchmark_name": "page-rank",
    "heap_size": "1024",
    "error": null,
    "avg_cpu_usage": 49.8,
    "avg_cpu_time": 50.5,
    "avg_io_time": 0.1,
    "p90_io": 0.0,
    "number_of_pauses": 994,
    "total_pause_time": 338875445,
    "avg_pause_time": 340920.97,
    "pauses_per_category": {
        "ICBufferFull": 3,
        "Cleanup": 1,
        "XMarkStart": 326,
        "XMarkEnd": 325,
        "CleanClassLoaderDataMetaspaces": 12,
        "XRelocateStart": 327
    },
    "total_pause_time_per_category": {
        "ICBufferFull": 221214,
        "Cleanup": 97068,
        "XMarkStart": 225290110,
        "XMarkEnd": 22810464,
        "CleanClassLoaderDataMetaspaces": 3586577,
        "XRelocateStart": 86870012
    },
    "avg_pause_time_per_category": {
        "ICBufferFull": 73738.0,
        "Cleanup": 97068.0,
        "XMarkStart": 691073.96,
        "XMarkEnd": 70186.04,
        "CleanClassLoaderDataMetaspaces": 298881.42,
        "XRelocateStart": 265657.53
    },
    "p90_pause_time": 129474.1,
    "throughput": 120067612380
}