{
    "garbage_collector": "Serial",
    "jdk": "GraalVM_21.0.4",
    "benchmark_group": "Renaissance",
    "benchmark_name": "chi-square",
    "heap_size": "8192",
    "error": null,
    "avg_cpu_usage": 28.9,
    "avg_cpu_time": 29.4,
    "avg_io_time": 0.1,
    "p90_io": 0.0,
    "number_of_pauses": 24,
    "total_pause_time": 571172006,
    "avg_pause_time": 23798833.58,
    "pauses_per_category": {
        "ICBufferFull": 10,
        "Cleanup": 2,
        "CollectForMetadataAllocation": 3,
        "GenCollectForAllocation": 9
    },
    "total_pause_time_per_category": {
        "ICBufferFull": 870519,
        "Cleanup": 72858,
        "CollectForMetadataAllocation": 219565600,
        "GenCollectForAllocation": 350663029
    },
    "avg_pause_time_per_category": {
        "ICBufferFull": 87051.9,
        "Cleanup": 36429.0,
        "CollectForMetadataAllocation": 73188533.33,
        "GenCollectForAllocation": 38962558.78
    },
    "p90_pause_time": 77105175.0,
    "throughput": 11861445260
}