{
    "garbage_collector": "Parallel",
    "jdk": "GraalVM_21.0.4",
    "benchmark_group": "Renaissance",
    "benchmark_name": "par-mnemonics",
    "heap_size": "4096",
    "error": null,
    "avg_cpu_usage": 20.4,
    "avg_cpu_time": 20.2,
    "avg_io_time": 0.0,
    "p90_io": 0.0,
    "number_of_pauses": 29,
    "total_pause_time": 440917722,
    "avg_pause_time": 15204059.38,
    "pauses_per_category": {
        "ICBufferFull": 3,
        "ParallelGCFailedAllocation": 26
    },
    "total_pause_time_per_category": {
        "ICBufferFull": 193102,
        "ParallelGCFailedAllocation": 440724620
    },
    "avg_pause_time_per_category": {
        "ICBufferFull": 64367.33,
        "ParallelGCFailedAllocation": 16950946.92
    },
    "p90_pause_time": 32579880.0,
    "throughput": 14298845926
}