{
    "garbage_collector": "G1",
    "jdk": "GraalVM_21.0.4",
    "benchmark_group": "Renaissance",
    "benchmark_name": "par-mnemonics",
    "heap_size": "256",
    "error": null,
    "avg_cpu_usage": 21.7,
    "avg_cpu_time": 23.1,
    "avg_io_time": 0.0,
    "p90_io": 0.0,
    "number_of_pauses": 280,
    "total_pause_time": 979559318,
    "avg_pause_time": 3498426.14,
    "pauses_per_category": {
        "ICBufferFull": 1,
        "G1CollectForAllocation": 223,
        "G1PauseRemark": 25,
        "G1PauseCleanup": 25,
        "G1TryInitiateConcMark": 6
    },
    "total_pause_time_per_category": {
        "ICBufferFull": 58334,
        "G1CollectForAllocation": 881010320,
        "G1PauseRemark": 21489821,
        "G1PauseCleanup": 4268271,
        "G1TryInitiateConcMark": 72732572
    },
    "avg_pause_time_per_category": {
        "ICBufferFull": 58334.0,
        "G1CollectForAllocation": 3950718.92,
        "G1PauseRemark": 859592.84,
        "G1PauseCleanup": 170730.84,
        "G1TryInitiateConcMark": 12122095.33
    },
    "p90_pause_time": 6585210.7,
    "throughput": 15213695593
}