{
    "garbage_collector": "Parallel",
    "jdk": "GraalVM_21.0.4",
    "benchmark_group": "Renaissance",
    "benchmark_name": "page-rank",
    "heap_size": "2048",
    "error": null,
    "avg_cpu_usage": 45.0,
    "avg_cpu_time": 45.3,
    "avg_io_time": 0.2,
    "p90_io": 0.0,
    "number_of_pauses": 157,
    "total_pause_time": 6690457464,
    "avg_pause_time": 42614378.75,
    "pauses_per_category": {
        "ICBufferFull": 8,
        "Cleanup": 2,
        "CollectForMetadataAllocation": 3,
        "ParallelGCFailedAllocation": 143,
        "ParallelGCSystemGC": 1
    },
    "total_pause_time_per_category": {
        "ICBufferFull": 694122,
        "Cleanup": 210879,
        "CollectForMetadataAllocation": 644813578,
        "ParallelGCFailedAllocation": 6044301183,
        "ParallelGCSystemGC": 437702
    },
    "avg_pause_time_per_category": {
        "ICBufferFull": 86765.25,
        "Cleanup": 105439.5,
        "CollectForMetadataAllocation": 214937859.33,
        "ParallelGCFailedAllocation": 42267840.44,
        "ParallelGCSystemGC": 437702.0
    },
    "p90_pause_time": 53586831.2,
    "throughput": 51925235444
}