{
    "garbage_collector": "Serial",
    "jdk": "GraalVM_21.0.4",
    "benchmark_group": "Renaissance",
    "benchmark_name": "scala-doku",
    "heap_size": "4096",
    "error": null,
    "avg_cpu_usage": 16.7,
    "avg_cpu_time": 17.1,
    "avg_io_time": 0.1,
    "p90_io": 0.0,
    "number_of_pauses": 14,
    "total_pause_time": 37151191,
    "avg_pause_time": 2653656.5,
    "pauses_per_category": {
        "ICBufferFull": 3,
        "Cleanup": 10,
        "GenCollectForAllocation": 1
    },
    "total_pause_time_per_category": {
        "ICBufferFull": 259636,
        "Cleanup": 976212,
        "GenCollectForAllocation": 35915343
    },
    "avg_pause_time_per_category": {
        "ICBufferFull": 86545.33,
        "Cleanup": 97621.2,
        "GenCollectForAllocation": 35915343.0
    },
    "p90_pause_time": 131632.8,
    "throughput": 13377951564
}