{
    "garbage_collector": "G1",
    "jdk": "GraalVM_21.0.4",
    "benchmark_group": "Renaissance",
    "benchmark_name": "mnemonics",
    "heap_size": "1024",
    "error": null,
    "avg_cpu_usage": 16.5,
    "avg_cpu_time": 20.1,
    "avg_io_time": 0.0,
    "p90_io": 0.0,
    "number_of_pauses": 61,
    "total_pause_time": 800718507,
    "avg_pause_time": 13126532.9,
    "pauses_per_category": {
        "ICBufferFull": 1,
        "G1CollectForAllocation": 56,
        "G1PauseRemark": 2,
        "G1PauseCleanup": 2
    },
    "total_pause_time_per_category": {
        "ICBufferFull": 60155,
        "G1CollectForAllocation": 797544928,
        "G1PauseRemark": 2655599,
        "G1PauseCleanup": 457825
    },
    "avg_pause_time_per_category": {
        "ICBufferFull": 60155.0,
        "G1CollectForAllocation": 14241873.71,
        "G1PauseRemark": 1327799.5,
        "G1PauseCleanup": 228912.5
    },
    "p90_pause_time": 33327230.0,
    "throughput": 17042168676
}