{
    "garbage_collector": "Serial",
    "jdk": "GraalVM_21.0.4",
    "benchmark_group": "Renaissance",
    "benchmark_name": "scala-doku",
    "heap_size": "8192",
    "error": null,
    "avg_cpu_usage": 15.4,
    "avg_cpu_time": 16.2,
    "avg_io_time": 0.0,
    "p90_io": 0.0,
    "number_of_pauses": 15,
    "total_pause_time": 1503990,
    "avg_pause_time": 100266.0,
    "pauses_per_category": {
        "ICBufferFull": 3,
        "Cleanup": 12
    },
    "total_pause_time_per_category": {
        "ICBufferFull": 319176,
        "Cleanup": 1184814
    },
    "avg_pause_time_per_category": {
        "ICBufferFull": 106392.0,
        "Cleanup": 98734.5
    },
    "p90_pause_time": 127702.4,
    "throughput": 14897920791
}