{
    "garbage_collector": "Serial",
    "jdk": "GraalVM_21.0.4",
    "benchmark_group": "Renaissance",
    "benchmark_name": "scala-doku",
    "heap_size": "2048",
    "error": null,
    "avg_cpu_usage": 15.7,
    "avg_cpu_time": 16.2,
    "avg_io_time": 0.1,
    "p90_io": 0.0,
    "number_of_pauses": 16,
    "total_pause_time": 43524941,
    "avg_pause_time": 2720308.81,
    "pauses_per_category": {
        "ICBufferFull": 3,
        "Cleanup": 10,
        "GenCollectForAllocation": 3
    },
    "total_pause_time_per_category": {
        "ICBufferFull": 257353,
        "Cleanup": 901527,
        "GenCollectForAllocation": 42366061
    },
    "avg_pause_time_per_category": {
        "ICBufferFull": 85784.33,
        "Cleanup": 90152.7,
        "GenCollectForAllocation": 14122020.33
    },
    "p90_pause_time": 8786042.5,
    "throughput": 14287861047
}