{
    "garbage_collector": "Serial",
    "jdk": "GraalVM_21.0.4",
    "benchmark_group": "Renaissance",
    "benchmark_name": "chi-square",
    "heap_size": "512",
    "error": null,
    "avg_cpu_usage": 25.7,
    "avg_cpu_time": 25.6,
    "avg_io_time": 0.0,
    "p90_io": 0.0,
    "number_of_pauses": 210,
    "total_pause_time": 2343709762,
    "avg_pause_time": 11160522.68,
    "pauses_per_category": {
        "ICBufferFull": 3,
        "Cleanup": 1,
        "CollectForMetadataAllocation": 3,
        "GenCollectForAllocation": 203
    },
    "total_pause_time_per_category": {
        "ICBufferFull": 218845,
        "Cleanup": 22302,
        "CollectForMetadataAllocation": 92836754,
        "GenCollectForAllocation": 2250631861
    },
    "avg_pause_time_per_category": {
        "ICBufferFull": 72948.33,
        "Cleanup": 22302.0,
        "CollectForMetadataAllocation": 30945584.67,
        "GenCollectForAllocation": 11086856.46
    },
    "p90_pause_time": 21928425.4,
    "throughput": 16121207367
}