{
    "garbage_collector": "Z",
    "jdk": "GraalVM_21.0.4",
    "benchmark_group": "Renaissance",
    "benchmark_name": "future-genetic",
    "heap_size": "4096",
    "error": null,
    "avg_cpu_usage": 36.7,
    "avg_cpu_time": 33.2,
    "avg_io_time": 0.0,
    "p90_io": 0.0,
    "number_of_pauses": 49,
    "total_pause_time": 5466779,
    "avg_pause_time": 111566.92,
    "pauses_per_category": {
        "ICBufferFull": 3,
        "XMarkStart": 13,
        "XMarkEnd": 13,
        "CleanClassLoaderDataMetaspaces": 2,
        "XRelocateStart": 13,
        "Cleanup": 5
    },
    "total_pause_time_per_category": {
        "ICBufferFull": 345914,
        "XMarkStart": 1442297,
        "XMarkEnd": 1302000,
        "CleanClassLoaderDataMetaspaces": 615276,
        "XRelocateStart": 1298462,
        "Cleanup": 462830
    },
    "avg_pause_time_per_category": {
        "ICBufferFull": 115304.67,
        "XMarkStart": 110945.92,
        "XMarkEnd": 100153.85,
        "CleanClassLoaderDataMetaspaces": 307638.0,
        "XRelocateStart": 99881.69,
        "Cleanup": 92566.0
    },
    "p90_pause_time": 128454.2,
    "throughput": 16136658825
}