{
    "garbage_collector": "Z",
    "jdk": "GraalVM_21.0.4",
    "benchmark_group": "Renaissance",
    "benchmark_name": "log-regression",
    "heap_size": "8192",
    "error": null,
    "avg_cpu_usage": 43.5,
    "avg_cpu_time": 41.2,
    "avg_io_time": 0.1,
    "p90_io": 0.0,
    "number_of_pauses": 106,
    "total_pause_time": 20087355,
    "avg_pause_time": 189503.35,
    "pauses_per_category": {
        "ICBufferFull": 65,
        "Cleanup": 1,
        "XMarkStart": 11,
        "XMarkEnd": 10,
        "CleanClassLoaderDataMetaspaces": 8,
        "XRelocateStart": 11
    },
    "total_pause_time_per_category": {
        "ICBufferFull": 6677037,
        "Cleanup": 88442,
        "XMarkStart": 1369199,
        "XMarkEnd": 998946,
        "CleanClassLoaderDataMetaspaces": 9849727,
        "XRelocateStart": 1104004
    },
    "avg_pause_time_per_category": {
        "ICBufferFull": 102723.65,
        "Cleanup": 88442.0,
        "XMarkStart": 124472.64,
        "XMarkEnd": 99894.6,
        "CleanClassLoaderDataMetaspaces": 1231215.88,
        "XRelocateStart": 100364.0
    },
    "p90_pause_time": 184290.5,
    "throughput": 23233318099
}