{
    "garbage_collector": "G1",
    "jdk": "GraalVM_21.0.4",
    "benchmark_group": "Renaissance",
    "benchmark_name": "page-rank",
    "heap_size": "2048",
    "error": null,
    "avg_cpu_usage": 49.9,
    "avg_cpu_time": 52.2,
    "avg_io_time": 0.1,
    "p90_io": 0.0,
    "number_of_pauses": 175,
    "total_pause_time": 9999464222,
    "avg_pause_time": 57139795.55,
    "pauses_per_category": {
        "ICBufferFull": 11,
        "Cleanup": 9,
        "CollectForMetadataAllocation": 14,
        "G1PauseRemark": 21,
        "G1PauseCleanup": 21,
        "G1CollectForAllocation": 80,
        "G1TryInitiateConcMark": 19
    },
    "total_pause_time_per_category": {
        "ICBufferFull": 971829,
        "Cleanup": 818645,
        "CollectForMetadataAllocation": 68564758,
        "G1PauseRemark": 81831220,
        "G1PauseCleanup": 10922436,
        "G1CollectForAllocation": 8836841916,
        "G1TryInitiateConcMark": 999513418
    },
    "avg_pause_time_per_category": {
        "ICBufferFull": 88348.09,
        "Cleanup": 90960.56,
        "CollectForMetadataAllocation": 4897482.71,
        "G1PauseRemark": 3896724.76,
        "G1PauseCleanup": 520116.0,
        "G1CollectForAllocation": 110460523.95,
        "G1TryInitiateConcMark": 52605969.37
    },
    "p90_pause_time": 163257233.4,
    "throughput": 60542637365
}