{
    "garbage_collector": "G1",
    "jdk": "GraalVM_21.0.4",
    "benchmark_group": "Renaissance",
    "benchmark_name": "akka-uct",
    "heap_size": "8192",
    "error": null,
    "avg_cpu_usage": 80.6,
    "avg_cpu_time": 79.9,
    "avg_io_time": 0.0,
    "p90_io": 0.0,
    "number_of_pauses": 113,
    "total_pause_time": 3670344545,
    "avg_pause_time": 32480925.18,
    "pauses_per_category": {
        "ICBufferFull": 18,
        "CollectForMetadataAllocation": 1,
        "G1PauseRemark": 1,
        "G1PauseCleanup": 1,
        "G1CollectForAllocation": 56,
        "Cleanup": 36
    },
    "total_pause_time_per_category": {
        "ICBufferFull": 23879110,
        "CollectForMetadataAllocation": 8786886,
        "G1PauseRemark": 1653666,
        "G1PauseCleanup": 303893,
        "G1CollectForAllocation": 3587368019,
        "Cleanup": 48352971
    },
    "avg_pause_time_per_category": {
        "ICBufferFull": 1326617.22,
        "CollectForMetadataAllocation": 8786886.0,
        "G1PauseRemark": 1653666.0,
        "G1PauseCleanup": 303893.0,
        "G1CollectForAllocation": 64060143.2,
        "Cleanup": 1343138.08
    },
    "p90_pause_time": 79007219.2,
    "throughput": 65786365134
}