{
    "garbage_collector": "Serial",
    "jdk": "GraalVM_21.0.4",
    "benchmark_group": "Renaissance",
    "benchmark_name": "neo4j-analytics",
    "heap_size": "8192",
    "error": null,
    "avg_cpu_usage": 28.8,
    "avg_cpu_time": 29.1,
    "avg_io_time": 0.6,
    "p90_io": 2.19,
    "number_of_pauses": 85,
    "total_pause_time": 3308378134,
    "avg_pause_time": 38922095.69,
    "pauses_per_category": {
        "ICBufferFull": 49,
        "CollectForMetadataAllocation": 5,
        "GenCollectForAllocation": 15,
        "Cleanup": 16
    },
    "total_pause_time_per_category": {
        "ICBufferFull": 5965377,
        "CollectForMetadataAllocation": 555470954,
        "GenCollectForAllocation": 2745104499,
        "Cleanup": 1837304
    },
    "avg_pause_time_per_category": {
        "ICBufferFull": 121742.39,
        "CollectForMetadataAllocation": 111094190.8,
        "GenCollectForAllocation": 183006966.6,
        "Cleanup": 114831.5
    },
    "p90_pause_time": 42643800.4,
    "throughput": 40208811479
}