{
    "garbage_collector": "Parallel",
    "jdk": "GraalVM_21.0.4",
    "benchmark_group": "Renaissance",
    "benchmark_name": "par-mnemonics",
    "heap_size": "512",
    "error": null,
    "avg_cpu_usage": 22.1,
    "avg_cpu_time": 23.3,
    "avg_io_time": 0.3,
    "p90_io": 0.0,
    "number_of_pauses": 245,
    "total_pause_time": 1043572426,
    "avg_pause_time": 4259479.29,
    "pauses_per_category": {
        "ICBufferFull": 1,
        "ParallelGCFailedAllocation": 244
    },
    "total_pause_time_per_category": {
        "ICBufferFull": 82875,
        "ParallelGCFailedAllocation": 1043489551
    },
    "avg_pause_time_per_category": {
        "ICBufferFull": 82875.0,
        "ParallelGCFailedAllocation": 4276596.52
    },
    "p90_pause_time": 8033876.0,
    "throughput": 14615450880
}