{
    "garbage_collector": "Serial",
    "jdk": "GraalVM_21.0.4",
    "benchmark_group": "Renaissance",
    "benchmark_name": "rx-scrabble",
    "heap_size": "512",
    "error": null,
    "avg_cpu_usage": 25.9,
    "avg_cpu_time": 36.1,
    "avg_io_time": 0.0,
    "p90_io": 0.0,
    "number_of_pauses": 17,
    "total_pause_time": 231078244,
    "avg_pause_time": 13592837.88,
    "pauses_per_category": {
        "ICBufferFull": 4,
        "GenCollectForAllocation": 13
    },
    "total_pause_time_per_category": {
        "ICBufferFull": 483682,
        "GenCollectForAllocation": 230594562
    },
    "avg_pause_time_per_category": {
        "ICBufferFull": 120920.5,
        "GenCollectForAllocation": 17738043.23
    },
    "p90_pause_time": 29065210.2,
    "throughput": 2747781635
}