{
    "garbage_collector": "G1",
    "jdk": "GraalVM_21.0.4",
    "benchmark_group": "Renaissance",
    "benchmark_name": "finagle-chirper",
    "heap_size": "512",
    "error": null,
    "avg_cpu_usage": 80.1,
    "avg_cpu_time": 74.9,
    "avg_io_time": 0.0,
    "p90_io": 0.0,
    "number_of_pauses": 189,
    "total_pause_time": 672383488,
    "avg_pause_time": 3557584.59,
    "pauses_per_category": {
        "ICBufferFull": 66,
        "G1CollectForAllocation": 112,
        "CollectForMetadataAllocation": 4,
        "G1PauseRemark": 3,
        "G1PauseCleanup": 3,
        "G1TryInitiateConcMark": 1
    },
    "total_pause_time_per_category": {
        "ICBufferFull": 21095289,
        "G1CollectForAllocation": 626872480,
        "CollectForMetadataAllocation": 9224217,
        "G1PauseRemark": 10081724,
        "G1PauseCleanup": 655362,
        "G1TryInitiateConcMark": 4454416
    },
    "avg_pause_time_per_category": {
        "ICBufferFull": 319625.59,
        "G1CollectForAllocation": 5597075.71,
        "CollectForMetadataAllocation": 2306054.25,
        "G1PauseRemark": 3360574.67,
        "G1PauseCleanup": 218454.0,
        "G1TryInitiateConcMark": 4454416.0
    },
    "p90_pause_time": 6305176.0,
    "throughput": 47303811940
}