{
    "garbage_collector": "Serial",
    "jdk": "GraalVM_21.0.4",
    "benchmark_group": "Renaissance",
    "benchmark_name": "finagle-chirper",
    "heap_size": "4096",
    "error": null,
    "avg_cpu_usage": 77.8,
    "avg_cpu_time": 73.9,
    "avg_io_time": 0.0,
    "p90_io": 0.0,
    "number_of_pauses": 127,
    "total_pause_time": 756255134,
    "avg_pause_time": 5954764.83,
    "pauses_per_category": {
        "ICBufferFull": 78,
        "CollectForMetadataAllocation": 2,
        "GenCollectForAllocation": 29,
        "Cleanup": 17,
        "GenCollectFull": 1
    },
    "total_pause_time_per_category": {
        "ICBufferFull": 26349384,
        "CollectForMetadataAllocation": 43748003,
        "GenCollectForAllocation": 562961758,
        "Cleanup": 1965050,
        "GenCollectFull": 121230939
    },
    "avg_pause_time_per_category": {
        "ICBufferFull": 337812.62,
        "CollectForMetadataAllocation": 21874001.5,
        "GenCollectForAllocation": 19412474.41,
        "Cleanup": 115591.18,
        "GenCollectFull": 121230939.0
    },
    "p90_pause_time": 20695231.6,
    "throughput": 45444016630
}