{
    "garbage_collector": "G1",
    "jdk": "GraalVM_21.0.4",
    "benchmark_group": "Renaissance",
    "benchmark_name": "reactors",
    "heap_size": "256",
    "error": "Error code not found: 1\n\nException: java.lang.OutOfMemoryError thrown from the UncaughtExceptionHandler in thread \"reactors-io-scheduler-reanimator\"\n\nException: java.lang.OutOfMemoryError thrown from the UncaughtExceptionHandler in thread \"reactors-io-scheduler-ForkJoinPool-1-worker-8\"\njava.lang.OutOfMemoryError: Java heap space\nBenchmark 'reactors' failed with exception:\njava.lang.OutOfMemoryError: Java heap space\n",
    "avg_cpu_usage": 70.1,
    "avg_cpu_time": 70.8,
    "avg_io_time": 0.0,
    "p90_io": 0.0,
    "number_of_pauses": 0,
    "total_pause_time": 0,
    "avg_pause_time": 0,
    "pauses_per_category": {},
    "total_pause_time_per_category": {},
    "avg_pause_time_per_category": {},
    "p90_pause_time": 0,
    "throughput": 0
}