{
    "garbage_collector": "G1",
    "jdk": "GraalVM_21.0.4",
    "benchmark_group": "Renaissance",
    "benchmark_name": "fj-kmeans",
    "heap_size": "1024",
    "error": null,
    "avg_cpu_usage": 83.6,
    "avg_cpu_time": 85.1,
    "avg_io_time": 0.0,
    "p90_io": 0.0,
    "number_of_pauses": 196,
    "total_pause_time": 733664266,
    "avg_pause_time": 3743185.03,
    "pauses_per_category": {
        "ICBufferFull": 1,
        "G1CollectForAllocation": 164,
        "G1TryInitiateConcMark": 13,
        "G1PauseRemark": 9,
        "G1PauseCleanup": 9
    },
    "total_pause_time_per_category": {
        "ICBufferFull": 69399,
        "G1CollectForAllocation": 691354893,
        "G1TryInitiateConcMark": 28165421,
        "G1PauseRemark": 9551731,
        "G1PauseCleanup": 4522822
    },
    "avg_pause_time_per_category": {
        "ICBufferFull": 69399.0,
        "G1CollectForAllocation": 4215578.62,
        "G1TryInitiateConcMark": 2166570.85,
        "G1PauseRemark": 1061303.44,
        "G1PauseCleanup": 502535.78
    },
    "p90_pause_time": 4428791.5,
    "throughput": 29080551513
}