{
    "garbage_collector": "Parallel",
    "jdk": "GraalVM_21.0.4",
    "benchmark_group": "Renaissance",
    "benchmark_name": "rx-scrabble",
    "heap_size": "2048",
    "error": null,
    "avg_cpu_usage": 27.9,
    "avg_cpu_time": 32.0,
    "avg_io_time": 0.0,
    "p90_io": 0.0,
    "number_of_pauses": 10,
    "total_pause_time": 72149523,
    "avg_pause_time": 7214952.3,
    "pauses_per_category": {
        "ICBufferFull": 7,
        "ParallelGCFailedAllocation": 3
    },
    "total_pause_time_per_category": {
        "ICBufferFull": 624779,
        "ParallelGCFailedAllocation": 71524744
    },
    "avg_pause_time_per_category": {
        "ICBufferFull": 89254.14,
        "ParallelGCFailedAllocation": 23841581.33
    },
    "p90_pause_time": 28681290.9,
    "throughput": 2753400263
}