{
    "garbage_collector": "Z",
    "jdk": "GraalVM_21.0.4",
    "benchmark_group": "Renaissance",
    "benchmark_name": "finagle-chirper",
    "heap_size": "512",
    "error": null,
    "avg_cpu_usage": 82.0,
    "avg_cpu_time": 76.5,
    "avg_io_time": 0.0,
    "p90_io": 0.0,
    "number_of_pauses": 647,
    "total_pause_time": 107035064,
    "avg_pause_time": 165432.87,
    "pauses_per_category": {
        "ICBufferFull": 45,
        "XMarkStart": 199,
        "XMarkEnd": 199,
        "CleanClassLoaderDataMetaspaces": 5,
        "XRelocateStart": 199
    },
    "total_pause_time_per_category": {
        "ICBufferFull": 20661513,
        "XMarkStart": 29744260,
        "XMarkEnd": 25708192,
        "CleanClassLoaderDataMetaspaces": 1965702,
        "XRelocateStart": 28955397
    },
    "avg_pause_time_per_category": {
        "ICBufferFull": 459144.73,
        "XMarkStart": 149468.64,
        "XMarkEnd": 129186.89,
        "CleanClassLoaderDataMetaspaces": 393140.4,
        "XRelocateStart": 145504.51
    },
    "p90_pause_time": 177481.6,
    "throughput": 50787796731
}