{
    "garbage_collector": "G1",
    "jdk": "GraalVM_21.0.4",
    "benchmark_group": "Renaissance",
    "benchmark_name": "rx-scrabble",
    "heap_size": "2048",
    "error": null,
    "avg_cpu_usage": 27.4,
    "avg_cpu_time": 31.8,
    "avg_io_time": 0.0,
    "p90_io": 0.0,
    "number_of_pauses": 16,
    "total_pause_time": 49329707,
    "avg_pause_time": 3083106.69,
    "pauses_per_category": {
        "ICBufferFull": 10,
        "G1CollectForAllocation": 6
    },
    "total_pause_time_per_category": {
        "ICBufferFull": 892670,
        "G1CollectForAllocation": 48437037
    },
    "avg_pause_time_per_category": {
        "ICBufferFull": 89267.0,
        "G1CollectForAllocation": 8072839.5
    },
    "p90_pause_time": 9540632.5,
    "throughput": 3062060881
}