{
    "garbage_collector": "Parallel",
    "jdk": "GraalVM_21.0.4",
    "benchmark_group": "Renaissance",
    "benchmark_name": "dotty",
    "heap_size": "1024",
    "error": null,
    "avg_cpu_usage": 27.5,
    "avg_cpu_time": 25.9,
    "avg_io_time": 0.1,
    "p90_io": 0.0,
    "number_of_pauses": 90,
    "total_pause_time": 445663722,
    "avg_pause_time": 4951819.13,
    "pauses_per_category": {
        "ICBufferFull": 68,
        "CollectForMetadataAllocation": 2,
        "ParallelGCSystemGC": 3,
        "Cleanup": 10,
        "ParallelGCFailedAllocation": 7
    },
    "total_pause_time_per_category": {
        "ICBufferFull": 11291657,
        "CollectForMetadataAllocation": 56262154,
        "ParallelGCSystemGC": 285630326,
        "Cleanup": 1189776,
        "ParallelGCFailedAllocation": 91289809
    },
    "avg_pause_time_per_category": {
        "ICBufferFull": 166053.78,
        "CollectForMetadataAllocation": 28131077.0,
        "ParallelGCSystemGC": 95210108.67,
        "Cleanup": 118977.6,
        "ParallelGCFailedAllocation": 13041401.29
    },
    "p90_pause_time": 12096653.2,
    "throughput": 32246334302
}