{
    "garbage_collector": "Serial",
    "jdk": "GraalVM_21.0.4",
    "benchmark_group": "Renaissance",
    "benchmark_name": "gauss-mix",
    "heap_size": "4096",
    "error": null,
    "avg_cpu_usage": 31.4,
    "avg_cpu_time": 31.5,
    "avg_io_time": 0.0,
    "p90_io": 0.0,
    "number_of_pauses": 31,
    "total_pause_time": 199579708,
    "avg_pause_time": 6438055.1,
    "pauses_per_category": {
        "ICBufferFull": 14,
        "Cleanup": 2,
        "CollectForMetadataAllocation": 4,
        "GenCollectFull": 1,
        "GenCollectForAllocation": 10
    },
    "total_pause_time_per_category": {
        "ICBufferFull": 1437612,
        "Cleanup": 97840,
        "CollectForMetadataAllocation": 86889782,
        "GenCollectFull": 10728743,
        "GenCollectForAllocation": 100425731
    },
    "avg_pause_time_per_category": {
        "ICBufferFull": 102686.57,
        "Cleanup": 48920.0,
        "CollectForMetadataAllocation": 21722445.5,
        "GenCollectFull": 10728743.0,
        "GenCollectForAllocation": 10042573.1
    },
    "p90_pause_time": 16748619.0,
    "throughput": 12477797940
}