{
    "garbage_collector": "Parallel",
    "jdk": "GraalVM_21.0.4",
    "benchmark_group": "Renaissance",
    "benchmark_name": "future-genetic",
    "heap_size": "8192",
    "error": null,
    "avg_cpu_usage": 38.1,
    "avg_cpu_time": 36.0,
    "avg_io_time": 0.0,
    "p90_io": 0.0,
    "number_of_pauses": 19,
    "total_pause_time": 25642248,
    "avg_pause_time": 1349592.0,
    "pauses_per_category": {
        "ICBufferFull": 4,
        "Cleanup": 8,
        "ParallelGCFailedAllocation": 7
    },
    "total_pause_time_per_category": {
        "ICBufferFull": 476290,
        "Cleanup": 815779,
        "ParallelGCFailedAllocation": 24350179
    },
    "avg_pause_time_per_category": {
        "ICBufferFull": 119072.5,
        "Cleanup": 101972.38,
        "ParallelGCFailedAllocation": 3478597.0
    },
    "p90_pause_time": 4579019.6,
    "throughput": 15227089988
}