{
    "garbage_collector": "Parallel",
    "jdk": "GraalVM_21.0.4",
    "benchmark_group": "Renaissance",
    "benchmark_name": "mnemonics",
    "heap_size": "4096",
    "error": null,
    "avg_cpu_usage": 16.5,
    "avg_cpu_time": 15.8,
    "avg_io_time": 0.0,
    "p90_io": 0.0,
    "number_of_pauses": 25,
    "total_pause_time": 324031489,
    "avg_pause_time": 12961259.56,
    "pauses_per_category": {
        "ICBufferFull": 1,
        "ParallelGCFailedAllocation": 24
    },
    "total_pause_time_per_category": {
        "ICBufferFull": 126485,
        "ParallelGCFailedAllocation": 323905004
    },
    "avg_pause_time_per_category": {
        "ICBufferFull": 126485.0,
        "ParallelGCFailedAllocation": 13496041.83
    },
    "p90_pause_time": 26924414.8,
    "throughput": 15221983626
}