{
    "garbage_collector": "Parallel",
    "jdk": "GraalVM_21.0.4",
    "benchmark_group": "Renaissance",
    "benchmark_name": "page-rank",
    "heap_size": "8192",
    "error": null,
    "avg_cpu_usage": 40.5,
    "avg_cpu_time": 41.1,
    "avg_io_time": 0.2,
    "p90_io": 0.0,
    "number_of_pauses": 74,
    "total_pause_time": 1152794204,
    "avg_pause_time": 15578300.05,
    "pauses_per_category": {
        "ICBufferFull": 19,
        "Cleanup": 26,
        "CollectForMetadataAllocation": 3,
        "ParallelGCFailedAllocation": 26
    },
    "total_pause_time_per_category": {
        "ICBufferFull": 1644230,
        "Cleanup": 2281617,
        "CollectForMetadataAllocation": 81523602,
        "ParallelGCFailedAllocation": 1067344755
    },
    "avg_pause_time_per_category": {
        "ICBufferFull": 86538.42,
        "Cleanup": 87754.5,
        "CollectForMetadataAllocation": 27174534.0,
        "ParallelGCFailedAllocation": 41051721.35
    },
    "p90_pause_time": 47055863.8,
    "throughput": 46629307094
}