{
    "garbage_collector": "Serial",
    "jdk": "GraalVM_21.0.4",
    "benchmark_group": "Renaissance",
    "benchmark_name": "als",
    "heap_size": "512",
    "error": null,
    "avg_cpu_usage": 63.8,
    "avg_cpu_time": 64.8,
    "avg_io_time": 0.3,
    "p90_io": 0.0,
    "number_of_pauses": 388,
    "total_pause_time": 2766012578,
    "avg_pause_time": 7128898.4,
    "pauses_per_category": {
        "ICBufferFull": 25,
        "Cleanup": 1,
        "CollectForMetadataAllocation": 5,
        "GenCollectForAllocation": 338,
        "GenCollectFull": 19
    },
    "total_pause_time_per_category": {
        "ICBufferFull": 2421684,
        "Cleanup": 91410,
        "CollectForMetadataAllocation": 191768688,
        "GenCollectForAllocation": 2474292425,
        "GenCollectFull": 97438371
    },
    "avg_pause_time_per_category": {
        "ICBufferFull": 96867.36,
        "Cleanup": 91410.0,
        "CollectForMetadataAllocation": 38353737.6,
        "GenCollectForAllocation": 7320391.79,
        "GenCollectFull": 5128335.32
    },
    "p90_pause_time": 9577416.3,
    "throughput": 57553240920
}