{
    "garbage_collector": "Serial",
    "jdk": "GraalVM_21.0.4",
    "benchmark_group": "Renaissance",
    "benchmark_name": "chi-square",
    "heap_size": "4096",
    "error": null,
    "avg_cpu_usage": 27.9,
    "avg_cpu_time": 27.6,
    "avg_io_time": 0.0,
    "p90_io": 0.0,
    "number_of_pauses": 30,
    "total_pause_time": 1065200091,
    "avg_pause_time": 35506669.7,
    "pauses_per_category": {
        "ICBufferFull": 7,
        "Cleanup": 1,
        "CollectForMetadataAllocation": 3,
        "GenCollectForAllocation": 19
    },
    "total_pause_time_per_category": {
        "ICBufferFull": 704459,
        "Cleanup": 214175,
        "CollectForMetadataAllocation": 107779334,
        "GenCollectForAllocation": 956502123
    },
    "avg_pause_time_per_category": {
        "ICBufferFull": 100637.0,
        "Cleanup": 214175.0,
        "CollectForMetadataAllocation": 35926444.67,
        "GenCollectForAllocation": 50342217.0
    },
    "p90_pause_time": 64061769.2,
    "throughput": 12478038153
}