{
    "garbage_collector": "G1",
    "jdk": "GraalVM_21.0.4",
    "benchmark_group": "Renaissance",
    "benchmark_name": "dotty",
    "heap_size": "4096",
    "error": null,
    "avg_cpu_usage": 27.1,
    "avg_cpu_time": 26.9,
    "avg_io_time": 0.0,
    "p90_io": 0.0,
    "number_of_pauses": 102,
    "total_pause_time": 272520962,
    "avg_pause_time": 2671774.14,
    "pauses_per_category": {
        "ICBufferFull": 69,
        "CollectForMetadataAllocation": 4,
        "G1PauseRemark": 5,
        "G1PauseCleanup": 5,
        "G1TryInitiateConcMark": 3,
        "G1CollectForAllocation": 6,
        "Cleanup": 10
    },
    "total_pause_time_per_category": {
        "ICBufferFull": 10300661,
        "CollectForMetadataAllocation": 36007887,
        "G1PauseRemark": 28649669,
        "G1PauseCleanup": 1561233,
        "G1TryInitiateConcMark": 47984592,
        "G1CollectForAllocation": 146960078,
        "Cleanup": 1056842
    },
    "avg_pause_time_per_category": {
        "ICBufferFull": 149284.94,
        "CollectForMetadataAllocation": 9001971.75,
        "G1PauseRemark": 5729933.8,
        "G1PauseCleanup": 312246.6,
        "G1TryInitiateConcMark": 15994864.0,
        "G1CollectForAllocation": 24493346.33,
        "Cleanup": 105684.2
    },
    "p90_pause_time": 10607902.9,
    "throughput": 32865701701
}