{
    "garbage_collector": "G1",
    "jdk": "GraalVM_21.0.4",
    "benchmark_group": "Renaissance",
    "benchmark_name": "log-regression",
    "heap_size": "2048",
    "error": null,
    "avg_cpu_usage": 48.6,
    "avg_cpu_time": 48.2,
    "avg_io_time": 0.0,
    "p90_io": 0.0,
    "number_of_pauses": 104,
    "total_pause_time": 329390077,
    "avg_pause_time": 3167212.28,
    "pauses_per_category": {
        "ICBufferFull": 53,
        "Cleanup": 1,
        "CollectForMetadataAllocation": 6,
        "G1PauseRemark": 9,
        "G1PauseCleanup": 9,
        "G1CollectForAllocation": 17,
        "G1TryInitiateConcMark": 9
    },
    "total_pause_time_per_category": {
        "ICBufferFull": 7043379,
        "Cleanup": 91607,
        "CollectForMetadataAllocation": 53023466,
        "G1PauseRemark": 45417452,
        "G1PauseCleanup": 6860871,
        "G1CollectForAllocation": 142638177,
        "G1TryInitiateConcMark": 74315125
    },
    "avg_pause_time_per_category": {
        "ICBufferFull": 132893.94,
        "Cleanup": 91607.0,
        "CollectForMetadataAllocation": 8837244.33,
        "G1PauseRemark": 5046383.56,
        "G1PauseCleanup": 762319.0,
        "G1CollectForAllocation": 8390481.0,
        "G1TryInitiateConcMark": 8257236.11
    },
    "p90_pause_time": 12399333.8,
    "throughput": 20562485765
}