{
    "garbage_collector": "G1",
    "jdk": "GraalVM_21.0.4",
    "benchmark_group": "Renaissance",
    "benchmark_name": "akka-uct",
    "heap_size": "2048",
    "error": null,
    "avg_cpu_usage": 84.1,
    "avg_cpu_time": 81.7,
    "avg_io_time": 0.0,
    "p90_io": 0.0,
    "number_of_pauses": 233,
    "total_pause_time": 10941705094,
    "avg_pause_time": 46960107.7,
    "pauses_per_category": {
        "ICBufferFull": 4,
        "CollectForMetadataAllocation": 2,
        "G1PauseRemark": 25,
        "G1PauseCleanup": 25,
        "G1CollectForAllocation": 177
    },
    "total_pause_time_per_category": {
        "ICBufferFull": 892634,
        "CollectForMetadataAllocation": 6646052,
        "G1PauseRemark": 43426993,
        "G1PauseCleanup": 11617111,
        "G1CollectForAllocation": 10879122304
    },
    "avg_pause_time_per_category": {
        "ICBufferFull": 223158.5,
        "CollectForMetadataAllocation": 3323026.0,
        "G1PauseRemark": 1737079.72,
        "G1PauseCleanup": 464684.44,
        "G1CollectForAllocation": 61463967.82
    },
    "p90_pause_time": 73392973.8,
    "throughput": 69347494460
}