{
    "garbage_collector": "Z",
    "jdk": "GraalVM_21.0.4",
    "benchmark_group": "Renaissance",
    "benchmark_name": "finagle-http",
    "heap_size": "4096",
    "error": null,
    "avg_cpu_usage": 81.9,
    "avg_cpu_time": 69.6,
    "avg_io_time": 0.0,
    "p90_io": 0.0,
    "number_of_pauses": 187,
    "total_pause_time": 30537331,
    "avg_pause_time": 163301.24,
    "pauses_per_category": {
        "ICBufferFull": 99,
        "XMarkStart": 18,
        "XMarkEnd": 18,
        "CleanClassLoaderDataMetaspaces": 3,
        "XRelocateStart": 18,
        "Cleanup": 31
    },
    "total_pause_time_per_category": {
        "ICBufferFull": 12418793,
        "XMarkStart": 2822748,
        "XMarkEnd": 3687942,
        "CleanClassLoaderDataMetaspaces": 2267137,
        "XRelocateStart": 5533408,
        "Cleanup": 3807303
    },
    "avg_pause_time_per_category": {
        "ICBufferFull": 125442.35,
        "XMarkStart": 156819.33,
        "XMarkEnd": 204885.67,
        "CleanClassLoaderDataMetaspaces": 755712.33,
        "XRelocateStart": 307411.56,
        "Cleanup": 122816.23
    },
    "p90_pause_time": 252674.2,
    "throughput": 52819207629
}