{
    "garbage_collector": "Parallel",
    "jdk": "GraalVM_21.0.4",
    "benchmark_group": "Renaissance",
    "benchmark_name": "chi-square",
    "heap_size": "512",
    "error": null,
    "avg_cpu_usage": 30.5,
    "avg_cpu_time": 30.5,
    "avg_io_time": 0.0,
    "p90_io": 0.0,
    "number_of_pauses": 209,
    "total_pause_time": 973247256,
    "avg_pause_time": 4656685.44,
    "pauses_per_category": {
        "ICBufferFull": 6,
        "Cleanup": 1,
        "CollectForMetadataAllocation": 3,
        "ParallelGCFailedAllocation": 199
    },
    "total_pause_time_per_category": {
        "ICBufferFull": 519766,
        "Cleanup": 26584,
        "CollectForMetadataAllocation": 81645539,
        "ParallelGCFailedAllocation": 891055367
    },
    "avg_pause_time_per_category": {
        "ICBufferFull": 86627.67,
        "Cleanup": 26584.0,
        "CollectForMetadataAllocation": 27215179.67,
        "ParallelGCFailedAllocation": 4477665.16
    },
    "p90_pause_time": 8710080.8,
    "throughput": 14915151134
}