{
    "garbage_collector": "Z",
    "jdk": "GraalVM_21.0.4",
    "benchmark_group": "Renaissance",
    "benchmark_name": "future-genetic",
    "heap_size": "1024",
    "error": null,
    "avg_cpu_usage": 37.6,
    "avg_cpu_time": 34.7,
    "avg_io_time": 0.0,
    "p90_io": 0.0,
    "number_of_pauses": 82,
    "total_pause_time": 8636382,
    "avg_pause_time": 105321.73,
    "pauses_per_category": {
        "ICBufferFull": 4,
        "XMarkStart": 25,
        "XMarkEnd": 25,
        "CleanClassLoaderDataMetaspaces": 3,
        "XRelocateStart": 25
    },
    "total_pause_time_per_category": {
        "ICBufferFull": 358964,
        "XMarkStart": 2667231,
        "XMarkEnd": 2462150,
        "CleanClassLoaderDataMetaspaces": 707939,
        "XRelocateStart": 2440098
    },
    "avg_pause_time_per_category": {
        "ICBufferFull": 89741.0,
        "XMarkStart": 106689.24,
        "XMarkEnd": 98486.0,
        "CleanClassLoaderDataMetaspaces": 235979.67,
        "XRelocateStart": 97603.92
    },
    "p90_pause_time": 116573.5,
    "throughput": 15534580579
}