{
    "garbage_collector": "G1",
    "jdk": "GraalVM_21.0.4",
    "benchmark_group": "Renaissance",
    "benchmark_name": "akka-uct",
    "heap_size": "4096",
    "error": null,
    "avg_cpu_usage": 81.6,
    "avg_cpu_time": 79.3,
    "avg_io_time": 0.0,
    "p90_io": 0.0,
    "number_of_pauses": 130,
    "total_pause_time": 5769119545,
    "avg_pause_time": 44377842.65,
    "pauses_per_category": {
        "ICBufferFull": 20,
        "CollectForMetadataAllocation": 11,
        "G1PauseRemark": 1,
        "G1PauseCleanup": 1,
        "G1CollectForAllocation": 95,
        "Cleanup": 2
    },
    "total_pause_time_per_category": {
        "ICBufferFull": 16021095,
        "CollectForMetadataAllocation": 16911459,
        "G1PauseRemark": 1559630,
        "G1PauseCleanup": 315991,
        "G1CollectForAllocation": 5731932430,
        "Cleanup": 2378940
    },
    "avg_pause_time_per_category": {
        "ICBufferFull": 801054.75,
        "CollectForMetadataAllocation": 1537405.36,
        "G1PauseRemark": 1559630.0,
        "G1PauseCleanup": 315991.0,
        "G1CollectForAllocation": 60336130.84,
        "Cleanup": 1189470.0
    },
    "p90_pause_time": 78758708.8,
    "throughput": 66099785504
}