{
    "garbage_collector": "G1",
    "jdk": "GraalVM_21.0.4",
    "benchmark_group": "Renaissance",
    "benchmark_name": "finagle-http",
    "heap_size": "8192",
    "error": null,
    "avg_cpu_usage": 83.5,
    "avg_cpu_time": 72.0,
    "avg_io_time": 0.0,
    "p90_io": 0.0,
    "number_of_pauses": 137,
    "total_pause_time": 133443091,
    "avg_pause_time": 974037.16,
    "pauses_per_category": {
        "ICBufferFull": 84,
        "CollectForMetadataAllocation": 4,
        "G1PauseRemark": 2,
        "G1PauseCleanup": 2,
        "G1CollectForAllocation": 9,
        "Cleanup": 36
    },
    "total_pause_time_per_category": {
        "ICBufferFull": 9795341,
        "CollectForMetadataAllocation": 22678975,
        "G1PauseRemark": 3341365,
        "G1PauseCleanup": 434456,
        "G1CollectForAllocation": 92719803,
        "Cleanup": 4473151
    },
    "avg_pause_time_per_category": {
        "ICBufferFull": 116611.2,
        "CollectForMetadataAllocation": 5669743.75,
        "G1PauseRemark": 1670682.5,
        "G1PauseCleanup": 217228.0,
        "G1CollectForAllocation": 10302200.33,
        "Cleanup": 124254.19
    },
    "p90_pause_time": 1665203.0,
    "throughput": 52989735326
}