{
    "garbage_collector": "G1",
    "jdk": "GraalVM_21.0.4",
    "benchmark_group": "Renaissance",
    "benchmark_name": "rx-scrabble",
    "heap_size": "256",
    "error": null,
    "avg_cpu_usage": 26.7,
    "avg_cpu_time": 31.3,
    "avg_io_time": 0.0,
    "p90_io": 0.0,
    "number_of_pauses": 20,
    "total_pause_time": 74887766,
    "avg_pause_time": 3744388.3,
    "pauses_per_category": {
        "ICBufferFull": 6,
        "G1CollectForAllocation": 14
    },
    "total_pause_time_per_category": {
        "ICBufferFull": 598889,
        "G1CollectForAllocation": 74288877
    },
    "avg_pause_time_per_category": {
        "ICBufferFull": 99814.83,
        "G1CollectForAllocation": 5306348.36
    },
    "p90_pause_time": 5966776.5,
    "throughput": 2749311908
}