{
    "garbage_collector": "Serial",
    "jdk": "GraalVM_21.0.4",
    "benchmark_group": "Renaissance",
    "benchmark_name": "fj-kmeans",
    "heap_size": "512",
    "error": null,
    "avg_cpu_usage": 80.7,
    "avg_cpu_time": 82.7,
    "avg_io_time": 0.0,
    "p90_io": 0.0,
    "number_of_pauses": 722,
    "total_pause_time": 781679040,
    "avg_pause_time": 1082657.95,
    "pauses_per_category": {
        "ICBufferFull": 1,
        "GenCollectForAllocation": 721
    },
    "total_pause_time_per_category": {
        "ICBufferFull": 65736,
        "GenCollectForAllocation": 781613304
    },
    "avg_pause_time_per_category": {
        "ICBufferFull": 65736.0,
        "GenCollectForAllocation": 1084068.38
    },
    "p90_pause_time": 1231202.0,
    "throughput": 27552447130
}