{
    "garbage_collector": "Z",
    "jdk": "GraalVM_21.0.4",
    "benchmark_group": "Renaissance",
    "benchmark_name": "als",
    "heap_size": "1024",
    "error": null,
    "avg_cpu_usage": 67.3,
    "avg_cpu_time": 65.9,
    "avg_io_time": 0.1,
    "p90_io": 0.0,
    "number_of_pauses": 835,
    "total_pause_time": 99278472,
    "avg_pause_time": 118896.37,
    "pauses_per_category": {
        "ICBufferFull": 32,
        "Cleanup": 10,
        "XMarkStart": 290,
        "XMarkEnd": 204,
        "CleanClassLoaderDataMetaspaces": 12,
        "XRelocateStart": 287
    },
    "total_pause_time_per_category": {
        "ICBufferFull": 3513970,
        "Cleanup": 803705,
        "XMarkStart": 25132112,
        "XMarkEnd": 19037724,
        "CleanClassLoaderDataMetaspaces": 6110578,
        "XRelocateStart": 44680383
    },
    "avg_pause_time_per_category": {
        "ICBufferFull": 109811.56,
        "Cleanup": 80370.5,
        "XMarkStart": 86662.46,
        "XMarkEnd": 93322.18,
        "CleanClassLoaderDataMetaspaces": 509214.83,
        "XRelocateStart": 155680.78
    },
    "p90_pause_time": 140601.2,
    "throughput": 64724938902
}