{
    "garbage_collector": "Z",
    "jdk": "GraalVM_21.0.4",
    "benchmark_group": "Renaissance",
    "benchmark_name": "par-mnemonics",
    "heap_size": "8192",
    "error": null,
    "avg_cpu_usage": 17.4,
    "avg_cpu_time": 15.6,
    "avg_io_time": 0.0,
    "p90_io": 0.0,
    "number_of_pauses": 38,
    "total_pause_time": 4121727,
    "avg_pause_time": 108466.5,
    "pauses_per_category": {
        "ICBufferFull": 3,
        "XMarkStart": 8,
        "XMarkEnd": 8,
        "CleanClassLoaderDataMetaspaces": 2,
        "XRelocateStart": 8,
        "Cleanup": 9
    },
    "total_pause_time_per_category": {
        "ICBufferFull": 271190,
        "XMarkStart": 817721,
        "XMarkEnd": 785258,
        "CleanClassLoaderDataMetaspaces": 635180,
        "XRelocateStart": 823474,
        "Cleanup": 788904
    },
    "avg_pause_time_per_category": {
        "ICBufferFull": 90396.67,
        "XMarkStart": 102215.12,
        "XMarkEnd": 98157.25,
        "CleanClassLoaderDataMetaspaces": 317590.0,
        "XRelocateStart": 102934.25,
        "Cleanup": 87656.0
    },
    "p90_pause_time": 124570.2,
    "throughput": 19155105899
}