{
    "garbage_collector": "Z",
    "jdk": "GraalVM_21.0.4",
    "benchmark_group": "Renaissance",
    "benchmark_name": "movie-lens",
    "heap_size": "8192",
    "error": null,
    "avg_cpu_usage": 55.7,
    "avg_cpu_time": 51.6,
    "avg_io_time": 0.0,
    "p90_io": 0.0,
    "number_of_pauses": 263,
    "total_pause_time": 28129655,
    "avg_pause_time": 106956.86,
    "pauses_per_category": {
        "ICBufferFull": 46,
        "Cleanup": 53,
        "XMarkStart": 57,
        "XMarkEnd": 46,
        "CleanClassLoaderDataMetaspaces": 7,
        "XRelocateStart": 54
    },
    "total_pause_time_per_category": {
        "ICBufferFull": 6037072,
        "Cleanup": 4665735,
        "XMarkStart": 4915207,
        "XMarkEnd": 4062488,
        "CleanClassLoaderDataMetaspaces": 3715875,
        "XRelocateStart": 4733278
    },
    "avg_pause_time_per_category": {
        "ICBufferFull": 131240.7,
        "Cleanup": 88032.74,
        "XMarkStart": 86231.7,
        "XMarkEnd": 88314.96,
        "CleanClassLoaderDataMetaspaces": 530839.29,
        "XRelocateStart": 87653.3
    },
    "p90_pause_time": 155149.0,
    "throughput": 100910939571
}