{
    "garbage_collector": "Z",
    "jdk": "GraalVM_21.0.4",
    "benchmark_group": "Renaissance",
    "benchmark_name": "page-rank",
    "heap_size": "2048",
    "error": null,
    "avg_cpu_usage": 54.0,
    "avg_cpu_time": 54.9,
    "avg_io_time": 0.1,
    "p90_io": 0.0,
    "number_of_pauses": 442,
    "total_pause_time": 114092826,
    "avg_pause_time": 258128.57,
    "pauses_per_category": {
        "ICBufferFull": 8,
        "Cleanup": 2,
        "XMarkStart": 142,
        "XMarkEnd": 139,
        "CleanClassLoaderDataMetaspaces": 11,
        "XRelocateStart": 140
    },
    "total_pause_time_per_category": {
        "ICBufferFull": 663546,
        "Cleanup": 207313,
        "XMarkStart": 78998126,
        "XMarkEnd": 10875850,
        "CleanClassLoaderDataMetaspaces": 3659360,
        "XRelocateStart": 19688631
    },
    "avg_pause_time_per_category": {
        "ICBufferFull": 82943.25,
        "Cleanup": 103656.5,
        "XMarkStart": 556324.83,
        "XMarkEnd": 78243.53,
        "CleanClassLoaderDataMetaspaces": 332669.09,
        "XRelocateStart": 140633.08
    },
    "p90_pause_time": 134883.2,
    "throughput": 71348955553
}