{
    "garbage_collector": "Parallel",
    "jdk": "GraalVM_21.0.4",
    "benchmark_group": "Renaissance",
    "benchmark_name": "chi-square",
    "heap_size": "8192",
    "error": null,
    "avg_cpu_usage": 30.1,
    "avg_cpu_time": 29.2,
    "avg_io_time": 0.2,
    "p90_io": 0.0,
    "number_of_pauses": 23,
    "total_pause_time": 585409331,
    "avg_pause_time": 25452579.61,
    "pauses_per_category": {
        "ICBufferFull": 8,
        "Cleanup": 3,
        "CollectForMetadataAllocation": 3,
        "ParallelGCFailedAllocation": 9
    },
    "total_pause_time_per_category": {
        "ICBufferFull": 853145,
        "Cleanup": 147927,
        "CollectForMetadataAllocation": 85612871,
        "ParallelGCFailedAllocation": 498795388
    },
    "avg_pause_time_per_category": {
        "ICBufferFull": 106643.12,
        "Cleanup": 49309.0,
        "CollectForMetadataAllocation": 28537623.67,
        "ParallelGCFailedAllocation": 55421709.78
    },
    "p90_pause_time": 101769849.8,
    "throughput": 12511374348
}