{
    "garbage_collector": "Serial",
    "jdk": "GraalVM_21.0.4",
    "benchmark_group": "Renaissance",
    "benchmark_name": "als",
    "heap_size": "2048",
    "error": null,
    "avg_cpu_usage": 62.7,
    "avg_cpu_time": 65.3,
    "avg_io_time": 0.2,
    "p90_io": 0.0,
    "number_of_pauses": 163,
    "total_pause_time": 1431454031,
    "avg_pause_time": 8781926.57,
    "pauses_per_category": {
        "ICBufferFull": 45,
        "Cleanup": 22,
        "CollectForMetadataAllocation": 7,
        "GenCollectForAllocation": 81,
        "GenCollectFull": 8
    },
    "total_pause_time_per_category": {
        "ICBufferFull": 4008575,
        "Cleanup": 1899312,
        "CollectForMetadataAllocation": 188406791,
        "GenCollectForAllocation": 1044075038,
        "GenCollectFull": 193064315
    },
    "avg_pause_time_per_category": {
        "ICBufferFull": 89079.44,
        "Cleanup": 86332.36,
        "CollectForMetadataAllocation": 26915255.86,
        "GenCollectForAllocation": 12889815.28,
        "GenCollectFull": 24133039.38
    },
    "p90_pause_time": 14603593.2,
    "throughput": 56332922424
}