{
    "garbage_collector": "G1",
    "jdk": "GraalVM_21.0.4",
    "benchmark_group": "Renaissance",
    "benchmark_name": "future-genetic",
    "heap_size": "8192",
    "error": null,
    "avg_cpu_usage": 36.3,
    "avg_cpu_time": 35.3,
    "avg_io_time": 0.0,
    "p90_io": 0.0,
    "number_of_pauses": 18,
    "total_pause_time": 25004256,
    "avg_pause_time": 1389125.33,
    "pauses_per_category": {
        "ICBufferFull": 3,
        "G1CollectForAllocation": 5,
        "Cleanup": 10
    },
    "total_pause_time_per_category": {
        "ICBufferFull": 409264,
        "G1CollectForAllocation": 23641581,
        "Cleanup": 953411
    },
    "avg_pause_time_per_category": {
        "ICBufferFull": 136421.33,
        "G1CollectForAllocation": 4728316.2,
        "Cleanup": 95341.1
    },
    "p90_pause_time": 5083069.2,
    "throughput": 17364002571
}