{
    "garbage_collector": "Z",
    "jdk": "GraalVM_21.0.4",
    "benchmark_group": "Renaissance",
    "benchmark_name": "gauss-mix",
    "heap_size": "8192",
    "error": null,
    "avg_cpu_usage": 29.5,
    "avg_cpu_time": 26.6,
    "avg_io_time": 0.1,
    "p90_io": 0.0,
    "number_of_pauses": 52,
    "total_pause_time": 8773080,
    "avg_pause_time": 168713.08,
    "pauses_per_category": {
        "ICBufferFull": 18,
        "Cleanup": 2,
        "XMarkStart": 10,
        "XMarkEnd": 8,
        "CleanClassLoaderDataMetaspaces": 5,
        "XRelocateStart": 9
    },
    "total_pause_time_per_category": {
        "ICBufferFull": 1810511,
        "Cleanup": 560732,
        "XMarkStart": 766973,
        "XMarkEnd": 1081366,
        "CleanClassLoaderDataMetaspaces": 3420567,
        "XRelocateStart": 1132931
    },
    "avg_pause_time_per_category": {
        "ICBufferFull": 100583.94,
        "Cleanup": 280366.0,
        "XMarkStart": 76697.3,
        "XMarkEnd": 135170.75,
        "CleanClassLoaderDataMetaspaces": 684113.4,
        "XRelocateStart": 125881.22
    },
    "p90_pause_time": 355007.0,
    "throughput": 15815379650
}