{
    "garbage_collector": "Serial",
    "jdk": "GraalVM_21.0.4",
    "benchmark_group": "Renaissance",
    "benchmark_name": "als",
    "heap_size": "8192",
    "error": null,
    "avg_cpu_usage": 63.9,
    "avg_cpu_time": 65.2,
    "avg_io_time": 0.1,
    "p90_io": 0.0,
    "number_of_pauses": 114,
    "total_pause_time": 822560672,
    "avg_pause_time": 7215444.49,
    "pauses_per_category": {
        "ICBufferFull": 55,
        "Cleanup": 30,
        "CollectForMetadataAllocation": 9,
        "GenCollectForAllocation": 18,
        "GenCollectFull": 2
    },
    "total_pause_time_per_category": {
        "ICBufferFull": 5576785,
        "Cleanup": 2368666,
        "CollectForMetadataAllocation": 324616441,
        "GenCollectForAllocation": 280999627,
        "GenCollectFull": 208999153
    },
    "avg_pause_time_per_category": {
        "ICBufferFull": 101396.09,
        "Cleanup": 78955.53,
        "CollectForMetadataAllocation": 36068493.44,
        "GenCollectForAllocation": 15611090.39,
        "GenCollectFull": 104499576.5
    },
    "p90_pause_time": 17422881.6,
    "throughput": 56359665376
}