{
    "garbage_collector": "Parallel",
    "jdk": "GraalVM_21.0.4",
    "benchmark_group": "Renaissance",
    "benchmark_name": "movie-lens",
    "heap_size": "512",
    "error": null,
    "avg_cpu_usage": 56.2,
    "avg_cpu_time": 51.7,
    "avg_io_time": 0.1,
    "p90_io": 0.0,
    "number_of_pauses": 1555,
    "total_pause_time": 2857945812,
    "avg_pause_time": 1837907.27,
    "pauses_per_category": {
        "ICBufferFull": 15,
        "Cleanup": 1,
        "CollectForMetadataAllocation": 4,
        "ParallelGCFailedAllocation": 1377,
        "ParallelGCSystemGC": 158
    },
    "total_pause_time_per_category": {
        "ICBufferFull": 1131999,
        "Cleanup": 31805,
        "CollectForMetadataAllocation": 78993135,
        "ParallelGCFailedAllocation": 2489078713,
        "ParallelGCSystemGC": 288710160
    },
    "avg_pause_time_per_category": {
        "ICBufferFull": 75466.6,
        "Cleanup": 31805.0,
        "CollectForMetadataAllocation": 19748283.75,
        "ParallelGCFailedAllocation": 1807609.81,
        "ParallelGCSystemGC": 1827279.49
    },
    "p90_pause_time": 2222777.2,
    "throughput": 97005408490
}