{
    "garbage_collector": "G1",
    "jdk": "GraalVM_21.0.4",
    "benchmark_group": "Renaissance",
    "benchmark_name": "dotty",
    "heap_size": "512",
    "error": null,
    "avg_cpu_usage": 26.9,
    "avg_cpu_time": 26.3,
    "avg_io_time": 0.0,
    "p90_io": 0.0,
    "number_of_pauses": 107,
    "total_pause_time": 365133118,
    "avg_pause_time": 3412459.05,
    "pauses_per_category": {
        "ICBufferFull": 67,
        "G1CollectForAllocation": 11,
        "CollectForMetadataAllocation": 2,
        "G1PauseRemark": 6,
        "G1PauseCleanup": 6,
        "G1TryInitiateConcMark": 4,
        "Cleanup": 11
    },
    "total_pause_time_per_category": {
        "ICBufferFull": 10261378,
        "G1CollectForAllocation": 222536821,
        "CollectForMetadataAllocation": 9432068,
        "G1PauseRemark": 36511228,
        "G1PauseCleanup": 1725477,
        "G1TryInitiateConcMark": 83231972,
        "Cleanup": 1434174
    },
    "avg_pause_time_per_category": {
        "ICBufferFull": 153154.9,
        "G1CollectForAllocation": 20230620.09,
        "CollectForMetadataAllocation": 4716034.0,
        "G1PauseRemark": 6085204.67,
        "G1PauseCleanup": 287579.5,
        "G1TryInitiateConcMark": 20807993.0,
        "Cleanup": 130379.45
    },
    "p90_pause_time": 14893133.2,
    "throughput": 33173678170
}