{
    "garbage_collector": "Z",
    "jdk": "GraalVM_21.0.4",
    "benchmark_group": "Renaissance",
    "benchmark_name": "reactors",
    "heap_size": "4096",
    "error": null,
    "avg_cpu_usage": 39.8,
    "avg_cpu_time": 39.7,
    "avg_io_time": 0.0,
    "p90_io": 0.0,
    "number_of_pauses": 280,
    "total_pause_time": 31753490,
    "avg_pause_time": 113405.32,
    "pauses_per_category": {
        "ICBufferFull": 3,
        "XMarkStart": 88,
        "XMarkEnd": 88,
        "CleanClassLoaderDataMetaspaces": 2,
        "XRelocateStart": 88,
        "Cleanup": 11
    },
    "total_pause_time_per_category": {
        "ICBufferFull": 277494,
        "XMarkStart": 11604073,
        "XMarkEnd": 8605830,
        "CleanClassLoaderDataMetaspaces": 979532,
        "XRelocateStart": 9307076,
        "Cleanup": 979485
    },
    "avg_pause_time_per_category": {
        "ICBufferFull": 92498.0,
        "XMarkStart": 131864.47,
        "XMarkEnd": 97793.52,
        "CleanClassLoaderDataMetaspaces": 489766.0,
        "XRelocateStart": 105762.23,
        "Cleanup": 89044.09
    },
    "p90_pause_time": 128470.8,
    "throughput": 74284611472
}