{
    "garbage_collector": "Parallel",
    "jdk": "GraalVM_21.0.4",
    "benchmark_group": "Renaissance",
    "benchmark_name": "akka-uct",
    "heap_size": "512",
    "error": null,
    "avg_cpu_usage": 86.3,
    "avg_cpu_time": 85.1,
    "avg_io_time": 0.0,
    "p90_io": 0.0,
    "number_of_pauses": 1542,
    "total_pause_time": 40054579349,
    "avg_pause_time": 25975732.39,
    "pauses_per_category": {
        "ICBufferFull": 1,
        "ParallelGCFailedAllocation": 1539,
        "CollectForMetadataAllocation": 2
    },
    "total_pause_time_per_category": {
        "ICBufferFull": 58731,
        "ParallelGCFailedAllocation": 40030056783,
        "CollectForMetadataAllocation": 24463835
    },
    "avg_pause_time_per_category": {
        "ICBufferFull": 58731.0,
        "ParallelGCFailedAllocation": 26010433.26,
        "CollectForMetadataAllocation": 12231917.5
    },
    "p90_pause_time": 26312778.5,
    "throughput": 92182704302
}