{
    "garbage_collector": "G1",
    "jdk": "GraalVM_21.0.4",
    "benchmark_group": "Renaissance",
    "benchmark_name": "scala-doku",
    "heap_size": "8192",
    "error": null,
    "avg_cpu_usage": 15.9,
    "avg_cpu_time": 16.5,
    "avg_io_time": 0.0,
    "p90_io": 0.0,
    "number_of_pauses": 19,
    "total_pause_time": 36171748,
    "avg_pause_time": 1903776.21,
    "pauses_per_category": {
        "ICBufferFull": 3,
        "Cleanup": 13,
        "G1CollectForAllocation": 3
    },
    "total_pause_time_per_category": {
        "ICBufferFull": 321777,
        "Cleanup": 1199049,
        "G1CollectForAllocation": 34650922
    },
    "avg_pause_time_per_category": {
        "ICBufferFull": 107259.0,
        "Cleanup": 92234.54,
        "G1CollectForAllocation": 11550307.33
    },
    "p90_pause_time": 10840775.0,
    "throughput": 16720342958
}