{
    "garbage_collector": "Serial",
    "jdk": "GraalVM_21.0.4",
    "benchmark_group": "Renaissance",
    "benchmark_name": "par-mnemonics",
    "heap_size": "1024",
    "error": null,
    "avg_cpu_usage": 17.6,
    "avg_cpu_time": 18.5,
    "avg_io_time": 0.0,
    "p90_io": 0.0,
    "number_of_pauses": 113,
    "total_pause_time": 2279867790,
    "avg_pause_time": 20175821.15,
    "pauses_per_category": {
        "ICBufferFull": 1,
        "GenCollectForAllocation": 112
    },
    "total_pause_time_per_category": {
        "ICBufferFull": 65106,
        "GenCollectForAllocation": 2279802684
    },
    "avg_pause_time_per_category": {
        "ICBufferFull": 65106.0,
        "GenCollectForAllocation": 20355381.11
    },
    "p90_pause_time": 30653272.4,
    "throughput": 15208045216
}