{
    "garbage_collector": "Serial",
    "jdk": "GraalVM_21.0.4",
    "benchmark_group": "Renaissance",
    "benchmark_name": "akka-uct",
    "heap_size": "8192",
    "error": null,
    "avg_cpu_usage": 57.5,
    "avg_cpu_time": 57.9,
    "avg_io_time": 0.0,
    "p90_io": 0.0,
    "number_of_pauses": 105,
    "total_pause_time": 27759917552,
    "avg_pause_time": 264380167.16,
    "pauses_per_category": {
        "ICBufferFull": 15,
        "CollectForMetadataAllocation": 2,
        "GenCollectForAllocation": 85,
        "Cleanup": 3
    },
    "total_pause_time_per_category": {
        "ICBufferFull": 29290606,
        "CollectForMetadataAllocation": 24188685,
        "GenCollectForAllocation": 27705953920,
        "Cleanup": 484341
    },
    "avg_pause_time_per_category": {
        "ICBufferFull": 1952707.07,
        "CollectForMetadataAllocation": 12094342.5,
        "GenCollectForAllocation": 325952399.06,
        "Cleanup": 161447.0
    },
    "p90_pause_time": 411206201.8,
    "throughput": 89406040873
}