{
    "garbage_collector": "Parallel",
    "jdk": "GraalVM_21.0.4",
    "benchmark_group": "Renaissance",
    "benchmark_name": "fj-kmeans",
    "heap_size": "512",
    "error": null,
    "avg_cpu_usage": 84.2,
    "avg_cpu_time": 85.0,
    "avg_io_time": 0.0,
    "p90_io": 0.0,
    "number_of_pauses": 624,
    "total_pause_time": 561748886,
    "avg_pause_time": 900238.6,
    "pauses_per_category": {
        "ICBufferFull": 1,
        "ParallelGCFailedAllocation": 623
    },
    "total_pause_time_per_category": {
        "ICBufferFull": 57826,
        "ParallelGCFailedAllocation": 561691060
    },
    "avg_pause_time_per_category": {
        "ICBufferFull": 57826.0,
        "ParallelGCFailedAllocation": 901590.79
    },
    "p90_pause_time": 928195.2,
    "throughput": 28460979471
}