{
    "garbage_collector": "Serial",
    "jdk": "GraalVM_21.0.4",
    "benchmark_group": "Renaissance",
    "benchmark_name": "dec-tree",
    "heap_size": "8192",
    "error": null,
    "avg_cpu_usage": 34.2,
    "avg_cpu_time": 36.8,
    "avg_io_time": 0.0,
    "p90_io": 0.0,
    "number_of_pauses": 60,
    "total_pause_time": 407005649,
    "avg_pause_time": 6783427.48,
    "pauses_per_category": {
        "ICBufferFull": 48,
        "Cleanup": 1,
        "CollectForMetadataAllocation": 4,
        "GenCollectForAllocation": 6,
        "GenCollectFull": 1
    },
    "total_pause_time_per_category": {
        "ICBufferFull": 4649552,
        "Cleanup": 29571,
        "CollectForMetadataAllocation": 150691228,
        "GenCollectForAllocation": 136558010,
        "GenCollectFull": 115077288
    },
    "avg_pause_time_per_category": {
        "ICBufferFull": 96865.67,
        "Cleanup": 29571.0,
        "CollectForMetadataAllocation": 37672807.0,
        "GenCollectForAllocation": 22759668.33,
        "GenCollectFull": 115077288.0
    },
    "p90_pause_time": 24036589.1,
    "throughput": 16751599622
}