{
    "garbage_collector": "Serial",
    "jdk": "GraalVM_21.0.4",
    "benchmark_group": "Renaissance",
    "benchmark_name": "movie-lens",
    "heap_size": "2048",
    "error": null,
    "avg_cpu_usage": 55.0,
    "avg_cpu_time": 51.3,
    "avg_io_time": 0.1,
    "p90_io": 0.0,
    "number_of_pauses": 473,
    "total_pause_time": 3293399189,
    "avg_pause_time": 6962788.98,
    "pauses_per_category": {
        "ICBufferFull": 37,
        "Cleanup": 1,
        "CollectForMetadataAllocation": 4,
        "GenCollectForAllocation": 405,
        "GenCollectFull": 26
    },
    "total_pause_time_per_category": {
        "ICBufferFull": 3462286,
        "Cleanup": 96480,
        "CollectForMetadataAllocation": 86205969,
        "GenCollectForAllocation": 2758694130,
        "GenCollectFull": 444940324
    },
    "avg_pause_time_per_category": {
        "ICBufferFull": 93575.3,
        "Cleanup": 96480.0,
        "CollectForMetadataAllocation": 21551492.25,
        "GenCollectForAllocation": 6811590.44,
        "GenCollectFull": 17113089.38
    },
    "p90_pause_time": 11554806.8,
    "throughput": 97203966410
}