{
    "garbage_collector": "Z",
    "jdk": "GraalVM_21.0.4",
    "benchmark_group": "Renaissance",
    "benchmark_name": "page-rank",
    "heap_size": "8192",
    "error": null,
    "avg_cpu_usage": 40.9,
    "avg_cpu_time": 40.9,
    "avg_io_time": 0.2,
    "p90_io": 0.0,
    "number_of_pauses": 133,
    "total_pause_time": 83375673,
    "avg_pause_time": 626884.76,
    "pauses_per_category": {
        "ICBufferFull": 23,
        "Cleanup": 34,
        "XMarkStart": 23,
        "XMarkEnd": 23,
        "CleanClassLoaderDataMetaspaces": 7,
        "XRelocateStart": 23
    },
    "total_pause_time_per_category": {
        "ICBufferFull": 1757469,
        "Cleanup": 61483610,
        "XMarkStart": 10737069,
        "XMarkEnd": 2437634,
        "CleanClassLoaderDataMetaspaces": 2252732,
        "XRelocateStart": 4707159
    },
    "avg_pause_time_per_category": {
        "ICBufferFull": 76411.7,
        "Cleanup": 1808341.47,
        "XMarkStart": 466829.09,
        "XMarkEnd": 105984.09,
        "CleanClassLoaderDataMetaspaces": 321818.86,
        "XRelocateStart": 204659.09
    },
    "p90_pause_time": 163296.8,
    "throughput": 61838002143
}