{
    "garbage_collector": "Z",
    "jdk": "GraalVM_21.0.4",
    "benchmark_group": "Renaissance",
    "benchmark_name": "finagle-chirper",
    "heap_size": "2048",
    "error": null,
    "avg_cpu_usage": 78.7,
    "avg_cpu_time": 72.7,
    "avg_io_time": 0.0,
    "p90_io": 0.0,
    "number_of_pauses": 190,
    "total_pause_time": 31729606,
    "avg_pause_time": 166997.93,
    "pauses_per_category": {
        "ICBufferFull": 74,
        "XMarkStart": 33,
        "XMarkEnd": 33,
        "CleanClassLoaderDataMetaspaces": 3,
        "XRelocateStart": 33,
        "Cleanup": 14
    },
    "total_pause_time_per_category": {
        "ICBufferFull": 13213392,
        "XMarkStart": 6416498,
        "XMarkEnd": 3515034,
        "CleanClassLoaderDataMetaspaces": 2277398,
        "XRelocateStart": 4857676,
        "Cleanup": 1449608
    },
    "avg_pause_time_per_category": {
        "ICBufferFull": 178559.35,
        "XMarkStart": 194439.33,
        "XMarkEnd": 106516.18,
        "CleanClassLoaderDataMetaspaces": 759132.67,
        "XRelocateStart": 147202.3,
        "Cleanup": 103543.43
    },
    "p90_pause_time": 202033.7,
    "throughput": 46982480752
}