{
    "garbage_collector": "Z",
    "jdk": "GraalVM_21.0.4",
    "benchmark_group": "Renaissance",
    "benchmark_name": "als",
    "heap_size": "512",
    "error": null,
    "avg_cpu_usage": 66.4,
    "avg_cpu_time": 65.7,
    "avg_io_time": 0.2,
    "p90_io": 0.0,
    "number_of_pauses": 1332,
    "total_pause_time": 155629654,
    "avg_pause_time": 116839.08,
    "pauses_per_category": {
        "ICBufferFull": 20,
        "Cleanup": 1,
        "XMarkStart": 480,
        "XMarkEnd": 339,
        "CleanClassLoaderDataMetaspaces": 17,
        "XRelocateStart": 475
    },
    "total_pause_time_per_category": {
        "ICBufferFull": 1853197,
        "Cleanup": 32690,
        "XMarkStart": 45944280,
        "XMarkEnd": 37294728,
        "CleanClassLoaderDataMetaspaces": 5976272,
        "XRelocateStart": 64528487
    },
    "avg_pause_time_per_category": {
        "ICBufferFull": 92659.85,
        "Cleanup": 32690.0,
        "XMarkStart": 95717.25,
        "XMarkEnd": 110013.95,
        "CleanClassLoaderDataMetaspaces": 351545.41,
        "XRelocateStart": 135849.45
    },
    "p90_pause_time": 138955.7,
    "throughput": 69325771035
}