{
    "garbage_collector": "Parallel",
    "jdk": "GraalVM_21.0.4",
    "benchmark_group": "Renaissance",
    "benchmark_name": "reactors",
    "heap_size": "2048",
    "error": null,
    "avg_cpu_usage": 42.2,
    "avg_cpu_time": 43.1,
    "avg_io_time": 0.0,
    "p90_io": 0.0,
    "number_of_pauses": 201,
    "total_pause_time": 8260913568,
    "avg_pause_time": 41099072.48,
    "pauses_per_category": {
        "ICBufferFull": 3,
        "Cleanup": 12,
        "ParallelGCFailedAllocation": 186
    },
    "total_pause_time_per_category": {
        "ICBufferFull": 275585,
        "Cleanup": 1008708,
        "ParallelGCFailedAllocation": 8259629275
    },
    "avg_pause_time_per_category": {
        "ICBufferFull": 91861.67,
        "Cleanup": 84059.0,
        "ParallelGCFailedAllocation": 44406609.01
    },
    "p90_pause_time": 82122357.0,
    "throughput": 72630447718
}