{
    "garbage_collector": "G1",
    "jdk": "GraalVM_21.0.4",
    "benchmark_group": "Renaissance",
    "benchmark_name": "dotty",
    "heap_size": "256",
    "error": null,
    "avg_cpu_usage": 27.7,
    "avg_cpu_time": 26.9,
    "avg_io_time": 0.0,
    "p90_io": 0.0,
    "number_of_pauses": 118,
    "total_pause_time": 427623858,
    "avg_pause_time": 3623931.0,
    "pauses_per_category": {
        "ICBufferFull": 62,
        "G1CollectForAllocation": 24,
        "CollectForMetadataAllocation": 2,
        "G1PauseRemark": 9,
        "G1PauseCleanup": 9,
        "G1TryInitiateConcMark": 4,
        "Cleanup": 8
    },
    "total_pause_time_per_category": {
        "ICBufferFull": 9283152,
        "G1CollectForAllocation": 296897284,
        "CollectForMetadataAllocation": 9579583,
        "G1PauseRemark": 62204059,
        "G1PauseCleanup": 1922774,
        "G1TryInitiateConcMark": 46861924,
        "Cleanup": 875082
    },
    "avg_pause_time_per_category": {
        "ICBufferFull": 149728.26,
        "G1CollectForAllocation": 12370720.17,
        "CollectForMetadataAllocation": 4789791.5,
        "G1PauseRemark": 6911562.11,
        "G1PauseCleanup": 213641.56,
        "G1TryInitiateConcMark": 11715481.0,
        "Cleanup": 109385.25
    },
    "p90_pause_time": 12700884.6,
    "throughput": 32847103941
}