{
    "garbage_collector": "G1",
    "jdk": "GraalVM_21.0.4",
    "benchmark_group": "Renaissance",
    "benchmark_name": "gauss-mix",
    "heap_size": "8192",
    "error": null,
    "avg_cpu_usage": 31.6,
    "avg_cpu_time": 31.3,
    "avg_io_time": 0.0,
    "p90_io": 0.0,
    "number_of_pauses": 35,
    "total_pause_time": 92002110,
    "avg_pause_time": 2628631.71,
    "pauses_per_category": {
        "ICBufferFull": 19,
        "Cleanup": 2,
        "CollectForMetadataAllocation": 5,
        "G1PauseRemark": 3,
        "G1PauseCleanup": 3,
        "G1CollectForAllocation": 3
    },
    "total_pause_time_per_category": {
        "ICBufferFull": 2034013,
        "Cleanup": 291819,
        "CollectForMetadataAllocation": 40983872,
        "G1PauseRemark": 5470272,
        "G1PauseCleanup": 781958,
        "G1CollectForAllocation": 42440176
    },
    "avg_pause_time_per_category": {
        "ICBufferFull": 107053.32,
        "Cleanup": 145909.5,
        "CollectForMetadataAllocation": 8196774.4,
        "G1PauseRemark": 1823424.0,
        "G1PauseCleanup": 260652.67,
        "G1CollectForAllocation": 14146725.33
    },
    "p90_pause_time": 12076753.4,
    "throughput": 13091641900
}