{
    "garbage_collector": "Parallel",
    "jdk": "GraalVM_21.0.4",
    "benchmark_group": "Renaissance",
    "benchmark_name": "mnemonics",
    "heap_size": "8192",
    "error": null,
    "avg_cpu_usage": 15.1,
    "avg_cpu_time": 15.7,
    "avg_io_time": 0.0,
    "p90_io": 0.0,
    "number_of_pauses": 17,
    "total_pause_time": 101907303,
    "avg_pause_time": 5994547.24,
    "pauses_per_category": {
        "ICBufferFull": 1,
        "Cleanup": 3,
        "ParallelGCFailedAllocation": 13
    },
    "total_pause_time_per_category": {
        "ICBufferFull": 58341,
        "Cleanup": 295681,
        "ParallelGCFailedAllocation": 101553281
    },
    "avg_pause_time_per_category": {
        "ICBufferFull": 58341.0,
        "Cleanup": 98560.33,
        "ParallelGCFailedAllocation": 7811790.85
    },
    "p90_pause_time": 15009304.6,
    "throughput": 15508569484
}