{
    "garbage_collector": "G1",
    "jdk": "GraalVM_21.0.4",
    "benchmark_group": "Renaissance",
    "benchmark_name": "akka-uct",
    "heap_size": "512",
    "error": null,
    "avg_cpu_usage": 84.3,
    "avg_cpu_time": 82.9,
    "avg_io_time": 0.0,
    "p90_io": 0.0,
    "number_of_pauses": 1956,
    "total_pause_time": 36076866007,
    "avg_pause_time": 18444205.53,
    "pauses_per_category": {
        "ICBufferFull": 2,
        "G1CollectForAllocation": 1781,
        "CollectForMetadataAllocation": 2,
        "G1PauseRemark": 93,
        "G1PauseCleanup": 78
    },
    "total_pause_time_per_category": {
        "ICBufferFull": 238070,
        "G1CollectForAllocation": 35740544108,
        "CollectForMetadataAllocation": 2486635,
        "G1PauseRemark": 307070897,
        "G1PauseCleanup": 26526297
    },
    "avg_pause_time_per_category": {
        "ICBufferFull": 119035.0,
        "G1CollectForAllocation": 20067683.38,
        "CollectForMetadataAllocation": 1243317.5,
        "G1PauseRemark": 3301837.6,
        "G1PauseCleanup": 340080.73
    },
    "p90_pause_time": 28168013.0,
    "throughput": 97223553940
}