{
    "garbage_collector": "Serial",
    "jdk": "GraalVM_21.0.4",
    "benchmark_group": "Renaissance",
    "benchmark_name": "page-rank",
    "heap_size": "8192",
    "error": null,
    "avg_cpu_usage": 37.0,
    "avg_cpu_time": 37.9,
    "avg_io_time": 0.2,
    "p90_io": 0.0,
    "number_of_pauses": 76,
    "total_pause_time": 3530025463,
    "avg_pause_time": 46447703.46,
    "pauses_per_category": {
        "ICBufferFull": 17,
        "Cleanup": 29,
        "CollectForMetadataAllocation": 3,
        "GenCollectForAllocation": 27
    },
    "total_pause_time_per_category": {
        "ICBufferFull": 1315429,
        "Cleanup": 2409863,
        "CollectForMetadataAllocation": 191289521,
        "GenCollectForAllocation": 3335010650
    },
    "avg_pause_time_per_category": {
        "ICBufferFull": 77378.18,
        "Cleanup": 83098.72,
        "CollectForMetadataAllocation": 63763173.67,
        "GenCollectForAllocation": 123518912.96
    },
    "p90_pause_time": 187271275.0,
    "throughput": 49628365419
}