{
    "garbage_collector": "G1",
    "jdk": "GraalVM_21.0.4",
    "benchmark_group": "Renaissance",
    "benchmark_name": "fj-kmeans",
    "heap_size": "512",
    "error": null,
    "avg_cpu_usage": 84.3,
    "avg_cpu_time": 86.6,
    "avg_io_time": 0.0,
    "p90_io": 0.0,
    "number_of_pauses": 558,
    "total_pause_time": 1105123304,
    "avg_pause_time": 1980507.71,
    "pauses_per_category": {
        "ICBufferFull": 1,
        "G1CollectForAllocation": 284,
        "G1TryInitiateConcMark": 129,
        "G1PauseRemark": 72,
        "G1PauseCleanup": 72
    },
    "total_pause_time_per_category": {
        "ICBufferFull": 58390,
        "G1CollectForAllocation": 787304362,
        "G1TryInitiateConcMark": 244432351,
        "G1PauseRemark": 54794439,
        "G1PauseCleanup": 18533762
    },
    "avg_pause_time_per_category": {
        "ICBufferFull": 58390.0,
        "G1CollectForAllocation": 2772198.46,
        "G1TryInitiateConcMark": 1894824.43,
        "G1PauseRemark": 761033.88,
        "G1PauseCleanup": 257413.36
    },
    "p90_pause_time": 2775513.6,
    "throughput": 30975493500
}