{
    "garbage_collector": "Parallel",
    "jdk": "GraalVM_21.0.4",
    "benchmark_group": "Renaissance",
    "benchmark_name": "movie-lens",
    "heap_size": "1024",
    "error": null,
    "avg_cpu_usage": 56.6,
    "avg_cpu_time": 53.0,
    "avg_io_time": 0.2,
    "p90_io": 0.0,
    "number_of_pauses": 741,
    "total_pause_time": 1725689206,
    "avg_pause_time": 2328865.33,
    "pauses_per_category": {
        "ICBufferFull": 20,
        "Cleanup": 1,
        "CollectForMetadataAllocation": 3,
        "ParallelGCFailedAllocation": 648,
        "ParallelGCSystemGC": 69
    },
    "total_pause_time_per_category": {
        "ICBufferFull": 2014737,
        "Cleanup": 218064,
        "CollectForMetadataAllocation": 81520837,
        "ParallelGCFailedAllocation": 1360225977,
        "ParallelGCSystemGC": 281709591
    },
    "avg_pause_time_per_category": {
        "ICBufferFull": 100736.85,
        "Cleanup": 218064.0,
        "CollectForMetadataAllocation": 27173612.33,
        "ParallelGCFailedAllocation": 2099114.16,
        "ParallelGCSystemGC": 4082747.7
    },
    "p90_pause_time": 3022905.0,
    "throughput": 96645253606
}