{
    "garbage_collector": "Parallel",
    "jdk": "GraalVM_21.0.4",
    "benchmark_group": "Renaissance",
    "benchmark_name": "philosophers",
    "heap_size": "2048",
    "error": null,
    "avg_cpu_usage": 83.5,
    "avg_cpu_time": 82.7,
    "avg_io_time": 0.0,
    "p90_io": 0.0,
    "number_of_pauses": 40,
    "total_pause_time": 63885679,
    "avg_pause_time": 1597141.98,
    "pauses_per_category": {
        "ICBufferFull": 2,
        "ParallelGCFailedAllocation": 38
    },
    "total_pause_time_per_category": {
        "ICBufferFull": 212810,
        "ParallelGCFailedAllocation": 63672869
    },
    "avg_pause_time_per_category": {
        "ICBufferFull": 106405.0,
        "ParallelGCFailedAllocation": 1675601.82
    },
    "p90_pause_time": 2413116.0,
    "throughput": 15054543383
}