{
    "garbage_collector": "G1",
    "jdk": "GraalVM_21.0.4",
    "benchmark_group": "Renaissance",
    "benchmark_name": "finagle-http",
    "heap_size": "256",
    "error": null,
    "avg_cpu_usage": 84.9,
    "avg_cpu_time": 72.9,
    "avg_io_time": 0.0,
    "p90_io": 0.0,
    "number_of_pauses": 304,
    "total_pause_time": 402370338,
    "avg_pause_time": 1323586.64,
    "pauses_per_category": {
        "ICBufferFull": 60,
        "G1CollectForAllocation": 238,
        "CollectForMetadataAllocation": 2,
        "G1PauseRemark": 2,
        "G1PauseCleanup": 2
    },
    "total_pause_time_per_category": {
        "ICBufferFull": 9728116,
        "G1CollectForAllocation": 377961878,
        "CollectForMetadataAllocation": 11384025,
        "G1PauseRemark": 3010617,
        "G1PauseCleanup": 285702
    },
    "avg_pause_time_per_category": {
        "ICBufferFull": 162135.27,
        "G1CollectForAllocation": 1588075.12,
        "CollectForMetadataAllocation": 5692012.5,
        "G1PauseRemark": 1505308.5,
        "G1PauseCleanup": 142851.0
    },
    "p90_pause_time": 1968412.3,
    "throughput": 52601857992
}