{
    "garbage_collector": "Z",
    "jdk": "GraalVM_21.0.4",
    "benchmark_group": "Renaissance",
    "benchmark_name": "naive-bayes",
    "heap_size": "8192",
    "error": null,
    "avg_cpu_usage": 64.1,
    "avg_cpu_time": 60.6,
    "avg_io_time": 0.3,
    "p90_io": 0.0,
    "number_of_pauses": 185,
    "total_pause_time": 59217280,
    "avg_pause_time": 320093.41,
    "pauses_per_category": {
        "ICBufferFull": 32,
        "Cleanup": 2,
        "XMarkStart": 47,
        "XMarkEnd": 46,
        "CleanClassLoaderDataMetaspaces": 10,
        "XRelocateStart": 48
    },
    "total_pause_time_per_category": {
        "ICBufferFull": 3140509,
        "Cleanup": 56626,
        "XMarkStart": 8689383,
        "XMarkEnd": 11440926,
        "CleanClassLoaderDataMetaspaces": 6100802,
        "XRelocateStart": 29789034
    },
    "avg_pause_time_per_category": {
        "ICBufferFull": 98140.91,
        "Cleanup": 28313.0,
        "XMarkStart": 184880.49,
        "XMarkEnd": 248715.78,
        "CleanClassLoaderDataMetaspaces": 610080.2,
        "XRelocateStart": 620604.88
    },
    "p90_pause_time": 393215.4,
    "throughput": 29153766256
}