{
    "garbage_collector": "G1",
    "jdk": "GraalVM_21.0.4",
    "benchmark_group": "Renaissance",
    "benchmark_name": "reactors",
    "heap_size": "8192",
    "error": null,
    "avg_cpu_usage": 41.0,
    "avg_cpu_time": 41.5,
    "avg_io_time": 0.0,
    "p90_io": 0.0,
    "number_of_pauses": 66,
    "total_pause_time": 2743408889,
    "avg_pause_time": 41566801.35,
    "pauses_per_category": {
        "ICBufferFull": 8,
        "Cleanup": 23,
        "G1CollectForAllocation": 35
    },
    "total_pause_time_per_category": {
        "ICBufferFull": 689374,
        "Cleanup": 2140578,
        "G1CollectForAllocation": 2740578937
    },
    "avg_pause_time_per_category": {
        "ICBufferFull": 86171.75,
        "Cleanup": 93068.61,
        "G1CollectForAllocation": 78302255.34
    },
    "p90_pause_time": 131899260.0,
    "throughput": 72767665812
}