{
    "garbage_collector": "Serial",
    "jdk": "GraalVM_21.0.4",
    "benchmark_group": "Renaissance",
    "benchmark_name": "page-rank",
    "heap_size": "1024",
    "error": null,
    "avg_cpu_usage": 29.9,
    "avg_cpu_time": 30.6,
    "avg_io_time": 0.1,
    "p90_io": 0.0,
    "number_of_pauses": 279,
    "total_pause_time": 22668586544,
    "avg_pause_time": 81249414.14,
    "pauses_per_category": {
        "ICBufferFull": 8,
        "Cleanup": 1,
        "CollectForMetadataAllocation": 3,
        "GenCollectForAllocation": 267
    },
    "total_pause_time_per_category": {
        "ICBufferFull": 857316,
        "Cleanup": 30731,
        "CollectForMetadataAllocation": 189285380,
        "GenCollectForAllocation": 22478413117
    },
    "avg_pause_time_per_category": {
        "ICBufferFull": 107164.5,
        "Cleanup": 30731.0,
        "CollectForMetadataAllocation": 63095126.67,
        "GenCollectForAllocation": 84188813.17
    },
    "p90_pause_time": 110747832.0,
    "throughput": 83987868903
}