{
    "garbage_collector": "Parallel",
    "jdk": "GraalVM_21.0.4",
    "benchmark_group": "Renaissance",
    "benchmark_name": "movie-lens",
    "heap_size": "8192",
    "error": null,
    "avg_cpu_usage": 56.4,
    "avg_cpu_time": 52.1,
    "avg_io_time": 0.1,
    "p90_io": 0.0,
    "number_of_pauses": 200,
    "total_pause_time": 553079101,
    "avg_pause_time": 2765395.5,
    "pauses_per_category": {
        "ICBufferFull": 47,
        "Cleanup": 50,
        "CollectForMetadataAllocation": 3,
        "ParallelGCFailedAllocation": 80,
        "ParallelGCSystemGC": 20
    },
    "total_pause_time_per_category": {
        "ICBufferFull": 5244811,
        "Cleanup": 4232348,
        "CollectForMetadataAllocation": 83913482,
        "ParallelGCFailedAllocation": 363669276,
        "ParallelGCSystemGC": 96019184
    },
    "avg_pause_time_per_category": {
        "ICBufferFull": 111591.72,
        "Cleanup": 84646.96,
        "CollectForMetadataAllocation": 27971160.67,
        "ParallelGCFailedAllocation": 4545865.95,
        "ParallelGCSystemGC": 4800959.2
    },
    "p90_pause_time": 6052977.5,
    "throughput": 94449711021
}