{
    "garbage_collector": "Serial",
    "jdk": "GraalVM_21.0.4",
    "benchmark_group": "Renaissance",
    "benchmark_name": "rx-scrabble",
    "heap_size": "2048",
    "error": null,
    "avg_cpu_usage": 25.1,
    "avg_cpu_time": 27.2,
    "avg_io_time": 0.0,
    "p90_io": 0.0,
    "number_of_pauses": 10,
    "total_pause_time": 147452485,
    "avg_pause_time": 14745248.5,
    "pauses_per_category": {
        "ICBufferFull": 7,
        "GenCollectForAllocation": 3
    },
    "total_pause_time_per_category": {
        "ICBufferFull": 583817,
        "GenCollectForAllocation": 146868668
    },
    "avg_pause_time_per_category": {
        "ICBufferFull": 83402.43,
        "GenCollectForAllocation": 48956222.67
    },
    "p90_pause_time": 37389486.7,
    "throughput": 2747072343
}