{
    "garbage_collector": "G1",
    "jdk": "GraalVM_21.0.4",
    "benchmark_group": "Renaissance",
    "benchmark_name": "finagle-chirper",
    "heap_size": "8192",
    "error": null,
    "avg_cpu_usage": 80.0,
    "avg_cpu_time": 74.4,
    "avg_io_time": 0.0,
    "p90_io": 0.0,
    "number_of_pauses": 139,
    "total_pause_time": 168965788,
    "avg_pause_time": 1215581.21,
    "pauses_per_category": {
        "ICBufferFull": 91,
        "CollectForMetadataAllocation": 4,
        "G1PauseRemark": 3,
        "G1PauseCleanup": 3,
        "G1CollectForAllocation": 8,
        "Cleanup": 29,
        "G1TryInitiateConcMark": 1
    },
    "total_pause_time_per_category": {
        "ICBufferFull": 22728416,
        "CollectForMetadataAllocation": 23878649,
        "G1PauseRemark": 8039602,
        "G1PauseCleanup": 1524459,
        "G1CollectForAllocation": 100655747,
        "Cleanup": 3420288,
        "G1TryInitiateConcMark": 8718627
    },
    "avg_pause_time_per_category": {
        "ICBufferFull": 249762.81,
        "CollectForMetadataAllocation": 5969662.25,
        "G1PauseRemark": 2679867.33,
        "G1PauseCleanup": 508153.0,
        "G1CollectForAllocation": 12581968.38,
        "Cleanup": 117940.97,
        "G1TryInitiateConcMark": 8718627.0
    },
    "p90_pause_time": 2690114.6,
    "throughput": 46675848255
}