{
    "garbage_collector": "Z",
    "jdk": "GraalVM_21.0.4",
    "benchmark_group": "Renaissance",
    "benchmark_name": "mnemonics",
    "heap_size": "2048",
    "error": null,
    "avg_cpu_usage": 14.6,
    "avg_cpu_time": 15.1,
    "avg_io_time": 0.0,
    "p90_io": 0.0,
    "number_of_pauses": 99,
    "total_pause_time": 9918594,
    "avg_pause_time": 100187.82,
    "pauses_per_category": {
        "ICBufferFull": 1,
        "XMarkStart": 32,
        "XMarkEnd": 32,
        "CleanClassLoaderDataMetaspaces": 2,
        "XRelocateStart": 32
    },
    "total_pause_time_per_category": {
        "ICBufferFull": 57167,
        "XMarkStart": 3187949,
        "XMarkEnd": 3117596,
        "CleanClassLoaderDataMetaspaces": 568972,
        "XRelocateStart": 2986910
    },
    "avg_pause_time_per_category": {
        "ICBufferFull": 57167.0,
        "XMarkStart": 99623.41,
        "XMarkEnd": 97424.88,
        "CleanClassLoaderDataMetaspaces": 284486.0,
        "XRelocateStart": 93340.94
    },
    "p90_pause_time": 108944.0,
    "throughput": 18242885328
}