{
    "garbage_collector": "Z",
    "jdk": "GraalVM_21.0.4",
    "benchmark_group": "Renaissance",
    "benchmark_name": "fj-kmeans",
    "heap_size": "512",
    "error": null,
    "avg_cpu_usage": 59.2,
    "avg_cpu_time": 59.2,
    "avg_io_time": 0.0,
    "p90_io": 0.0,
    "number_of_pauses": 2223,
    "total_pause_time": 238646822,
    "avg_pause_time": 107353.5,
    "pauses_per_category": {
        "ICBufferFull": 1,
        "XMarkStart": 740,
        "XMarkEnd": 739,
        "CleanClassLoaderDataMetaspaces": 4,
        "XRelocateStart": 739
    },
    "total_pause_time_per_category": {
        "ICBufferFull": 59965,
        "XMarkStart": 92451786,
        "XMarkEnd": 29166400,
        "CleanClassLoaderDataMetaspaces": 955511,
        "XRelocateStart": 116013160
    },
    "avg_pause_time_per_category": {
        "ICBufferFull": 59965.0,
        "XMarkStart": 124934.85,
        "XMarkEnd": 39467.39,
        "CleanClassLoaderDataMetaspaces": 238877.75,
        "XRelocateStart": 156986.68
    },
    "p90_pause_time": 134395.0,
    "throughput": 96134409841
}