{
    "garbage_collector": "Parallel",
    "jdk": "GraalVM_21.0.4",
    "benchmark_group": "Renaissance",
    "benchmark_name": "mnemonics",
    "heap_size": "1024",
    "error": null,
    "avg_cpu_usage": 18.4,
    "avg_cpu_time": 17.7,
    "avg_io_time": 0.0,
    "p90_io": 0.0,
    "number_of_pauses": 113,
    "total_pause_time": 897853175,
    "avg_pause_time": 7945603.32,
    "pauses_per_category": {
        "ICBufferFull": 1,
        "ParallelGCFailedAllocation": 112
    },
    "total_pause_time_per_category": {
        "ICBufferFull": 58840,
        "ParallelGCFailedAllocation": 897794335
    },
    "avg_pause_time_per_category": {
        "ICBufferFull": 58840.0,
        "ParallelGCFailedAllocation": 8016020.85
    },
    "p90_pause_time": 20322248.8,
    "throughput": 16722676753
}