{
    "garbage_collector": "Serial",
    "jdk": "GraalVM_21.0.4",
    "benchmark_group": "Renaissance",
    "benchmark_name": "finagle-http",
    "heap_size": "512",
    "error": null,
    "avg_cpu_usage": 81.8,
    "avg_cpu_time": 70.0,
    "avg_io_time": 0.0,
    "p90_io": 0.0,
    "number_of_pauses": 328,
    "total_pause_time": 1018836683,
    "avg_pause_time": 3106209.4,
    "pauses_per_category": {
        "ICBufferFull": 64,
        "CollectForMetadataAllocation": 3,
        "GenCollectForAllocation": 261
    },
    "total_pause_time_per_category": {
        "ICBufferFull": 9188700,
        "CollectForMetadataAllocation": 41748441,
        "GenCollectForAllocation": 967899542
    },
    "avg_pause_time_per_category": {
        "ICBufferFull": 143573.44,
        "CollectForMetadataAllocation": 13916147.0,
        "GenCollectForAllocation": 3708427.36
    },
    "p90_pause_time": 4625879.9,
    "throughput": 50986646254
}