{
    "garbage_collector": "Serial",
    "jdk": "GraalVM_21.0.4",
    "benchmark_group": "Renaissance",
    "benchmark_name": "philosophers",
    "heap_size": "4096",
    "error": null,
    "avg_cpu_usage": 84.6,
    "avg_cpu_time": 80.3,
    "avg_io_time": 0.0,
    "p90_io": 0.0,
    "number_of_pauses": 24,
    "total_pause_time": 141817001,
    "avg_pause_time": 5909041.71,
    "pauses_per_category": {
        "ICBufferFull": 2,
        "GenCollectForAllocation": 22
    },
    "total_pause_time_per_category": {
        "ICBufferFull": 201619,
        "GenCollectForAllocation": 141615382
    },
    "avg_pause_time_per_category": {
        "ICBufferFull": 100809.5,
        "GenCollectForAllocation": 6437062.82
    },
    "p90_pause_time": 9200680.8,
    "throughput": 17805837178
}