{
    "garbage_collector": "Serial",
    "jdk": "GraalVM_21.0.4",
    "benchmark_group": "Renaissance",
    "benchmark_name": "page-rank",
    "heap_size": "2048",
    "error": null,
    "avg_cpu_usage": 32.3,
    "avg_cpu_time": 34.7,
    "avg_io_time": 0.2,
    "p90_io": 0.0,
    "number_of_pauses": 120,
    "total_pause_time": 14479528836,
    "avg_pause_time": 120662740.3,
    "pauses_per_category": {
        "ICBufferFull": 10,
        "Cleanup": 3,
        "CollectForMetadataAllocation": 3,
        "GenCollectForAllocation": 104
    },
    "total_pause_time_per_category": {
        "ICBufferFull": 874958,
        "Cleanup": 361834,
        "CollectForMetadataAllocation": 180182663,
        "GenCollectForAllocation": 14298109381
    },
    "avg_pause_time_per_category": {
        "ICBufferFull": 87495.8,
        "Cleanup": 120611.33,
        "CollectForMetadataAllocation": 60060887.67,
        "GenCollectForAllocation": 137481820.97
    },
    "p90_pause_time": 197108459.1,
    "throughput": 60574561515
}