{
    "garbage_collector": "Parallel",
    "jdk": "GraalVM_21.0.4",
    "benchmark_group": "Renaissance",
    "benchmark_name": "mnemonics",
    "heap_size": "2048",
    "error": null,
    "avg_cpu_usage": 17.4,
    "avg_cpu_time": 16.7,
    "avg_io_time": 0.0,
    "p90_io": 0.0,
    "number_of_pauses": 54,
    "total_pause_time": 700483918,
    "avg_pause_time": 12971924.41,
    "pauses_per_category": {
        "ICBufferFull": 1,
        "ParallelGCFailedAllocation": 53
    },
    "total_pause_time_per_category": {
        "ICBufferFull": 57170,
        "ParallelGCFailedAllocation": 700426748
    },
    "avg_pause_time_per_category": {
        "ICBufferFull": 57170.0,
        "ParallelGCFailedAllocation": 13215599.02
    },
    "p90_pause_time": 31114002.3,
    "throughput": 16153930728
}