{
    "garbage_collector": "Serial",
    "jdk": "GraalVM_21.0.4",
    "benchmark_group": "Renaissance",
    "benchmark_name": "gauss-mix",
    "heap_size": "2048",
    "error": null,
    "avg_cpu_usage": 30.6,
    "avg_cpu_time": 31.3,
    "avg_io_time": 0.0,
    "p90_io": 0.0,
    "number_of_pauses": 38,
    "total_pause_time": 252121242,
    "avg_pause_time": 6634769.53,
    "pauses_per_category": {
        "ICBufferFull": 13,
        "Cleanup": 2,
        "CollectForMetadataAllocation": 3,
        "GenCollectForAllocation": 20
    },
    "total_pause_time_per_category": {
        "ICBufferFull": 1108214,
        "Cleanup": 76612,
        "CollectForMetadataAllocation": 90286857,
        "GenCollectForAllocation": 160649559
    },
    "avg_pause_time_per_category": {
        "ICBufferFull": 85247.23,
        "Cleanup": 38306.0,
        "CollectForMetadataAllocation": 30095619.0,
        "GenCollectForAllocation": 8032477.95
    },
    "p90_pause_time": 13497929.6,
    "throughput": 12777610883
}