{
    "garbage_collector": "Serial",
    "jdk": "GraalVM_21.0.4",
    "benchmark_group": "Renaissance",
    "benchmark_name": "movie-lens",
    "heap_size": "4096",
    "error": null,
    "avg_cpu_usage": 54.7,
    "avg_cpu_time": 51.5,
    "avg_io_time": 0.1,
    "p90_io": 0.0,
    "number_of_pauses": 270,
    "total_pause_time": 2214097387,
    "avg_pause_time": 8200360.69,
    "pauses_per_category": {
        "ICBufferFull": 45,
        "Cleanup": 1,
        "CollectForMetadataAllocation": 4,
        "GenCollectForAllocation": 210,
        "GenCollectFull": 10
    },
    "total_pause_time_per_category": {
        "ICBufferFull": 14871622,
        "Cleanup": 25249,
        "CollectForMetadataAllocation": 87060526,
        "GenCollectForAllocation": 1818935363,
        "GenCollectFull": 293204627
    },
    "avg_pause_time_per_category": {
        "ICBufferFull": 330480.49,
        "Cleanup": 25249.0,
        "CollectForMetadataAllocation": 21765131.5,
        "GenCollectForAllocation": 8661596.97,
        "GenCollectFull": 29320462.7
    },
    "p90_pause_time": 13925304.8,
    "throughput": 95681014246
}