{
    "garbage_collector": "Parallel",
    "jdk": "GraalVM_21.0.4",
    "benchmark_group": "Renaissance",
    "benchmark_name": "finagle-chirper",
    "heap_size": "1024",
    "error": null,
    "avg_cpu_usage": 79.0,
    "avg_cpu_time": 74.6,
    "avg_io_time": 0.0,
    "p90_io": 0.0,
    "number_of_pauses": 174,
    "total_pause_time": 436146472,
    "avg_pause_time": 2506588.92,
    "pauses_per_category": {
        "ICBufferFull": 69,
        "CollectForMetadataAllocation": 2,
        "ParallelGCFailedAllocation": 102,
        "ParallelGCSystemGC": 1
    },
    "total_pause_time_per_category": {
        "ICBufferFull": 11701678,
        "CollectForMetadataAllocation": 44120723,
        "ParallelGCFailedAllocation": 294448299,
        "ParallelGCSystemGC": 85875772
    },
    "avg_pause_time_per_category": {
        "ICBufferFull": 169589.54,
        "CollectForMetadataAllocation": 22060361.5,
        "ParallelGCFailedAllocation": 2886748.03,
        "ParallelGCSystemGC": 85875772.0
    },
    "p90_pause_time": 5451527.4,
    "throughput": 43915390801
}