{
    "garbage_collector": "Z",
    "jdk": "GraalVM_21.0.4",
    "benchmark_group": "Renaissance",
    "benchmark_name": "neo4j-analytics",
    "heap_size": "1024",
    "error": "Error code not found: 1\nException in thread \"neo4j.TransactionTimeoutMonitor-2\" java.lang.OutOfMemoryError: Java heap space\n\tat java.base/java.util.concurrent.SynchronousQueue$Transferer.xferLifo(SynchronousQueue.java:191)\n\tat java.base/java.util.concurrent.SynchronousQueue.xfer(SynchronousQueue.java:233)\n\tat java.base/java.util.concurrent.SynchronousQueue.poll(SynchronousQueue.java:336)\n\tat java.base/java.util.concurrent.ThreadPoolExecutor.getTask(ThreadPoolExecutor.java:1069)\n\tat java.base/java.util.concurrent.ThreadPoolExecutor.runWorker(ThreadPoolExecutor.java:1130)\n\tat java.base/java.util.concurrent.ThreadPoolExecutor$Worker.run(ThreadPoolExecutor.java:642)\n\tat java.base/java.lang.Thread.runWith(Thread.java:1596)\n\tat java.base/java.lang.Thread.run(Thread.java:1583)\nException in thread \"neo4j.TransactionTimeoutMonitor-4\" java.lang.OutOfMemoryError: Java heap space\nException in thread \"neo4j.StorageMaintenance-3\" \nException: java.lang.OutOfMemoryError thrown from the UncaughtExceptionHandler in thread \"neo4j.TransactionTimeoutMonitor-3\"\n\nException: java.lang.OutOfMemoryError thrown from the UncaughtExceptionHandler in thread \"neo4j.StorageMaintenance-3\"\nException in thread \"neo4j.Scheduler-1\" java.lang.OutOfMemoryError: Java heap space\n\nException: java.lang.OutOfMemoryError thrown from the UncaughtExceptionHandler in thread \"neo4j.IndexSampling-2\"\nException in thread \"neo4j.CheckPoint-1\" java.lang.OutOfMemoryError: Java heap space\nBenchmark 'neo4j-analytics' failed with exception:\njava.lang.OutOfMemoryError: Java heap space: failed reallocation of scalar replaced objects\n",
    "avg_cpu_usage": 27.4,
    "avg_cpu_time": 27.7,
    "avg_io_time": 0.3,
    "p90_io": 0.21,
    "number_of_pauses": 0,
    "total_pause_time": 0,
    "avg_pause_time": 0,
    "pauses_per_category": {},
    "total_pause_time_per_category": {},
    "avg_pause_time_per_category": {},
    "p90_pause_time": 0,
    "throughput": 0
}