{
    "garbage_collector": "Serial",
    "jdk": "GraalVM_21.0.4",
    "benchmark_group": "Renaissance",
    "benchmark_name": "gauss-mix",
    "heap_size": "1024",
    "error": null,
    "avg_cpu_usage": 30.0,
    "avg_cpu_time": 32.2,
    "avg_io_time": 0.2,
    "p90_io": 0.0,
    "number_of_pauses": 55,
    "total_pause_time": 301464768,
    "avg_pause_time": 5481177.6,
    "pauses_per_category": {
        "ICBufferFull": 8,
        "Cleanup": 2,
        "CollectForMetadataAllocation": 4,
        "GenCollectForAllocation": 41
    },
    "total_pause_time_per_category": {
        "ICBufferFull": 778869,
        "Cleanup": 338373,
        "CollectForMetadataAllocation": 99762149,
        "GenCollectForAllocation": 200585377
    },
    "avg_pause_time_per_category": {
        "ICBufferFull": 97358.62,
        "Cleanup": 169186.5,
        "CollectForMetadataAllocation": 24940537.25,
        "GenCollectForAllocation": 4892326.27
    },
    "p90_pause_time": 8150041.0,
    "throughput": 12785719795
}