{
    "garbage_collector": "Z",
    "jdk": "GraalVM_21.0.4",
    "benchmark_group": "Renaissance",
    "benchmark_name": "mnemonics",
    "heap_size": "4096",
    "error": null,
    "avg_cpu_usage": 14.9,
    "avg_cpu_time": 14.0,
    "avg_io_time": 0.0,
    "p90_io": 0.0,
    "number_of_pauses": 48,
    "total_pause_time": 5072831,
    "avg_pause_time": 105683.98,
    "pauses_per_category": {
        "ICBufferFull": 1,
        "XMarkStart": 14,
        "XMarkEnd": 14,
        "CleanClassLoaderDataMetaspaces": 2,
        "XRelocateStart": 14,
        "Cleanup": 3
    },
    "total_pause_time_per_category": {
        "ICBufferFull": 132502,
        "XMarkStart": 1483242,
        "XMarkEnd": 1419394,
        "CleanClassLoaderDataMetaspaces": 590566,
        "XRelocateStart": 1314689,
        "Cleanup": 132438
    },
    "avg_pause_time_per_category": {
        "ICBufferFull": 132502.0,
        "XMarkStart": 105945.86,
        "XMarkEnd": 101385.29,
        "CleanClassLoaderDataMetaspaces": 295283.0,
        "XRelocateStart": 93906.36,
        "Cleanup": 44146.0
    },
    "p90_pause_time": 116930.1,
    "throughput": 18849891247
}