{
    "garbage_collector": "Serial",
    "jdk": "GraalVM_21.0.4",
    "benchmark_group": "Renaissance",
    "benchmark_name": "par-mnemonics",
    "heap_size": "8192",
    "error": null,
    "avg_cpu_usage": 17.8,
    "avg_cpu_time": 18.5,
    "avg_io_time": 0.0,
    "p90_io": 0.0,
    "number_of_pauses": 17,
    "total_pause_time": 230965163,
    "avg_pause_time": 13586186.06,
    "pauses_per_category": {
        "ICBufferFull": 2,
        "GenCollectForAllocation": 14,
        "Cleanup": 1
    },
    "total_pause_time_per_category": {
        "ICBufferFull": 220464,
        "GenCollectForAllocation": 230660826,
        "Cleanup": 83873
    },
    "avg_pause_time_per_category": {
        "ICBufferFull": 110232.0,
        "GenCollectForAllocation": 16475773.29,
        "Cleanup": 83873.0
    },
    "p90_pause_time": 27466443.4,
    "throughput": 14904843618
}