{
    "garbage_collector": "Serial",
    "jdk": "GraalVM_21.0.4",
    "benchmark_group": "Renaissance",
    "benchmark_name": "finagle-chirper",
    "heap_size": "8192",
    "error": null,
    "avg_cpu_usage": 79.3,
    "avg_cpu_time": 74.6,
    "avg_io_time": 0.0,
    "p90_io": 0.0,
    "number_of_pauses": 139,
    "total_pause_time": 603814802,
    "avg_pause_time": 4343991.38,
    "pauses_per_category": {
        "ICBufferFull": 95,
        "CollectForMetadataAllocation": 2,
        "GenCollectForAllocation": 15,
        "Cleanup": 26,
        "GenCollectFull": 1
    },
    "total_pause_time_per_category": {
        "ICBufferFull": 18135552,
        "CollectForMetadataAllocation": 43145106,
        "GenCollectForAllocation": 307291454,
        "Cleanup": 2586859,
        "GenCollectFull": 232655831
    },
    "avg_pause_time_per_category": {
        "ICBufferFull": 190900.55,
        "CollectForMetadataAllocation": 21572553.0,
        "GenCollectForAllocation": 20486096.93,
        "Cleanup": 99494.58,
        "GenCollectFull": 232655831.0
    },
    "p90_pause_time": 18729642.6,
    "throughput": 46093128781
}