{
    "garbage_collector": "Parallel",
    "jdk": "GraalVM_21.0.4",
    "benchmark_group": "Renaissance",
    "benchmark_name": "neo4j-analytics",
    "heap_size": "8192",
    "error": null,
    "avg_cpu_usage": 31.8,
    "avg_cpu_time": 30.9,
    "avg_io_time": 0.6,
    "p90_io": 1.8,
    "number_of_pauses": 90,
    "total_pause_time": 1517577338,
    "avg_pause_time": 16861970.42,
    "pauses_per_category": {
        "ICBufferFull": 52,
        "CollectForMetadataAllocation": 5,
        "Cleanup": 11,
        "ParallelGCFailedAllocation": 22
    },
    "total_pause_time_per_category": {
        "ICBufferFull": 6415158,
        "CollectForMetadataAllocation": 244394738,
        "Cleanup": 1244410,
        "ParallelGCFailedAllocation": 1265523032
    },
    "avg_pause_time_per_category": {
        "ICBufferFull": 123368.42,
        "CollectForMetadataAllocation": 48878947.6,
        "Cleanup": 113128.18,
        "ParallelGCFailedAllocation": 57523774.18
    },
    "p90_pause_time": 10711417.8,
    "throughput": 40010756191
}