{
    "garbage_collector": "Serial",
    "jdk": "GraalVM_21.0.4",
    "benchmark_group": "Renaissance",
    "benchmark_name": "akka-uct",
    "heap_size": "256",
    "error": null,
    "avg_cpu_usage": 28.3,
    "avg_cpu_time": 21.8,
    "avg_io_time": 0.0,
    "p90_io": 0.0,
    "number_of_pauses": 4046,
    "total_pause_time": 1245911054328,
    "avg_pause_time": 307936493.9,
    "pauses_per_category": {
        "ICBufferFull": 1,
        "GenCollectForAllocation": 4041,
        "CollectForMetadataAllocation": 4
    },
    "total_pause_time_per_category": {
        "ICBufferFull": 132128,
        "GenCollectForAllocation": 1245882513613,
        "CollectForMetadataAllocation": 28408587
    },
    "avg_pause_time_per_category": {
        "ICBufferFull": 132128.0,
        "GenCollectForAllocation": 308310446.33,
        "CollectForMetadataAllocation": 7102146.75
    },
    "p90_pause_time": 423791428.5,
    "throughput": 1552359313916
}