{
    "garbage_collector": "Parallel",
    "jdk": "GraalVM_21.0.4",
    "benchmark_group": "Renaissance",
    "benchmark_name": "akka-uct",
    "heap_size": "8192",
    "error": null,
    "avg_cpu_usage": 81.2,
    "avg_cpu_time": 80.2,
    "avg_io_time": 0.0,
    "p90_io": 0.0,
    "number_of_pauses": 101,
    "total_pause_time": 5209727674,
    "avg_pause_time": 51581462.12,
    "pauses_per_category": {
        "ICBufferFull": 19,
        "CollectForMetadataAllocation": 1,
        "ParallelGCFailedAllocation": 80,
        "Cleanup": 1
    },
    "total_pause_time_per_category": {
        "ICBufferFull": 2973193,
        "CollectForMetadataAllocation": 25523247,
        "ParallelGCFailedAllocation": 5177560095,
        "Cleanup": 3671139
    },
    "avg_pause_time_per_category": {
        "ICBufferFull": 156483.84,
        "CollectForMetadataAllocation": 25523247.0,
        "ParallelGCFailedAllocation": 64719501.19,
        "Cleanup": 3671139.0
    },
    "p90_pause_time": 83572181.0,
    "throughput": 63988268356
}