{
    "garbage_collector": "Z",
    "jdk": "GraalVM_21.0.4",
    "benchmark_group": "Renaissance",
    "benchmark_name": "dotty",
    "heap_size": "8192",
    "error": null,
    "avg_cpu_usage": 25.9,
    "avg_cpu_time": 25.0,
    "avg_io_time": 0.0,
    "p90_io": 0.0,
    "number_of_pauses": 102,
    "total_pause_time": 19454013,
    "avg_pause_time": 190725.62,
    "pauses_per_category": {
        "ICBufferFull": 69,
        "XMarkStart": 6,
        "XMarkEnd": 6,
        "CleanClassLoaderDataMetaspaces": 4,
        "XRelocateStart": 6,
        "Cleanup": 11
    },
    "total_pause_time_per_category": {
        "ICBufferFull": 11186226,
        "XMarkStart": 2004167,
        "XMarkEnd": 1161922,
        "CleanClassLoaderDataMetaspaces": 2027446,
        "XRelocateStart": 1245736,
        "Cleanup": 1828516
    },
    "avg_pause_time_per_category": {
        "ICBufferFull": 162119.22,
        "XMarkStart": 334027.83,
        "XMarkEnd": 193653.67,
        "CleanClassLoaderDataMetaspaces": 506861.5,
        "XRelocateStart": 207622.67,
        "Cleanup": 166228.73
    },
    "p90_pause_time": 337867.9,
    "throughput": 35589648826
}