{
    "garbage_collector": "Parallel",
    "jdk": "GraalVM_21.0.4",
    "benchmark_group": "Renaissance",
    "benchmark_name": "finagle-http",
    "heap_size": "512",
    "error": null,
    "avg_cpu_usage": 84.3,
    "avg_cpu_time": 71.3,
    "avg_io_time": 0.0,
    "p90_io": 0.0,
    "number_of_pauses": 275,
    "total_pause_time": 247533049,
    "avg_pause_time": 900120.18,
    "pauses_per_category": {
        "ICBufferFull": 56,
        "CollectForMetadataAllocation": 5,
        "ParallelGCFailedAllocation": 214
    },
    "total_pause_time_per_category": {
        "ICBufferFull": 13080731,
        "CollectForMetadataAllocation": 39946409,
        "ParallelGCFailedAllocation": 194505909
    },
    "avg_pause_time_per_category": {
        "ICBufferFull": 233584.48,
        "CollectForMetadataAllocation": 7989281.8,
        "ParallelGCFailedAllocation": 908906.12
    },
    "p90_pause_time": 1027876.4,
    "throughput": 49553572282
}