{
    "garbage_collector": "G1",
    "jdk": "GraalVM_21.0.4",
    "benchmark_group": "Renaissance",
    "benchmark_name": "future-genetic",
    "heap_size": "2048",
    "error": null,
    "avg_cpu_usage": 38.5,
    "avg_cpu_time": 36.7,
    "avg_io_time": 0.3,
    "p90_io": 0.0,
    "number_of_pauses": 24,
    "total_pause_time": 51086822,
    "avg_pause_time": 2128617.58,
    "pauses_per_category": {
        "ICBufferFull": 3,
        "G1CollectForAllocation": 13,
        "Cleanup": 8
    },
    "total_pause_time_per_category": {
        "ICBufferFull": 278110,
        "G1CollectForAllocation": 50018316,
        "Cleanup": 790396
    },
    "avg_pause_time_per_category": {
        "ICBufferFull": 92703.33,
        "G1CollectForAllocation": 3847562.77,
        "Cleanup": 98799.5
    },
    "p90_pause_time": 3819569.3,
    "throughput": 14923230723
}