{
    "garbage_collector": "Serial",
    "jdk": "GraalVM_21.0.4",
    "benchmark_group": "Renaissance",
    "benchmark_name": "chi-square",
    "heap_size": "1024",
    "error": null,
    "avg_cpu_usage": 27.8,
    "avg_cpu_time": 28.9,
    "avg_io_time": 0.4,
    "p90_io": 0.0,
    "number_of_pauses": 89,
    "total_pause_time": 876101925,
    "avg_pause_time": 9843841.85,
    "pauses_per_category": {
        "ICBufferFull": 7,
        "Cleanup": 1,
        "CollectForMetadataAllocation": 3,
        "GenCollectForAllocation": 78
    },
    "total_pause_time_per_category": {
        "ICBufferFull": 659804,
        "Cleanup": 20613,
        "CollectForMetadataAllocation": 118851001,
        "GenCollectForAllocation": 756570507
    },
    "avg_pause_time_per_category": {
        "ICBufferFull": 94257.71,
        "Cleanup": 20613.0,
        "CollectForMetadataAllocation": 39617000.33,
        "GenCollectForAllocation": 9699621.88
    },
    "p90_pause_time": 39622553.2,
    "throughput": 12166858035
}