{
    "garbage_collector": "Parallel",
    "jdk": "GraalVM_21.0.4",
    "benchmark_group": "Renaissance",
    "benchmark_name": "scala-doku",
    "heap_size": "256",
    "error": null,
    "avg_cpu_usage": 16.5,
    "avg_cpu_time": 16.7,
    "avg_io_time": 0.0,
    "p90_io": 0.0,
    "number_of_pauses": 44,
    "total_pause_time": 400406346,
    "avg_pause_time": 9100144.23,
    "pauses_per_category": {
        "ICBufferFull": 2,
        "ParallelGCFailedAllocation": 41,
        "Cleanup": 1
    },
    "total_pause_time_per_category": {
        "ICBufferFull": 110450,
        "ParallelGCFailedAllocation": 400185765,
        "Cleanup": 110131
    },
    "avg_pause_time_per_category": {
        "ICBufferFull": 55225.0,
        "ParallelGCFailedAllocation": 9760628.41,
        "Cleanup": 110131.0
    },
    "p90_pause_time": 14467828.6,
    "throughput": 17322185963
}