{
    "garbage_collector": "G1",
    "jdk": "GraalVM_21.0.4",
    "benchmark_group": "Renaissance",
    "benchmark_name": "als",
    "heap_size": "1024",
    "error": null,
    "avg_cpu_usage": 67.9,
    "avg_cpu_time": 67.5,
    "avg_io_time": 0.1,
    "p90_io": 0.0,
    "number_of_pauses": 275,
    "total_pause_time": 871234906,
    "avg_pause_time": 3168126.93,
    "pauses_per_category": {
        "ICBufferFull": 36,
        "Cleanup": 16,
        "G1CollectForAllocation": 126,
        "CollectForMetadataAllocation": 8,
        "G1PauseRemark": 29,
        "G1PauseCleanup": 29,
        "G1TryInitiateConcMark": 31
    },
    "total_pause_time_per_category": {
        "ICBufferFull": 3538082,
        "Cleanup": 1198888,
        "G1CollectForAllocation": 583789209,
        "CollectForMetadataAllocation": 38130438,
        "G1PauseRemark": 141459446,
        "G1PauseCleanup": 15496651,
        "G1TryInitiateConcMark": 87622192
    },
    "avg_pause_time_per_category": {
        "ICBufferFull": 98280.06,
        "Cleanup": 74930.5,
        "G1CollectForAllocation": 4633247.69,
        "CollectForMetadataAllocation": 4766304.75,
        "G1PauseRemark": 4877911.93,
        "G1PauseCleanup": 534367.28,
        "G1TryInitiateConcMark": 2826522.32
    },
    "p90_pause_time": 6395211.8,
    "throughput": 56952845007
}