{
    "garbage_collector": "Serial",
    "jdk": "GraalVM_21.0.4",
    "benchmark_group": "Renaissance",
    "benchmark_name": "movie-lens",
    "heap_size": "512",
    "error": null,
    "avg_cpu_usage": 52.7,
    "avg_cpu_time": 49.3,
    "avg_io_time": 0.0,
    "p90_io": 0.0,
    "number_of_pauses": 1795,
    "total_pause_time": 8078947431,
    "avg_pause_time": 4500806.37,
    "pauses_per_category": {
        "ICBufferFull": 17,
        "Cleanup": 1,
        "CollectForMetadataAllocation": 3,
        "GenCollectForAllocation": 1693,
        "GenCollectFull": 81
    },
    "total_pause_time_per_category": {
        "ICBufferFull": 1500976,
        "Cleanup": 88897,
        "CollectForMetadataAllocation": 86348580,
        "GenCollectForAllocation": 7472798575,
        "GenCollectFull": 518210403
    },
    "avg_pause_time_per_category": {
        "ICBufferFull": 88292.71,
        "Cleanup": 88897.0,
        "CollectForMetadataAllocation": 28782860.0,
        "GenCollectForAllocation": 4413938.91,
        "GenCollectFull": 6397659.3
    },
    "p90_pause_time": 7560193.2,
    "throughput": 102344970571
}