{
    "garbage_collector": "Parallel",
    "jdk": "GraalVM_21.0.4",
    "benchmark_group": "Renaissance",
    "benchmark_name": "gauss-mix",
    "heap_size": "512",
    "error": null,
    "avg_cpu_usage": 31.5,
    "avg_cpu_time": 33.5,
    "avg_io_time": 0.0,
    "p90_io": 0.0,
    "number_of_pauses": 85,
    "total_pause_time": 174554574,
    "avg_pause_time": 2053583.22,
    "pauses_per_category": {
        "ICBufferFull": 6,
        "Cleanup": 2,
        "CollectForMetadataAllocation": 3,
        "ParallelGCFailedAllocation": 69,
        "ParallelGCSystemGC": 5
    },
    "total_pause_time_per_category": {
        "ICBufferFull": 599705,
        "Cleanup": 168279,
        "CollectForMetadataAllocation": 78049977,
        "ParallelGCFailedAllocation": 89998686,
        "ParallelGCSystemGC": 5737927
    },
    "avg_pause_time_per_category": {
        "ICBufferFull": 99950.83,
        "Cleanup": 84139.5,
        "CollectForMetadataAllocation": 26016659.0,
        "ParallelGCFailedAllocation": 1304328.78,
        "ParallelGCSystemGC": 1147585.4
    },
    "p90_pause_time": 2301056.2,
    "throughput": 13081826589
}