{
    "garbage_collector": "G1",
    "jdk": "GraalVM_21.0.4",
    "benchmark_group": "Renaissance",
    "benchmark_name": "naive-bayes",
    "heap_size": "8192",
    "error": null,
    "avg_cpu_usage": 68.4,
    "avg_cpu_time": 69.7,
    "avg_io_time": 0.4,
    "p90_io": 0.24,
    "number_of_pauses": 83,
    "total_pause_time": 308647780,
    "avg_pause_time": 3718647.95,
    "pauses_per_category": {
        "ICBufferFull": 41,
        "Cleanup": 4,
        "CollectForMetadataAllocation": 6,
        "G1PauseRemark": 4,
        "G1PauseCleanup": 4,
        "G1CollectForAllocation": 24
    },
    "total_pause_time_per_category": {
        "ICBufferFull": 5443630,
        "Cleanup": 385037,
        "CollectForMetadataAllocation": 50844560,
        "G1PauseRemark": 7836233,
        "G1PauseCleanup": 5598657,
        "G1CollectForAllocation": 238539663
    },
    "avg_pause_time_per_category": {
        "ICBufferFull": 132771.46,
        "Cleanup": 96259.25,
        "CollectForMetadataAllocation": 8474093.33,
        "G1PauseRemark": 1959058.25,
        "G1PauseCleanup": 1399664.25,
        "G1CollectForAllocation": 9939152.62
    },
    "p90_pause_time": 11735547.0,
    "throughput": 24429949733
}