{
    "garbage_collector": "Parallel",
    "jdk": "GraalVM_21.0.4",
    "benchmark_group": "Renaissance",
    "benchmark_name": "neo4j-analytics",
    "heap_size": "4096",
    "error": null,
    "avg_cpu_usage": 32.4,
    "avg_cpu_time": 36.2,
    "avg_io_time": 0.8,
    "p90_io": 3.53,
    "number_of_pauses": 108,
    "total_pause_time": 2759648030,
    "avg_pause_time": 25552296.57,
    "pauses_per_category": {
        "ICBufferFull": 52,
        "CollectForMetadataAllocation": 4,
        "ParallelGCFailedAllocation": 48,
        "Cleanup": 3,
        "ParallelGCSystemGC": 1
    },
    "total_pause_time_per_category": {
        "ICBufferFull": 6117905,
        "CollectForMetadataAllocation": 207890694,
        "ParallelGCFailedAllocation": 2452903653,
        "Cleanup": 456942,
        "ParallelGCSystemGC": 92278836
    },
    "avg_pause_time_per_category": {
        "ICBufferFull": 117652.02,
        "CollectForMetadataAllocation": 51972673.5,
        "ParallelGCFailedAllocation": 51102159.44,
        "Cleanup": 152314.0,
        "ParallelGCSystemGC": 92278836.0
    },
    "p90_pause_time": 106450587.8,
    "throughput": 39722605058
}