{
    "garbage_collector": "Z",
    "jdk": "GraalVM_21.0.4",
    "benchmark_group": "Renaissance",
    "benchmark_name": "finagle-http",
    "heap_size": "8192",
    "error": null,
    "avg_cpu_usage": 80.7,
    "avg_cpu_time": 68.2,
    "avg_io_time": 0.0,
    "p90_io": 0.0,
    "number_of_pauses": 177,
    "total_pause_time": 25553477,
    "avg_pause_time": 144369.93,
    "pauses_per_category": {
        "ICBufferFull": 97,
        "XMarkStart": 16,
        "XMarkEnd": 15,
        "CleanClassLoaderDataMetaspaces": 3,
        "XRelocateStart": 15,
        "Cleanup": 31
    },
    "total_pause_time_per_category": {
        "ICBufferFull": 11736261,
        "XMarkStart": 2508800,
        "XMarkEnd": 1938786,
        "CleanClassLoaderDataMetaspaces": 1370670,
        "XRelocateStart": 4025804,
        "Cleanup": 3973156
    },
    "avg_pause_time_per_category": {
        "ICBufferFull": 120992.38,
        "XMarkStart": 156800.0,
        "XMarkEnd": 129252.4,
        "CleanClassLoaderDataMetaspaces": 456890.0,
        "XRelocateStart": 268386.93,
        "Cleanup": 128166.32
    },
    "p90_pause_time": 210788.6,
    "throughput": 54377730325
}