{
    "garbage_collector": "Parallel",
    "jdk": "GraalVM_21.0.4",
    "benchmark_group": "Renaissance",
    "benchmark_name": "future-genetic",
    "heap_size": "512",
    "error": null,
    "avg_cpu_usage": 37.7,
    "avg_cpu_time": 35.7,
    "avg_io_time": 0.0,
    "p90_io": 0.0,
    "number_of_pauses": 98,
    "total_pause_time": 95827678,
    "avg_pause_time": 977833.45,
    "pauses_per_category": {
        "ICBufferFull": 3,
        "ParallelGCFailedAllocation": 95
    },
    "total_pause_time_per_category": {
        "ICBufferFull": 188464,
        "ParallelGCFailedAllocation": 95639214
    },
    "avg_pause_time_per_category": {
        "ICBufferFull": 62821.33,
        "ParallelGCFailedAllocation": 1006728.57
    },
    "p90_pause_time": 1807597.3,
    "throughput": 15534400507
}