{
    "garbage_collector": "G1",
    "jdk": "GraalVM_21.0.4",
    "benchmark_group": "Renaissance",
    "benchmark_name": "scala-doku",
    "heap_size": "512",
    "error": null,
    "avg_cpu_usage": 15.6,
    "avg_cpu_time": 16.2,
    "avg_io_time": 0.0,
    "p90_io": 0.0,
    "number_of_pauses": 21,
    "total_pause_time": 104739294,
    "avg_pause_time": 4987585.43,
    "pauses_per_category": {
        "ICBufferFull": 1,
        "G1CollectForAllocation": 9,
        "Cleanup": 11
    },
    "total_pause_time_per_category": {
        "ICBufferFull": 58968,
        "G1CollectForAllocation": 103705833,
        "Cleanup": 974493
    },
    "avg_pause_time_per_category": {
        "ICBufferFull": 58968.0,
        "G1CollectForAllocation": 11522870.33,
        "Cleanup": 88590.27
    },
    "p90_pause_time": 14991482.0,
    "throughput": 16712199431
}