{
    "garbage_collector": "G1",
    "jdk": "GraalVM_21.0.4",
    "benchmark_group": "Renaissance",
    "benchmark_name": "chi-square",
    "heap_size": "2048",
    "error": null,
    "avg_cpu_usage": 32.7,
    "avg_cpu_time": 31.5,
    "avg_io_time": 0.0,
    "p90_io": 0.0,
    "number_of_pauses": 43,
    "total_pause_time": 650108490,
    "avg_pause_time": 15118802.09,
    "pauses_per_category": {
        "ICBufferFull": 7,
        "Cleanup": 2,
        "CollectForMetadataAllocation": 3,
        "G1PauseRemark": 3,
        "G1PauseCleanup": 3,
        "G1CollectForAllocation": 25
    },
    "total_pause_time_per_category": {
        "ICBufferFull": 700524,
        "Cleanup": 210430,
        "CollectForMetadataAllocation": 39515445,
        "G1PauseRemark": 5167557,
        "G1PauseCleanup": 703541,
        "G1CollectForAllocation": 603810993
    },
    "avg_pause_time_per_category": {
        "ICBufferFull": 100074.86,
        "Cleanup": 105215.0,
        "CollectForMetadataAllocation": 13171815.0,
        "G1PauseRemark": 1722519.0,
        "G1PauseCleanup": 234513.67,
        "G1CollectForAllocation": 24152439.72
    },
    "p90_pause_time": 31143848.0,
    "throughput": 12796300655
}