{
    "garbage_collector": "Serial",
    "jdk": "GraalVM_21.0.4",
    "benchmark_group": "Renaissance",
    "benchmark_name": "finagle-http",
    "heap_size": "1024",
    "error": null,
    "avg_cpu_usage": 83.1,
    "avg_cpu_time": 70.8,
    "avg_io_time": 0.0,
    "p90_io": 0.0,
    "number_of_pauses": 228,
    "total_pause_time": 626955425,
    "avg_pause_time": 2749804.5,
    "pauses_per_category": {
        "ICBufferFull": 91,
        "CollectForMetadataAllocation": 7,
        "GenCollectForAllocation": 130
    },
    "total_pause_time_per_category": {
        "ICBufferFull": 12600362,
        "CollectForMetadataAllocation": 42821980,
        "GenCollectForAllocation": 571533083
    },
    "avg_pause_time_per_category": {
        "ICBufferFull": 138465.52,
        "CollectForMetadataAllocation": 6117425.71,
        "GenCollectForAllocation": 4396408.33
    },
    "p90_pause_time": 5039681.7,
    "throughput": 50081962714
}