{
    "garbage_collector": "Parallel",
    "jdk": "GraalVM_21.0.4",
    "benchmark_group": "Renaissance",
    "benchmark_name": "naive-bayes",
    "heap_size": "1024",
    "error": null,
    "avg_cpu_usage": 64.9,
    "avg_cpu_time": 64.3,
    "avg_io_time": 0.1,
    "p90_io": 0.0,
    "number_of_pauses": 4163,
    "total_pause_time": 90721524799,
    "avg_pause_time": 21792343.21,
    "pauses_per_category": {
        "ICBufferFull": 34,
        "Cleanup": 1,
        "CollectForMetadataAllocation": 4,
        "ParallelGCFailedAllocation": 4124
    },
    "total_pause_time_per_category": {
        "ICBufferFull": 3789681,
        "Cleanup": 96774,
        "CollectForMetadataAllocation": 127634404,
        "ParallelGCFailedAllocation": 90590003940
    },
    "avg_pause_time_per_category": {
        "ICBufferFull": 111461.21,
        "Cleanup": 96774.0,
        "CollectForMetadataAllocation": 31908601.0,
        "ParallelGCFailedAllocation": 21966538.3
    },
    "p90_pause_time": 50892467.2,
    "throughput": 146798123535
}