{
    "garbage_collector": "Parallel",
    "jdk": "GraalVM_21.0.4",
    "benchmark_group": "Renaissance",
    "benchmark_name": "reactors",
    "heap_size": "512",
    "error": "Error code not found: 1\njava.lang.OutOfMemoryError: GC overhead limit exceeded\n\tat java.base/java.lang.Object.clone(Native Method)\n\tat java.base/java.lang.invoke.LambdaForm.create(LambdaForm.java:337)\n\tat java.base/java.lang.invoke.LambdaForm.create(LambdaForm.java:357)\n\tat java.base/java.lang.invoke.LambdaFormBuffer.lambdaForm(LambdaFormBuffer.java:62)\n\tat java.base/java.lang.invoke.LambdaFormBuffer.endEdit(LambdaFormBuffer.java:317)\n\tat java.base/java.lang.invoke.LambdaFormEditor.makeArgumentCombinationForm(LambdaFormEditor.java:867)\n\tat java.base/java.lang.invoke.LambdaFormEditor.filterArgumentForm(LambdaFormEditor.java:714)\n\tat java.base/java.lang.invoke.MethodHandleImpl.makePairwiseConvertByEditor(MethodHandleImpl.java:331)\n\tat java.base/java.lang.invoke.MethodHandleImpl.makePairwiseConvert(MethodHandleImpl.java:265)\n\tat java.base/java.lang.invoke.MethodHandleImpl.makePairwiseConvert(MethodHandleImpl.java:382)\n\tat java.base/java.lang.invoke.MethodHandle.asTypeUncached(MethodHandle.java:905)\n\tat java.base/java.lang.invoke.MethodHandle.asType(MethodHandle.java:870)\n\tat java.base/jdk.internal.reflect.MethodHandleAccessorFactory.newConstructorAccessor(MethodHandleAccessorFactory.java:114)\n\tat java.base/jdk.internal.reflect.ReflectionFactory.newConstructorAccessor(ReflectionFactory.java:200)\n\tat java.base/java.lang.reflect.Constructor.acquireConstructorAccessor(Constructor.java:549)\n\tat java.base/java.lang.reflect.Constructor.newInstanceWithCaller(Constructor.java:499)\n\tat java.base/java.lang.reflect.Constructor.newInstance(Constructor.java:486)\n\tat io.reactors.Platform$Reflect$.instantiate(Platform.scala:193)\n\tat io.reactors.Proto.create(Proto.scala:25)\n\tat io.reactors.concurrent.Frame.checkFresh(Frame.scala:237)\n\tat io.reactors.concurrent.Frame.processBatch(Frame.scala:491)\n\tat io.reactors.concurrent.Frame.isolateAndProcessBatch(Frame.scala:210)\n\tat io.reactors.concurrent.Frame.executeBatch(Frame.scala:183)\n\tat io.reactors.JvmScheduler$Executed$$anon$5.run(JvmScheduler.scala:255)\n\tat java.base/java.util.concurrent.ForkJoinTask$RunnableExecuteAction.exec(ForkJoinTask.java:1423)\n\tat java.base/java.util.concurrent.ForkJoinTask.doExec(ForkJoinTask.java:387)\n\tat java.base/java.util.concurrent.ForkJoinTask.invoke(ForkJoinTask.java:667)\n\tat io.reactors.JvmScheduler$ReactorForkJoinWorkerThread.pollPool(JvmScheduler.scala:103)\n\tat io.reactors.JvmScheduler$ReactorForkJoinWorkerThread.postschedule(JvmScheduler.scala:150)\n\tat io.reactors.JvmScheduler$Executed.postschedule(JvmScheduler.scala:273)\n\tat io.reactors.concurrent.Frame.executeBatch(Frame.scala:202)\n\tat io.reactors.JvmScheduler$Executed$$anon$5.run(JvmScheduler.scala:255)\njava.lang.OutOfMemoryError: GC overhead limit exceeded\n\tat java.base/jdk.internal.org.objectweb.asm.AnnotationWriter.create(AnnotationWriter.java:175)\n\tat java.base/jdk.internal.org.objectweb.asm.MethodWriter.visitAnnotation(MethodWriter.java:692)\n\tat java.base/java.lang.invoke.InvokerBytecodeGenerator.addMethod(InvokerBytecodeGenerator.java:772)\n\tat java.base/java.lang.invoke.InvokerBytecodeGenerator.generateCustomizedCodeBytes(InvokerBytecodeGenerator.java:754)\n\tat java.base/java.lang.invoke.InvokerBytecodeGenerator.generateCustomizedCode(InvokerBytecodeGenerator.java:712)\n\tat java.base/java.lang.invoke.LambdaForm.compileToBytecode(LambdaForm.java:849)\n\tat java.base/java.lang.invoke.LambdaForm.prepare(LambdaForm.java:807)\n\tat java.base/java.lang.invoke.MethodHandle.<init>(MethodHandle.java:482)\n\tat java.base/java.lang.invoke.BoundMethodHandle.<init>(BoundMethodHandle.java:52)\n\tat java.base/java.lang.invoke.BoundMethodHandle$Species_LL.<init>(java/lang/invoke/BoundMethodHandle$Species_LL)\n\tat java.base/java.lang.invoke.BoundMethodHandle$Species_LL.make(java/lang/invoke/BoundMethodHandle$Species_LL)\n\tat java.base/java.lang.invoke.DirectMethodHandle$Holder.invokeStatic(DirectMethodHandle$Holder)\n\tat java.base/java.lang.invoke.BoundMethodHandle$Species_L.copyWithExtendL(BoundMethodHandle.java:236)\n\tat java.base/java.lang.invoke.MethodHandleImpl.makePairwiseConvertByEditor(MethodHandleImpl.java:333)\n\tat java.base/java.lang.invoke.MethodHandleImpl.makePairwiseConvert(MethodHandleImpl.java:265)\n\tat java.base/java.lang.invoke.MethodHandleImpl.makePairwiseConvert(MethodHandleImpl.java:382)\n\tat java.base/java.lang.invoke.MethodHandle.asTypeUncached(MethodHandle.java:905)\n\tat java.base/java.lang.invoke.MethodHandle.asType(MethodHandle.java:870)\n\tat java.base/jdk.internal.reflect.MethodHandleAccessorFactory.newConstructorAccessor(MethodHandleAccessorFactory.java:114)\n\tat java.base/jdk.internal.reflect.ReflectionFactory.newConstructorAccessor(ReflectionFactory.java:200)\n\tat java.base/java.lang.reflect.Constructor.acquireConstructorAccessor(Constructor.java:549)\n\tat java.base/java.lang.reflect.Constructor.newInstanceWithCaller(Constructor.java:499)\n\tat java.base/java.lang.reflect.Constructor.newInstance(Constructor.java:486)\n\tat io.reactors.Platform$Reflect$.instantiate(Platform.scala:193)\n\tat io.reactors.Proto.create(Proto.scala:25)\n\tat io.reactors.concurrent.Frame.checkFresh(Frame.scala:237)\n\tat io.reactors.concurrent.Frame.processBatch(Frame.scala:491)\n\tat io.reactors.concurrent.Frame.isolateAndProcessBatch(Frame.scala:210)\n\tat io.reactors.concurrent.Frame.executeBatch(Frame.scala:183)\n\tat io.reactors.JvmScheduler$Executed$$anon$5.run(JvmScheduler.scala:255)\n\tat java.base/java.util.concurrent.ForkJoinTask$RunnableExecuteAction.exec(ForkJoinTask.java:1423)\n\tat java.base/java.util.concurrent.ForkJoinTask.doExec(ForkJoinTask.java:387)\njava.lang.OutOfMemoryError: GC overhead limit exceeded\n\tat java.base/java.lang.invoke.InvokerBytecodeGenerator.<init>(InvokerBytecodeGenerator.java:133)\n\tat java.base/java.lang.invoke.InvokerBytecodeGenerator.<init>(InvokerBytecodeGenerator.java:158)\n\tat java.base/java.lang.invoke.InvokerBytecodeGenerator.<init>(InvokerBytecodeGenerator.java:152)\n\tat java.base/java.lang.invoke.InvokerBytecodeGenerator.generateCustomizedCode(InvokerBytecodeGenerator.java:711)\n\tat java.base/java.lang.invoke.LambdaForm.compileToBytecode(LambdaForm.java:849)\n\tat java.base/java.lang.invoke.LambdaForm.prepare(LambdaForm.java:807)\n\tat java.base/java.lang.invoke.MethodHandle.<init>(MethodHandle.java:482)\n\tat java.base/java.lang.invoke.BoundMethodHandle.<init>(BoundMethodHandle.java:52)\n\tat java.base/java.lang.invoke.BoundMethodHandle$Species_LL.<init>(java/lang/invoke/BoundMethodHandle$Species_LL)\n\tat java.base/java.lang.invoke.BoundMethodHandle$Species_LL.make(java/lang/invoke/BoundMethodHandle$Species_LL)\n\tat java.base/java.lang.invoke.DirectMethodHandle$Holder.invokeStatic(DirectMethodHandle$Holder)\n\tat java.base/java.lang.invoke.BoundMethodHandle$Species_L.copyWithExtendL(BoundMethodHandle.java:236)\n\tat java.base/java.lang.invoke.MethodHandleImpl.makePairwiseConvertByEditor(MethodHandleImpl.java:333)\n\tat java.base/java.lang.invoke.MethodHandleImpl.makePairwiseConvert(MethodHandleImpl.java:265)\n\tat java.base/java.lang.invoke.MethodHandleImpl.makePairwiseConvert(MethodHandleImpl.java:382)\n\tat java.base/java.lang.invoke.MethodHandle.asTypeUncached(MethodHandle.java:905)\n\tat java.base/java.lang.invoke.MethodHandle.asType(MethodHandle.java:870)\n\tat java.base/jdk.internal.reflect.MethodHandleAccessorFactory.newConstructorAccessor(MethodHandleAccessorFactory.java:114)\n\tat java.base/jdk.internal.reflect.ReflectionFactory.newConstructorAccessor(ReflectionFactory.java:200)\n\tat java.base/java.lang.reflect.Constructor.acquireConstructorAccessor(Constructor.java:549)\n\tat java.base/java.lang.reflect.Constructor.newInstanceWithCaller(Constructor.java:499)\n\tat java.base/java.lang.reflect.Constructor.newInstance(Constructor.java:486)\n\tat io.reactors.Platform$Reflect$.instantiate(Platform.scala:193)\n\tat io.reactors.Proto.create(Proto.scala:25)\n\tat io.reactors.concurrent.Frame.checkFresh(Frame.scala:237)\n\tat io.reactors.concurrent.Frame.processBatch(Frame.scala:491)\n\tat io.reactors.concurrent.Frame.isolateAndProcessBatch(Frame.scala:210)\n\tat io.reactors.concurrent.Frame.executeBatch(Frame.scala:183)\n\tat io.reactors.JvmScheduler$Executed$$anon$5.run(JvmScheduler.scala:255)\n\tat java.base/java.util.concurrent.ForkJoinTask$RunnableExecuteAction.exec(ForkJoinTask.java:1423)\n\tat java.base/java.util.concurrent.ForkJoinTask.doExec(ForkJoinTask.java:387)\n\tat java.base/java.util.concurrent.ForkJoinTask.invoke(ForkJoinTask.java:667)\njava.lang.OutOfMemoryError: GC overhead limit exceeded\n\tat java.base/jdk.internal.org.objectweb.asm.SymbolTable.addTypeInternal(SymbolTable.java:1249)\n\tat java.base/jdk.internal.org.objectweb.asm.SymbolTable.addType(SymbolTable.java:1180)\n\tat java.base/jdk.internal.org.objectweb.asm.Frame.execute(Frame.java:1130)\n\tat java.base/jdk.internal.org.objectweb.asm.MethodWriter.visitTypeInsn(MethodWriter.java:1010)\n\tat java.base/java.lang.invoke.InvokerBytecodeGenerator.emitReferenceCast(InvokerBytecodeGenerator.java:598)\n\tat java.base/java.lang.invoke.InvokerBytecodeGenerator.emitImplicitConversion(InvokerBytecodeGenerator.java:563)\n\tat java.base/java.lang.invoke.InvokerBytecodeGenerator.emitPushArgument(InvokerBytecodeGenerator.java:1643)\n\tat java.base/java.lang.invoke.InvokerBytecodeGenerator.emitPushArguments(InvokerBytecodeGenerator.java:1629)\n\tat java.base/java.lang.invoke.InvokerBytecodeGenerator.emitStaticInvoke(InvokerBytecodeGenerator.java:1046)\n\tat java.base/java.lang.invoke.InvokerBytecodeGenerator.addMethod(InvokerBytecodeGenerator.java:861)\n\tat java.base/java.lang.invoke.InvokerBytecodeGenerator.generateCustomizedCodeBytes(InvokerBytecodeGenerator.java:754)\n\tat java.base/java.lang.invoke.InvokerBytecodeGenerator.generateCustomizedCode(InvokerBytecodeGenerator.java:712)\n\tat java.base/java.lang.invoke.LambdaForm.compileToBytecode(LambdaForm.java:849)\n\tat java.base/java.lang.invoke.LambdaForm.prepare(LambdaForm.java:807)\n\tat java.base/java.lang.invoke.MethodHandle.<init>(MethodHandle.java:482)\n\tat java.base/java.lang.invoke.BoundMethodHandle.<init>(BoundMethodHandle.java:52)\n\tat java.base/java.lang.invoke.BoundMethodHandle$Species_LL.<init>(java/lang/invoke/BoundMethodHandle$Species_LL)\n\tat java.base/java.lang.invoke.BoundMethodHandle$Species_LL.make(java/lang/invoke/BoundMethodHandle$Species_LL)\n\tat java.base/java.lang.invoke.DirectMethodHandle$Holder.invokeStatic(DirectMethodHandle$Holder)\n\tat java.base/java.lang.invoke.BoundMethodHandle$Species_L.copyWithExtendL(BoundMethodHandle.java:236)\n\tat java.base/java.lang.invoke.MethodHandleImpl.makePairwiseConvertByEditor(MethodHandleImpl.java:333)\n\tat java.base/java.lang.invoke.MethodHandleImpl.makePairwiseConvert(MethodHandleImpl.java:265)\n\tat java.base/java.lang.invoke.MethodHandleImpl.makePairwiseConvert(MethodHandleImpl.java:382)\n\tat java.base/java.lang.invoke.MethodHandle.asTypeUncached(MethodHandle.java:905)\n\tat java.base/java.lang.invoke.MethodHandle.asType(MethodHandle.java:870)\n\tat java.base/jdk.internal.reflect.MethodHandleAccessorFactory.newConstructorAccessor(MethodHandleAccessorFactory.java:114)\n\tat java.base/jdk.internal.reflect.ReflectionFactory.newConstructorAccessor(ReflectionFactory.java:200)\n\tat java.base/java.lang.reflect.Constructor.acquireConstructorAccessor(Constructor.java:549)\n\tat java.base/java.lang.reflect.Constructor.newInstanceWithCaller(Constructor.java:499)\n\tat java.base/java.lang.reflect.Constructor.newInstance(Constructor.java:486)\n\tat io.reactors.Platform$Reflect$.instantiate(Platform.scala:193)\n\tat io.reactors.Proto.create(Proto.scala:25)\nBenchmark 'reactors' failed with exception:\njava.lang.OutOfMemoryError: GC overhead limit exceeded\n",
    "avg_cpu_usage": 89.3,
    "avg_cpu_time": 88.2,
    "avg_io_time": 0.0,
    "p90_io": 0.0,
    "number_of_pauses": 0,
    "total_pause_time": 0,
    "avg_pause_time": 0,
    "pauses_per_category": {},
    "total_pause_time_per_category": {},
    "avg_pause_time_per_category": {},
    "p90_pause_time": 0,
    "throughput": 0
}