{
    "garbage_collector": "Serial",
    "jdk": "GraalVM_21.0.4",
    "benchmark_group": "Renaissance",
    "benchmark_name": "dec-tree",
    "heap_size": "1024",
    "error": null,
    "avg_cpu_usage": 35.0,
    "avg_cpu_time": 35.9,
    "avg_io_time": 0.0,
    "p90_io": 0.0,
    "number_of_pauses": 87,
    "total_pause_time": 590828283,
    "avg_pause_time": 6791129.69,
    "pauses_per_category": {
        "ICBufferFull": 38,
        "Cleanup": 1,
        "CollectForMetadataAllocation": 4,
        "GenCollectForAllocation": 43,
        "GenCollectFull": 1
    },
    "total_pause_time_per_category": {
        "ICBufferFull": 3795417,
        "Cleanup": 28830,
        "CollectForMetadataAllocation": 152431969,
        "GenCollectForAllocation": 311531670,
        "GenCollectFull": 123040397
    },
    "avg_pause_time_per_category": {
        "ICBufferFull": 99879.39,
        "Cleanup": 28830.0,
        "CollectForMetadataAllocation": 38107992.25,
        "GenCollectForAllocation": 7244922.56,
        "GenCollectFull": 123040397.0
    },
    "p90_pause_time": 13827406.0,
    "throughput": 17057083303
}