{
    "garbage_collector": "Serial",
    "jdk": "GraalVM_21.0.4",
    "benchmark_group": "Renaissance",
    "benchmark_name": "fj-kmeans",
    "heap_size": "8192",
    "error": null,
    "avg_cpu_usage": 80.4,
    "avg_cpu_time": 82.3,
    "avg_io_time": 0.0,
    "p90_io": 0.0,
    "number_of_pauses": 48,
    "total_pause_time": 953847103,
    "avg_pause_time": 19871814.65,
    "pauses_per_category": {
        "ICBufferFull": 3,
        "GenCollectForAllocation": 45
    },
    "total_pause_time_per_category": {
        "ICBufferFull": 299889,
        "GenCollectForAllocation": 953547214
    },
    "avg_pause_time_per_category": {
        "ICBufferFull": 99963.0,
        "GenCollectForAllocation": 21189938.09
    },
    "p90_pause_time": 57543426.1,
    "throughput": 29078872248
}