{
    "garbage_collector": "Serial",
    "jdk": "GraalVM_21.0.4",
    "benchmark_group": "Renaissance",
    "benchmark_name": "log-regression",
    "heap_size": "512",
    "error": null,
    "avg_cpu_usage": 42.9,
    "avg_cpu_time": 43.7,
    "avg_io_time": 0.2,
    "p90_io": 0.0,
    "number_of_pauses": 262,
    "total_pause_time": 1854246659,
    "avg_pause_time": 7077277.32,
    "pauses_per_category": {
        "ICBufferFull": 29,
        "Cleanup": 2,
        "CollectForMetadataAllocation": 8,
        "GenCollectForAllocation": 223
    },
    "total_pause_time_per_category": {
        "ICBufferFull": 3117442,
        "Cleanup": 142624,
        "CollectForMetadataAllocation": 155227840,
        "GenCollectForAllocation": 1695758753
    },
    "avg_pause_time_per_category": {
        "ICBufferFull": 107498.0,
        "Cleanup": 71312.0,
        "CollectForMetadataAllocation": 19403480.0,
        "GenCollectForAllocation": 7604299.34
    },
    "p90_pause_time": 7528508.5,
    "throughput": 22625941695
}