{
    "garbage_collector": "Serial",
    "jdk": "GraalVM_21.0.4",
    "benchmark_group": "Renaissance",
    "benchmark_name": "dotty",
    "heap_size": "512",
    "error": null,
    "avg_cpu_usage": 25.9,
    "avg_cpu_time": 25.5,
    "avg_io_time": 0.1,
    "p90_io": 0.0,
    "number_of_pauses": 94,
    "total_pause_time": 1250084297,
    "avg_pause_time": 13298769.12,
    "pauses_per_category": {
        "ICBufferFull": 70,
        "CollectForMetadataAllocation": 2,
        "GenCollectFull": 3,
        "GenCollectForAllocation": 14,
        "Cleanup": 5
    },
    "total_pause_time_per_category": {
        "ICBufferFull": 9919154,
        "CollectForMetadataAllocation": 62984548,
        "GenCollectFull": 389145329,
        "GenCollectForAllocation": 787585573,
        "Cleanup": 449693
    },
    "avg_pause_time_per_category": {
        "ICBufferFull": 141702.2,
        "CollectForMetadataAllocation": 31492274.0,
        "GenCollectFull": 129715109.67,
        "GenCollectForAllocation": 56256112.36,
        "Cleanup": 89938.6
    },
    "p90_pause_time": 57658956.7,
    "throughput": 32539615324
}