{
    "garbage_collector": "Parallel",
    "jdk": "GraalVM_21.0.4",
    "benchmark_group": "Renaissance",
    "benchmark_name": "log-regression",
    "heap_size": "2048",
    "error": null,
    "avg_cpu_usage": 48.3,
    "avg_cpu_time": 46.7,
    "avg_io_time": 0.2,
    "p90_io": 0.0,
    "number_of_pauses": 101,
    "total_pause_time": 653985448,
    "avg_pause_time": 6475103.45,
    "pauses_per_category": {
        "ICBufferFull": 44,
        "Cleanup": 1,
        "CollectForMetadataAllocation": 10,
        "ParallelGCFailedAllocation": 45,
        "ParallelGCSystemGC": 1
    },
    "total_pause_time_per_category": {
        "ICBufferFull": 4656670,
        "Cleanup": 97866,
        "CollectForMetadataAllocation": 122493844,
        "ParallelGCFailedAllocation": 439320520,
        "ParallelGCSystemGC": 87416548
    },
    "avg_pause_time_per_category": {
        "ICBufferFull": 105833.41,
        "Cleanup": 97866.0,
        "CollectForMetadataAllocation": 12249384.4,
        "ParallelGCFailedAllocation": 9762678.22,
        "ParallelGCSystemGC": 87416548.0
    },
    "p90_pause_time": 16819285.0,
    "throughput": 20206304619
}