{
    "garbage_collector": "Serial",
    "jdk": "GraalVM_21.0.4",
    "benchmark_group": "Renaissance",
    "benchmark_name": "philosophers",
    "heap_size": "512",
    "error": null,
    "avg_cpu_usage": 80.9,
    "avg_cpu_time": 78.8,
    "avg_io_time": 0.0,
    "p90_io": 0.0,
    "number_of_pauses": 187,
    "total_pause_time": 310182340,
    "avg_pause_time": 1658729.09,
    "pauses_per_category": {
        "ICBufferFull": 2,
        "GenCollectForAllocation": 185
    },
    "total_pause_time_per_category": {
        "ICBufferFull": 301578,
        "GenCollectForAllocation": 309880762
    },
    "avg_pause_time_per_category": {
        "ICBufferFull": 150789.0,
        "GenCollectForAllocation": 1675031.15
    },
    "p90_pause_time": 1854126.4,
    "throughput": 17808183066
}