{
    "garbage_collector": "G1",
    "jdk": "GraalVM_21.0.4",
    "benchmark_group": "Renaissance",
    "benchmark_name": "par-mnemonics",
    "heap_size": "8192",
    "error": null,
    "avg_cpu_usage": 18.9,
    "avg_cpu_time": 19.2,
    "avg_io_time": 0.0,
    "p90_io": 0.0,
    "number_of_pauses": 14,
    "total_pause_time": 60694523,
    "avg_pause_time": 4335323.07,
    "pauses_per_category": {
        "ICBufferFull": 1,
        "G1CollectForAllocation": 9,
        "Cleanup": 4
    },
    "total_pause_time_per_category": {
        "ICBufferFull": 56964,
        "G1CollectForAllocation": 60159511,
        "Cleanup": 478048
    },
    "avg_pause_time_per_category": {
        "ICBufferFull": 56964.0,
        "G1CollectForAllocation": 6684390.11,
        "Cleanup": 119512.0
    },
    "p90_pause_time": 7965748.3,
    "throughput": 14297020278
}