{
    "garbage_collector": "Parallel",
    "jdk": "GraalVM_21.0.4",
    "benchmark_group": "Renaissance",
    "benchmark_name": "philosophers",
    "heap_size": "512",
    "error": null,
    "avg_cpu_usage": 83.7,
    "avg_cpu_time": 81.2,
    "avg_io_time": 0.1,
    "p90_io": 0.0,
    "number_of_pauses": 156,
    "total_pause_time": 133764448,
    "avg_pause_time": 857464.41,
    "pauses_per_category": {
        "ICBufferFull": 1,
        "ParallelGCFailedAllocation": 155
    },
    "total_pause_time_per_category": {
        "ICBufferFull": 59291,
        "ParallelGCFailedAllocation": 133705157
    },
    "avg_pause_time_per_category": {
        "ICBufferFull": 59291.0,
        "ParallelGCFailedAllocation": 862613.92
    },
    "p90_pause_time": 1148459.5,
    "throughput": 15352085123
}