{
    "garbage_collector": "Serial",
    "jdk": "GraalVM_21.0.4",
    "benchmark_group": "Renaissance",
    "benchmark_name": "akka-uct",
    "heap_size": "1024",
    "error": null,
    "avg_cpu_usage": 41.8,
    "avg_cpu_time": 40.9,
    "avg_io_time": 0.0,
    "p90_io": 0.0,
    "number_of_pauses": 682,
    "total_pause_time": 80005826843,
    "avg_pause_time": 117310596.54,
    "pauses_per_category": {
        "ICBufferFull": 13,
        "CollectForMetadataAllocation": 1,
        "GenCollectForAllocation": 668
    },
    "total_pause_time_per_category": {
        "ICBufferFull": 9005177,
        "CollectForMetadataAllocation": 23695086,
        "GenCollectForAllocation": 79973126580
    },
    "avg_pause_time_per_category": {
        "ICBufferFull": 692705.92,
        "CollectForMetadataAllocation": 23695086.0,
        "GenCollectForAllocation": 119720249.37
    },
    "p90_pause_time": 127244156.7,
    "throughput": 135221041499
}