{
    "garbage_collector": "Serial",
    "jdk": "GraalVM_21.0.4",
    "benchmark_group": "Renaissance",
    "benchmark_name": "par-mnemonics",
    "heap_size": "2048",
    "error": null,
    "avg_cpu_usage": 18.0,
    "avg_cpu_time": 19.5,
    "avg_io_time": 0.0,
    "p90_io": 0.0,
    "number_of_pauses": 57,
    "total_pause_time": 640599026,
    "avg_pause_time": 11238579.4,
    "pauses_per_category": {
        "ICBufferFull": 1,
        "GenCollectForAllocation": 56
    },
    "total_pause_time_per_category": {
        "ICBufferFull": 130015,
        "GenCollectForAllocation": 640469011
    },
    "avg_pause_time_per_category": {
        "ICBufferFull": 130015.0,
        "GenCollectForAllocation": 11436946.62
    },
    "p90_pause_time": 17425633.8,
    "throughput": 13990841697
}