{
    "garbage_collector": "Z",
    "jdk": "GraalVM_21.0.4",
    "benchmark_group": "Renaissance",
    "benchmark_name": "movie-lens",
    "heap_size": "1024",
    "error": null,
    "avg_cpu_usage": 62.3,
    "avg_cpu_time": 57.6,
    "avg_io_time": 0.0,
    "p90_io": 0.0,
    "number_of_pauses": 3769,
    "total_pause_time": 369582977,
    "avg_pause_time": 98058.63,
    "pauses_per_category": {
        "ICBufferFull": 20,
        "Cleanup": 1,
        "XMarkStart": 1343,
        "XMarkEnd": 1033,
        "CleanClassLoaderDataMetaspaces": 9,
        "XRelocateStart": 1363
    },
    "total_pause_time_per_category": {
        "ICBufferFull": 1769306,
        "Cleanup": 105444,
        "XMarkStart": 127134939,
        "XMarkEnd": 95285790,
        "CleanClassLoaderDataMetaspaces": 4454123,
        "XRelocateStart": 140833375
    },
    "avg_pause_time_per_category": {
        "ICBufferFull": 88465.3,
        "Cleanup": 105444.0,
        "XMarkStart": 94664.88,
        "XMarkEnd": 92241.81,
        "CleanClassLoaderDataMetaspaces": 494902.56,
        "XRelocateStart": 103326.03
    },
    "p90_pause_time": 128353.0,
    "throughput": 126730294879
}