{
    "garbage_collector": "Parallel",
    "jdk": "GraalVM_21.0.4",
    "benchmark_group": "Renaissance",
    "benchmark_name": "dotty",
    "heap_size": "256",
    "error": null,
    "avg_cpu_usage": 26.5,
    "avg_cpu_time": 26.9,
    "avg_io_time": 0.0,
    "p90_io": 0.0,
    "number_of_pauses": 110,
    "total_pause_time": 768160505,
    "avg_pause_time": 6983277.32,
    "pauses_per_category": {
        "ICBufferFull": 52,
        "ParallelGCFailedAllocation": 45,
        "CollectForMetadataAllocation": 2,
        "ParallelGCSystemGC": 3,
        "Cleanup": 8
    },
    "total_pause_time_per_category": {
        "ICBufferFull": 8180355,
        "ParallelGCFailedAllocation": 430383664,
        "CollectForMetadataAllocation": 46336110,
        "ParallelGCSystemGC": 282314891,
        "Cleanup": 945485
    },
    "avg_pause_time_per_category": {
        "ICBufferFull": 157314.52,
        "ParallelGCFailedAllocation": 9564081.42,
        "CollectForMetadataAllocation": 23168055.0,
        "ParallelGCSystemGC": 94104963.67,
        "Cleanup": 118185.62
    },
    "p90_pause_time": 9840671.1,
    "throughput": 31938941077
}