{
    "garbage_collector": "G1",
    "jdk": "GraalVM_21.0.4",
    "stats": [
        {
            "heap_size": "256",
            "number_of_pauses": 3168,
            "total_pause_time": 7519324399,
            "avg_pause_time": 2373524.12,
            "p90_avg_pause_time": 6378910.23,
            "avg_throughput": 23386746055.75,
            "benchmarks": [
                "dotty",
                "finagle-chirper",
                "finagle-http",
                "fj-kmeans",
                "future-genetic",
                "mnemonics",
                "par-mnemonics",
                "philosophers",
                "rx-scrabble",
                "scala-doku",
                "scala-kmeans",
                "scrabble"
            ]
        },
        {
            "heap_size": "512",
            "number_of_pauses": 6966,
            "total_pause_time": 60067685882,
            "avg_pause_time": 8622981.03,
            "p90_avg_pause_time": 11735759.62,
            "avg_throughput": 32705810297.1,
            "benchmarks": [
                "akka-uct",
                "als",
                "chi-square",
                "dec-tree",
                "dotty",
                "finagle-chirper",
                "finagle-http",
                "fj-kmeans",
                "future-genetic",
                "gauss-mix",
                "log-regression",
                "mnemonics",
                "movie-lens",
                "par-mnemonics",
                "philosophers",
                "rx-scrabble",
                "scala-doku",
                "scala-kmeans",
                "scala-stm-bench7",
                "scrabble"
            ]
        },
        {
            "heap_size": "1024",
            "number_of_pauses": 6087,
            "total_pause_time": 56062947030,
            "avg_pause_time": 9210275.51,
            "p90_avg_pause_time": 26842096.74,
            "avg_throughput": 37496894081.22,
            "benchmarks": [
                "akka-uct",
                "als",
                "chi-square",
                "dec-tree",
                "dotty",
                "finagle-chirper",
                "finagle-http",
                "fj-kmeans",
                "future-genetic",
                "gauss-mix",
                "log-regression",
                "mnemonics",
                "movie-lens",
                "naive-bayes",
                "page-rank",
                "par-mnemonics",
                "philosophers",
                "reactors",
                "rx-scrabble",
                "scala-doku",
                "scala-kmeans",
                "scala-stm-bench7",
                "scrabble"
            ]
        },
        {
            "heap_size": "2048",
            "number_of_pauses": 3411,
            "total_pause_time": 44278621738,
            "avg_pause_time": 12981126.28,
            "p90_avg_pause_time": 37070452.17,
            "avg_throughput": 34959931958.12,
            "benchmarks": [
                "akka-uct",
                "als",
                "chi-square",
                "dec-tree",
                "dotty",
                "finagle-chirper",
                "finagle-http",
                "fj-kmeans",
                "future-genetic",
                "gauss-mix",
                "log-regression",
                "mnemonics",
                "movie-lens",
                "naive-bayes",
                "neo4j-analytics",
                "page-rank",
                "par-mnemonics",
                "philosophers",
                "reactors",
                "rx-scrabble",
                "scala-doku",
                "scala-kmeans",
                "scala-stm-bench7",
                "scrabble"
            ]
        },
        {
            "heap_size": "4096",
            "number_of_pauses": 1853,
            "total_pause_time": 30426053008,
            "avg_pause_time": 16419888.29,
            "p90_avg_pause_time": 38073942.91,
            "avg_throughput": 33791954436.12,
            "benchmarks": [
                "akka-uct",
                "als",
                "chi-square",
                "dec-tree",
                "dotty",
                "finagle-chirper",
                "finagle-http",
                "fj-kmeans",
                "future-genetic",
                "gauss-mix",
                "log-regression",
                "mnemonics",
                "movie-lens",
                "naive-bayes",
                "neo4j-analytics",
                "page-rank",
                "par-mnemonics",
                "philosophers",
                "reactors",
                "rx-scrabble",
                "scala-doku",
                "scala-kmeans",
                "scala-stm-bench7",
                "scrabble"
            ]
        },
        {
            "heap_size": "8192",
            "number_of_pauses": 1653,
            "total_pause_time": 23152661173,
            "avg_pause_time": 14006449.59,
            "p90_avg_pause_time": 32238168.5,
            "avg_throughput": 33288143147.83,
            "benchmarks": [
                "akka-uct",
                "als",
                "chi-square",
                "dec-tree",
                "dotty",
                "finagle-chirper",
                "finagle-http",
                "fj-kmeans",
                "future-genetic",
                "gauss-mix",
                "log-regression",
                "mnemonics",
                "movie-lens",
                "naive-bayes",
                "neo4j-analytics",
                "page-rank",
                "par-mnemonics",
                "philosophers",
                "reactors",
                "rx-scrabble",
                "scala-doku",
                "scala-kmeans",
                "scala-stm-bench7",
                "scrabble"
            ]
        }
    ]
}