{
    "garbage_collector": "G1",
    "jdk": "HotSpot_21.0.4",
    "stats": [
        {
            "heap_size": "256",
            "number_of_pauses": 3751,
            "total_pause_time": 8908297802,
            "avg_pause_time": 2374912.77,
            "p90_avg_pause_time": 6250370.2,
            "avg_throughput": 24962995300.33,
            "benchmarks": [
                "dotty",
                "finagle-chirper",
                "finagle-http",
                "fj-kmeans",
                "future-genetic",
                "mnemonics",
                "par-mnemonics",
                "philosophers",
                "rx-scrabble",
                "scala-doku",
                "scala-kmeans",
                "scrabble"
            ]
        },
        {
            "heap_size": "512",
            "number_of_pauses": 7552,
            "total_pause_time": 60064071270,
            "avg_pause_time": 7953399.27,
            "p90_avg_pause_time": 10705763.68,
            "avg_throughput": 33171395612.9,
            "benchmarks": [
                "akka-uct",
                "als",
                "chi-square",
                "dec-tree",
                "dotty",
                "finagle-chirper",
                "finagle-http",
                "fj-kmeans",
                "future-genetic",
                "gauss-mix",
                "log-regression",
                "mnemonics",
                "movie-lens",
                "par-mnemonics",
                "philosophers",
                "rx-scrabble",
                "scala-doku",
                "scala-kmeans",
                "scala-stm-bench7",
                "scrabble"
            ]
        },
        {
            "heap_size": "1024",
            "number_of_pauses": 3823,
            "total_pause_time": 51868891744,
            "avg_pause_time": 13567588.74,
            "p90_avg_pause_time": 25386304.4,
            "avg_throughput": 35640920077.82,
            "benchmarks": [
                "akka-uct",
                "als",
                "chi-square",
                "dec-tree",
                "dotty",
                "finagle-chirper",
                "finagle-http",
                "fj-kmeans",
                "future-genetic",
                "gauss-mix",
                "log-regression",
                "mnemonics",
                "movie-lens",
                "page-rank",
                "par-mnemonics",
                "philosophers",
                "reactors",
                "rx-scrabble",
                "scala-doku",
                "scala-kmeans",
                "scala-stm-bench7",
                "scrabble"
            ]
        },
        {
            "heap_size": "2048",
            "number_of_pauses": 3435,
            "total_pause_time": 45812685335,
            "avg_pause_time": 13337026.3,
            "p90_avg_pause_time": 36434850.52,
            "avg_throughput": 35424052623.79,
            "benchmarks": [
                "akka-uct",
                "als",
                "chi-square",
                "dec-tree",
                "dotty",
                "finagle-chirper",
                "finagle-http",
                "fj-kmeans",
                "future-genetic",
                "gauss-mix",
                "log-regression",
                "mnemonics",
                "movie-lens",
                "naive-bayes",
                "neo4j-analytics",
                "page-rank",
                "par-mnemonics",
                "philosophers",
                "reactors",
                "rx-scrabble",
                "scala-doku",
                "scala-kmeans",
                "scala-stm-bench7",
                "scrabble"
            ]
        },
        {
            "heap_size": "4096",
            "number_of_pauses": 1732,
            "total_pause_time": 31479294576,
            "avg_pause_time": 18175112.34,
            "p90_avg_pause_time": 39449773.62,
            "avg_throughput": 33867888905.5,
            "benchmarks": [
                "akka-uct",
                "als",
                "chi-square",
                "dec-tree",
                "dotty",
                "finagle-chirper",
                "finagle-http",
                "fj-kmeans",
                "future-genetic",
                "gauss-mix",
                "log-regression",
                "mnemonics",
                "movie-lens",
                "naive-bayes",
                "neo4j-analytics",
                "page-rank",
                "par-mnemonics",
                "philosophers",
                "reactors",
                "rx-scrabble",
                "scala-doku",
                "scala-kmeans",
                "scala-stm-bench7",
                "scrabble"
            ]
        },
        {
            "heap_size": "8192",
            "number_of_pauses": 1648,
            "total_pause_time": 24083319099,
            "avg_pause_time": 14613664.5,
            "p90_avg_pause_time": 32462465.89,
            "avg_throughput": 33496394253.42,
            "benchmarks": [
                "akka-uct",
                "als",
                "chi-square",
                "dec-tree",
                "dotty",
                "finagle-chirper",
                "finagle-http",
                "fj-kmeans",
                "future-genetic",
                "gauss-mix",
                "log-regression",
                "mnemonics",
                "movie-lens",
                "naive-bayes",
                "neo4j-analytics",
                "page-rank",
                "par-mnemonics",
                "philosophers",
                "reactors",
                "rx-scrabble",
                "scala-doku",
                "scala-kmeans",
                "scala-stm-bench7",
                "scrabble"
            ]
        }
    ]
}