{
    "garbage_collector": "Parallel",
    "jdk": "GraalVM_21.0.4",
    "stats": [
        {
            "heap_size": "256",
            "number_of_pauses": 4190,
            "total_pause_time": 8473676910,
            "avg_pause_time": 2022357.26,
            "p90_avg_pause_time": 5732432.32,
            "avg_throughput": 21611931835.25,
            "benchmarks": [
                "dotty",
                "finagle-chirper",
                "finagle-http",
                "fj-kmeans",
                "future-genetic",
                "mnemonics",
                "par-mnemonics",
                "philosophers",
                "rx-scrabble",
                "scala-doku",
                "scala-kmeans",
                "scrabble"
            ]
        },
        {
            "heap_size": "512",
            "number_of_pauses": 6645,
            "total_pause_time": 67596998548,
            "avg_pause_time": 10172610.77,
            "p90_avg_pause_time": 9590330.77,
            "avg_throughput": 31130145323.3,
            "benchmarks": [
                "akka-uct",
                "als",
                "chi-square",
                "dec-tree",
                "dotty",
                "finagle-chirper",
                "finagle-http",
                "fj-kmeans",
                "future-genetic",
                "gauss-mix",
                "log-regression",
                "mnemonics",
                "movie-lens",
                "par-mnemonics",
                "philosophers",
                "rx-scrabble",
                "scala-doku",
                "scala-kmeans",
                "scala-stm-bench7",
                "scrabble"
            ]
        },
        {
            "heap_size": "1024",
            "number_of_pauses": 8444,
            "total_pause_time": 171688461861,
            "avg_pause_time": 20332598.52,
            "p90_avg_pause_time": 18948184.53,
            "avg_throughput": 39848117404.22,
            "benchmarks": [
                "akka-uct",
                "als",
                "chi-square",
                "dec-tree",
                "dotty",
                "finagle-chirper",
                "finagle-http",
                "fj-kmeans",
                "future-genetic",
                "gauss-mix",
                "log-regression",
                "mnemonics",
                "movie-lens",
                "naive-bayes",
                "page-rank",
                "par-mnemonics",
                "philosophers",
                "reactors",
                "rx-scrabble",
                "scala-doku",
                "scala-kmeans",
                "scala-stm-bench7",
                "scrabble"
            ]
        },
        {
            "heap_size": "2048",
            "number_of_pauses": 3085,
            "total_pause_time": 56698950704,
            "avg_pause_time": 18378914.33,
            "p90_avg_pause_time": 27775523.5,
            "avg_throughput": 34117213568.96,
            "benchmarks": [
                "akka-uct",
                "als",
                "chi-square",
                "dec-tree",
                "dotty",
                "finagle-chirper",
                "finagle-http",
                "fj-kmeans",
                "future-genetic",
                "gauss-mix",
                "log-regression",
                "mnemonics",
                "movie-lens",
                "naive-bayes",
                "neo4j-analytics",
                "page-rank",
                "par-mnemonics",
                "philosophers",
                "reactors",
                "rx-scrabble",
                "scala-doku",
                "scala-kmeans",
                "scala-stm-bench7",
                "scrabble"
            ]
        },
        {
            "heap_size": "4096",
            "number_of_pauses": 1837,
            "total_pause_time": 32556593221,
            "avg_pause_time": 17722696.36,
            "p90_avg_pause_time": 39706074.93,
            "avg_throughput": 32781609208.29,
            "benchmarks": [
                "akka-uct",
                "als",
                "chi-square",
                "dec-tree",
                "dotty",
                "finagle-chirper",
                "finagle-http",
                "fj-kmeans",
                "future-genetic",
                "gauss-mix",
                "log-regression",
                "mnemonics",
                "movie-lens",
                "naive-bayes",
                "neo4j-analytics",
                "page-rank",
                "par-mnemonics",
                "philosophers",
                "reactors",
                "rx-scrabble",
                "scala-doku",
                "scala-kmeans",
                "scala-stm-bench7",
                "scrabble"
            ]
        },
        {
            "heap_size": "8192",
            "number_of_pauses": 1497,
            "total_pause_time": 16332476821,
            "avg_pause_time": 10910138.16,
            "p90_avg_pause_time": 31494256.66,
            "avg_throughput": 31969773251.46,
            "benchmarks": [
                "akka-uct",
                "als",
                "chi-square",
                "dec-tree",
                "dotty",
                "finagle-chirper",
                "finagle-http",
                "fj-kmeans",
                "future-genetic",
                "gauss-mix",
                "log-regression",
                "mnemonics",
                "movie-lens",
                "naive-bayes",
                "neo4j-analytics",
                "page-rank",
                "par-mnemonics",
                "philosophers",
                "reactors",
                "rx-scrabble",
                "scala-doku",
                "scala-kmeans",
                "scala-stm-bench7",
                "scrabble"
            ]
        }
    ]
}