{
    "garbage_collector": "Parallel",
    "jdk": "HotSpot_21.0.4",
    "stats": [
        {
            "heap_size": "256",
            "number_of_pauses": 5170,
            "total_pause_time": 9026680923,
            "avg_pause_time": 1745973.1,
            "p90_avg_pause_time": 5454749.2,
            "avg_throughput": 22042519758.5,
            "benchmarks": [
                "dotty",
                "finagle-chirper",
                "finagle-http",
                "fj-kmeans",
                "future-genetic",
                "mnemonics",
                "par-mnemonics",
                "philosophers",
                "rx-scrabble",
                "scala-doku",
                "scala-kmeans",
                "scrabble"
            ]
        },
        {
            "heap_size": "512",
            "number_of_pauses": 7235,
            "total_pause_time": 67711360500,
            "avg_pause_time": 9358861.16,
            "p90_avg_pause_time": 9405174.94,
            "avg_throughput": 30723042086.95,
            "benchmarks": [
                "akka-uct",
                "als",
                "chi-square",
                "dec-tree",
                "dotty",
                "finagle-chirper",
                "finagle-http",
                "fj-kmeans",
                "future-genetic",
                "gauss-mix",
                "log-regression",
                "mnemonics",
                "movie-lens",
                "par-mnemonics",
                "philosophers",
                "rx-scrabble",
                "scala-doku",
                "scala-kmeans",
                "scala-stm-bench7",
                "scrabble"
            ]
        },
        {
            "heap_size": "1024",
            "number_of_pauses": 4445,
            "total_pause_time": 65555131307,
            "avg_pause_time": 14748061.04,
            "p90_avg_pause_time": 16918928.2,
            "avg_throughput": 34066794741.36,
            "benchmarks": [
                "akka-uct",
                "als",
                "chi-square",
                "dec-tree",
                "dotty",
                "finagle-chirper",
                "finagle-http",
                "fj-kmeans",
                "future-genetic",
                "gauss-mix",
                "log-regression",
                "mnemonics",
                "movie-lens",
                "page-rank",
                "par-mnemonics",
                "philosophers",
                "reactors",
                "rx-scrabble",
                "scala-doku",
                "scala-kmeans",
                "scala-stm-bench7",
                "scrabble"
            ]
        },
        {
            "heap_size": "2048",
            "number_of_pauses": 3181,
            "total_pause_time": 57818803587,
            "avg_pause_time": 18176297.89,
            "p90_avg_pause_time": 26902498.52,
            "avg_throughput": 33694987511.71,
            "benchmarks": [
                "akka-uct",
                "als",
                "chi-square",
                "dec-tree",
                "dotty",
                "finagle-chirper",
                "finagle-http",
                "fj-kmeans",
                "future-genetic",
                "gauss-mix",
                "log-regression",
                "mnemonics",
                "movie-lens",
                "naive-bayes",
                "neo4j-analytics",
                "page-rank",
                "par-mnemonics",
                "philosophers",
                "reactors",
                "rx-scrabble",
                "scala-doku",
                "scala-kmeans",
                "scala-stm-bench7",
                "scrabble"
            ]
        },
        {
            "heap_size": "4096",
            "number_of_pauses": 1762,
            "total_pause_time": 33476474448,
            "avg_pause_time": 18999134.19,
            "p90_avg_pause_time": 41494641.3,
            "avg_throughput": 32087386356.25,
            "benchmarks": [
                "akka-uct",
                "als",
                "chi-square",
                "dec-tree",
                "dotty",
                "finagle-chirper",
                "finagle-http",
                "fj-kmeans",
                "future-genetic",
                "gauss-mix",
                "log-regression",
                "mnemonics",
                "movie-lens",
                "naive-bayes",
                "neo4j-analytics",
                "page-rank",
                "par-mnemonics",
                "philosophers",
                "reactors",
                "rx-scrabble",
                "scala-doku",
                "scala-kmeans",
                "scala-stm-bench7",
                "scrabble"
            ]
        },
        {
            "heap_size": "8192",
            "number_of_pauses": 1362,
            "total_pause_time": 17074127584,
            "avg_pause_time": 12536070.18,
            "p90_avg_pause_time": 32737450.41,
            "avg_throughput": 31590505546.17,
            "benchmarks": [
                "akka-uct",
                "als",
                "chi-square",
                "dec-tree",
                "dotty",
                "finagle-chirper",
                "finagle-http",
                "fj-kmeans",
                "future-genetic",
                "gauss-mix",
                "log-regression",
                "mnemonics",
                "movie-lens",
                "naive-bayes",
                "neo4j-analytics",
                "page-rank",
                "par-mnemonics",
                "philosophers",
                "reactors",
                "rx-scrabble",
                "scala-doku",
                "scala-kmeans",
                "scala-stm-bench7",
                "scrabble"
            ]
        }
    ]
}