{
    "garbage_collector": "Serial",
    "jdk": "HotSpot_21.0.4",
    "cpu_intensive_stats": [
        {
            "heap_size": "256",
            "number_of_pauses": 3100,
            "total_pause_time": 7110704294,
            "avg_pause_time": 2293775.58,
            "p90_avg_pause_time": 4127938.52,
            "avg_throughput": 31566053289.5,
            "benchmarks": [
                "finagle-chirper",
                "finagle-http",
                "fj-kmeans",
                "philosophers"
            ]
        },
        {
            "heap_size": "512",
            "number_of_pauses": 1965,
            "total_pause_time": 7594018938,
            "avg_pause_time": 3864640.68,
            "p90_avg_pause_time": 6167381.58,
            "avg_throughput": 35401707181.0,
            "benchmarks": [
                "als",
                "finagle-chirper",
                "finagle-http",
                "fj-kmeans",
                "philosophers"
            ]
        },
        {
            "heap_size": "1024",
            "number_of_pauses": 1095,
            "total_pause_time": 5232620524,
            "avg_pause_time": 4778648.88,
            "p90_avg_pause_time": 8517427.32,
            "avg_throughput": 35450880804.2,
            "benchmarks": [
                "als",
                "finagle-chirper",
                "finagle-http",
                "fj-kmeans",
                "philosophers"
            ]
        },
        {
            "heap_size": "2048",
            "number_of_pauses": 678,
            "total_pause_time": 3526991358,
            "avg_pause_time": 5202052.15,
            "p90_avg_pause_time": 10585097.76,
            "avg_throughput": 34932132985.4,
            "benchmarks": [
                "als",
                "finagle-chirper",
                "finagle-http",
                "fj-kmeans",
                "philosophers"
            ]
        },
        {
            "heap_size": "4096",
            "number_of_pauses": 658,
            "total_pause_time": 4774706458,
            "avg_pause_time": 7256392.79,
            "p90_avg_pause_time": 21279902.34,
            "avg_throughput": 29002096603.0,
            "benchmarks": [
                "als",
                "finagle-chirper",
                "finagle-http",
                "fj-kmeans",
                "naive-bayes",
                "philosophers",
                "scrabble"
            ]
        },
        {
            "heap_size": "8192",
            "number_of_pauses": 526,
            "total_pause_time": 4995879103,
            "avg_pause_time": 9497869.02,
            "p90_avg_pause_time": 39152977.99,
            "avg_throughput": 28928763762.0,
            "benchmarks": [
                "als",
                "finagle-chirper",
                "finagle-http",
                "fj-kmeans",
                "naive-bayes",
                "philosophers",
                "scrabble"
            ]
        }
    ],
    "non_cpu_intensive_stats": [
        {
            "heap_size": "256",
            "number_of_pauses": 2645,
            "total_pause_time": 12736546162,
            "avg_pause_time": 4815329.36,
            "p90_avg_pause_time": 15981972.82,
            "avg_throughput": 16391271983.38,
            "benchmarks": [
                "dotty",
                "future-genetic",
                "mnemonics",
                "par-mnemonics",
                "rx-scrabble",
                "scala-doku",
                "scala-kmeans",
                "scrabble"
            ]
        },
        {
            "heap_size": "512",
            "number_of_pauses": 5408,
            "total_pause_time": 133917045081,
            "avg_pause_time": 24762767.21,
            "p90_avg_pause_time": 36953709.91,
            "avg_throughput": 30963687547.47,
            "benchmarks": [
                "akka-uct",
                "chi-square",
                "dec-tree",
                "dotty",
                "future-genetic",
                "gauss-mix",
                "log-regression",
                "mnemonics",
                "movie-lens",
                "par-mnemonics",
                "rx-scrabble",
                "scala-doku",
                "scala-kmeans",
                "scala-stm-bench7",
                "scrabble"
            ]
        },
        {
            "heap_size": "1024",
            "number_of_pauses": 5364,
            "total_pause_time": 211138288690,
            "avg_pause_time": 39362097.07,
            "p90_avg_pause_time": 64781787.84,
            "avg_throughput": 44522266908.33,
            "benchmarks": [
                "akka-uct",
                "chi-square",
                "dec-tree",
                "dotty",
                "future-genetic",
                "gauss-mix",
                "log-regression",
                "mnemonics",
                "movie-lens",
                "naive-bayes",
                "page-rank",
                "par-mnemonics",
                "reactors",
                "rx-scrabble",
                "scala-doku",
                "scala-kmeans",
                "scala-stm-bench7",
                "scrabble"
            ]
        },
        {
            "heap_size": "2048",
            "number_of_pauses": 2618,
            "total_pause_time": 133032921849,
            "avg_pause_time": 50814714.23,
            "p90_avg_pause_time": 89811382.74,
            "avg_throughput": 33932736744.16,
            "benchmarks": [
                "akka-uct",
                "chi-square",
                "dec-tree",
                "dotty",
                "future-genetic",
                "gauss-mix",
                "log-regression",
                "mnemonics",
                "movie-lens",
                "naive-bayes",
                "neo4j-analytics",
                "page-rank",
                "par-mnemonics",
                "reactors",
                "rx-scrabble",
                "scala-doku",
                "scala-kmeans",
                "scala-stm-bench7",
                "scrabble"
            ]
        },
        {
            "heap_size": "4096",
            "number_of_pauses": 1154,
            "total_pause_time": 90413563959,
            "avg_pause_time": 78347975.7,
            "p90_avg_pause_time": 120807713.71,
            "avg_throughput": 33165770628.41,
            "benchmarks": [
                "akka-uct",
                "chi-square",
                "dec-tree",
                "dotty",
                "future-genetic",
                "gauss-mix",
                "log-regression",
                "mnemonics",
                "movie-lens",
                "neo4j-analytics",
                "page-rank",
                "par-mnemonics",
                "reactors",
                "rx-scrabble",
                "scala-doku",
                "scala-kmeans",
                "scala-stm-bench7"
            ]
        },
        {
            "heap_size": "8192",
            "number_of_pauses": 856,
            "total_pause_time": 49480045702,
            "avg_pause_time": 57803791.71,
            "p90_avg_pause_time": 98404543.04,
            "avg_throughput": 31200390500.88,
            "benchmarks": [
                "akka-uct",
                "chi-square",
                "dec-tree",
                "dotty",
                "future-genetic",
                "gauss-mix",
                "log-regression",
                "mnemonics",
                "movie-lens",
                "neo4j-analytics",
                "page-rank",
                "par-mnemonics",
                "reactors",
                "rx-scrabble",
                "scala-doku",
                "scala-kmeans",
                "scala-stm-bench7"
            ]
        }
    ]
}