{
    "garbage_collector": "Z",
    "jdk": "GraalVM_21.0.4",
    "stats": [
        {
            "heap_size": "256",
            "number_of_pauses": 10796,
            "total_pause_time": 1370215257,
            "avg_pause_time": 126918.79,
            "p90_avg_pause_time": 196625.4,
            "avg_throughput": 38325605809.25,
            "benchmarks": [
                "dotty",
                "finagle-chirper",
                "finagle-http",
                "fj-kmeans",
                "future-genetic",
                "mnemonics",
                "par-mnemonics",
                "philosophers",
                "rx-scrabble",
                "scala-doku",
                "scala-kmeans",
                "scrabble"
            ]
        },
        {
            "heap_size": "512",
            "number_of_pauses": 17788,
            "total_pause_time": 2762314171,
            "avg_pause_time": 155290.88,
            "p90_avg_pause_time": 195284.34,
            "avg_throughput": 59371093792.1,
            "benchmarks": [
                "akka-uct",
                "als",
                "chi-square",
                "dec-tree",
                "dotty",
                "finagle-chirper",
                "finagle-http",
                "fj-kmeans",
                "future-genetic",
                "gauss-mix",
                "log-regression",
                "mnemonics",
                "movie-lens",
                "par-mnemonics",
                "philosophers",
                "rx-scrabble",
                "scala-doku",
                "scala-kmeans",
                "scala-stm-bench7",
                "scrabble"
            ]
        },
        {
            "heap_size": "1024",
            "number_of_pauses": 17391,
            "total_pause_time": 3248963690,
            "avg_pause_time": 186818.68,
            "p90_avg_pause_time": 197486.0,
            "avg_throughput": 54750384700.0,
            "benchmarks": [
                "akka-uct",
                "als",
                "chi-square",
                "dec-tree",
                "dotty",
                "finagle-chirper",
                "finagle-http",
                "fj-kmeans",
                "future-genetic",
                "gauss-mix",
                "log-regression",
                "mnemonics",
                "movie-lens",
                "naive-bayes",
                "page-rank",
                "par-mnemonics",
                "philosophers",
                "reactors",
                "rx-scrabble",
                "scala-doku",
                "scala-kmeans",
                "scala-stm-bench7",
                "scrabble"
            ]
        },
        {
            "heap_size": "2048",
            "number_of_pauses": 7242,
            "total_pause_time": 1648933908,
            "avg_pause_time": 227690.4,
            "p90_avg_pause_time": 287138.22,
            "avg_throughput": 42586828887.62,
            "benchmarks": [
                "akka-uct",
                "als",
                "chi-square",
                "dec-tree",
                "dotty",
                "finagle-chirper",
                "finagle-http",
                "fj-kmeans",
                "future-genetic",
                "gauss-mix",
                "log-regression",
                "mnemonics",
                "movie-lens",
                "naive-bayes",
                "neo4j-analytics",
                "page-rank",
                "par-mnemonics",
                "philosophers",
                "reactors",
                "rx-scrabble",
                "scala-doku",
                "scala-kmeans",
                "scala-stm-bench7",
                "scrabble"
            ]
        },
        {
            "heap_size": "4096",
            "number_of_pauses": 3344,
            "total_pause_time": 988124753,
            "avg_pause_time": 295491.85,
            "p90_avg_pause_time": 411001.77,
            "avg_throughput": 37702124416.96,
            "benchmarks": [
                "akka-uct",
                "als",
                "chi-square",
                "dec-tree",
                "dotty",
                "finagle-chirper",
                "finagle-http",
                "fj-kmeans",
                "future-genetic",
                "gauss-mix",
                "log-regression",
                "mnemonics",
                "movie-lens",
                "naive-bayes",
                "neo4j-analytics",
                "page-rank",
                "par-mnemonics",
                "philosophers",
                "reactors",
                "rx-scrabble",
                "scala-doku",
                "scala-kmeans",
                "scala-stm-bench7",
                "scrabble"
            ]
        },
        {
            "heap_size": "8192",
            "number_of_pauses": 2294,
            "total_pause_time": 805139208,
            "avg_pause_time": 350976.12,
            "p90_avg_pause_time": 721713.71,
            "avg_throughput": 37790161819.21,
            "benchmarks": [
                "akka-uct",
                "als",
                "chi-square",
                "dec-tree",
                "dotty",
                "finagle-chirper",
                "finagle-http",
                "fj-kmeans",
                "future-genetic",
                "gauss-mix",
                "log-regression",
                "mnemonics",
                "movie-lens",
                "naive-bayes",
                "neo4j-analytics",
                "page-rank",
                "par-mnemonics",
                "philosophers",
                "reactors",
                "rx-scrabble",
                "scala-doku",
                "scala-kmeans",
                "scala-stm-bench7",
                "scrabble"
            ]
        }
    ]
}