{
    "garbage_collector": "G1",
    "jdk": "GraalVM_21.0.4",
    "benchmark_group": "DaCapo",
    "benchmark_name": "fop",
    "heap_size": "2048",
    "error": null,
    "avg_cpu_usage": 23.9,
    "avg_cpu_time": 93.8,
    "avg_io_time": 0.1,
    "p90_io": 0.0,
    "number_of_pauses": 48,
    "total_pause_time": 171689052,
    "avg_pause_time": 3576855.25,
    "pauses_per_category": {
        "ICBufferFull": 35,
        "CollectForMetadataAllocation": 1,
        "G1PauseRemark": 2,
        "G1PauseCleanup": 2,
        "G1CollectForAllocation": 5,
        "Cleanup": 2,
        "G1TryInitiateConcMark": 1
    },
    "total_pause_time_per_category": {
        "ICBufferFull": 7869545,
        "CollectForMetadataAllocation": 19626828,
        "G1PauseRemark": 21162157,
        "G1PauseCleanup": 1568860,
        "G1CollectForAllocation": 109036706,
        "Cleanup": 467118,
        "G1TryInitiateConcMark": 11957838
    },
    "avg_pause_time_per_category": {
        "ICBufferFull": 224844.14,
        "CollectForMetadataAllocation": 19626828.0,
        "G1PauseRemark": 10581078.5,
        "G1PauseCleanup": 784430.0,
        "G1CollectForAllocation": 21807341.2,
        "Cleanup": 233559.0,
        "G1TryInitiateConcMark": 11957838.0
    },
    "p90_pause_time": 17443968.4,
    "throughput": 19890840320
}