{
    "garbage_collector": "G1",
    "jdk": "HotSpot_21.0.4",
    "benchmark_group": "DaCapo",
    "benchmark_name": "zxing",
    "heap_size": "2048",
    "error": null,
    "avg_cpu_usage": 65.4,
    "avg_cpu_time": 96.9,
    "avg_io_time": 0.0,
    "p90_io": 0.0,
    "number_of_pauses": 57,
    "total_pause_time": 256532601,
    "avg_pause_time": 4500571.95,
    "pauses_per_category": {
        "ICBufferFull": 2,
        "G1CollectForAllocation": 15,
        "Cleanup": 40
    },
    "total_pause_time_per_category": {
        "ICBufferFull": 2299474,
        "G1CollectForAllocation": 185135547,
        "Cleanup": 69097580
    },
    "avg_pause_time_per_category": {
        "ICBufferFull": 1149737.0,
        "G1CollectForAllocation": 12342369.8,
        "Cleanup": 1727439.5
    },
    "p90_pause_time": 14522898.8,
    "throughput": 57054242021
}