{
    "garbage_collector": "G1",
    "jdk": "HotSpot_21.0.4",
    "benchmark_group": "DaCapo",
    "benchmark_name": "zxing",
    "heap_size": "512",
    "error": null,
    "avg_cpu_usage": 62.2,
    "avg_cpu_time": 96.8,
    "avg_io_time": 0.0,
    "p90_io": 0.0,
    "number_of_pauses": 92,
    "total_pause_time": 277436232,
    "avg_pause_time": 3015611.22,
    "pauses_per_category": {
        "G1CollectForAllocation": 58,
        "ICBufferFull": 1,
        "Cleanup": 33
    },
    "total_pause_time_per_category": {
        "G1CollectForAllocation": 236999225,
        "ICBufferFull": 164575,
        "Cleanup": 40272432
    },
    "avg_pause_time_per_category": {
        "G1CollectForAllocation": 4086193.53,
        "ICBufferFull": 164575.0,
        "Cleanup": 1220376.73
    },
    "p90_pause_time": 7906214.7,
    "throughput": 56456596479
}