{
    "garbage_collector": "G1",
    "jdk": "HotSpot_21.0.4",
    "benchmark_group": "DaCapo",
    "benchmark_name": "pmd",
    "heap_size": "8192",
    "error": null,
    "avg_cpu_usage": 50.7,
    "avg_cpu_time": 96.1,
    "avg_io_time": 0.1,
    "p90_io": 0.0,
    "number_of_pauses": 95,
    "total_pause_time": 1100412481,
    "avg_pause_time": 11583289.27,
    "pauses_per_category": {
        "ICBufferFull": 48,
        "G1CollectForAllocation": 21,
        "CollectForMetadataAllocation": 1,
        "G1PauseRemark": 1,
        "G1PauseCleanup": 1,
        "Cleanup": 23
    },
    "total_pause_time_per_category": {
        "ICBufferFull": 100570256,
        "G1CollectForAllocation": 901387812,
        "CollectForMetadataAllocation": 26137437,
        "G1PauseRemark": 15317710,
        "G1PauseCleanup": 4638737,
        "Cleanup": 52360529
    },
    "avg_pause_time_per_category": {
        "ICBufferFull": 2095213.67,
        "G1CollectForAllocation": 42923229.14,
        "CollectForMetadataAllocation": 26137437.0,
        "G1PauseRemark": 15317710.0,
        "G1PauseCleanup": 4638737.0,
        "Cleanup": 2276544.74
    },
    "p90_pause_time": 43128320.2,
    "throughput": 42468301099
}