{
    "garbage_collector": "Parallel",
    "jdk": "HotSpot_21.0.4",
    "benchmark_group": "DaCapo",
    "benchmark_name": "zxing",
    "heap_size": "1024",
    "error": null,
    "avg_cpu_usage": 61.4,
    "avg_cpu_time": 96.6,
    "avg_io_time": 0.0,
    "p90_io": 0.0,
    "number_of_pauses": 102,
    "total_pause_time": 641148325,
    "avg_pause_time": 6285767.89,
    "pauses_per_category": {
        "ICBufferFull": 1,
        "ParallelGCFailedAllocation": 73,
        "ParallelGCSystemGC": 17,
        "Cleanup": 11
    },
    "total_pause_time_per_category": {
        "ICBufferFull": 76837,
        "ParallelGCFailedAllocation": 410555340,
        "ParallelGCSystemGC": 210443149,
        "Cleanup": 20072999
    },
    "avg_pause_time_per_category": {
        "ICBufferFull": 76837.0,
        "ParallelGCFailedAllocation": 5624045.75,
        "ParallelGCSystemGC": 12379008.76,
        "Cleanup": 1824818.09
    },
    "p90_pause_time": 12498304.0,
    "throughput": 55227824489
}