{
    "garbage_collector": "G1",
    "jdk": "GraalVM_21.0.4",
    "benchmark_group": "DaCapo",
    "benchmark_name": "jython",
    "heap_size": "512",
    "error": null,
    "avg_cpu_usage": 18.4,
    "avg_cpu_time": 91.6,
    "avg_io_time": 0.1,
    "p90_io": 0.0,
    "number_of_pauses": 152,
    "total_pause_time": 1269990751,
    "avg_pause_time": 8355202.31,
    "pauses_per_category": {
        "G1CollectForAllocation": 122,
        "ICBufferFull": 15,
        "CollectForMetadataAllocation": 2,
        "G1PauseRemark": 3,
        "G1PauseCleanup": 3,
        "Cleanup": 6,
        "G1TryInitiateConcMark": 1
    },
    "total_pause_time_per_category": {
        "G1CollectForAllocation": 1191452607,
        "ICBufferFull": 1983053,
        "CollectForMetadataAllocation": 35649781,
        "G1PauseRemark": 29453749,
        "G1PauseCleanup": 2216719,
        "Cleanup": 4224324,
        "G1TryInitiateConcMark": 5010518
    },
    "avg_pause_time_per_category": {
        "G1CollectForAllocation": 9766004.98,
        "ICBufferFull": 132203.53,
        "CollectForMetadataAllocation": 17824890.5,
        "G1PauseRemark": 9817916.33,
        "G1PauseCleanup": 738906.33,
        "Cleanup": 704054.0,
        "G1TryInitiateConcMark": 5010518.0
    },
    "p90_pause_time": 18700829.5,
    "throughput": 71839609092
}