{
    "garbage_collector": "G1",
    "jdk": "GraalVM_21.0.4",
    "benchmark_group": "DaCapo",
    "benchmark_name": "avrora",
    "heap_size": "512",
    "error": null,
    "avg_cpu_usage": 13.5,
    "avg_cpu_time": 83.2,
    "avg_io_time": 0.0,
    "p90_io": 0.0,
    "number_of_pauses": 20,
    "total_pause_time": 38293610,
    "avg_pause_time": 1914680.5,
    "pauses_per_category": {
        "G1CollectForAllocation": 3,
        "ICBufferFull": 1,
        "Cleanup": 16
    },
    "total_pause_time_per_category": {
        "G1CollectForAllocation": 34686289,
        "ICBufferFull": 146938,
        "Cleanup": 3460383
    },
    "avg_pause_time_per_category": {
        "G1CollectForAllocation": 11562096.33,
        "ICBufferFull": 146938.0,
        "Cleanup": 216273.94
    },
    "p90_pause_time": 10197605.4,
    "throughput": 102789349745
}