{
    "garbage_collector": "G1",
    "jdk": "GraalVM_21.0.4",
    "benchmark_group": "DaCapo",
    "benchmark_name": "cassandra",
    "heap_size": "2048",
    "error": null,
    "avg_cpu_usage": 16.3,
    "avg_cpu_time": 84.5,
    "avg_io_time": 0.1,
    "p90_io": 0.0,
    "number_of_pauses": 211,
    "total_pause_time": 1077333119,
    "avg_pause_time": 5105844.17,
    "pauses_per_category": {
        "Cleanup": 106,
        "ICBufferFull": 51,
        "G1CollectForAllocation": 30,
        "CollectForMetadataAllocation": 6,
        "G1PauseRemark": 7,
        "G1PauseCleanup": 7,
        "G1TryInitiateConcMark": 4
    },
    "total_pause_time_per_category": {
        "Cleanup": 12188382,
        "ICBufferFull": 16194929,
        "G1CollectForAllocation": 756798723,
        "CollectForMetadataAllocation": 87367669,
        "G1PauseRemark": 80422366,
        "G1PauseCleanup": 6571643,
        "G1TryInitiateConcMark": 117789407
    },
    "avg_pause_time_per_category": {
        "Cleanup": 114984.74,
        "ICBufferFull": 317547.63,
        "G1CollectForAllocation": 25226624.1,
        "CollectForMetadataAllocation": 14561278.17,
        "G1PauseRemark": 11488909.43,
        "G1PauseCleanup": 938806.14,
        "G1TryInitiateConcMark": 29447351.75
    },
    "p90_pause_time": 20852240.0,
    "throughput": 223925282360
}