{
    "garbage_collector": "G1",
    "jdk": "GraalVM_21.0.4",
    "benchmark_group": "DaCapo",
    "benchmark_name": "avrora",
    "heap_size": "4096",
    "error": null,
    "avg_cpu_usage": 13.4,
    "avg_cpu_time": 83.2,
    "avg_io_time": 0.0,
    "p90_io": 0.0,
    "number_of_pauses": 24,
    "total_pause_time": 25200011,
    "avg_pause_time": 1050000.46,
    "pauses_per_category": {
        "ICBufferFull": 2,
        "Cleanup": 20,
        "G1CollectForAllocation": 2
    },
    "total_pause_time_per_category": {
        "ICBufferFull": 230726,
        "Cleanup": 6865178,
        "G1CollectForAllocation": 18104107
    },
    "avg_pause_time_per_category": {
        "ICBufferFull": 115363.0,
        "Cleanup": 343258.9,
        "G1CollectForAllocation": 9052053.5
    },
    "p90_pause_time": 3410833.7,
    "throughput": 102781132277
}