{
    "garbage_collector": "Z",
    "jdk": "HotSpot_21.0.4",
    "benchmark_group": "DaCapo",
    "benchmark_name": "avrora",
    "heap_size": "2048",
    "error": null,
    "avg_cpu_usage": 13.1,
    "avg_cpu_time": 83.1,
    "avg_io_time": 0.0,
    "p90_io": 0.0,
    "number_of_pauses": 22,
    "total_pause_time": 2694606,
    "avg_pause_time": 122482.09,
    "pauses_per_category": {
        "ICBufferFull": 2,
        "Cleanup": 13,
        "XMarkStart": 2,
        "XMarkEnd": 2,
        "CleanClassLoaderDataMetaspaces": 1,
        "XRelocateStart": 2
    },
    "total_pause_time_per_category": {
        "ICBufferFull": 278725,
        "Cleanup": 1394529,
        "XMarkStart": 138134,
        "XMarkEnd": 343924,
        "CleanClassLoaderDataMetaspaces": 343437,
        "XRelocateStart": 195857
    },
    "avg_pause_time_per_category": {
        "ICBufferFull": 139362.5,
        "Cleanup": 107271.46,
        "XMarkStart": 69067.0,
        "XMarkEnd": 171962.0,
        "CleanClassLoaderDataMetaspaces": 343437.0,
        "XRelocateStart": 97928.5
    },
    "p90_pause_time": 191269.0,
    "throughput": 104214905388
}