{
    "garbage_collector": "G1",
    "jdk": "GraalVM_21.0.4",
    "benchmark_group": "DaCapo",
    "benchmark_name": "lusearch",
    "heap_size": "1024",
    "error": null,
    "avg_cpu_usage": 32.7,
    "avg_cpu_time": 94.4,
    "avg_io_time": 0.0,
    "p90_io": 0.0,
    "number_of_pauses": 386,
    "total_pause_time": 1870067369,
    "avg_pause_time": 4844734.12,
    "pauses_per_category": {
        "Cleanup": 4,
        "G1CollectForAllocation": 377,
        "ICBufferFull": 5
    },
    "total_pause_time_per_category": {
        "Cleanup": 388439,
        "G1CollectForAllocation": 1867046550,
        "ICBufferFull": 2632380
    },
    "avg_pause_time_per_category": {
        "Cleanup": 97109.75,
        "G1CollectForAllocation": 4952378.12,
        "ICBufferFull": 526476.0
    },
    "p90_pause_time": 9337809.0,
    "throughput": 241915781082
}