{
    "garbage_collector": "G1",
    "jdk": "HotSpot_21.0.4",
    "benchmark_group": "DaCapo",
    "benchmark_name": "zxing",
    "heap_size": "4096",
    "error": null,
    "avg_cpu_usage": 63.0,
    "avg_cpu_time": 96.8,
    "avg_io_time": 0.1,
    "p90_io": 0.0,
    "number_of_pauses": 53,
    "total_pause_time": 184701155,
    "avg_pause_time": 3484927.45,
    "pauses_per_category": {
        "Cleanup": 40,
        "ICBufferFull": 1,
        "G1CollectForAllocation": 12
    },
    "total_pause_time_per_category": {
        "Cleanup": 83581042,
        "ICBufferFull": 172701,
        "G1CollectForAllocation": 100947412
    },
    "avg_pause_time_per_category": {
        "Cleanup": 2089526.05,
        "ICBufferFull": 172701.0,
        "G1CollectForAllocation": 8412284.33
    },
    "p90_pause_time": 10924401.6,
    "throughput": 58897246442
}