{
    "garbage_collector": "G1",
    "jdk": "HotSpot_21.0.4",
    "benchmark_group": "DaCapo",
    "benchmark_name": "tradesoap",
    "heap_size": "4096",
    "error": null,
    "avg_cpu_usage": 20.2,
    "avg_cpu_time": 92.0,
    "avg_io_time": 0.0,
    "p90_io": 0.0,
    "number_of_pauses": 149,
    "total_pause_time": 982439486,
    "avg_pause_time": 6593553.6,
    "pauses_per_category": {
        "ICBufferFull": 40,
        "G1CollectForAllocation": 17,
        "CollectForMetadataAllocation": 33,
        "G1PauseRemark": 5,
        "G1PauseCleanup": 5,
        "Cleanup": 48,
        "G1TryInitiateConcMark": 1
    },
    "total_pause_time_per_category": {
        "ICBufferFull": 43329643,
        "G1CollectForAllocation": 604158099,
        "CollectForMetadataAllocation": 229974003,
        "G1PauseRemark": 51200077,
        "G1PauseCleanup": 7146770,
        "Cleanup": 16191631,
        "G1TryInitiateConcMark": 30439263
    },
    "avg_pause_time_per_category": {
        "ICBufferFull": 1083241.07,
        "G1CollectForAllocation": 35538711.71,
        "CollectForMetadataAllocation": 6968909.18,
        "G1PauseRemark": 10240015.4,
        "G1PauseCleanup": 1429354.0,
        "Cleanup": 337325.65,
        "G1TryInitiateConcMark": 30439263.0
    },
    "p90_pause_time": 25548353.0,
    "throughput": 128062071928
}