{
    "garbage_collector": "G1",
    "jdk": "HotSpot_21.0.4",
    "benchmark_group": "DaCapo",
    "benchmark_name": "batik",
    "heap_size": "512",
    "error": null,
    "avg_cpu_usage": 20.1,
    "avg_cpu_time": 90.5,
    "avg_io_time": 0.4,
    "p90_io": 1.2,
    "number_of_pauses": 89,
    "total_pause_time": 2412166216,
    "avg_pause_time": 27102991.19,
    "pauses_per_category": {
        "Cleanup": 7,
        "G1CollectForAllocation": 49,
        "ICBufferFull": 2,
        "G1PauseRemark": 12,
        "G1PauseCleanup": 12,
        "G1TryInitiateConcMark": 7
    },
    "total_pause_time_per_category": {
        "Cleanup": 284971,
        "G1CollectForAllocation": 1858911088,
        "ICBufferFull": 1463791,
        "G1PauseRemark": 387318057,
        "G1PauseCleanup": 6223391,
        "G1TryInitiateConcMark": 157964918
    },
    "avg_pause_time_per_category": {
        "Cleanup": 40710.14,
        "G1CollectForAllocation": 37936960.98,
        "ICBufferFull": 731895.5,
        "G1PauseRemark": 32276504.75,
        "G1PauseCleanup": 518615.92,
        "G1TryInitiateConcMark": 22566416.86
    },
    "p90_pause_time": 50798588.6,
    "throughput": 30075961762
}