{
    "garbage_collector": "Z",
    "jdk": "HotSpot_21.0.4",
    "benchmark_group": "DaCapo",
    "benchmark_name": "spring",
    "heap_size": "8192",
    "error": null,
    "avg_cpu_usage": 38.5,
    "avg_cpu_time": 93.7,
    "avg_io_time": 0.0,
    "p90_io": 0.0,
    "number_of_pauses": 192,
    "total_pause_time": 193330663,
    "avg_pause_time": 1006930.54,
    "pauses_per_category": {
        "ICBufferFull": 73,
        "XMarkStart": 22,
        "XMarkEnd": 19,
        "CleanClassLoaderDataMetaspaces": 4,
        "XRelocateStart": 23,
        "Cleanup": 51
    },
    "total_pause_time_per_category": {
        "ICBufferFull": 82173307,
        "XMarkStart": 20089635,
        "XMarkEnd": 18558723,
        "CleanClassLoaderDataMetaspaces": 9620035,
        "XRelocateStart": 15262712,
        "Cleanup": 47626251
    },
    "avg_pause_time_per_category": {
        "ICBufferFull": 1125661.74,
        "XMarkStart": 913165.23,
        "XMarkEnd": 976774.89,
        "CleanClassLoaderDataMetaspaces": 2405008.75,
        "XRelocateStart": 663596.17,
        "Cleanup": 933848.06
    },
    "p90_pause_time": 3891957.0,
    "throughput": 94746560235
}