{
    "garbage_collector": "Z",
    "jdk": "HotSpot_21.0.4",
    "benchmark_group": "DaCapo",
    "benchmark_name": "zxing",
    "heap_size": "4096",
    "error": null,
    "avg_cpu_usage": 62.7,
    "avg_cpu_time": 95.7,
    "avg_io_time": 0.0,
    "p90_io": 0.0,
    "number_of_pauses": 68,
    "total_pause_time": 109891102,
    "avg_pause_time": 1616045.62,
    "pauses_per_category": {
        "ICBufferFull": 1,
        "Cleanup": 35,
        "XMarkStart": 13,
        "XMarkEnd": 8,
        "CleanClassLoaderDataMetaspaces": 1,
        "XRelocateStart": 10
    },
    "total_pause_time_per_category": {
        "ICBufferFull": 189950,
        "Cleanup": 52027354,
        "XMarkStart": 17995586,
        "XMarkEnd": 7069869,
        "CleanClassLoaderDataMetaspaces": 6659284,
        "XRelocateStart": 25949059
    },
    "avg_pause_time_per_category": {
        "ICBufferFull": 189950.0,
        "Cleanup": 1486495.83,
        "XMarkStart": 1384275.85,
        "XMarkEnd": 883733.62,
        "CleanClassLoaderDataMetaspaces": 6659284.0,
        "XRelocateStart": 2594905.9
    },
    "p90_pause_time": 4780030.9,
    "throughput": 57064334373
}