{
    "garbage_collector": "Parallel",
    "jdk": "HotSpot_21.0.4",
    "benchmark_group": "DaCapo",
    "benchmark_name": "avrora",
    "heap_size": "1024",
    "error": null,
    "avg_cpu_usage": 13.0,
    "avg_cpu_time": 83.0,
    "avg_io_time": 0.0,
    "p90_io": 0.0,
    "number_of_pauses": 17,
    "total_pause_time": 18973374,
    "avg_pause_time": 1116080.82,
    "pauses_per_category": {
        "ICBufferFull": 1,
        "Cleanup": 13,
        "ParallelGCFailedAllocation": 3
    },
    "total_pause_time_per_category": {
        "ICBufferFull": 138871,
        "Cleanup": 1596709,
        "ParallelGCFailedAllocation": 17237794
    },
    "avg_pause_time_per_category": {
        "ICBufferFull": 138871.0,
        "Cleanup": 122823.77,
        "ParallelGCFailedAllocation": 5745931.33
    },
    "p90_pause_time": 4681704.0,
    "throughput": 100476934122
}