{
    "garbage_collector": "Parallel",
    "jdk": "HotSpot_21.0.4",
    "benchmark_group": "DaCapo",
    "benchmark_name": "graphchi",
    "heap_size": "4096",
    "error": null,
    "avg_cpu_usage": 27.4,
    "avg_cpu_time": 90.8,
    "avg_io_time": 0.2,
    "p90_io": 0.0,
    "number_of_pauses": 109,
    "total_pause_time": 2560639967,
    "avg_pause_time": 23492109.79,
    "pauses_per_category": {
        "Cleanup": 15,
        "ParallelGCFailedAllocation": 94
    },
    "total_pause_time_per_category": {
        "Cleanup": 18464884,
        "ParallelGCFailedAllocation": 2542175083
    },
    "avg_pause_time_per_category": {
        "Cleanup": 1230992.27,
        "ParallelGCFailedAllocation": 27044415.78
    },
    "p90_pause_time": 91114209.0,
    "throughput": 99434820690
}