{
    "garbage_collector": "Parallel",
    "jdk": "HotSpot_21.0.4",
    "benchmark_group": "DaCapo",
    "benchmark_name": "h2",
    "heap_size": "8192",
    "error": null,
    "avg_cpu_usage": 33.8,
    "avg_cpu_time": 93.6,
    "avg_io_time": 0.0,
    "p90_io": 0.0,
    "number_of_pauses": 150,
    "total_pause_time": 5898864219,
    "avg_pause_time": 39325761.46,
    "pauses_per_category": {
        "ICBufferFull": 3,
        "Cleanup": 45,
        "ParallelGCFailedAllocation": 102
    },
    "total_pause_time_per_category": {
        "ICBufferFull": 17452887,
        "Cleanup": 66332556,
        "ParallelGCFailedAllocation": 5815078776
    },
    "avg_pause_time_per_category": {
        "ICBufferFull": 5817629.0,
        "Cleanup": 1474056.8,
        "ParallelGCFailedAllocation": 57010576.24
    },
    "p90_pause_time": 87313464.5,
    "throughput": 187415604460
}