{
    "garbage_collector": "Z",
    "jdk": "HotSpot_21.0.4",
    "benchmark_group": "DaCapo",
    "benchmark_name": "jython",
    "heap_size": "8192",
    "error": null,
    "avg_cpu_usage": 16.0,
    "avg_cpu_time": 89.8,
    "avg_io_time": 0.1,
    "p90_io": 0.0,
    "number_of_pauses": 84,
    "total_pause_time": 36391491,
    "avg_pause_time": 433232.04,
    "pauses_per_category": {
        "Cleanup": 37,
        "ICBufferFull": 14,
        "XMarkStart": 10,
        "XMarkEnd": 10,
        "CleanClassLoaderDataMetaspaces": 3,
        "XRelocateStart": 10
    },
    "total_pause_time_per_category": {
        "Cleanup": 20762848,
        "ICBufferFull": 1305262,
        "XMarkStart": 1159965,
        "XMarkEnd": 1000375,
        "CleanClassLoaderDataMetaspaces": 6846211,
        "XRelocateStart": 5316830
    },
    "avg_pause_time_per_category": {
        "Cleanup": 561158.05,
        "ICBufferFull": 93233.0,
        "XMarkStart": 115996.5,
        "XMarkEnd": 100037.5,
        "CleanClassLoaderDataMetaspaces": 2282070.33,
        "XRelocateStart": 531683.0
    },
    "p90_pause_time": 186583.7,
    "throughput": 88213581392
}