{
    "garbage_collector": "Parallel",
    "jdk": "HotSpot_21.0.4",
    "benchmark_group": "DaCapo",
    "benchmark_name": "xalan",
    "heap_size": "2048",
    "error": null,
    "avg_cpu_usage": 55.4,
    "avg_cpu_time": 77.2,
    "avg_io_time": 0.0,
    "p90_io": 0.0,
    "number_of_pauses": 75,
    "total_pause_time": 338149426,
    "avg_pause_time": 4508659.01,
    "pauses_per_category": {
        "ICBufferFull": 5,
        "ParallelGCFailedAllocation": 70
    },
    "total_pause_time_per_category": {
        "ICBufferFull": 12639167,
        "ParallelGCFailedAllocation": 325510259
    },
    "avg_pause_time_per_category": {
        "ICBufferFull": 2527833.4,
        "ParallelGCFailedAllocation": 4650146.56
    },
    "p90_pause_time": 9769115.4,
    "throughput": 37158370837
}