{
    "garbage_collector": "G1",
    "jdk": "GraalVM_21.0.4",
    "benchmark_group": "DaCapo",
    "benchmark_name": "sunflow",
    "heap_size": "256",
    "error": null,
    "avg_cpu_usage": 58.9,
    "avg_cpu_time": 98.5,
    "avg_io_time": 0.0,
    "p90_io": 0.0,
    "number_of_pauses": 1049,
    "total_pause_time": 5483812713,
    "avg_pause_time": 5227657.5,
    "pauses_per_category": {
        "G1CollectForAllocation": 1047,
        "G1PauseRemark": 1,
        "G1PauseCleanup": 1
    },
    "total_pause_time_per_category": {
        "G1CollectForAllocation": 5480185088,
        "G1PauseRemark": 3385509,
        "G1PauseCleanup": 242116
    },
    "avg_pause_time_per_category": {
        "G1CollectForAllocation": 5234178.69,
        "G1PauseRemark": 3385509.0,
        "G1PauseCleanup": 242116.0
    },
    "p90_pause_time": 8780675.6,
    "throughput": 129589309481
}