{
    "garbage_collector": "G1",
    "jdk": "HotSpot_21.0.4",
    "benchmark_group": "DaCapo",
    "benchmark_name": "xalan",
    "heap_size": "1024",
    "error": null,
    "avg_cpu_usage": 55.8,
    "avg_cpu_time": 79.5,
    "avg_io_time": 0.0,
    "p90_io": 0.0,
    "number_of_pauses": 86,
    "total_pause_time": 411232043,
    "avg_pause_time": 4781767.94,
    "pauses_per_category": {
        "ICBufferFull": 8,
        "G1CollectForAllocation": 78
    },
    "total_pause_time_per_category": {
        "ICBufferFull": 4737212,
        "G1CollectForAllocation": 406494831
    },
    "avg_pause_time_per_category": {
        "ICBufferFull": 592151.5,
        "G1CollectForAllocation": 5211472.19
    },
    "p90_pause_time": 8403726.5,
    "throughput": 39998140433
}