{
    "garbage_collector": "Z",
    "jdk": "HotSpot_21.0.4",
    "benchmark_group": "DaCapo",
    "benchmark_name": "batik",
    "heap_size": "4096",
    "error": null,
    "avg_cpu_usage": 18.2,
    "avg_cpu_time": 89.9,
    "avg_io_time": 0.2,
    "p90_io": 0.0,
    "number_of_pauses": 41,
    "total_pause_time": 15088677,
    "avg_pause_time": 368016.51,
    "pauses_per_category": {
        "Cleanup": 13,
        "ICBufferFull": 5,
        "XMarkStart": 6,
        "XMarkEnd": 6,
        "CleanClassLoaderDataMetaspaces": 1,
        "XRelocateStart": 10
    },
    "total_pause_time_per_category": {
        "Cleanup": 977116,
        "ICBufferFull": 542837,
        "XMarkStart": 683480,
        "XMarkEnd": 418891,
        "CleanClassLoaderDataMetaspaces": 8973198,
        "XRelocateStart": 3493155
    },
    "avg_pause_time_per_category": {
        "Cleanup": 75162.77,
        "ICBufferFull": 108567.4,
        "XMarkStart": 113913.33,
        "XMarkEnd": 69815.17,
        "CleanClassLoaderDataMetaspaces": 8973198.0,
        "XRelocateStart": 349315.5
    },
    "p90_pause_time": 145991.0,
    "throughput": 28816586791
}