{
    "garbage_collector": "Parallel",
    "jdk": "HotSpot_21.0.4",
    "benchmark_group": "DaCapo",
    "benchmark_name": "spring",
    "heap_size": "512",
    "error": null,
    "avg_cpu_usage": 37.4,
    "avg_cpu_time": 94.5,
    "avg_io_time": 0.0,
    "p90_io": 0.0,
    "number_of_pauses": 853,
    "total_pause_time": 4147571224,
    "avg_pause_time": 4862334.38,
    "pauses_per_category": {
        "ICBufferFull": 20,
        "ParallelGCFailedAllocation": 772,
        "CollectForMetadataAllocation": 3,
        "ParallelGCSystemGC": 58
    },
    "total_pause_time_per_category": {
        "ICBufferFull": 3547319,
        "ParallelGCFailedAllocation": 3510918547,
        "CollectForMetadataAllocation": 236338178,
        "ParallelGCSystemGC": 396767180
    },
    "avg_pause_time_per_category": {
        "ICBufferFull": 177365.95,
        "ParallelGCFailedAllocation": 4547821.95,
        "CollectForMetadataAllocation": 78779392.67,
        "ParallelGCSystemGC": 6840813.45
    },
    "p90_pause_time": 8806797.0,
    "throughput": 90695491830
}