{
    "garbage_collector": "G1",
    "jdk": "HotSpot_21.0.4",
    "benchmark_group": "DaCapo",
    "benchmark_name": "spring",
    "heap_size": "4096",
    "error": null,
    "avg_cpu_usage": 40.1,
    "avg_cpu_time": 94.8,
    "avg_io_time": 0.0,
    "p90_io": 0.0,
    "number_of_pauses": 182,
    "total_pause_time": 1490197296,
    "avg_pause_time": 8187897.23,
    "pauses_per_category": {
        "ICBufferFull": 62,
        "G1CollectForAllocation": 61,
        "CollectForMetadataAllocation": 6,
        "G1PauseRemark": 5,
        "G1PauseCleanup": 5,
        "G1TryInitiateConcMark": 2,
        "Cleanup": 41
    },
    "total_pause_time_per_category": {
        "ICBufferFull": 127774566,
        "G1CollectForAllocation": 1072864019,
        "CollectForMetadataAllocation": 79101679,
        "G1PauseRemark": 82557243,
        "G1PauseCleanup": 10662647,
        "G1TryInitiateConcMark": 49825865,
        "Cleanup": 67411277
    },
    "avg_pause_time_per_category": {
        "ICBufferFull": 2060880.1,
        "G1CollectForAllocation": 17587934.74,
        "CollectForMetadataAllocation": 13183613.17,
        "G1PauseRemark": 16511448.6,
        "G1PauseCleanup": 2132529.4,
        "G1TryInitiateConcMark": 24912932.5,
        "Cleanup": 1644177.49
    },
    "p90_pause_time": 24532876.8,
    "throughput": 92423337998
}