{
    "garbage_collector": "Z",
    "jdk": "HotSpot_21.0.4",
    "benchmark_group": "DaCapo",
    "benchmark_name": "jython",
    "heap_size": "1024",
    "error": null,
    "avg_cpu_usage": 17.1,
    "avg_cpu_time": 91.0,
    "avg_io_time": 0.1,
    "p90_io": 0.0,
    "number_of_pauses": 282,
    "total_pause_time": 75837742,
    "avg_pause_time": 268928.16,
    "pauses_per_category": {
        "XMarkStart": 83,
        "XMarkEnd": 83,
        "CleanClassLoaderDataMetaspaces": 5,
        "XRelocateStart": 83,
        "ICBufferFull": 11,
        "Cleanup": 17
    },
    "total_pause_time_per_category": {
        "XMarkStart": 19913075,
        "XMarkEnd": 17364554,
        "CleanClassLoaderDataMetaspaces": 1162460,
        "XRelocateStart": 25034934,
        "ICBufferFull": 3122453,
        "Cleanup": 9240266
    },
    "avg_pause_time_per_category": {
        "XMarkStart": 239916.57,
        "XMarkEnd": 209211.49,
        "CleanClassLoaderDataMetaspaces": 232492.0,
        "XRelocateStart": 301625.71,
        "ICBufferFull": 283859.36,
        "Cleanup": 543545.06
    },
    "p90_pause_time": 152491.1,
    "throughput": 84154578450
}