{
    "garbage_collector": "Z",
    "jdk": "HotSpot_21.0.4",
    "benchmark_group": "DaCapo",
    "benchmark_name": "cassandra",
    "heap_size": "4096",
    "error": null,
    "avg_cpu_usage": 14.9,
    "avg_cpu_time": 83.9,
    "avg_io_time": 0.1,
    "p90_io": 0.0,
    "number_of_pauses": 179,
    "total_pause_time": 59748210,
    "avg_pause_time": 333788.88,
    "pauses_per_category": {
        "Cleanup": 86,
        "ICBufferFull": 35,
        "XMarkStart": 18,
        "XMarkEnd": 18,
        "CleanClassLoaderDataMetaspaces": 4,
        "XRelocateStart": 18
    },
    "total_pause_time_per_category": {
        "Cleanup": 21627458,
        "ICBufferFull": 12843905,
        "XMarkStart": 5774207,
        "XMarkEnd": 2393599,
        "CleanClassLoaderDataMetaspaces": 8520671,
        "XRelocateStart": 8588370
    },
    "avg_pause_time_per_category": {
        "Cleanup": 251482.07,
        "ICBufferFull": 366968.71,
        "XMarkStart": 320789.28,
        "XMarkEnd": 132977.72,
        "CleanClassLoaderDataMetaspaces": 2130167.75,
        "XRelocateStart": 477131.67
    },
    "p90_pause_time": 626456.4,
    "throughput": 222178714228
}