{
    "garbage_collector": "Parallel",
    "jdk": "HotSpot_21.0.4",
    "benchmark_group": "DaCapo",
    "benchmark_name": "lusearch",
    "heap_size": "512",
    "error": null,
    "avg_cpu_usage": 31.1,
    "avg_cpu_time": 93.9,
    "avg_io_time": 0.1,
    "p90_io": 0.0,
    "number_of_pauses": 1414,
    "total_pause_time": 4197870894,
    "avg_pause_time": 2968791.3,
    "pauses_per_category": {
        "Cleanup": 3,
        "ParallelGCFailedAllocation": 1398,
        "ICBufferFull": 13
    },
    "total_pause_time_per_category": {
        "Cleanup": 216616,
        "ParallelGCFailedAllocation": 4189296591,
        "ICBufferFull": 8357687
    },
    "avg_pause_time_per_category": {
        "Cleanup": 72205.33,
        "ParallelGCFailedAllocation": 2996635.62,
        "ICBufferFull": 642899.0
    },
    "p90_pause_time": 5302716.7,
    "throughput": 221864891602
}