{
    "garbage_collector": "G1",
    "jdk": "HotSpot_21.0.4",
    "benchmark_group": "DaCapo",
    "benchmark_name": "xalan",
    "heap_size": "512",
    "error": null,
    "avg_cpu_usage": 53.5,
    "avg_cpu_time": 79.3,
    "avg_io_time": 0.1,
    "p90_io": 0.0,
    "number_of_pauses": 157,
    "total_pause_time": 725431882,
    "avg_pause_time": 4620585.24,
    "pauses_per_category": {
        "ICBufferFull": 2,
        "G1CollectForAllocation": 155
    },
    "total_pause_time_per_category": {
        "ICBufferFull": 329099,
        "G1CollectForAllocation": 725102783
    },
    "avg_pause_time_per_category": {
        "ICBufferFull": 164549.5,
        "G1CollectForAllocation": 4678082.47
    },
    "p90_pause_time": 8304960.0,
    "throughput": 40599611157
}