{
    "garbage_collector": "G1",
    "jdk": "GraalVM_21.0.4",
    "benchmark_group": "DaCapo",
    "benchmark_name": "xalan",
    "heap_size": "2048",
    "error": null,
    "avg_cpu_usage": 56.6,
    "avg_cpu_time": 79.4,
    "avg_io_time": 0.0,
    "p90_io": 0.0,
    "number_of_pauses": 64,
    "total_pause_time": 371174476,
    "avg_pause_time": 5799601.19,
    "pauses_per_category": {
        "ICBufferFull": 11,
        "G1CollectForAllocation": 39,
        "Cleanup": 14
    },
    "total_pause_time_per_category": {
        "ICBufferFull": 16278530,
        "G1CollectForAllocation": 326624963,
        "Cleanup": 28270983
    },
    "avg_pause_time_per_category": {
        "ICBufferFull": 1479866.36,
        "G1CollectForAllocation": 8374999.05,
        "Cleanup": 2019355.93
    },
    "p90_pause_time": 12605524.7,
    "throughput": 41865981473
}