{
    "garbage_collector": "Parallel",
    "jdk": "HotSpot_21.0.4",
    "benchmark_group": "DaCapo",
    "benchmark_name": "avrora",
    "heap_size": "8192",
    "error": null,
    "avg_cpu_usage": 13.2,
    "avg_cpu_time": 83.0,
    "avg_io_time": 0.0,
    "p90_io": 0.0,
    "number_of_pauses": 14,
    "total_pause_time": 7981493,
    "avg_pause_time": 570106.64,
    "pauses_per_category": {
        "ICBufferFull": 1,
        "Cleanup": 12,
        "ParallelGCFailedAllocation": 1
    },
    "total_pause_time_per_category": {
        "ICBufferFull": 137255,
        "Cleanup": 981287,
        "ParallelGCFailedAllocation": 6862951
    },
    "avg_pause_time_per_category": {
        "ICBufferFull": 137255.0,
        "Cleanup": 81773.92,
        "ParallelGCFailedAllocation": 6862951.0
    },
    "p90_pause_time": 136696.7,
    "throughput": 101187026229
}