{
    "garbage_collector": "G1",
    "jdk": "HotSpot_21.0.4",
    "benchmark_group": "DaCapo",
    "benchmark_name": "pmd",
    "heap_size": "512",
    "error": null,
    "avg_cpu_usage": 49.0,
    "avg_cpu_time": 96.5,
    "avg_io_time": 0.0,
    "p90_io": 0.0,
    "number_of_pauses": 290,
    "total_pause_time": 4976724615,
    "avg_pause_time": 17161119.36,
    "pauses_per_category": {
        "G1CollectForAllocation": 178,
        "ICBufferFull": 29,
        "CollectForMetadataAllocation": 1,
        "G1PauseRemark": 41,
        "G1PauseCleanup": 41
    },
    "total_pause_time_per_category": {
        "G1CollectForAllocation": 4428111051,
        "ICBufferFull": 62567498,
        "CollectForMetadataAllocation": 36855008,
        "G1PauseRemark": 399750755,
        "G1PauseCleanup": 49440303
    },
    "avg_pause_time_per_category": {
        "G1CollectForAllocation": 24877028.38,
        "ICBufferFull": 2157499.93,
        "CollectForMetadataAllocation": 36855008.0,
        "G1PauseRemark": 9750018.41,
        "G1PauseCleanup": 1205861.05
    },
    "p90_pause_time": 34236831.7,
    "throughput": 47493192140
}