{
    "garbage_collector": "Parallel",
    "jdk": "HotSpot_21.0.4",
    "benchmark_group": "DaCapo",
    "benchmark_name": "jme",
    "heap_size": "512",
    "error": null,
    "avg_cpu_usage": 1.4,
    "avg_cpu_time": 78.2,
    "avg_io_time": 0.0,
    "p90_io": 0.0,
    "number_of_pauses": 33,
    "total_pause_time": 285399121,
    "avg_pause_time": 8648458.21,
    "pauses_per_category": {
        "ICBufferFull": 1,
        "Cleanup": 22,
        "ParallelGCSystemGC": 10
    },
    "total_pause_time_per_category": {
        "ICBufferFull": 73784,
        "Cleanup": 595793,
        "ParallelGCSystemGC": 284729544
    },
    "avg_pause_time_per_category": {
        "ICBufferFull": 73784.0,
        "Cleanup": 27081.5,
        "ParallelGCSystemGC": 28472954.4
    },
    "p90_pause_time": 28932086.0,
    "throughput": 71935301328
}