{
    "garbage_collector": "G1",
    "jdk": "HotSpot_21.0.4",
    "benchmark_group": "DaCapo",
    "benchmark_name": "jme",
    "heap_size": "8192",
    "error": null,
    "avg_cpu_usage": 1.6,
    "avg_cpu_time": 78.4,
    "avg_io_time": 0.0,
    "p90_io": 0.0,
    "number_of_pauses": 31,
    "total_pause_time": 293967180,
    "avg_pause_time": 9482812.26,
    "pauses_per_category": {
        "Cleanup": 20,
        "ICBufferFull": 1,
        "G1CollectFull": 10
    },
    "total_pause_time_per_category": {
        "Cleanup": 623627,
        "ICBufferFull": 73679,
        "G1CollectFull": 293269874
    },
    "avg_pause_time_per_category": {
        "Cleanup": 31181.35,
        "ICBufferFull": 73679.0,
        "G1CollectFull": 29326987.4
    },
    "p90_pause_time": 32332733.0,
    "throughput": 72535571812
}