{
    "garbage_collector": "G1",
    "jdk": "GraalVM_21.0.4",
    "benchmark_group": "DaCapo",
    "benchmark_name": "sunflow",
    "heap_size": "512",
    "error": null,
    "avg_cpu_usage": 62.1,
    "avg_cpu_time": 98.9,
    "avg_io_time": 0.0,
    "p90_io": 0.0,
    "number_of_pauses": 513,
    "total_pause_time": 2871374187,
    "avg_pause_time": 5597220.64,
    "pauses_per_category": {
        "G1CollectForAllocation": 513
    },
    "total_pause_time_per_category": {
        "G1CollectForAllocation": 2871374187
    },
    "avg_pause_time_per_category": {
        "G1CollectForAllocation": 5597220.64
    },
    "p90_pause_time": 9323628.2,
    "throughput": 123780872311
}