{
    "garbage_collector": "Z",
    "jdk": "HotSpot_21.0.4",
    "benchmark_group": "DaCapo",
    "benchmark_name": "xalan",
    "heap_size": "4096",
    "error": null,
    "avg_cpu_usage": 55.5,
    "avg_cpu_time": 78.2,
    "avg_io_time": 0.0,
    "p90_io": 0.0,
    "number_of_pauses": 75,
    "total_pause_time": 88689705,
    "avg_pause_time": 1182529.4,
    "pauses_per_category": {
        "ICBufferFull": 8,
        "XMarkStart": 19,
        "XMarkEnd": 18,
        "CleanClassLoaderDataMetaspaces": 1,
        "XRelocateStart": 18,
        "Cleanup": 11
    },
    "total_pause_time_per_category": {
        "ICBufferFull": 11215662,
        "XMarkStart": 36296730,
        "XMarkEnd": 10694644,
        "CleanClassLoaderDataMetaspaces": 880700,
        "XRelocateStart": 18479718,
        "Cleanup": 11122251
    },
    "avg_pause_time_per_category": {
        "ICBufferFull": 1401957.75,
        "XMarkStart": 1910354.21,
        "XMarkEnd": 594146.89,
        "CleanClassLoaderDataMetaspaces": 880700.0,
        "XRelocateStart": 1026651.0,
        "Cleanup": 1011113.73
    },
    "p90_pause_time": 4295500.8,
    "throughput": 41776800151
}