{
    "garbage_collector": "G1",
    "jdk": "HotSpot_21.0.4",
    "benchmark_group": "DaCapo",
    "benchmark_name": "jme",
    "heap_size": "1024",
    "error": null,
    "avg_cpu_usage": 1.5,
    "avg_cpu_time": 78.3,
    "avg_io_time": 0.0,
    "p90_io": 0.0,
    "number_of_pauses": 37,
    "total_pause_time": 196159061,
    "avg_pause_time": 5301596.24,
    "pauses_per_category": {
        "ICBufferFull": 1,
        "G1CollectForAllocation": 1,
        "Cleanup": 25,
        "G1CollectFull": 10
    },
    "total_pause_time_per_category": {
        "ICBufferFull": 93191,
        "G1CollectForAllocation": 8599172,
        "Cleanup": 1331093,
        "G1CollectFull": 186135605
    },
    "avg_pause_time_per_category": {
        "ICBufferFull": 93191.0,
        "G1CollectForAllocation": 8599172.0,
        "Cleanup": 53243.72,
        "G1CollectFull": 18613560.5
    },
    "p90_pause_time": 21605349.4,
    "throughput": 72246835509
}