{
    "garbage_collector": "Parallel",
    "jdk": "HotSpot_21.0.4",
    "benchmark_group": "DaCapo",
    "benchmark_name": "biojava",
    "heap_size": "8192",
    "error": null,
    "avg_cpu_usage": 13.0,
    "avg_cpu_time": 88.3,
    "avg_io_time": 0.0,
    "p90_io": 0.0,
    "number_of_pauses": 54,
    "total_pause_time": 1058515291,
    "avg_pause_time": 19602135.02,
    "pauses_per_category": {
        "Cleanup": 15,
        "ICBufferFull": 1,
        "ParallelGCFailedAllocation": 38
    },
    "total_pause_time_per_category": {
        "Cleanup": 2129458,
        "ICBufferFull": 165707,
        "ParallelGCFailedAllocation": 1056220126
    },
    "avg_pause_time_per_category": {
        "Cleanup": 141963.87,
        "ICBufferFull": 165707.0,
        "ParallelGCFailedAllocation": 27795266.47
    },
    "p90_pause_time": 65081592.3,
    "throughput": 127049031406
}