{
    "garbage_collector": "Parallel",
    "jdk": "HotSpot_21.0.4",
    "benchmark_group": "DaCapo",
    "benchmark_name": "tradebeans",
    "heap_size": "1024",
    "error": null,
    "avg_cpu_usage": 22.0,
    "avg_cpu_time": 92.9,
    "avg_io_time": 0.1,
    "p90_io": 0.0,
    "number_of_pauses": 282,
    "total_pause_time": 3014300998,
    "avg_pause_time": 10689010.63,
    "pauses_per_category": {
        "Cleanup": 6,
        "ICBufferFull": 25,
        "ParallelGCFailedAllocation": 233,
        "CollectForMetadataAllocation": 17,
        "ParallelGCSystemGC": 1
    },
    "total_pause_time_per_category": {
        "Cleanup": 1113657,
        "ICBufferFull": 33268292,
        "ParallelGCFailedAllocation": 2615366907,
        "CollectForMetadataAllocation": 343216055,
        "ParallelGCSystemGC": 21336087
    },
    "avg_pause_time_per_category": {
        "Cleanup": 185609.5,
        "ICBufferFull": 1330731.68,
        "ParallelGCFailedAllocation": 11224750.67,
        "CollectForMetadataAllocation": 20189179.71,
        "ParallelGCSystemGC": 21336087.0
    },
    "p90_pause_time": 17667190.5,
    "throughput": 108883922542
}