{
    "garbage_collector": "Z",
    "jdk": "HotSpot_21.0.4",
    "benchmark_group": "DaCapo",
    "benchmark_name": "pmd",
    "heap_size": "1024",
    "error": null,
    "avg_cpu_usage": 49.5,
    "avg_cpu_time": 95.8,
    "avg_io_time": 0.0,
    "p90_io": 0.0,
    "number_of_pauses": 490,
    "total_pause_time": 569496650,
    "avg_pause_time": 1162238.06,
    "pauses_per_category": {
        "ICBufferFull": 31,
        "XMarkStart": 153,
        "XMarkEnd": 149,
        "CleanClassLoaderDataMetaspaces": 6,
        "XRelocateStart": 151
    },
    "total_pause_time_per_category": {
        "ICBufferFull": 62588017,
        "XMarkStart": 194916417,
        "XMarkEnd": 64723774,
        "CleanClassLoaderDataMetaspaces": 5637002,
        "XRelocateStart": 241631440
    },
    "avg_pause_time_per_category": {
        "ICBufferFull": 2018968.29,
        "XMarkStart": 1273963.51,
        "XMarkEnd": 434387.74,
        "CleanClassLoaderDataMetaspaces": 939500.33,
        "XRelocateStart": 1600208.21
    },
    "p90_pause_time": 4260302.5,
    "throughput": 49739232669
}