{
    "garbage_collector": "Parallel",
    "jdk": "HotSpot_21.0.4",
    "benchmark_group": "DaCapo",
    "benchmark_name": "pmd",
    "heap_size": "8192",
    "error": null,
    "avg_cpu_usage": 50.2,
    "avg_cpu_time": 96.2,
    "avg_io_time": 0.1,
    "p90_io": 0.0,
    "number_of_pauses": 105,
    "total_pause_time": 1353337011,
    "avg_pause_time": 12888923.91,
    "pauses_per_category": {
        "ICBufferFull": 66,
        "CollectForMetadataAllocation": 1,
        "ParallelGCFailedAllocation": 21,
        "Cleanup": 17
    },
    "total_pause_time_per_category": {
        "ICBufferFull": 64774178,
        "CollectForMetadataAllocation": 140799243,
        "ParallelGCFailedAllocation": 1132138653,
        "Cleanup": 15624937
    },
    "avg_pause_time_per_category": {
        "ICBufferFull": 981426.94,
        "CollectForMetadataAllocation": 140799243.0,
        "ParallelGCFailedAllocation": 53911364.43,
        "Cleanup": 919113.94
    },
    "p90_pause_time": 52733634.6,
    "throughput": 40561612854
}