{
    "garbage_collector": "G1",
    "jdk": "GraalVM_21.0.4",
    "benchmark_group": "DaCapo",
    "benchmark_name": "lusearch",
    "heap_size": "256",
    "error": null,
    "avg_cpu_usage": 32.1,
    "avg_cpu_time": 94.4,
    "avg_io_time": 0.1,
    "p90_io": 0.0,
    "number_of_pauses": 1531,
    "total_pause_time": 5853876504,
    "avg_pause_time": 3823564.01,
    "pauses_per_category": {
        "Cleanup": 2,
        "G1CollectForAllocation": 1521,
        "ICBufferFull": 8
    },
    "total_pause_time_per_category": {
        "Cleanup": 207214,
        "G1CollectForAllocation": 5843759681,
        "ICBufferFull": 9909609
    },
    "avg_pause_time_per_category": {
        "Cleanup": 103607.0,
        "G1CollectForAllocation": 3842051.07,
        "ICBufferFull": 1238701.12
    },
    "p90_pause_time": 7812382.0,
    "throughput": 248408089934
}