{
    "garbage_collector": "Parallel",
    "jdk": "HotSpot_21.0.4",
    "benchmark_group": "DaCapo",
    "benchmark_name": "graphchi",
    "heap_size": "2048",
    "error": null,
    "avg_cpu_usage": 26.7,
    "avg_cpu_time": 91.1,
    "avg_io_time": 0.3,
    "p90_io": 0.0,
    "number_of_pauses": 199,
    "total_pause_time": 3725544926,
    "avg_pause_time": 18721331.29,
    "pauses_per_category": {
        "Cleanup": 6,
        "ParallelGCFailedAllocation": 193
    },
    "total_pause_time_per_category": {
        "Cleanup": 7011776,
        "ParallelGCFailedAllocation": 3718533150
    },
    "avg_pause_time_per_category": {
        "Cleanup": 1168629.33,
        "ParallelGCFailedAllocation": 19267011.14
    },
    "p90_pause_time": 25785956.4,
    "throughput": 99404865925
}