{
    "garbage_collector": "G1",
    "jdk": "GraalVM_21.0.4",
    "benchmark_group": "DaCapo",
    "benchmark_name": "pmd",
    "heap_size": "1024",
    "error": null,
    "avg_cpu_usage": 47.4,
    "avg_cpu_time": 96.9,
    "avg_io_time": 0.0,
    "p90_io": 0.0,
    "number_of_pauses": 150,
    "total_pause_time": 3303445852,
    "avg_pause_time": 22022972.35,
    "pauses_per_category": {
        "G1CollectForAllocation": 92,
        "ICBufferFull": 47,
        "CollectForMetadataAllocation": 1,
        "G1PauseRemark": 4,
        "G1PauseCleanup": 4,
        "Cleanup": 2
    },
    "total_pause_time_per_category": {
        "G1CollectForAllocation": 3127994524,
        "ICBufferFull": 90180374,
        "CollectForMetadataAllocation": 25910818,
        "G1PauseRemark": 53215844,
        "G1PauseCleanup": 1757853,
        "Cleanup": 4386439
    },
    "avg_pause_time_per_category": {
        "G1CollectForAllocation": 33999940.48,
        "ICBufferFull": 1918731.36,
        "CollectForMetadataAllocation": 25910818.0,
        "G1PauseRemark": 13303961.0,
        "G1PauseCleanup": 439463.25,
        "Cleanup": 2193219.5
    },
    "p90_pause_time": 49819983.3,
    "throughput": 47116992560
}