{
    "garbage_collector": "G1",
    "jdk": "HotSpot_21.0.4",
    "benchmark_group": "DaCapo",
    "benchmark_name": "tomcat",
    "heap_size": "1024",
    "error": null,
    "avg_cpu_usage": 15.9,
    "avg_cpu_time": 87.0,
    "avg_io_time": 0.0,
    "p90_io": 0.0,
    "number_of_pauses": 185,
    "total_pause_time": 865232039,
    "avg_pause_time": 4676929.94,
    "pauses_per_category": {
        "G1CollectForAllocation": 88,
        "ICBufferFull": 22,
        "CollectForMetadataAllocation": 1,
        "G1PauseRemark": 2,
        "G1PauseCleanup": 2,
        "Cleanup": 69,
        "G1TryInitiateConcMark": 1
    },
    "total_pause_time_per_category": {
        "G1CollectForAllocation": 798842520,
        "ICBufferFull": 10697829,
        "CollectForMetadataAllocation": 16835191,
        "G1PauseRemark": 11385703,
        "G1PauseCleanup": 3692361,
        "Cleanup": 10078679,
        "G1TryInitiateConcMark": 13699756
    },
    "avg_pause_time_per_category": {
        "G1CollectForAllocation": 9077755.91,
        "ICBufferFull": 486264.95,
        "CollectForMetadataAllocation": 16835191.0,
        "G1PauseRemark": 5692851.5,
        "G1PauseCleanup": 1846180.5,
        "Cleanup": 146067.81,
        "G1TryInitiateConcMark": 13699756.0
    },
    "p90_pause_time": 11404866.6,
    "throughput": 183773953432
}