{
    "garbage_collector": "G1",
    "jdk": "GraalVM_21.0.4",
    "benchmark_group": "DaCapo",
    "benchmark_name": "avrora",
    "heap_size": "2048",
    "error": null,
    "avg_cpu_usage": 13.4,
    "avg_cpu_time": 83.2,
    "avg_io_time": 0.0,
    "p90_io": 0.0,
    "number_of_pauses": 21,
    "total_pause_time": 41223612,
    "avg_pause_time": 1963029.14,
    "pauses_per_category": {
        "ICBufferFull": 2,
        "Cleanup": 17,
        "G1CollectForAllocation": 2
    },
    "total_pause_time_per_category": {
        "ICBufferFull": 1640972,
        "Cleanup": 1537687,
        "G1CollectForAllocation": 38044953
    },
    "avg_pause_time_per_category": {
        "ICBufferFull": 820486.0,
        "Cleanup": 90452.18,
        "G1CollectForAllocation": 19022476.5
    },
    "p90_pause_time": 1476791.0,
    "throughput": 102464871200
}