{
    "garbage_collector": "G1",
    "jdk": "HotSpot_21.0.4",
    "benchmark_group": "DaCapo",
    "benchmark_name": "h2o",
    "heap_size": "512",
    "error": null,
    "avg_cpu_usage": 20.1,
    "avg_cpu_time": 91.6,
    "avg_io_time": 0.1,
    "p90_io": 0.0,
    "number_of_pauses": 344,
    "total_pause_time": 2590006961,
    "avg_pause_time": 7529090.0,
    "pauses_per_category": {
        "Cleanup": 5,
        "G1CollectForAllocation": 309,
        "CollectForMetadataAllocation": 3,
        "G1PauseRemark": 2,
        "G1PauseCleanup": 2,
        "ICBufferFull": 3,
        "G1CollectFull": 20
    },
    "total_pause_time_per_category": {
        "Cleanup": 4518874,
        "G1CollectForAllocation": 1713570669,
        "CollectForMetadataAllocation": 59257375,
        "G1PauseRemark": 16570170,
        "G1PauseCleanup": 2556067,
        "ICBufferFull": 285903,
        "G1CollectFull": 793247903
    },
    "avg_pause_time_per_category": {
        "Cleanup": 903774.8,
        "G1CollectForAllocation": 5545536.15,
        "CollectForMetadataAllocation": 19752458.33,
        "G1PauseRemark": 8285085.0,
        "G1PauseCleanup": 1278033.5,
        "ICBufferFull": 95301.0,
        "G1CollectFull": 39662395.15
    },
    "p90_pause_time": 9892341.5,
    "throughput": 70960803107
}