{
    "garbage_collector": "Z",
    "jdk": "HotSpot_21.0.4",
    "benchmark_group": "DaCapo",
    "benchmark_name": "pmd",
    "heap_size": "2048",
    "error": null,
    "avg_cpu_usage": 50.3,
    "avg_cpu_time": 96.4,
    "avg_io_time": 0.0,
    "p90_io": 0.0,
    "number_of_pauses": 327,
    "total_pause_time": 419457880,
    "avg_pause_time": 1282745.81,
    "pauses_per_category": {
        "ICBufferFull": 33,
        "XMarkStart": 96,
        "XMarkEnd": 94,
        "CleanClassLoaderDataMetaspaces": 6,
        "XRelocateStart": 97,
        "Cleanup": 1
    },
    "total_pause_time_per_category": {
        "ICBufferFull": 60880706,
        "XMarkStart": 141145393,
        "XMarkEnd": 75400985,
        "CleanClassLoaderDataMetaspaces": 22353404,
        "XRelocateStart": 119506275,
        "Cleanup": 171117
    },
    "avg_pause_time_per_category": {
        "ICBufferFull": 1844869.88,
        "XMarkStart": 1470264.51,
        "XMarkEnd": 802138.14,
        "CleanClassLoaderDataMetaspaces": 3725567.33,
        "XRelocateStart": 1232023.45,
        "Cleanup": 171117.0
    },
    "p90_pause_time": 4316340.2,
    "throughput": 45631925301
}