{
    "garbage_collector": "Z",
    "jdk": "HotSpot_21.0.4",
    "benchmark_group": "DaCapo",
    "benchmark_name": "kafka",
    "heap_size": "4096",
    "error": null,
    "avg_cpu_usage": 12.4,
    "avg_cpu_time": 84.2,
    "avg_io_time": 1.4,
    "p90_io": 7.3,
    "number_of_pauses": 119,
    "total_pause_time": 37206230,
    "avg_pause_time": 312657.39,
    "pauses_per_category": {
        "ICBufferFull": 15,
        "XMarkStart": 18,
        "XMarkEnd": 18,
        "CleanClassLoaderDataMetaspaces": 5,
        "XRelocateStart": 18,
        "Cleanup": 45
    },
    "total_pause_time_per_category": {
        "ICBufferFull": 3557742,
        "XMarkStart": 3497779,
        "XMarkEnd": 2945074,
        "CleanClassLoaderDataMetaspaces": 5839864,
        "XRelocateStart": 12174701,
        "Cleanup": 9191070
    },
    "avg_pause_time_per_category": {
        "ICBufferFull": 237182.8,
        "XMarkStart": 194321.06,
        "XMarkEnd": 163615.22,
        "CleanClassLoaderDataMetaspaces": 1167972.8,
        "XRelocateStart": 676372.28,
        "Cleanup": 204246.0
    },
    "p90_pause_time": 1025966.4,
    "throughput": 80188797464
}