{
    "garbage_collector": "Parallel",
    "jdk": "HotSpot_21.0.4",
    "benchmark_group": "DaCapo",
    "benchmark_name": "jme",
    "heap_size": "4096",
    "error": null,
    "avg_cpu_usage": 1.5,
    "avg_cpu_time": 78.3,
    "avg_io_time": 0.0,
    "p90_io": 0.0,
    "number_of_pauses": 32,
    "total_pause_time": 254916692,
    "avg_pause_time": 7966146.62,
    "pauses_per_category": {
        "ICBufferFull": 1,
        "Cleanup": 21,
        "ParallelGCSystemGC": 10
    },
    "total_pause_time_per_category": {
        "ICBufferFull": 70564,
        "Cleanup": 1653695,
        "ParallelGCSystemGC": 253192433
    },
    "avg_pause_time_per_category": {
        "ICBufferFull": 70564.0,
        "Cleanup": 78747.38,
        "ParallelGCSystemGC": 25319243.3
    },
    "p90_pause_time": 28701329.6,
    "throughput": 71920546180
}