{
    "garbage_collector": "Parallel",
    "jdk": "HotSpot_21.0.4",
    "benchmark_group": "DaCapo",
    "benchmark_name": "jython",
    "heap_size": "1024",
    "error": null,
    "avg_cpu_usage": 17.3,
    "avg_cpu_time": 90.9,
    "avg_io_time": 0.0,
    "p90_io": 0.0,
    "number_of_pauses": 139,
    "total_pause_time": 1080197751,
    "avg_pause_time": 7771206.84,
    "pauses_per_category": {
        "ICBufferFull": 11,
        "ParallelGCFailedAllocation": 120,
        "CollectForMetadataAllocation": 2,
        "Cleanup": 6
    },
    "total_pause_time_per_category": {
        "ICBufferFull": 5037385,
        "ParallelGCFailedAllocation": 889000559,
        "CollectForMetadataAllocation": 179464381,
        "Cleanup": 6695426
    },
    "avg_pause_time_per_category": {
        "ICBufferFull": 457944.09,
        "ParallelGCFailedAllocation": 7408337.99,
        "CollectForMetadataAllocation": 89732190.5,
        "Cleanup": 1115904.33
    },
    "p90_pause_time": 19672517.6,
    "throughput": 76138138189
}