{
    "garbage_collector": "G1",
    "jdk": "HotSpot_21.0.4",
    "benchmark_group": "DaCapo",
    "benchmark_name": "sunflow",
    "heap_size": "1024",
    "error": null,
    "avg_cpu_usage": 63.5,
    "avg_cpu_time": 99.1,
    "avg_io_time": 0.0,
    "p90_io": 0.0,
    "number_of_pauses": 301,
    "total_pause_time": 1794309571,
    "avg_pause_time": 5961161.37,
    "pauses_per_category": {
        "G1CollectForAllocation": 301
    },
    "total_pause_time_per_category": {
        "G1CollectForAllocation": 1794309571
    },
    "avg_pause_time_per_category": {
        "G1CollectForAllocation": 5961161.37
    },
    "p90_pause_time": 9571630.0,
    "throughput": 137564166901
}