{
    "garbage_collector": "G1",
    "jdk": "HotSpot_21.0.4",
    "benchmark_group": "DaCapo",
    "benchmark_name": "h2",
    "heap_size": "8192",
    "error": null,
    "avg_cpu_usage": 33.5,
    "avg_cpu_time": 93.8,
    "avg_io_time": 0.0,
    "p90_io": 0.0,
    "number_of_pauses": 111,
    "total_pause_time": 4512336015,
    "avg_pause_time": 40651675.81,
    "pauses_per_category": {
        "ICBufferFull": 3,
        "G1CollectForAllocation": 62,
        "Cleanup": 46
    },
    "total_pause_time_per_category": {
        "ICBufferFull": 1050938,
        "G1CollectForAllocation": 4479449839,
        "Cleanup": 31835238
    },
    "avg_pause_time_per_category": {
        "ICBufferFull": 350312.67,
        "G1CollectForAllocation": 72249190.95,
        "Cleanup": 692070.39
    },
    "p90_pause_time": 87398950.0,
    "throughput": 196101662109
}