{
    "garbage_collector": "Parallel",
    "jdk": "HotSpot_21.0.4",
    "benchmark_group": "DaCapo",
    "benchmark_name": "pmd",
    "heap_size": "512",
    "error": null,
    "avg_cpu_usage": 44.5,
    "avg_cpu_time": 96.7,
    "avg_io_time": 0.0,
    "p90_io": 0.0,
    "number_of_pauses": 413,
    "total_pause_time": 8150030121,
    "avg_pause_time": 19733729.11,
    "pauses_per_category": {
        "ICBufferFull": 20,
        "ParallelGCFailedAllocation": 392,
        "CollectForMetadataAllocation": 1
    },
    "total_pause_time_per_category": {
        "ICBufferFull": 42387167,
        "ParallelGCFailedAllocation": 7990962593,
        "CollectForMetadataAllocation": 116680361
    },
    "avg_pause_time_per_category": {
        "ICBufferFull": 2119358.35,
        "ParallelGCFailedAllocation": 20385108.66,
        "CollectForMetadataAllocation": 116680361.0
    },
    "p90_pause_time": 29383397.8,
    "throughput": 46953770194
}