{
    "garbage_collector": "Parallel",
    "jdk": "HotSpot_21.0.4",
    "benchmark_group": "DaCapo",
    "benchmark_name": "eclipse",
    "heap_size": "2048",
    "error": null,
    "avg_cpu_usage": 18.9,
    "avg_cpu_time": 89.7,
    "avg_io_time": 0.1,
    "p90_io": 0.0,
    "number_of_pauses": 279,
    "total_pause_time": 2655666320,
    "avg_pause_time": 9518517.28,
    "pauses_per_category": {
        "ICBufferFull": 70,
        "CollectForMetadataAllocation": 1,
        "Cleanup": 79,
        "ParallelGCFailedAllocation": 125,
        "ParallelGCSystemGC": 4
    },
    "total_pause_time_per_category": {
        "ICBufferFull": 16575070,
        "CollectForMetadataAllocation": 58630212,
        "Cleanup": 47621528,
        "ParallelGCFailedAllocation": 2379061286,
        "ParallelGCSystemGC": 153778224
    },
    "avg_pause_time_per_category": {
        "ICBufferFull": 236786.71,
        "CollectForMetadataAllocation": 58630212.0,
        "Cleanup": 602804.15,
        "ParallelGCFailedAllocation": 19032490.29,
        "ParallelGCSystemGC": 38444556.0
    },
    "p90_pause_time": 26035377.6,
    "throughput": 192470220051
}