{
    "garbage_collector": "G1",
    "jdk": "HotSpot_21.0.4",
    "benchmark_group": "DaCapo",
    "benchmark_name": "lusearch",
    "heap_size": "512",
    "error": null,
    "avg_cpu_usage": 30.6,
    "avg_cpu_time": 94.0,
    "avg_io_time": 0.0,
    "p90_io": 0.0,
    "number_of_pauses": 778,
    "total_pause_time": 3376456042,
    "avg_pause_time": 4339917.79,
    "pauses_per_category": {
        "Cleanup": 1,
        "G1CollectForAllocation": 770,
        "ICBufferFull": 7
    },
    "total_pause_time_per_category": {
        "Cleanup": 40419,
        "G1CollectForAllocation": 3358285513,
        "ICBufferFull": 18130110
    },
    "avg_pause_time_per_category": {
        "Cleanup": 40419.0,
        "G1CollectForAllocation": 4361409.76,
        "ICBufferFull": 2590015.71
    },
    "p90_pause_time": 8434704.7,
    "throughput": 231464277825
}