{
    "garbage_collector": "G1",
    "jdk": "GraalVM_21.0.4",
    "benchmark_group": "DaCapo",
    "benchmark_name": "zxing",
    "heap_size": "512",
    "error": null,
    "avg_cpu_usage": 62.0,
    "avg_cpu_time": 97.0,
    "avg_io_time": 0.0,
    "p90_io": 0.0,
    "number_of_pauses": 93,
    "total_pause_time": 369851014,
    "avg_pause_time": 3976892.62,
    "pauses_per_category": {
        "G1CollectForAllocation": 56,
        "ICBufferFull": 3,
        "Cleanup": 34
    },
    "total_pause_time_per_category": {
        "G1CollectForAllocation": 312528287,
        "ICBufferFull": 2319649,
        "Cleanup": 55003078
    },
    "avg_pause_time_per_category": {
        "G1CollectForAllocation": 5580862.27,
        "ICBufferFull": 773216.33,
        "Cleanup": 1617737.59
    },
    "p90_pause_time": 9364696.8,
    "throughput": 64305814924
}