{
    "garbage_collector": "Parallel",
    "jdk": "HotSpot_21.0.4",
    "benchmark_group": "DaCapo",
    "benchmark_name": "pmd",
    "heap_size": "2048",
    "error": null,
    "avg_cpu_usage": 48.7,
    "avg_cpu_time": 96.2,
    "avg_io_time": 0.0,
    "p90_io": 0.0,
    "number_of_pauses": 152,
    "total_pause_time": 3479451782,
    "avg_pause_time": 22891130.14,
    "pauses_per_category": {
        "ICBufferFull": 65,
        "ParallelGCFailedAllocation": 86,
        "CollectForMetadataAllocation": 1
    },
    "total_pause_time_per_category": {
        "ICBufferFull": 101317221,
        "ParallelGCFailedAllocation": 3231387820,
        "CollectForMetadataAllocation": 146746741
    },
    "avg_pause_time_per_category": {
        "ICBufferFull": 1558726.48,
        "ParallelGCFailedAllocation": 37574276.98,
        "CollectForMetadataAllocation": 146746741.0
    },
    "p90_pause_time": 48366805.7,
    "throughput": 42425606781
}